route_tick,tape_frame,cpu_tick,bus_cycles,cpu_tick_delta,bus_cycle_delta,display_x,display_y,display_width,display_height,display_start_changed,port1_polls,icache_refill_events_delta,icache_refill_words_delta,icache_refill_stall_cycles_delta
0,0,0,0,0,0,0,0,320,0,0,0,0,0,0
1,0,332442,571238,332442,571238,0,0,320,0,0,0,426,1687,2137
2,0,630674,1142478,298232,571240,0,0,320,240,0,2,414,1546,2008
3,0,960451,1713714,329777,571236,0,0,320,240,0,2,424,1603,2051
4,0,1379429,2284950,418978,571236,0,0,320,240,0,2,0,0,0
5,0,1673175,2856186,293746,571236,0,0,320,240,0,4,6924,25973,33602
6,0,1881473,3427422,208298,571236,0,0,320,240,0,5,353,1312,1706
7,0,2109026,3998658,227553,571236,0,0,320,240,0,5,154,577,747
8,0,2330875,4569903,221849,571245,0,0,320,240,0,5,0,0,0
9,0,2552722,5141139,221847,571236,0,0,320,240,0,5,0,0,0
10,0,2774570,5712388,221848,571249,0,0,320,240,0,5,0,0,0
11,0,2996421,6283630,221851,571242,0,0,320,240,0,5,0,0,0
12,0,3218267,6854866,221846,571236,0,0,320,240,0,5,0,0,0
13,0,3440116,7426116,221849,571250,0,0,320,240,0,5,0,0,0
14,0,3661969,7997352,221853,571236,0,0,320,240,0,5,0,0,0
15,0,3883812,8568593,221843,571241,0,0,320,240,0,5,0,0,0
16,0,4105662,9139844,221850,571251,0,0,320,240,0,5,0,0,0
17,0,4327515,9711080,221853,571236,0,0,320,240,0,5,0,0,0
18,0,4549361,10282316,221846,571236,0,0,320,240,0,5,0,0,0
19,0,4771208,10853564,221847,571248,0,0,320,240,0,5,0,0,0
20,0,4993059,11424806,221851,571242,0,0,320,240,0,5,0,0,0
21,0,5214905,11996042,221846,571236,0,0,320,240,0,5,0,0,0
22,0,5436754,12567292,221849,571250,0,0,320,240,0,5,0,0,0
23,0,5658605,13138534,221851,571242,0,0,320,240,0,5,0,0,0
24,0,5880451,13709770,221846,571236,0,0,320,240,0,5,0,0,0
25,0,6102300,14281020,221849,571250,0,0,320,240,0,5,0,0,0
26,0,6319548,14852262,217248,571242,0,0,320,240,0,5,55,219,274
27,0,6532398,15423501,212850,571239,0,0,320,240,0,5,0,0,0
28,0,6740893,15994748,208495,571247,0,0,320,240,0,5,0,0,0
29,0,6952655,16565987,211762,571239,0,0,320,240,0,5,0,0,0
30,0,7164946,17137225,212291,571238,0,0,320,240,0,5,6,21,27
31,0,7375794,17708465,210848,571240,0,0,320,240,0,5,0,0,0
32,0,7586296,18279701,210502,571236,0,0,320,240,0,5,0,0,0
33,0,7796177,18850943,209881,571242,0,0,320,240,0,5,0,0,0
34,0,8010348,19422179,214171,571236,0,0,320,240,0,5,0,0,0
35,0,8219321,19993418,208973,571239,0,0,320,240,0,5,0,0,0
36,0,8431688,20564668,212367,571250,0,0,320,240,0,5,0,0,0
37,0,8640114,21135910,208426,571242,0,0,320,240,0,5,0,0,0
38,0,8855750,21707146,215636,571236,0,0,320,240,0,5,0,0,0
39,0,9064166,22278390,208416,571244,0,0,320,240,0,5,0,0,0
40,0,9277073,22849636,212907,571246,0,0,320,240,0,5,0,0,0
41,0,9485518,23420872,208445,571236,0,0,320,240,0,5,0,0,0
42,0,9701169,23992116,215651,571244,0,0,320,240,0,5,0,0,0
43,0,9909620,24563359,208451,571243,0,0,320,240,0,5,0,0,0
44,0,10122366,25134597,212746,571238,0,0,320,240,0,5,0,0,0
45,0,10330951,25705845,208585,571248,0,0,320,240,0,5,0,0,0
46,0,10545391,26277081,214440,571236,0,0,320,240,0,5,0,0,0
47,0,10755004,26848323,209613,571242,0,0,320,240,0,5,0,0,0
48,0,10965793,27419559,210789,571236,0,0,320,240,0,5,0,0,0
49,0,11176339,27990796,210546,571237,0,0,320,240,0,5,0,0,0
50,0,11469502,28562033,293163,571237,0,0,320,240,0,5,1042,3858,5037
51,0,11786190,29133269,316688,571236,0,0,320,240,0,5,652,2381,3089
52,0,12100259,29704505,314069,571236,0,0,320,240,0,5,1300,4778,6309
53,0,12409937,30275745,309678,571240,0,0,320,240,0,8,1580,5794,7578
54,0,12677722,30846982,267785,571237,0,0,320,240,0,28,5189,19128,24979
55,0,12936288,31517257,258566,670275,0,0,320,240,0,54,9380,34568,45037
56,0,12961538,32088495,25250,571238,0,0,320,240,0,54,2682,10186,13139
57,0,12984487,32711852,22949,623357,0,240,320,240,1,55,1672,6272,8106
58,0,13090409,33333841,105922,621989,0,0,320,240,1,57,4272,16119,20872
59,0,13143866,33905079,53457,571238,0,0,320,240,0,58,3536,13372,17306
60,0,13286857,34476315,142991,571236,0,240,320,240,1,59,927,3468,4443
61,0,13340325,35047551,53468,571236,0,240,320,240,0,60,3533,13360,17311
62,0,13483320,35618793,142995,571242,0,0,320,240,1,61,928,3472,4482
63,0,13536793,36190033,53473,571240,0,0,320,240,0,62,3532,13356,17248
64,0,13679784,36761274,142991,571241,0,240,320,240,1,63,928,3472,4497
65,0,13733261,37332516,53477,571242,0,240,320,240,0,64,3532,13356,17252
66,0,13876251,37903757,142990,571241,0,0,320,240,1,65,928,3472,4513
67,0,13929731,38474993,53480,571236,0,0,320,240,0,66,3532,13356,17221
68,0,14072715,39046229,142984,571236,0,240,320,240,1,67,928,3472,4473
69,0,14126188,39617469,53473,571240,0,240,320,240,0,68,3532,13356,17259
70,0,14269174,40188709,142986,571240,0,0,320,240,1,69,928,3472,4490
71,0,14322639,40759949,53465,571240,0,0,320,240,0,70,3532,13356,17247
72,0,14465625,41331195,142986,571246,0,240,320,240,1,71,929,3476,4505
73,0,14519103,41902432,53478,571237,0,240,320,240,0,72,3531,13352,17231
74,0,14662091,42473669,142988,571237,0,0,320,240,1,73,931,3484,4513
75,0,14715576,43044905,53485,571236,0,0,320,240,0,74,3529,13344,17297
76,0,14858556,43616146,142980,571241,0,240,320,240,1,75,929,3476,4520
77,0,14912026,44187382,53470,571236,0,240,320,240,0,76,3531,13352,17225
78,0,15055007,44758618,142981,571236,0,0,320,240,1,77,930,3480,4540
79,0,15108481,45329859,53474,571241,0,0,320,240,0,78,3530,13348,17298
80,0,15251461,45901096,142980,571237,0,240,320,240,1,79,929,3476,4493
81,0,15304925,46472336,53464,571240,0,240,320,240,0,80,3531,13352,17274
82,0,15447909,47043577,142984,571241,0,0,320,240,1,81,931,3484,4513
83,0,15501404,47614815,53495,571238,0,0,320,240,0,82,3529,13344,17257
84,0,15644377,48186051,142973,571236,0,240,320,240,1,83,929,3476,4494
85,0,15697834,48757293,53457,571242,0,240,320,240,0,84,3532,13356,17234
86,0,15840814,49328535,142980,571242,0,0,320,240,1,85,931,3484,4543
87,0,15894620,49899777,53806,571242,0,0,320,240,0,86,3555,13441,17395
88,0,16037588,50471015,142968,571238,0,240,320,240,1,87,938,3506,4550
89,0,16091038,51042257,53450,571242,0,240,320,240,0,88,3532,13356,17262
90,0,16234015,51613497,142977,571240,0,0,320,240,1,89,933,3492,4540
91,0,16287503,52184737,53488,571240,0,0,320,240,0,90,3528,13340,17294
92,0,16430477,52755983,142974,571246,0,240,320,240,1,91,933,3492,4532
93,0,16483941,53327221,53464,571238,0,240,320,240,0,92,3528,13340,17183
94,0,16626911,53898463,142970,571242,0,0,320,240,1,93,934,3496,4495
95,0,16680369,54469702,53458,571239,0,0,320,240,0,94,3527,13336,17272
96,0,16823346,55040938,142977,571236,0,240,320,240,1,95,934,3496,4496
97,0,16876833,55612174,53487,571236,0,240,320,240,0,96,3527,13336,17284
98,0,17019810,56183410,142977,571236,0,0,320,240,1,97,934,3496,4543
99,0,17073321,56754646,53511,571236,0,0,320,240,0,98,3527,13336,17190
100,0,17216291,57325885,142970,571239,0,240,320,240,1,99,934,3496,4502
101,0,17269794,57897121,53503,571236,0,240,320,240,0,100,3527,13336,17301
102,0,17412763,58468360,142969,571239,0,0,320,240,1,101,934,3496,4527
103,0,17466314,59039596,53551,571236,0,0,320,240,0,102,3527,13336,17244
104,0,17609289,59610832,142975,571236,0,240,320,240,1,103,934,3496,4503
105,0,17662797,60182069,53508,571237,0,240,320,240,0,104,3527,13336,17267
106,0,17805763,60753305,142966,571236,0,0,320,240,1,105,934,3496,4503
107,0,17859299,61324541,53536,571236,0,0,320,240,0,106,3527,13336,17318
108,0,18002269,61895777,142970,571236,0,240,320,240,1,107,934,3496,4528
109,0,18055859,62467018,53590,571241,0,240,320,240,0,108,3527,13336,17276
110,0,18198839,63038254,142980,571236,0,0,320,240,1,109,935,3500,4533
111,0,18252403,63609496,53564,571242,0,0,320,240,0,110,3526,13332,17329
112,0,18395367,64180732,142964,571236,0,240,320,240,1,111,934,3496,4544
113,0,18448965,64751974,53598,571242,0,240,320,240,0,112,3527,13336,17214
114,0,18591938,65323213,142973,571239,0,0,320,240,1,113,935,3500,4501
115,0,18645539,65894452,53601,571239,0,0,320,240,0,114,3526,13332,17239
116,0,18788515,66465691,142976,571239,0,240,320,240,1,115,935,3500,4535
117,0,18842463,67036927,53948,571236,0,240,320,240,0,116,3553,13433,17378
118,0,18985419,67608163,142956,571236,0,0,320,240,1,117,942,3522,4553
119,0,19039046,68179404,53627,571241,0,0,320,240,0,118,3528,13340,17153
120,0,19182017,68750643,142971,571239,0,240,320,240,1,119,935,3500,4525
121,0,19235659,69321884,53642,571241,0,240,320,240,0,120,3526,13332,17274
122,0,19378622,69893125,142963,571241,0,0,320,240,1,121,935,3500,4565
123,0,19432291,70464361,53669,571236,0,0,320,240,0,122,3526,13332,17305
124,0,19575257,71035601,142966,571240,0,240,320,240,1,123,935,3500,4531
125,0,19628964,71606837,53707,571236,0,240,320,240,0,124,3526,13332,17287
126,0,19771933,72178078,142969,571241,0,0,320,240,1,125,935,3500,4507
127,0,19825631,72749314,53698,571236,0,0,320,240,0,126,3526,13332,17273
128,0,19968600,73320550,142969,571236,0,240,320,240,1,127,935,3500,4549
129,0,20022287,73891786,53687,571236,0,240,320,240,0,128,3526,13332,17312
130,0,20165254,74463027,142967,571241,0,0,320,240,1,129,935,3500,4558
131,0,20218992,75034263,53738,571236,0,0,320,240,0,130,3526,13332,17207
132,0,20361960,75605499,142968,571236,0,240,320,240,1,131,935,3500,4500
133,0,20415711,76176739,53751,571240,0,240,320,240,0,132,3526,13332,17231
134,0,20558670,76747976,142959,571237,0,0,320,240,1,133,935,3500,4573
135,0,20612430,77319215,53760,571239,0,0,320,240,0,134,3526,13332,17248
136,0,20755397,77890457,142967,571242,0,240,320,240,1,135,935,3500,4526
137,0,20809178,78461699,53781,571242,0,240,320,240,0,136,3526,13332,17277
138,0,20952140,79032941,142962,571242,0,0,320,240,1,137,935,3500,4573
139,0,21005901,79604178,53761,571237,0,0,320,240,0,138,3526,13332,17327
140,0,21148877,80175417,142976,571239,0,240,320,240,1,139,939,3513,4525
141,0,21202637,80746658,53760,571241,0,240,320,240,0,140,3522,13319,17279
142,0,21345602,81317896,142965,571238,0,0,320,240,1,141,936,3504,4537
143,0,21399348,81889141,53746,571245,0,0,320,240,0,142,3525,13328,17267
144,0,21542306,82460377,142958,571236,0,240,320,240,1,143,935,3500,4548
145,0,21596072,83031615,53766,571238,0,240,320,240,0,144,3526,13332,17241
146,0,21739034,83602852,142962,571237,0,0,320,240,1,145,937,3505,4532
147,0,21793160,84174094,54126,571242,0,0,320,240,0,146,3551,13428,17458
148,0,21936111,84745334,142951,571240,0,240,320,240,1,147,944,3530,4557
149,0,21989847,85316570,53736,571236,0,240,320,240,0,148,3526,13332,17304
150,0,22132811,85887809,142964,571239,0,0,320,240,1,149,940,3517,4563
151,0,22186563,86459046,53752,571237,0,0,320,240,0,150,3521,13315,17273
152,0,22329519,87030284,142956,571238,0,240,320,240,1,151,938,3509,4519
153,0,22383291,87601521,53772,571237,0,240,320,240,0,152,3523,13323,17273
154,0,22526258,88172760,142967,571239,0,0,320,240,1,153,940,3517,4554
155,0,22580018,88743996,53760,571236,0,0,320,240,0,154,3521,13315,17254
156,0,22722994,89315235,142976,571239,0,240,320,240,1,155,943,3529,4553
157,0,22776769,89886471,53775,571236,0,240,320,240,0,156,3518,13303,17259
158,0,22919723,90457707,142954,571236,0,0,320,240,1,157,938,3509,4568
159,0,22973501,91028943,53778,571236,0,0,320,240,0,158,3523,13323,17229
160,0,23116465,91600183,142964,571240,0,240,320,240,1,159,940,3517,4545
161,0,23170213,92171425,53748,571242,0,240,320,240,0,160,3521,13315,17274
162,0,23313175,92742663,142962,571238,0,0,320,240,1,161,941,3521,4553
163,0,23366944,93313901,53769,571238,0,0,320,240,0,162,3520,13311,17245
164,0,23509908,93885143,142964,571242,0,240,320,240,1,163,941,3521,4577
165,0,23563664,94456379,53756,571236,0,240,320,240,0,164,3520,13311,17149
166,0,23706627,95027615,142963,571236,0,0,320,240,1,165,943,3529,4570
167,0,23760403,95598855,53776,571240,0,0,320,240,0,166,3518,13303,17263
168,0,23903351,96170096,142948,571241,0,240,320,240,1,167,939,3513,4534
169,0,23957135,96741338,53784,571242,0,240,320,240,0,168,3522,13319,17213
170,0,24100093,97312575,142958,571237,0,0,320,240,1,169,941,3521,4510
171,0,24153870,97883812,53777,571237,0,0,320,240,0,170,3520,13311,17188
172,0,24296833,98455048,142963,571236,0,240,320,240,1,171,943,3529,4561
173,0,24350590,99026284,53757,571236,0,240,320,240,0,172,3518,13303,17250
174,0,24493553,99597522,142963,571238,0,0,320,240,1,173,944,3533,4582
175,0,24547325,100168764,53772,571242,0,0,320,240,0,174,3517,13299,17345
176,0,24690278,100740000,142953,571236,0,240,320,240,1,175,942,3525,4549
177,0,24744430,101311240,54152,571240,0,240,320,240,0,176,3546,13408,17335
178,0,24887368,101882476,142938,571236,0,0,320,240,1,177,948,3543,4596
179,1,24941160,102453712,53792,571236,0,0,320,240,0,178,3522,13319,17263
180,2,25084119,103024954,142959,571242,0,240,320,240,1,179,943,3529,4600
181,3,25137952,103596190,53833,571236,0,240,320,240,0,180,3518,13303,17155
182,4,25280903,104167426,142951,571236,0,0,320,240,1,181,943,3529,4545
183,5,25334676,104738662,53773,571236,0,0,320,240,0,182,3518,13303,17195
184,6,25477628,105309902,142952,571240,0,240,320,240,1,183,942,3525,4541
185,7,25531448,105881142,53820,571240,0,240,320,240,0,184,3519,13307,17217
186,8,25674408,106452385,142960,571243,0,0,320,240,1,185,947,3545,4582
187,9,25728217,107023621,53809,571236,0,0,320,240,0,186,3514,13287,17141
188,10,25871169,107594858,142952,571237,0,240,320,240,1,187,945,3537,4629
189,11,25924935,108166097,53766,571239,0,240,320,240,0,188,3516,13295,17253
190,12,26067894,108737336,142959,571239,0,0,320,240,1,189,946,3541,4594
191,13,26121704,109308572,53810,571236,0,0,320,240,0,190,3515,13291,17211
192,14,26264661,109879808,142957,571236,0,240,320,240,1,191,947,3545,4604
193,15,26318420,110451047,53759,571239,0,240,320,240,0,192,3514,13287,17191
194,16,26461373,111022283,142953,571236,0,0,320,240,1,193,945,3537,4571
195,17,26515119,111593525,53746,571242,0,0,320,240,0,194,3516,13295,17160
196,18,26658072,112164765,142953,571240,0,240,320,240,1,195,947,3545,4591
197,19,26711844,112736001,53772,571236,0,240,320,240,0,196,3514,13287,17196
198,20,26854790,113307238,142946,571237,0,0,320,240,1,197,946,3541,4600
199,21,26908484,113878475,53694,571237,0,0,320,240,0,198,3515,13291,17196
200,22,27051437,114449715,142953,571240,0,240,320,240,1,199,947,3545,4589
201,23,27105142,115020951,53705,571236,0,240,320,240,0,200,3514,13287,17192
202,24,27248097,115592190,142955,571239,0,0,320,240,1,201,949,3550,4583
203,25,27301839,116163432,53742,571242,0,0,320,240,0,202,3512,13282,17177
204,26,27444795,116734674,142956,571242,0,240,320,240,1,203,949,3550,4638
205,27,27498447,117305910,53652,571236,0,240,320,240,0,204,3512,13282,17194
206,28,27641409,117877150,142962,571240,0,0,320,240,1,205,951,3558,4550
207,29,27695439,118448389,54030,571239,0,0,320,240,0,206,3537,13375,17329
208,30,27838371,119019625,142932,571236,0,240,320,240,1,207,953,3563,4607
209,31,27892057,119590861,53686,571236,0,240,320,240,0,208,3517,13299,17180
210,32,28035010,120162101,142953,571240,0,0,320,240,1,209,950,3554,4594
211,33,28088628,120733337,53618,571236,0,0,320,240,0,210,3511,13278,17082
212,34,28231587,121304577,142959,571240,0,240,320,240,1,211,951,3558,4614
213,35,28285198,121875815,53611,571238,0,240,320,240,0,212,3510,13274,17134
214,36,28428143,122447055,142945,571240,0,0,320,240,1,213,950,3554,4616
215,37,28481771,123018291,53628,571236,0,0,320,240,0,214,3511,13278,17205
216,38,28624730,123589530,142959,571239,0,240,320,240,1,215,951,3558,4574
217,39,28678341,124160771,53611,571241,0,240,320,240,0,216,3510,13274,17173
218,40,28821289,124732007,142948,571236,0,0,320,240,1,217,951,3558,4557
219,41,28874836,125303246,53547,571239,0,0,320,240,0,218,3510,13274,17123
220,42,29017789,125874482,142953,571236,0,240,320,240,1,219,951,3558,4637
221,43,29071332,126445722,53543,571240,0,240,320,240,0,220,3510,13274,17184
222,44,29214282,127016958,142950,571236,0,0,320,240,1,221,951,3558,4598
223,45,29267815,127588195,53533,571237,0,0,320,240,0,222,3510,13274,17111
224,46,29410765,128159431,142950,571236,0,240,320,240,1,223,951,3558,4625
225,47,29464284,128730667,53519,571236,0,240,320,240,0,224,3509,13270,17137
226,48,29607244,129301905,142960,571238,0,0,320,240,1,225,951,3558,4655
227,49,29660754,129873147,53510,571242,0,0,320,240,0,226,3509,13270,17198
228,50,29803704,130444383,142950,571236,0,240,320,240,1,227,951,3558,4607
229,51,29857198,131015619,53494,571236,0,240,320,240,0,228,3509,13270,17162
230,52,30000161,131586855,142963,571236,0,0,320,240,1,229,951,3558,4632
231,53,30053665,132158097,53504,571242,0,0,320,240,0,230,3509,13270,17208
232,54,30196619,132729337,142954,571240,0,240,320,240,1,231,951,3558,4613
233,55,30250119,133300573,53500,571236,0,240,320,240,0,232,3509,13270,17190
234,56,30393081,133871811,142962,571238,0,0,320,240,1,233,951,3558,4637
235,57,30446567,134443047,53486,571236,0,0,320,240,0,234,3509,13270,17181
236,58,30589522,135014286,142955,571239,0,240,320,240,1,235,951,3558,4649
237,59,30643365,135585525,53843,571239,0,240,320,240,0,236,3536,13371,17370
238,60,30786312,136156761,142947,571236,0,0,320,240,1,237,960,3588,4638
239,61,30839808,136728003,53496,571242,0,0,320,240,0,238,3509,13270,17211
240,62,30982762,137299239,142954,571236,0,240,320,240,1,239,951,3558,4629
241,63,31036264,137870475,53502,571236,0,240,320,240,0,240,3509,13270,17187
242,64,31179228,138441711,142964,571236,0,0,320,240,1,241,951,3558,4590
243,65,31232711,139012953,53483,571242,0,0,320,240,0,242,3509,13270,17188
244,66,31375668,139584189,142957,571236,0,240,320,240,1,243,951,3558,4656
245,67,31429167,140155425,53499,571236,0,240,320,240,0,244,3509,13270,17146
246,68,31572123,140726661,142956,571236,0,0,320,240,1,245,951,3558,4632
247,69,31625622,141297898,53499,571237,0,0,320,240,0,246,3509,13270,17138
248,70,31768586,141869134,142964,571236,0,240,320,240,1,247,951,3558,4581
249,71,31822088,142440370,53502,571236,0,240,320,240,0,248,3509,13270,17247
250,72,31965047,143011606,142959,571236,0,0,320,240,1,249,951,3558,4632
251,73,32018550,143582842,53503,571236,0,0,320,240,0,250,3509,13270,17184
252,74,32161524,144154078,142974,571236,0,240,320,240,1,251,951,3558,4599
253,75,32215013,144725319,53489,571241,0,240,320,240,0,252,3509,13270,17143
254,76,32357977,145296555,142964,571236,0,0,320,240,1,253,951,3558,4581
255,77,32411480,145867791,53503,571236,0,0,320,240,0,254,3509,13270,17217
256,78,32554436,146439027,142956,571236,0,240,320,240,1,255,951,3558,4607
257,79,32607938,147010263,53502,571236,0,240,320,240,0,256,3509,13270,17115
258,80,32750894,147581499,142956,571236,0,0,320,240,1,257,951,3558,4623
259,81,32804391,148152740,53497,571241,0,0,320,240,0,258,3509,13270,17150
260,82,32947345,148723976,142954,571236,0,240,320,240,1,259,951,3558,4639
261,83,33000863,149295213,53518,571237,0,240,320,240,0,260,3509,13270,17168
262,84,33143830,149866449,142967,571236,0,0,320,240,1,261,951,3558,4582
263,85,33197314,150437685,53484,571236,0,0,320,240,0,262,3509,13270,17169
264,86,33340267,151008921,142953,571236,0,240,320,240,1,263,951,3558,4597
265,87,33393743,151580157,53476,571236,0,240,320,240,0,264,3510,13274,17225
266,88,33536697,152151393,142954,571236,0,0,320,240,1,265,951,3558,4607
267,89,33590511,152722629,53814,571236,0,0,320,240,0,266,3537,13375,17237
268,90,33733463,153293868,142952,571239,0,240,320,240,1,267,960,3588,4638
269,91,33786928,153865106,53465,571238,0,240,320,240,0,268,3510,13274,17229
270,92,33929891,154436348,142963,571242,0,0,320,240,1,269,951,3558,4617
271,93,33983380,155007584,53489,571236,0,0,320,240,0,270,3510,13274,17201
272,94,34126359,155578825,142979,571241,0,240,320,240,1,271,951,3558,4623
273,95,34179843,156150063,53484,571238,0,240,320,240,0,272,3510,13274,17164
274,96,34322795,156721299,142952,571236,0,0,320,240,1,273,951,3558,4557
275,97,34376262,157292535,53467,571236,0,0,320,240,0,274,3510,13274,17201
276,98,34519219,157863772,142957,571237,0,240,320,240,1,275,951,3558,4640
277,99,34572699,158435008,53480,571236,0,240,320,240,0,276,3510,13274,17236
278,100,34715659,159006244,142960,571236,0,0,320,240,1,277,951,3558,4590
279,101,34769178,159577484,53519,571240,0,0,320,240,0,278,3510,13274,17138
280,102,34912134,160148723,142956,571239,0,240,320,240,1,279,951,3558,4622
281,103,34965644,160719963,53510,571240,0,240,320,240,0,280,3510,13274,17150
282,104,35108613,161291200,142969,571237,0,0,320,240,1,281,951,3558,4648
283,105,35162172,161862439,53559,571239,0,0,320,240,0,282,3510,13274,17136
284,106,35305138,162433680,142966,571241,0,240,320,240,1,283,951,3558,4581
285,107,35358647,163004922,53509,571242,0,240,320,240,0,284,3510,13274,17189
286,108,35501617,163576158,142970,571236,0,0,320,240,1,285,952,3561,4643
287,109,35555130,164147399,53513,571241,0,0,320,240,0,286,3509,13271,17213
288,110,35698096,164718635,142966,571236,0,240,320,240,1,287,952,3561,4643
289,111,35751689,165289874,53593,571239,0,240,320,240,0,288,3509,13271,17153
290,112,35894667,165861112,142978,571238,0,0,320,240,1,289,954,3569,4620
291,113,35948245,166432353,53578,571241,0,0,320,240,0,290,3507,13263,17143
292,114,36091234,167003594,142989,571241,0,240,320,240,1,291,955,3573,4625
293,115,36144799,167574836,53565,571242,0,240,320,240,0,292,3506,13259,17153
294,116,36287765,168146075,142966,571239,0,0,320,240,1,293,954,3569,4627
295,117,36341373,168717315,53608,571240,0,0,320,240,0,294,3507,13263,17211
296,118,36484337,169288552,142964,571237,0,240,320,240,1,295,954,3569,4596
297,119,36538299,169859788,53962,571236,0,240,320,240,0,296,3534,13364,17289
298,120,36681250,170431030,142951,571242,0,0,320,240,1,297,961,3591,4649
299,121,36734890,171002266,53640,571236,0,0,320,240,0,298,3509,13271,17094
300,122,36877849,171573502,142959,571236,0,240,320,240,1,299,954,3569,4622
301,123,36931486,172144738,53637,571236,0,240,320,240,0,300,3507,13263,17224
302,124,37074459,172715974,142973,571236,0,0,320,240,1,301,954,3569,4629
303,125,37128147,173287224,53688,571250,0,0,320,240,0,302,3507,13263,17153
304,126,37271114,173858460,142967,571236,0,240,320,240,1,303,954,3569,4588
305,127,37324817,174429696,53703,571236,0,240,320,240,0,304,3507,13263,17264
306,128,37467791,175000936,142974,571240,0,0,320,240,1,305,955,3573,4643
307,129,37521532,175572172,53741,571236,0,0,320,240,0,306,3506,13259,17122
308,130,37664506,176143408,142974,571236,0,240,320,240,1,307,956,3577,4663
309,131,37718224,176714647,53718,571239,0,240,320,240,0,308,3505,13255,17132
310,132,37861178,177285889,142954,571242,0,0,320,240,1,309,954,3569,4646
311,133,37914926,177857131,53748,571242,0,0,320,240,0,310,3507,13263,17178
312,134,38057897,178428367,142971,571236,0,240,320,240,1,311,955,3573,4633
313,135,38111641,178999605,53744,571238,0,240,320,240,0,312,3506,13259,17091
314,136,38254611,179570847,142970,571242,0,0,320,240,1,313,956,3577,4630
315,137,38308368,180142088,53757,571241,0,0,320,240,0,314,3505,13255,17158
316,138,38451335,180713325,142967,571237,0,240,320,240,1,315,956,3577,4623
317,139,38505088,181284566,53753,571241,0,240,320,240,0,316,3505,13255,17100
318,140,38648066,181855805,142978,571239,0,0,320,240,1,317,957,3581,4643
319,141,38701835,182427043,53769,571238,0,0,320,240,0,318,3504,13251,17146
320,142,38844796,182998280,142961,571237,0,240,320,240,1,319,956,3577,4590
321,143,38898569,183569516,53773,571236,0,240,320,240,0,320,3505,13255,17157
322,144,39041534,184140752,142965,571236,0,0,320,240,1,321,957,3581,4612
323,145,39095276,184711988,53742,571236,0,0,320,240,0,322,3504,13251,17184
324,146,39238239,185283224,142963,571236,0,240,320,240,1,323,957,3581,4628
325,147,39292011,185854460,53772,571236,0,240,320,240,0,324,3504,13251,17169
326,148,39434972,186425701,142961,571241,0,0,320,240,1,325,956,3577,4639
327,149,39489086,186996940,54114,571239,0,0,320,240,0,326,3532,13356,17325
328,150,39632041,187568176,142955,571236,0,240,320,240,1,327,964,3603,4688
329,151,39685779,188139412,53738,571236,0,240,320,240,0,328,3506,13259,17180
330,152,39828748,188710652,142969,571240,0,0,320,240,1,329,957,3581,4621
331,153,39882489,189281889,53741,571237,0,0,320,240,0,330,3504,13251,17136
332,154,40025462,189853129,142973,571240,0,240,320,240,1,331,957,3581,4651
333,155,40079194,190424365,53732,571236,0,240,320,240,0,332,3504,13251,17203
334,156,40222155,190995601,142961,571236,0,0,320,240,1,333,957,3581,4659
335,157,40275920,191566840,53765,571239,0,0,320,240,0,334,3504,13251,17112
336,158,40418877,192138079,142957,571239,0,240,320,240,1,335,957,3581,4654
337,159,40472641,192709315,53764,571236,0,240,320,240,0,336,3504,13251,17130
338,160,40615603,193280551,142962,571236,0,0,320,240,1,337,957,3581,4683
339,161,40669375,193851789,53772,571238,0,0,320,240,0,338,3504,13251,17135
340,162,40812332,194423029,142957,571240,0,240,320,240,1,339,957,3581,4629
341,163,40866041,194994269,53709,571240,0,240,320,240,0,340,3585,13575,17557
342,164,41009131,195565505,143090,571236,0,0,320,240,1,341,941,3523,4554
343,165,41061832,196136743,52701,571238,0,0,320,240,0,342,3905,14775,19193
344,166,41204973,196707980,143141,571237,0,240,320,240,1,343,915,3435,4472
345,167,41258692,197279216,53719,571236,0,240,320,240,0,344,3825,14473,18727
346,168,41401835,197850454,143143,571238,0,0,320,240,1,345,915,3435,4415
347,169,41455496,198421690,53661,571236,0,0,320,240,0,346,3751,14186,18327
348,170,41598627,198992928,143131,571238,0,240,320,240,1,347,912,3423,4407
349,171,41652192,199564170,53565,571242,0,240,320,240,0,348,3811,14411,18633
350,172,41790690,200230930,138498,666760,0,0,320,240,1,349,754,2827,3655
351,173,41885269,200802166,94579,571236,0,0,320,240,0,350,3203,12122,15698
352,174,41986202,201373405,100933,571239,0,240,320,240,1,351,723,2727,3523
353,175,42056582,201944641,70380,571236,0,240,320,240,0,352,3215,12162,15750
354,176,42157515,202515880,100933,571239,0,0,320,240,1,353,730,2751,3521
355,177,42203618,203087118,46103,571238,0,0,320,240,0,354,3217,12173,15714
356,178,42304548,203658360,100930,571242,0,240,320,240,1,355,729,2747,3542
357,179,42350687,204229600,46139,571240,0,240,320,240,0,356,3218,12177,15761
358,180,42451617,204800841,100930,571241,0,0,320,240,1,357,730,2751,3562
359,181,42484861,205401016,33244,600175,0,0,320,240,0,358,3203,12121,15763
360,182,42575701,206051134,90840,650118,0,240,320,240,1,359,825,3108,3998
361,183,42725449,206622374,149748,571240,0,240,320,240,0,360,3119,11807,15269
362,184,42826302,207193610,100853,571236,0,0,320,240,1,361,3018,11347,14706
363,185,43057468,207764846,231166,571236,0,240,320,240,1,362,685,2546,3296
364,185,43279319,208336086,221851,571240,0,240,320,240,0,362,8,32,40
365,185,43501165,208907322,221846,571236,0,240,320,240,0,362,0,0,0
366,185,43723014,209478572,221849,571250,0,240,320,240,0,362,0,0,0
367,185,43944865,210049814,221851,571242,0,240,320,240,0,362,0,0,0
368,185,44166711,210621050,221846,571236,0,240,320,240,0,362,0,0,0
369,185,44388560,211192300,221849,571250,0,240,320,240,0,362,0,0,0
370,185,44610411,211763542,221851,571242,0,240,320,240,0,362,0,0,0
371,185,44832257,212334778,221846,571236,0,240,320,240,0,362,0,0,0
372,185,45054106,212906028,221849,571250,0,240,320,240,0,362,0,0,0
373,185,45275957,213477270,221851,571242,0,240,320,240,0,362,0,0,0
374,185,45497803,214048506,221846,571236,0,240,320,240,0,362,0,0,0
375,185,45719652,214619756,221849,571250,0,240,320,240,0,362,0,0,0
376,185,45941503,215190998,221851,571242,0,240,320,240,0,362,0,0,0
377,185,46163349,215762234,221846,571236,0,240,320,240,0,362,0,0,0
378,185,46385198,216333476,221849,571242,0,240,320,240,0,362,0,0,0
379,185,46607049,216904726,221851,571250,0,240,320,240,0,362,0,0,0
380,185,46828895,217475962,221846,571236,0,240,320,240,0,362,0,0,0
381,185,47050744,218047204,221849,571242,0,240,320,240,0,362,0,0,0
382,185,47272595,218618446,221851,571242,0,240,320,240,0,362,0,0,0
383,185,47493747,219189684,221152,571238,0,240,320,240,0,362,136,511,671
384,185,47714782,219760920,221035,571236,0,240,320,240,0,362,52,197,249
385,185,47940865,220332159,226083,571239,0,240,320,240,0,362,53,198,259
386,185,48162803,220903395,221938,571236,0,240,320,240,0,362,52,197,257
387,185,48389783,221474645,226980,571250,0,240,320,240,0,362,53,198,251
388,185,48609085,222045890,219302,571245,0,240,320,240,0,362,52,197,257
389,185,48836997,222617128,227912,571238,0,240,320,240,0,362,53,198,260
390,185,49055415,223188367,218418,571239,0,240,320,240,0,362,62,234,304
391,185,49284122,223759603,228707,571236,0,240,320,240,0,362,43,161,212
392,185,49506713,224330839,222591,571236,0,240,320,240,0,362,62,234,304
393,185,49733041,224902075,226328,571236,0,240,320,240,0,362,43,161,204
394,185,49956246,225473311,223205,571236,0,240,320,240,0,362,62,234,296
395,185,50180233,226044558,223987,571247,0,240,320,240,0,362,43,161,204
396,185,50404555,226615794,224322,571236,0,240,320,240,0,362,63,237,308
397,185,50627349,227187044,222794,571250,0,240,320,240,0,362,42,158,200
398,185,50851645,227758286,224296,571242,0,240,320,240,0,362,63,237,317
399,185,51075391,228329527,223746,571241,0,240,320,240,0,362,52,197,257
400,185,51300613,228900766,225222,571239,0,240,320,240,0,362,53,198,259
401,185,51521696,229472007,221083,571241,0,240,320,240,0,362,52,197,273
402,185,51747835,230043243,226139,571236,0,240,320,240,0,362,53,198,259
403,185,51967899,230614486,220064,571243,0,240,320,240,0,362,52,197,257
404,185,52194962,231185734,227063,571248,0,240,320,240,0,362,53,198,260
405,185,52415964,231756970,221002,571236,0,240,320,240,0,362,52,197,265
406,185,52643978,232328206,228014,571236,0,240,320,240,0,362,53,198,259
407,185,52862629,232899442,218651,571236,0,240,320,240,0,362,62,234,312
408,185,53091219,233470688,228590,571246,0,240,320,240,0,362,43,161,204
409,185,53312126,234041924,220907,571236,0,240,320,240,0,362,62,234,312
410,185,53538304,234613175,226178,571251,0,240,320,240,0,362,43,161,213
411,185,53762612,235184424,224308,571249,0,240,320,240,0,362,63,237,300
412,185,53987272,235755661,224660,571237,0,240,320,240,0,362,42,158,208
413,185,54211588,236326897,224316,571236,0,240,320,240,0,362,63,237,308
414,185,54434511,236898136,222923,571239,0,240,320,240,0,362,42,158,200
415,185,54658786,237469372,224275,571236,0,240,320,240,0,362,63,237,308
416,185,54880630,238040613,221844,571241,0,240,320,240,0,362,52,197,249
417,185,55105873,238611849,225243,571236,0,240,320,240,0,362,53,198,251
418,185,55328614,239183089,222741,571240,0,240,320,240,0,362,52,197,249
419,185,55554799,239754326,226185,571237,0,240,320,240,0,362,53,198,260
420,185,55774908,240325562,220109,571236,0,240,320,240,0,362,52,197,257
421,185,56017407,240896801,242499,571239,0,240,320,240,0,362,631,2390,3118
422,185,56308311,241468041,290904,571240,0,240,320,240,0,362,248,970,1284
423,185,56553497,242039277,245186,571236,0,240,320,240,0,362,20,80,100
424,186,56828583,242610515,275086,571238,0,240,320,240,0,363,2635,9981,12946
425,186,57191807,243181755,363224,571240,0,240,320,240,0,363,134,503,661
426,186,57555463,243752994,363656,571239,0,240,320,240,0,363,109,406,531
427,186,57917218,244324230,361755,571236,0,240,320,240,0,363,140,523,688
428,186,58278970,244895466,361752,571236,0,240,320,240,0,363,140,523,663
429,186,58625475,245466706,346505,571240,0,240,320,240,0,363,183,692,899
430,186,58932006,246037942,306531,571236,0,240,320,240,0,363,7,28,43
431,186,59237119,246609182,305113,571240,0,240,320,240,0,363,2,8,10
432,187,59526905,247180420,289786,571238,0,240,320,240,0,364,542,2016,2599
433,187,59806184,247751656,279279,571236,0,240,320,240,0,364,9,35,44
434,187,60085500,248322902,279316,571246,0,240,320,240,0,364,0,0,0
435,187,60364794,248894138,279294,571236,0,240,320,240,0,364,0,0,0
436,187,60641759,249465374,276965,571236,0,240,320,240,0,364,312,1185,1537
437,187,60921069,250036618,279310,571244,0,240,320,240,0,364,1,4,5
438,187,61200377,250607866,279308,571248,0,240,320,240,0,364,0,0,0
439,187,61479702,251179106,279325,571240,0,240,320,240,0,364,0,0,0
440,187,61759010,251750344,279308,571238,0,240,320,240,0,364,0,0,0
441,187,62038326,252321580,279316,571236,0,240,320,240,0,364,0,0,0
442,187,62305915,252892827,267589,571247,0,240,320,240,0,364,27,105,140
443,187,62550161,253464063,244246,571236,0,240,320,240,0,364,40,147,203
444,187,62806071,254035313,255910,571250,0,240,320,240,0,364,34,125,159
445,187,62928507,254606554,122436,571241,0,240,320,240,0,364,2259,8479,10982
446,188,63056830,255177790,128323,571236,0,0,320,240,1,365,2495,9342,12077
447,189,63324223,255749026,267393,571236,0,240,320,240,1,366,207,752,976
448,189,63580007,256320264,255784,571238,0,240,320,240,0,366,79,305,400
449,189,63824203,256891500,244196,571236,0,240,320,240,0,366,40,147,187
450,189,64080059,257462736,255856,571236,0,240,320,240,0,366,64,238,302
451,190,64228746,258033974,148687,571238,0,240,320,240,0,367,2604,9744,12591
452,191,64496153,258605213,267407,571239,0,0,320,240,1,368,207,752,975
453,191,64755713,259176449,259560,571236,0,0,320,240,0,368,82,317,423
454,191,65000051,259747686,244338,571237,0,0,320,240,0,368,6,18,24
455,191,65255903,260318928,255852,571242,0,0,320,240,0,368,65,245,318
456,192,65409650,260890166,153747,571238,0,0,320,240,0,369,2603,9740,12624
457,193,65677050,261461402,267400,571236,0,240,320,240,1,370,207,752,967
458,193,65932797,262032638,255747,571236,0,240,320,240,0,370,102,392,502
459,193,66179050,262603879,246253,571241,0,240,320,240,0,370,69,256,325
460,193,66436133,263175117,257083,571238,0,240,320,240,0,370,61,229,290
461,194,66609027,263746359,172894,571242,0,240,320,240,0,371,2581,9662,12505
462,195,66876429,264317595,267402,571236,0,0,320,240,1,372,207,750,973
463,195,67137472,264888840,261043,571245,0,0,320,240,0,372,82,317,407
464,195,67381834,265460076,244362,571236,0,0,320,240,0,372,6,18,32
465,195,67645662,266031313,263828,571237,0,0,320,240,0,372,39,145,193
466,196,67818560,266602552,172898,571239,0,0,320,240,0,373,2552,9549,12411
467,197,68085983,267173792,267423,571240,0,240,320,240,1,374,203,734,954
468,197,68341741,267745028,255758,571236,0,240,320,240,0,374,102,392,510
469,197,68593751,268316273,252010,571245,0,240,320,240,0,374,69,256,333
470,197,68849831,268887510,256080,571237,0,240,320,240,0,374,5,16,21
471,198,69022739,269458746,172908,571236,0,240,320,240,0,375,2552,9549,12335
472,199,69290162,270029983,267423,571237,0,0,320,240,1,376,203,734,961
473,199,69550010,270601226,259848,571243,0,0,320,240,0,376,116,446,570
474,199,69794380,271172470,244370,571244,0,0,320,240,0,376,6,18,24
475,199,70061881,271743706,267501,571236,0,0,320,240,0,376,91,342,450
476,200,70234752,272314942,172871,571236,0,0,320,240,0,377,2548,9535,12349
477,201,70502182,272886178,267430,571236,0,240,320,240,1,378,203,734,961
478,201,70758016,273457426,255834,571248,0,240,320,240,0,378,79,305,400
479,201,71002365,274028666,244349,571240,0,240,320,240,0,378,6,18,24
480,201,71258453,274599906,256088,571240,0,240,320,240,0,378,5,16,21
481,202,71431355,275171142,172902,571236,0,240,320,240,0,379,2552,9549,12363
482,203,71698773,275742378,267418,571236,0,0,320,240,1,380,203,734,961
483,203,71954618,276313614,255845,571236,0,0,320,240,0,380,79,305,384
484,203,72210240,276884856,255622,571242,0,0,320,240,0,380,43,159,218
485,203,72470715,277456094,260475,571238,0,0,320,240,0,380,61,229,298
486,204,72643575,278027333,172860,571239,0,0,320,240,0,381,2548,9535,12320
487,205,72911020,278598582,267445,571249,0,240,320,240,1,382,203,734,970
488,205,73177741,279169825,266721,571243,0,240,320,240,0,382,105,404,525
489,205,73422116,279741067,244375,571242,0,240,320,240,0,382,6,18,24
490,205,73678160,280312303,256044,571236,0,240,320,240,0,382,31,116,147
491,206,73851009,280883544,172849,571241,0,240,320,240,0,383,2552,9549,12385
492,207,74118452,281454780,267443,571236,0,0,320,240,1,384,203,734,953
493,207,74374289,282026016,255837,571236,0,0,320,240,0,384,79,305,384
494,207,74628896,282597252,254607,571236,0,0,320,240,0,384,73,272,361
495,207,74885052,283168488,256156,571236,0,0,320,240,0,384,5,16,21
496,208,75057900,283739728,172848,571240,0,0,320,240,0,385,2552,9549,12408
497,209,75325344,284310964,267444,571236,0,240,320,240,1,386,203,734,961
498,209,75581093,284882200,255749,571236,0,240,320,240,0,386,102,392,510
499,209,75825366,285453436,244273,571236,0,240,320,240,0,386,36,131,184
500,209,76081418,286024673,256052,571237,0,240,320,240,0,386,35,129,164
501,210,76254265,286595909,172847,571236,0,240,320,240,0,387,2552,9549,12371
502,211,76521701,287167145,267436,571236,0,0,320,240,1,388,203,734,945
503,211,76777542,287738387,255841,571242,0,0,320,240,0,388,79,305,392
504,211,77021889,288309634,244347,571247,0,0,320,240,0,388,6,18,24
505,211,77278034,288880870,256145,571236,0,0,320,240,0,388,5,16,21
506,212,77450887,289452107,172853,571237,0,0,320,240,0,389,2552,9549,12411
507,213,77718333,290023348,267446,571241,0,240,320,240,1,390,203,734,962
508,213,77987778,290594588,269445,571240,0,240,320,240,0,390,333,1267,1624
509,213,78267065,291165824,279287,571236,0,240,320,240,0,390,9,36,45
510,213,78546378,291737064,279313,571240,0,240,320,240,0,390,0,0,0
511,213,78825693,292308301,279315,571237,0,240,320,240,0,390,0,0,0
512,213,79081550,292879537,255857,571236,0,240,320,240,0,390,63,240,303
513,213,79334355,293450780,252805,571243,0,240,320,240,0,390,5,16,21
514,213,79581897,294022017,247542,571237,0,240,320,240,0,390,194,718,953
515,214,79758885,294593253,176988,571236,0,240,320,240,0,391,2358,8817,11467
516,215,80026320,295164490,267435,571237,0,0,320,240,1,392,203,734,969
517,215,80282162,295735726,255842,571236,0,0,320,240,0,392,79,305,393
518,215,80526533,296306963,244371,571237,0,0,320,240,0,392,6,18,24
519,215,80782539,296878199,256006,571236,0,0,320,240,0,392,39,145,193
520,216,80955369,297449435,172830,571236,0,0,320,240,0,393,2552,9549,12421
521,217,81222804,298020671,267435,571236,0,240,320,240,1,394,203,734,970
522,217,81481342,298591907,258538,571236,0,240,320,240,0,394,105,404,517
523,217,81725624,299163143,244282,571236,0,240,320,240,0,394,36,131,167
524,217,81981709,299734379,256085,571236,0,240,320,240,0,394,34,125,159
525,218,82154519,300305618,172810,571239,0,240,320,240,0,395,2553,9553,12423
526,219,82421948,300876854,267429,571236,0,0,320,240,1,396,203,734,961
527,219,82677783,301448096,255835,571242,0,0,320,240,0,396,79,305,392
528,219,82924813,302019332,247030,571236,0,0,320,240,0,396,43,159,210
529,219,83180787,302590568,255974,571236,0,0,320,240,0,396,60,225,301
530,220,83353611,303161804,172824,571236,0,0,320,240,0,397,2553,9553,12343
531,221,83621056,303733040,267445,571236,0,240,320,240,1,398,203,734,945
532,221,83876846,304304278,255790,571238,0,240,320,240,0,398,102,392,502
533,221,84126517,304875514,249671,571236,0,240,320,240,0,398,38,139,185
534,221,84382700,305446750,256183,571236,0,240,320,240,0,398,4,12,16
535,222,84555518,306017986,172818,571236,0,240,320,240,0,399,2553,9553,12348
536,223,84822964,306589235,267446,571249,0,0,320,240,1,400,203,734,962
537,223,85084079,307160472,261115,571237,0,0,320,240,0,400,115,442,574
538,223,85328421,307731716,244342,571244,0,0,320,240,0,400,36,131,167
539,223,85584504,308302952,256083,571236,0,0,320,240,0,400,34,125,159
540,224,85757355,308874188,172851,571236,0,0,320,240,0,401,2553,9553,12399
541,225,86024811,309445432,267456,571244,0,240,320,240,1,402,203,734,945
542,225,86280573,310016674,255762,571242,0,240,320,240,0,402,113,434,563
543,225,86532063,310587910,251490,571236,0,240,320,240,0,402,9,30,39
544,225,86788220,311159149,256157,571239,0,240,320,240,0,402,4,12,16
545,226,86961032,311730388,172812,571239,0,240,320,240,0,403,2553,9553,12373
546,227,87228478,312301628,267446,571240,0,0,320,240,1,404,203,734,961
547,227,87495954,312872864,267476,571236,0,0,320,240,0,404,82,317,399
548,227,87740274,313444100,244320,571236,0,0,320,240,0,404,40,147,187
549,227,87996380,314015336,256106,571236,0,0,320,240,0,404,34,125,159
550,228,88169208,314586572,172828,571236,0,0,320,240,0,405,2553,9553,12416
551,229,88436659,315157814,267451,571242,0,240,320,240,1,406,203,734,961
552,229,88692415,315729050,255756,571236,0,240,320,240,0,406,112,426,554
553,229,88940076,316300291,247661,571241,0,240,320,240,0,406,59,222,297
554,229,89196170,316871527,256094,571236,0,240,320,240,0,406,30,112,142
555,230,89368965,317442764,172795,571237,0,240,320,240,0,407,2553,9553,12448
556,231,89636408,318014003,267443,571239,0,0,320,240,1,408,203,734,961
557,231,89903185,318585239,266777,571236,0,0,320,240,0,408,105,404,518
558,231,90147542,319156477,244357,571238,0,0,320,240,0,408,36,131,175
559,231,90403558,319727713,256016,571236,0,0,320,240,0,408,60,225,293
560,232,90576377,320298954,172819,571241,0,0,320,240,0,409,2553,9553,12446
561,233,90843813,320870192,267436,571238,0,240,320,240,1,410,203,734,954
562,233,91099560,321441429,255747,571237,0,240,320,240,0,410,112,426,555
563,233,91354718,322012666,255158,571237,0,240,320,240,0,410,59,222,289
564,233,91610824,322583902,256106,571236,0,240,320,240,0,410,34,125,159
565,234,91783634,323155143,172810,571241,0,240,320,240,0,411,2553,9553,12382
566,235,92051078,323726380,267444,571237,0,0,320,240,1,412,203,734,969
567,235,92306839,324297616,255761,571236,0,0,320,240,0,412,113,434,572
568,235,92551287,324868865,244448,571249,0,0,320,240,0,412,6,18,24
569,235,92827337,325440102,276050,571237,0,0,320,240,0,412,284,1074,1391
570,235,93106633,326011339,279296,571237,0,0,320,240,0,412,9,36,45
571,235,93385948,326582576,279315,571237,0,0,320,240,0,412,0,0,0
572,235,93665244,327153816,279296,571240,0,0,320,240,0,412,0,0,0
573,235,93932865,327725052,267621,571236,0,0,320,240,0,412,27,105,132
574,235,94168755,328296294,235890,571242,0,0,320,240,0,412,161,597,766
575,236,94345779,328867530,177024,571236,0,0,320,240,0,413,2358,8817,11353
576,237,94613218,329438770,267439,571240,0,240,320,240,1,414,203,734,953
577,237,94868962,330010006,255744,571236,0,240,320,240,0,414,112,426,562
578,237,95123862,330581242,254900,571236,0,240,320,240,0,414,29,109,138
579,237,95384413,331152484,260551,571242,0,240,320,240,0,414,4,12,16
580,238,95560751,331723720,176338,571236,0,240,320,240,0,415,2549,9539,12323
581,239,95828205,332294962,267454,571242,0,0,320,240,1,416,203,734,962
582,239,96085920,332866198,257715,571236,0,0,320,240,0,416,116,446,571
583,239,96341518,333437434,255598,571236,0,0,320,240,0,416,36,131,175
584,239,96601892,334008670,260374,571236,0,0,320,240,0,416,60,225,285
585,240,96774729,334579907,172837,571237,0,0,320,240,0,417,2549,9539,12332
586,241,97042162,335151144,267433,571237,0,240,320,240,1,418,203,734,945
587,241,97298057,335722381,255895,571237,0,240,320,240,0,418,79,305,392
588,241,97550815,336293617,252758,571236,0,240,320,240,0,418,103,385,488
589,241,97808797,336864853,257982,571236,0,240,320,240,0,418,60,225,293
590,242,97982599,337436092,173802,571239,0,240,320,240,0,419,2553,9553,12326
591,243,98250052,338007328,267453,571236,0,0,320,240,1,420,203,734,953
592,243,98505948,338578568,255896,571240,0,0,320,240,0,420,79,305,384
593,243,98750229,339149804,244281,571236,0,0,320,240,0,420,70,260,338
594,243,99006235,339721040,256006,571236,0,0,320,240,0,420,90,338,436
595,244,99179051,340292278,172816,571238,0,0,320,240,0,421,2553,9553,12367
596,245,99446514,340863517,267463,571239,0,240,320,240,1,422,203,734,962
597,245,99702323,341434753,255809,571236,0,240,320,240,0,422,112,426,546
598,245,99953760,342005989,251437,571236,0,240,320,240,0,422,59,222,289
599,245,100209947,342577231,256187,571242,0,240,320,240,0,422,30,112,142
600,246,100382774,343148472,172827,571241,0,240,320,240,0,423,2553,9553,12310
601,247,100650231,343719708,267457,571236,0,0,320,240,1,424,203,734,954
602,247,100906047,344290944,255816,571236,0,0,320,240,0,424,102,392,503
603,247,101150378,344862180,244331,571236,0,0,320,240,0,424,66,244,318
604,247,101406654,345433421,256276,571241,0,0,320,240,0,424,4,12,16
605,248,101579466,346004661,172812,571240,0,0,320,240,0,425,2553,9553,12383
606,249,101846921,346575898,267455,571237,0,240,320,240,1,426,203,734,953
607,249,102102729,347147134,255808,571236,0,240,320,240,0,426,102,392,510
608,249,102347064,347718376,244335,571242,0,240,320,240,0,426,66,244,310
609,249,102606996,348289612,259932,571236,0,240,320,240,0,426,37,137,174
610,250,102779787,348860848,172791,571236,0,240,320,240,0,427,2553,9553,12365
611,251,103047239,349432089,267452,571241,0,0,320,240,1,428,203,734,961
612,251,103303130,350003328,255891,571239,0,0,320,240,0,428,79,305,384
613,251,103547534,350574567,244404,571239,0,0,320,240,0,428,40,147,187
614,251,103803702,351145803,256168,571236,0,0,320,240,0,428,34,125,159
615,252,103978070,351717040,174368,571237,0,0,320,240,0,429,2556,9565,12390
616,253,104245529,352288277,267459,571237,0,240,320,240,1,430,203,734,945
617,253,104501427,352859513,255898,571236,0,240,320,240,0,430,79,305,392
618,253,104745844,353430752,244417,571239,0,240,320,240,0,430,40,147,187
619,253,105002124,354001993,256280,571241,0,240,320,240,0,430,4,12,16
620,254,105174904,354573230,172780,571237,0,240,320,240,0,431,2553,9553,12398
621,255,105442350,355144469,267446,571239,0,0,320,240,1,432,203,734,946
622,255,105698174,355715705,255824,571236,0,0,320,240,0,432,113,434,555
623,255,105942529,356286941,244355,571236,0,0,320,240,0,432,66,244,318
624,255,106205392,356858177,262863,571236,0,0,320,240,0,432,37,137,182
625,256,106378194,357429413,172802,571236,0,0,320,240,0,433,2553,9553,12380
626,257,106645646,358000649,267452,571236,0,240,320,240,1,434,203,734,945
627,257,106901509,358571885,255863,571236,0,240,320,240,0,434,102,392,502
628,257,107146021,359143121,244512,571236,0,240,320,240,0,434,6,18,24
629,257,107402303,359714357,256282,571236,0,240,320,240,0,434,4,12,16
630,258,107575100,360285594,172797,571237,0,240,320,240,0,435,2553,9553,12413
631,259,107842554,360856835,267454,571241,0,0,320,240,1,436,203,734,953
632,259,108098488,361428071,255934,571236,0,0,320,240,0,436,79,305,392
633,259,108342998,361999307,244510,571236,0,0,320,240,0,436,6,18,24
634,259,108599077,362570543,256079,571236,0,0,320,240,0,436,68,254,330
635,260,108771887,363141779,172810,571236,0,0,320,240,0,437,2553,9553,12367
636,261,109039341,363713015,267454,571236,0,240,320,240,1,438,203,734,953
637,261,109301238,364284251,261897,571236,0,240,320,240,0,438,82,317,407
638,261,109549907,364855487,248669,571236,0,240,320,240,0,438,70,260,338
639,261,109806083,365426723,256176,571236,0,240,320,240,0,438,34,125,159
640,262,109978902,365997959,172819,571236,0,240,320,240,0,439,2553,9553,12429
641,263,110246354,366569195,267452,571236,0,0,320,240,1,440,203,734,962
642,263,110502175,367140437,255821,571242,0,0,320,240,0,440,113,434,555
643,263,110749577,367711677,247402,571240,0,0,320,240,0,440,39,143,182
644,263,111005756,368282913,256179,571236,0,0,320,240,0,440,34,125,159
645,264,111178566,368854155,172810,571242,0,0,320,240,0,441,2553,9553,12429
646,265,111446037,369425391,267471,571236,0,240,320,240,1,442,203,734,945
647,265,111701891,369996632,255854,571241,0,240,320,240,0,442,102,392,502
648,265,111946412,370567868,244521,571236,0,240,320,240,0,442,6,18,24
649,265,112202606,371139104,256194,571236,0,240,320,240,0,442,34,125,159
650,266,112375401,371710344,172795,571240,0,240,320,240,0,443,2553,9553,12397
651,267,112642870,372281580,267469,571236,0,0,320,240,1,444,203,734,945
652,267,112908381,372852821,265511,571241,0,0,320,240,0,444,115,438,561
653,267,113152845,373424057,244464,571236,0,0,320,240,0,444,26,97,123
654,267,113419817,373995293,266972,571236,0,0,320,240,0,444,30,112,150
655,268,113592629,374566531,172812,571238,0,0,320,240,0,445,2549,9539,12367
656,269,113860098,375137767,267469,571236,0,240,320,240,1,446,203,734,962
657,269,114116013,375709011,255915,571244,0,240,320,240,0,446,79,305,392
658,269,114360524,376280247,244511,571236,0,240,320,240,0,446,6,18,24
659,269,114616791,376851487,256267,571240,0,240,320,240,0,446,4,12,16
660,270,114789559,377422726,172768,571239,0,240,320,240,0,447,2553,9553,12405
661,271,115057013,377993962,267454,571236,0,0,320,240,1,448,203,734,954
662,271,115312946,378565198,255933,571236,0,0,320,240,0,448,79,305,400
663,271,115557376,379136446,244430,571248,0,0,320,240,0,448,40,147,195
664,271,115812012,379707682,254636,571236,0,0,320,240,0,448,392,1491,1924
665,271,116033843,380278927,221831,571245,0,0,320,240,0,448,10,39,49
666,271,116255706,380850164,221863,571237,0,0,320,240,0,448,0,0,0
667,271,116477557,381421406,221851,571242,0,0,320,240,0,448,0,0,0
668,271,116699403,381992642,221846,571236,0,0,320,240,0,448,0,0,0
669,271,116921252,382563892,221849,571250,0,0,320,240,0,448,0,0,0
670,271,117143103,383135134,221851,571242,0,0,320,240,0,448,0,0,0
671,271,117364949,383706370,221846,571236,0,0,320,240,0,448,0,0,0
672,271,117586798,384277620,221849,571250,0,0,320,240,0,448,0,0,0
673,271,117808649,384848862,221851,571242,0,0,320,240,0,448,0,0,0
674,271,118030495,385420098,221846,571236,0,0,320,240,0,448,0,0,0
675,271,118252344,385991348,221849,571250,0,0,320,240,0,448,0,0,0
676,271,118474195,386562590,221851,571242,0,0,320,240,0,448,0,0,0
677,271,118696041,387133826,221846,571236,0,0,320,240,0,448,0,0,0
678,271,118917890,387705076,221849,571250,0,0,320,240,0,448,0,0,0
679,271,119139741,388276318,221851,571242,0,0,320,240,0,448,0,0,0
680,271,119361587,388847554,221846,571236,0,0,320,240,0,448,0,0,0
681,271,119583436,389418796,221849,571242,0,0,320,240,0,448,0,0,0
682,271,119793904,389990047,210468,571251,0,0,320,240,0,448,49,194,251
683,271,120005708,390561292,211804,571245,0,0,320,240,0,448,17,65,82
684,271,120253110,391132528,247402,571236,0,0,320,240,0,448,418,1567,2041
685,271,120474948,391703766,221838,571238,0,0,320,240,0,448,10,39,57
686,271,120696793,392275009,221845,571243,0,0,320,240,0,448,0,0,0
687,271,120924488,392846252,227695,571243,0,0,320,240,0,448,532,2030,2602
688,271,121146314,393417494,221826,571242,0,0,320,240,0,448,10,39,49
689,271,121368160,393988730,221846,571236,0,0,320,240,0,448,0,0,0
690,271,121590009,394559980,221849,571250,0,0,320,240,0,448,0,0,0
691,271,121811860,395131222,221851,571242,0,0,320,240,0,448,0,0,0
692,271,122033706,395702458,221846,571236,0,0,320,240,0,448,0,0,0
693,271,122238557,396273708,204851,571250,0,0,320,240,0,448,48,190,238
694,271,122449128,396844950,210571,571242,0,0,320,240,0,448,0,0,0
695,271,122654079,397416186,204951,571236,0,0,320,240,0,448,0,0,0
696,271,122864671,397987422,210592,571236,0,0,320,240,0,448,0,0,0
697,271,123069626,398558658,204955,571236,0,0,320,240,0,448,0,0,0
698,271,123279171,399129895,209545,571237,0,0,320,240,0,448,0,0,0
699,271,123554553,399701132,275382,571237,0,0,320,240,0,448,265,1003,1301
700,271,123806682,400272372,252129,571240,0,0,320,240,0,448,222,839,1111
701,271,124028527,400843608,221845,571236,0,0,320,240,0,448,10,39,49
702,271,124250374,401414844,221847,571236,0,0,320,240,0,448,0,0,0
703,271,124472221,401986092,221847,571248,0,0,320,240,0,448,0,0,0
704,271,124694074,402557328,221853,571236,0,0,320,240,0,448,0,0,0
705,271,124915920,403128564,221846,571236,0,0,320,240,0,448,0,0,0
706,271,125132049,403699814,216129,571250,0,0,320,240,0,448,43,170,213
707,271,125342645,404271054,210596,571240,0,0,320,240,0,448,0,0,0
708,271,125566549,404842293,223904,571239,0,0,320,240,0,448,227,876,1119
709,271,125807668,405413540,241119,571247,0,0,320,240,0,448,269,1010,1311
710,271,126029519,405984784,221851,571244,0,0,320,240,0,448,1,4,5
711,271,126239982,406556020,210463,571236,0,0,320,240,0,448,49,194,251
712,271,126444911,407127268,204929,571248,0,0,320,240,0,448,0,0,0
713,271,126655488,407698519,210577,571251,0,0,320,240,0,448,0,0,0
714,271,126860427,408269755,204939,571236,0,0,320,240,0,448,0,0,0
715,271,127069967,408841000,209540,571245,0,0,320,240,0,448,0,0,0
716,271,127275925,409412248,205958,571248,0,0,320,240,0,448,0,0,0
717,271,127497879,409983498,221954,571250,0,0,320,240,0,448,134,501,643
718,271,127719724,410554737,221845,571239,0,0,320,240,0,448,9,36,45
719,271,127941574,411125988,221850,571251,0,0,320,240,0,448,0,0,0
720,271,128163425,411697230,221851,571242,0,0,320,240,0,448,0,0,0
721,271,128385271,412268466,221846,571236,0,0,320,240,0,448,0,0,0
722,271,128607120,412839716,221849,571250,0,0,320,240,0,448,0,0,0
723,271,128828971,413410958,221851,571242,0,0,320,240,0,448,0,0,0
724,271,129050825,413982194,221854,571236,0,0,320,240,0,448,0,0,0
725,271,129272666,414553444,221841,571250,0,0,320,240,0,448,0,0,0
726,271,129488852,415124681,216186,571237,0,0,320,240,0,448,16,64,80
727,271,129699421,415695917,210569,571236,0,0,320,240,0,448,0,0,0
728,271,129904372,416267167,204951,571250,0,0,320,240,0,448,0,0,0
729,271,130146741,416838409,242369,571242,0,0,320,240,0,448,198,763,994
730,271,130386925,417409645,240184,571236,0,0,320,240,0,448,263,987,1282
731,271,130608772,417980895,221847,571250,0,0,320,240,0,448,1,4,5
732,271,130830623,418552135,221851,571240,0,0,320,240,0,448,0,0,0
733,271,131052470,419123371,221847,571236,0,0,320,240,0,448,0,0,0
734,271,131274318,419694620,221848,571249,0,0,320,240,0,448,0,0,0
735,271,131496169,420265862,221851,571242,0,0,320,240,0,448,0,0,0
736,271,131718015,420837098,221846,571236,0,0,320,240,0,448,0,0,0
737,271,131939864,421408348,221849,571250,0,0,320,240,0,448,0,0,0
738,271,132161715,421979590,221851,571242,0,0,320,240,0,448,0,0,0
739,271,132372177,422550828,210462,571238,0,0,320,240,0,448,49,194,251
740,271,132591765,423122070,219588,571242,0,0,320,240,0,448,211,789,1016
741,271,132831497,423693318,239732,571248,0,0,320,240,0,448,218,818,1076
742,271,133053343,424264554,221846,571236,0,0,320,240,0,448,0,0,0
743,271,133275192,424835804,221849,571250,0,0,320,240,0,448,0,0,0
744,271,133497043,425407046,221851,571242,0,0,320,240,0,448,0,0,0
745,271,133713165,425978282,216122,571236,0,0,320,240,0,448,41,162,211
746,271,133919759,426549518,206594,571236,0,0,320,240,0,448,0,0,0
747,271,134167348,427120766,247589,571248,0,0,320,240,0,448,473,1794,2323
748,271,134389169,427692002,221821,571236,0,0,320,240,0,448,10,39,49
749,271,134611012,428263238,221843,571236,0,0,320,240,0,448,0,0,0
750,271,134832866,428834474,221854,571236,0,0,320,240,0,448,0,0,0
751,271,135054707,429405716,221841,571242,0,0,320,240,0,448,0,0,0
752,271,135276558,429976958,221851,571242,0,0,320,240,0,448,0,0,0
753,271,135498404,430548194,221846,571236,0,0,320,240,0,448,0,0,0
754,271,135720253,431119444,221849,571250,0,0,320,240,0,448,0,0,0
755,271,135942104,431690686,221851,571242,0,0,320,240,0,448,0,0,0
756,271,136163950,432261922,221846,571236,0,0,320,240,0,448,0,0,0
757,271,136385799,432833172,221849,571250,0,0,320,240,0,448,0,0,0
758,271,136607650,433404414,221851,571242,0,0,320,240,0,448,0,0,0
759,271,136829496,433975650,221846,571236,0,0,320,240,0,448,0,0,0
760,271,137049740,434546886,220244,571236,0,0,320,240,0,448,43,170,221
761,271,137256169,435118122,206429,571236,0,0,320,240,0,448,6,24,30
762,271,137478257,435689364,222088,571242,0,0,320,240,0,448,134,501,659
763,271,137700108,436260600,221851,571236,0,0,320,240,0,448,9,36,45
764,271,137921953,436831841,221845,571241,0,0,320,240,0,448,0,0,0
765,271,138143803,437403092,221850,571251,0,0,320,240,0,448,0,0,0
766,271,138365654,437974334,221851,571242,0,0,320,240,0,448,0,0,0
767,271,138587508,438545570,221854,571236,0,0,320,240,0,448,0,0,0
768,271,138809349,439116812,221841,571242,0,0,320,240,0,448,0,0,0
769,271,139031200,439688062,221851,571250,0,0,320,240,0,448,0,0,0
770,271,139253054,440259298,221854,571236,0,0,320,240,0,448,0,0,0
771,271,139474895,440830540,221841,571242,0,0,320,240,0,448,0,0,0
772,271,139696746,441401782,221851,571242,0,0,320,240,0,448,0,0,0
773,271,139918592,441973018,221846,571236,0,0,320,240,0,448,0,0,0
774,271,140140441,442544268,221849,571250,0,0,320,240,0,448,0,0,0
775,271,140362292,443115510,221851,571242,0,0,320,240,0,448,0,0,0
776,271,140584138,443686746,221846,571236,0,0,320,240,0,448,0,0,0
777,271,140805987,444257996,221849,571250,0,0,320,240,0,448,0,0,0
778,271,141027838,444829238,221851,571242,0,0,320,240,0,448,0,0,0
779,271,141249684,445400474,221846,571236,0,0,320,240,0,448,0,0,0
780,271,141495685,445971710,246001,571236,0,0,320,240,0,448,385,1492,1901
781,271,141788791,446542948,293106,571238,0,0,320,240,0,448,254,934,1220
782,272,141978746,447114189,189955,571241,0,0,320,240,0,449,2504,9377,12115
783,273,142205942,447685431,227196,571242,0,240,320,240,1,450,937,3505,4556
784,274,142378739,448256670,172797,571239,0,240,320,240,0,451,2174,8157,10565
785,275,142604264,448827906,225525,571236,0,0,320,240,1,452,275,1005,1320
786,276,142777135,449399142,172871,571236,0,0,320,240,0,453,2123,7971,10344
787,277,143002657,449970378,225522,571236,0,240,320,240,1,454,275,1005,1313
788,278,143175532,450541614,172875,571236,0,240,320,240,0,455,2123,7971,10280
789,279,143401054,451112850,225522,571236,0,0,320,240,1,456,275,1005,1312
790,280,143573925,451684090,172871,571240,0,0,320,240,0,457,2123,7971,10328
791,281,143799448,452255326,225523,571236,0,240,320,240,1,458,275,1005,1312
792,282,143972321,452826568,172873,571242,0,240,320,240,0,459,2123,7971,10354
793,283,144197843,453397804,225522,571236,0,0,320,240,1,460,275,1005,1305
794,284,144370709,453969042,172866,571238,0,0,320,240,0,461,2125,7976,10337
795,285,144596233,454540278,225524,571236,0,240,320,240,1,462,276,1008,1325
796,286,144769070,455111517,172837,571239,0,240,320,240,0,463,2125,7976,10296
797,287,144994594,455682753,225524,571236,0,0,320,240,1,464,276,1008,1325
798,288,145167433,456253994,172839,571241,0,0,320,240,0,465,2125,7976,10296
799,289,145392958,456825230,225525,571236,0,240,320,240,1,466,276,1008,1300
800,290,145565793,457396471,172835,571241,0,240,320,240,0,467,2125,7976,10305
801,291,145791317,457967707,225524,571236,0,0,320,240,1,468,276,1008,1316
802,292,145964160,458538947,172843,571240,0,0,320,240,0,469,2125,7976,10341
803,293,146189682,459110183,225522,571236,0,240,320,240,1,470,276,1008,1300
804,294,146362520,459681425,172838,571242,0,240,320,240,0,471,2125,7976,10352
805,295,146588045,460252667,225525,571242,0,0,320,240,1,472,276,1008,1316
806,296,146760890,460823905,172845,571238,0,0,320,240,0,473,2125,7976,10285
807,297,146986412,461395147,225522,571242,0,240,320,240,1,474,276,1008,1308
808,298,147159248,461966387,172836,571240,0,240,320,240,0,475,2125,7976,10377
809,299,147384774,462537623,225526,571236,0,0,320,240,1,476,276,1008,1300
810,300,147557593,463108862,172819,571239,0,0,320,240,0,477,2125,7976,10355
811,301,147783118,463680098,225525,571236,0,240,320,240,1,478,276,1008,1316
812,302,147955945,464251334,172827,571236,0,240,320,240,0,479,2125,7976,10353
813,303,148181466,464822572,225521,571238,0,0,320,240,1,480,276,1008,1300
814,304,148352644,465393808,171178,571236,0,0,320,240,0,481,3984,14968,19375
815,305,148578175,465965044,225531,571236,0,240,320,240,1,482,269,981,1283
816,306,148746769,466536283,168594,571239,0,240,320,240,0,483,3055,11494,14865
817,307,148972294,467107519,225525,571236,0,0,320,240,1,484,273,997,1302
818,308,149140922,467678755,168628,571236,0,0,320,240,0,485,3056,11497,14863
819,309,149366446,468249991,225524,571236,0,240,320,240,1,486,273,997,1303
820,310,149535036,468821227,168590,571236,0,240,320,240,0,487,3056,11497,14902
821,311,149760559,469392463,225523,571236,0,0,320,240,1,488,273,997,1319
822,312,149929187,469963699,168628,571236,0,0,320,240,0,489,3056,11497,14852
823,313,150154707,470534940,225520,571241,0,240,320,240,1,490,273,997,1294
824,314,150323323,471106176,168616,571236,0,240,320,240,0,491,3056,11497,14900
825,315,150548850,471677412,225527,571236,0,0,320,240,1,492,273,997,1294
826,316,150717460,472248649,168610,571237,0,0,320,240,0,493,3056,11497,14881
827,317,150942983,472819885,225523,571236,0,240,320,240,1,494,273,997,1311
828,318,151111610,473391121,168627,571236,0,240,320,240,0,495,3056,11497,14878
829,319,151337135,473962357,225525,571236,0,0,320,240,1,496,273,997,1295
830,320,151505751,474533594,168616,571237,0,0,320,240,0,497,3056,11497,14927
831,321,151731277,475104832,225526,571238,0,240,320,240,1,498,273,997,1311
832,322,151899897,475676068,168620,571236,0,240,320,240,0,499,3056,11497,14849
833,323,152125420,476247304,225523,571236,0,0,320,240,1,500,273,997,1302
834,324,152292973,476818541,167553,571237,0,0,320,240,0,501,3616,13616,17572
835,325,152518560,477389777,225587,571236,0,240,320,240,1,502,164,592,765
836,326,152686163,477961014,167603,571237,0,240,320,240,0,503,3570,13449,17369
837,327,152911749,478532255,225586,571241,0,0,320,240,1,504,164,592,772
838,328,153080358,479103494,168609,571239,0,0,320,240,0,505,3365,12664,16387
839,329,153305946,479674736,225588,571242,0,240,320,240,1,506,164,592,772
840,330,153474570,480245977,168624,571241,0,240,320,240,0,507,3365,12664,16370
841,331,153700156,480817218,225586,571241,0,0,320,240,1,508,164,592,780
842,332,153868715,481388457,168559,571239,0,0,320,240,0,509,3007,11318,14635
843,333,154094295,481959694,225580,571237,0,240,320,240,1,510,167,603,803
844,334,154262893,482530936,168598,571242,0,240,320,240,0,511,2999,11290,14631
845,335,154488475,483102172,225582,571236,0,0,320,240,1,512,167,603,794
846,336,154632873,483673408,144398,571236,0,0,320,240,0,513,3021,11368,14704
847,337,154858455,484244645,225582,571237,0,240,320,240,1,514,167,603,787
848,338,154978545,484815884,120090,571239,0,240,320,240,0,515,3024,11383,14819
849,339,155204127,485387121,225582,571237,0,0,320,240,1,516,167,603,795
850,340,155324222,485958357,120095,571236,0,0,320,240,0,517,3024,11383,14715
851,341,155549806,486529595,225584,571238,0,240,320,240,1,518,167,603,794
852,342,155645622,487100831,95816,571236,0,240,320,240,0,519,3024,11383,14714
853,343,155871198,487672072,225576,571241,0,0,320,240,1,520,167,603,802
854,344,156136647,488243313,265449,571241,0,0,320,240,0,521,7113,26949,34828
855,344,156424916,488814555,288269,571242,0,0,320,240,0,521,165,643,824
856,344,156712321,489385791,287405,571236,0,0,320,240,0,521,2,8,18
857,344,157000085,489957027,287764,571236,0,0,320,240,0,521,2,8,10
858,344,157289468,490528263,289383,571236,0,0,320,240,0,521,2,8,10
859,344,157578620,491099502,289152,571239,0,0,320,240,0,521,2,8,10
860,344,157868041,491670741,289421,571239,0,0,320,240,0,521,2,8,10
861,344,158154769,492241979,286728,571238,0,0,320,240,0,521,2,8,10
862,344,158441403,492813217,286634,571238,0,0,320,240,0,521,2,8,10
863,344,158729260,493384453,287857,571236,0,0,320,240,0,521,2,8,18
864,344,159016274,493955695,287014,571242,0,0,320,240,0,521,2,8,10
865,344,159304042,494526931,287768,571236,0,0,320,240,0,521,2,8,10
866,344,159593553,495098171,289511,571240,0,0,320,240,0,521,2,8,10
867,344,159883262,495669408,289709,571237,0,0,320,240,0,521,2,8,10
868,344,160184051,496240649,300789,571241,0,0,320,240,0,521,4265,16431,21258
869,345,160524155,496811886,340104,571237,0,0,320,240,0,522,2554,9789,12600
870,354,160749132,497383127,224977,571241,0,0,320,240,0,531,24039,90278,116896
871,361,160982837,497954369,233705,571242,0,0,320,240,0,538,23538,88776,114884
872,361,161195874,498525605,213037,571236,0,0,320,240,0,538,10077,38530,49731
873,363,161456836,499096841,260962,571236,0,240,320,240,1,540,15745,60112,77730
874,364,161683328,499668077,226492,571236,0,240,320,240,0,541,5611,21206,27385
875,365,161942691,500239316,259363,571239,0,0,320,240,1,542,11843,45421,58178
876,366,162174896,500810556,232205,571240,0,0,320,240,0,543,5616,21227,27509
877,367,162442681,501381796,267785,571240,0,240,320,240,1,544,12856,49241,63623
878,368,162668783,501953032,226102,571236,0,240,320,240,0,545,5611,21206,27399
879,369,162928207,502524272,259424,571240,0,0,320,240,1,546,11843,45419,58602
880,370,163160558,503095508,232351,571236,0,0,320,240,0,547,5616,21227,27482
881,371,163428298,503666749,267740,571241,0,240,320,240,1,548,12856,49241,63656
882,372,163654406,504237989,226108,571240,0,240,320,240,0,549,5611,21206,27313
883,373,163913669,504809226,259263,571237,0,0,320,240,1,550,11843,45419,58641
884,374,164145635,505380462,231966,571236,0,0,320,240,0,551,5616,21227,27337
885,375,164413309,505951700,267674,571238,0,240,320,240,1,552,12856,49241,63774
886,376,164639439,506522936,226130,571236,0,240,320,240,0,553,5611,21206,27420
887,377,164898793,507094172,259354,571236,0,0,320,240,1,554,11843,45419,58883
888,378,165130680,507665411,231887,571239,0,0,320,240,0,555,5624,21258,27465
889,379,165398333,508236648,267653,571237,0,240,320,240,1,556,12856,49241,63588
890,380,165624092,508807884,225759,571236,0,240,320,240,0,557,5611,21206,27405
891,381,165883351,509379120,259259,571236,0,0,320,240,1,558,11842,45416,58700
892,382,166114935,509950356,231584,571236,0,0,320,240,0,559,5616,21227,27475
893,383,166382705,510521592,267770,571236,0,240,320,240,1,560,12855,49238,63609
894,384,166608352,511092833,225647,571241,0,240,320,240,0,561,5611,21206,27445
895,385,166867969,511664069,259617,571236,0,0,320,240,1,562,11842,45416,58474
896,386,167099637,512235305,231668,571236,0,0,320,240,0,563,5616,21227,27467
897,387,167367408,512806542,267771,571237,0,240,320,240,1,564,12855,49238,63553
898,388,167593068,513377780,225660,571238,0,240,320,240,0,565,5611,21206,27365
899,389,167852502,513949020,259434,571240,0,0,320,240,1,566,11842,45416,58651
900,390,168084041,514520260,231539,571240,0,0,320,240,0,567,5624,21258,27517
901,391,168351764,515091502,267723,571242,0,240,320,240,1,568,12855,49238,63722
902,392,168577287,515662740,225523,571238,0,240,320,240,0,569,5642,21321,27564
903,393,168836708,516233976,259421,571236,0,0,320,240,1,570,11842,45416,58659
904,394,169068346,516805214,231638,571238,0,0,320,240,0,571,5646,21340,27535
905,395,169336156,517376454,267810,571240,0,240,320,240,1,572,12854,49235,63231
906,396,169561454,517947690,225298,571236,0,240,320,240,0,573,5641,21319,27512
907,397,169820787,518518929,259333,571239,0,0,320,240,1,574,11841,45413,58780
908,398,170051814,519090165,231027,571236,0,0,320,240,0,575,5653,21368,27573
909,399,170319599,519661406,267785,571241,0,240,320,240,1,576,12854,49235,63641
910,400,170544736,520232646,225137,571240,0,240,320,240,0,577,5640,21316,27524
911,401,170804057,520803884,259321,571238,0,0,320,240,1,578,11842,45416,58624
912,402,171034949,521375120,230892,571236,0,0,320,240,0,579,5646,21339,27644
913,403,171302712,521946356,267763,571236,0,240,320,240,1,580,12855,49238,63752
914,404,171527531,522517593,224819,571237,0,240,320,240,0,581,5641,21318,27537
915,405,171786992,523088832,259461,571239,0,0,320,240,1,582,11842,45416,58722
916,406,172017633,523660068,230641,571236,0,0,320,240,0,583,5645,21335,27581
917,407,172285391,524231304,267758,571236,0,240,320,240,1,584,12855,49238,63754
918,408,172509871,524802540,224480,571236,0,240,320,240,0,585,5641,21318,27527
919,409,172769405,525373784,259534,571244,0,0,320,240,1,586,11842,45416,58684
920,410,173000052,525945020,230647,571236,0,0,320,240,0,587,5646,21339,27550
921,411,173267759,526516256,267707,571236,0,240,320,240,1,588,12855,49238,63755
922,412,173492287,527087497,224528,571241,0,240,320,240,0,589,5641,21318,27602
923,413,173751688,527658733,259401,571236,0,0,320,240,1,590,11842,45416,58828
924,414,173982028,528229969,230340,571236,0,0,320,240,0,591,5674,21453,27707
925,415,174249811,528801205,267783,571236,0,240,320,240,1,592,12883,49352,63435
926,416,174474086,529372447,224275,571242,0,240,320,240,0,593,5676,21465,27755
927,417,174730624,529943684,256538,571237,0,0,320,240,1,594,12366,47424,61383
928,418,174954680,530514920,224056,571236,0,0,320,240,0,595,5891,22309,28819
929,419,175215849,531086156,261169,571236,0,240,320,240,1,596,11014,42192,54483
930,420,175436266,531657392,220417,571236,0,240,320,240,0,597,9078,34526,44631
931,421,175690832,532228628,254566,571236,0,0,320,240,1,598,13124,50295,65025
932,422,175914874,532799869,224042,571241,0,0,320,240,0,599,5943,22516,29157
933,423,176178241,533371106,263367,571237,0,240,320,240,1,600,11450,43765,56468
934,424,176391026,533942348,212785,571242,0,240,320,240,0,601,11083,42242,54640
935,425,176639245,534513589,248219,571241,0,0,320,240,1,602,14308,54726,70648
936,426,176860891,535084827,221646,571238,0,0,320,240,0,603,8303,31564,40623
937,427,177126647,535656087,265756,571260,0,240,320,240,1,604,12201,46623,60085
938,428,177332860,536227327,206213,571240,0,240,320,240,0,605,11981,45652,59160
939,429,177582564,536798569,249704,571242,0,0,320,240,1,606,14249,54525,70327
940,430,177798202,537369805,215638,571236,0,0,320,240,0,607,10334,39332,50906
941,431,178063271,537941044,265069,571239,0,240,320,240,1,608,14044,53836,69539
942,432,178266090,538512284,202819,571240,0,240,320,240,0,609,12481,47504,61538
943,433,178520185,539083520,254095,571236,0,0,320,240,1,610,13718,52519,67741
944,434,178732393,539654760,212208,571240,0,0,320,240,0,611,11153,42510,55035
945,435,179018224,540225996,285831,571236,0,240,320,240,1,612,4802,18192,23473
946,435,179263341,540797234,245117,571238,0,240,320,240,0,612,15217,58441,75559
947,437,179486318,541368471,222977,571237,0,240,320,240,0,614,8377,31620,40888
948,438,179735661,541939707,249343,571236,0,0,320,240,1,615,15441,59187,76314
949,439,179952002,542510948,216341,571241,0,0,320,240,0,616,10182,38746,50258
950,440,180216965,543082184,264963,571236,0,240,320,240,1,617,12768,48903,63117
951,441,180420757,543653420,203792,571236,0,240,320,240,0,618,12339,46986,60828
952,442,180669449,544224660,248692,571240,0,0,320,240,1,619,14376,55103,71068
953,443,180888531,544795901,219082,571241,0,0,320,240,0,620,9625,36624,47474
954,444,181157923,545367137,269392,571236,0,240,320,240,1,621,12604,48338,62195
955,445,181362656,545938373,204733,571236,0,240,320,240,0,622,12135,46217,59470
956,446,181620222,546509615,257566,571242,0,0,320,240,1,623,13631,52488,67703
957,447,181836711,547080855,216489,571240,0,0,320,240,0,624,10230,38925,50524
958,448,182122178,547652093,285467,571238,0,240,320,240,1,625,4915,18607,24042
959,448,182373904,548223335,251726,571242,0,240,320,240,0,625,16550,63776,82021
960,450,182594603,548794571,220699,571236,0,240,320,240,0,627,8363,31560,40820
961,451,182851198,549365811,256595,571240,0,0,320,240,1,628,15211,58469,75427
962,452,183058291,549937051,207093,571240,0,0,320,240,0,629,12149,46313,59915
963,453,183334233,550508291,275942,571240,0,240,320,240,1,630,13363,50804,65685
964,453,183545402,551101576,211169,593285,0,240,320,240,0,630,11741,45089,58256
965,455,183806359,551672815,260957,571239,0,0,320,240,1,632,17118,65418,84439
966,456,184007138,552244051,200779,571236,0,0,320,240,0,633,11536,44066,57095
967,457,184285258,552815287,278120,571236,0,240,320,240,1,634,7872,29722,38368
968,457,184552972,553386524,267714,571237,0,240,320,240,0,634,13133,50000,64529
969,459,184754082,553957765,201110,571241,0,240,320,240,0,636,13512,51453,66550
970,460,185019438,554529003,265356,571238,0,0,320,240,1,637,17954,68655,88580
971,460,185254544,555100247,235106,571244,0,0,320,240,0,637,12411,47501,61342
972,462,185481352,555671483,226808,571236,0,0,320,240,0,639,7643,28804,37275
973,463,185758173,556242719,276821,571236,0,240,320,240,1,640,10013,37508,48579
974,463,186019580,556813959,261407,571240,0,240,320,240,0,640,15875,60791,78506
975,465,186220379,557385199,200799,571240,0,240,320,240,0,642,13123,50041,64417
976,466,186480810,557956435,260431,571236,0,0,320,240,1,643,18219,69536,89806
977,466,186732048,558527671,251238,571236,0,0,320,240,0,643,13973,53343,68994
978,468,186938358,559098907,206310,571236,0,0,320,240,0,645,10837,41084,53057
979,469,187214932,559670147,276574,571240,0,240,320,240,1,646,10056,37695,48888
980,469,187477838,560241386,262906,571239,0,240,320,240,0,646,15125,57849,74863
981,470,187674859,560812622,197021,571236,0,240,320,240,0,647,12824,48956,63252
982,472,187933568,561383861,258709,571239,0,0,320,240,1,649,19314,73586,95305
983,472,188184607,561955097,251039,571236,0,0,320,240,0,649,13845,52826,68387
984,474,188395998,562526333,211391,571236,0,0,320,240,0,651,10734,40707,52616
985,475,188672586,563097574,276588,571241,0,240,320,240,1,652,9978,37387,48420
986,475,188934863,563668815,262277,571241,0,240,320,240,0,652,14992,57329,74163
987,476,189137864,564240054,203001,571239,0,240,320,240,0,653,13092,49936,64499
988,478,189396213,564811290,258349,571236,0,0,320,240,1,655,18464,70344,90878
989,478,189648055,565382527,251842,571237,0,0,320,240,0,655,13759,52529,68188
990,480,189859829,565953763,211774,571236,0,0,320,240,0,657,10772,40840,52706
991,481,190136260,566524999,276431,571236,0,240,320,240,1,658,9998,37470,48561
992,481,190399072,567096239,262812,571240,0,240,320,240,0,658,14125,53951,69603
993,482,190601242,567667481,202170,571242,0,240,320,240,0,659,13391,51099,66032
994,484,190862192,568238722,260950,571241,0,0,320,240,1,661,17528,66788,86387
995,484,191116142,568809959,253950,571237,0,0,320,240,0,661,13028,49682,64290
996,486,191326834,569381195,210692,571236,0,0,320,240,0,663,10775,40852,52818
997,487,191603223,569952431,276389,571236,0,240,320,240,1,664,10019,37543,48668
998,487,191865975,570523672,262752,571241,0,240,320,240,0,664,13954,53301,68926
999,488,192067998,571094912,202023,571240,0,240,320,240,0,665,13486,51457,66444
1000,490,192329474,571666148,261476,571236,0,0,320,240,1,667,17374,66201,85345
1001,490,192590766,572237385,261292,571237,0,0,320,240,0,667,11592,44291,57296
1002,492,192807592,572808621,216826,571236,0,0,320,240,0,669,9983,37778,48743
1003,493,193083981,573379861,276389,571240,0,240,320,240,1,670,10008,37503,48625
1004,493,193346657,573951097,262676,571236,0,240,320,240,0,670,16937,64856,83504
1005,495,193556274,574522333,209617,571236,0,240,320,240,0,672,10762,40794,52751
1006,496,193824298,575093572,268024,571239,0,0,320,240,1,673,14865,56774,73231
1007,496,194085657,575664808,261359,571236,0,0,320,240,0,673,11656,44535,57536
1008,498,194302349,576236045,216692,571237,0,0,320,240,0,675,9925,37559,48457
1009,499,194578671,576807281,276322,571236,0,240,320,240,1,676,10015,37527,48592
1010,499,194841247,577378517,262576,571236,0,240,320,240,0,676,16930,64832,83795
1011,501,195050681,577949753,209434,571236,0,240,320,240,0,678,10769,40821,52614
1012,502,195318473,578520991,267792,571238,0,0,320,240,1,679,14133,53885,69623
1013,502,195571186,579092227,252713,571236,0,0,320,240,0,679,14424,55153,71255
1014,504,195776905,579663463,205719,571236,0,0,320,240,0,681,13491,51266,66010
1015,505,196053363,580234703,276458,571240,0,240,320,240,1,682,9890,37047,47999
1016,505,196322290,580805940,268927,571237,0,240,320,240,0,682,15366,58714,75939
1017,505,196533662,581377183,211372,571243,0,240,320,240,0,682,12340,47174,61067
1018,508,196775752,581948425,242090,571242,0,0,320,240,1,685,16619,62957,81378
1019,508,197042732,582519661,266980,571236,0,0,320,240,0,685,15265,58294,75482
1020,509,197243817,583090898,201085,571237,0,0,320,240,0,686,11616,44422,57022
1021,511,197508219,583662140,264402,571242,0,240,320,240,1,688,14841,55660,71973
1022,511,197777549,584233376,269330,571236,0,240,320,240,0,688,17627,67303,87040
1023,511,197990006,584804612,212457,571236,0,240,320,240,0,688,11462,43918,56829
1024,514,198232595,585375854,242589,571242,0,0,320,240,1,691,16072,60847,78617
1025,514,198503071,585947095,270476,571241,0,0,320,240,0,691,13875,52942,68700
1026,515,198704436,586518334,201365,571239,0,0,320,240,0,692,12102,46218,59763
1027,517,198970804,587089571,266368,571237,0,240,320,240,1,694,13671,51241,66232
1028,517,199236798,587660812,265994,571241,0,240,320,240,0,694,15847,60513,78217
1029,519,199441783,588232053,204985,571241,0,240,320,240,0,696,13793,52463,68027
1030,520,199708139,588803289,266356,571236,0,0,320,240,1,697,13495,51271,66196
1031,520,199972222,589374530,264083,571241,0,0,320,240,0,697,16637,63602,82355
1032,522,200179973,589945766,207751,571236,0,0,320,240,0,699,10506,39799,51418
1033,523,200455232,590517002,275259,571236,0,240,320,240,1,700,9822,36740,47503
1034,523,200721173,591088241,265941,571239,0,240,320,240,0,700,15840,60491,78123
1035,524,200922871,591659482,201698,571241,0,240,320,240,0,701,12557,47837,61960
1036,526,201185634,592230718,262763,571236,0,0,320,240,1,703,14856,56368,72964
1037,526,201449657,592801956,264023,571238,0,0,320,240,0,703,16638,63606,82341
1038,528,201651093,593373196,201436,571240,0,0,320,240,0,705,10633,40278,51959
1039,529,201926563,593944432,275470,571236,0,240,320,240,1,706,9756,36485,47263
1040,529,202192530,594515674,265967,571242,0,240,320,240,0,706,15840,60491,78190
1041,530,202394129,595086911,201599,571237,0,240,320,240,0,707,12634,48138,62273
1042,532,202657232,595658147,263103,571236,0,0,320,240,1,709,14775,56054,72380
1043,532,202921366,596229385,264134,571238,0,0,320,240,0,709,16637,63602,81986
1044,534,203122800,596800621,201434,571236,0,0,320,240,0,711,10634,40282,52158
1045,535,203398356,597371857,275556,571236,0,240,320,240,1,712,9756,36485,47249
1046,535,203664303,597943099,265947,571242,0,240,320,240,0,712,15843,60503,78180
1047,536,203866033,598514335,201730,571236,0,240,320,240,0,713,12553,47824,61796
1048,538,204128803,599085577,262770,571242,0,0,320,240,1,715,14855,56364,72889
1049,538,204392956,599656818,264153,571241,0,0,320,240,0,715,16637,63602,81905
1050,540,204594234,600228054,201278,571236,0,0,320,240,0,717,10634,40282,52060
1051,541,204869680,600799290,275446,571236,0,240,320,240,1,718,9738,36423,47366
1052,541,205135660,601370530,265980,571240,0,240,320,240,0,718,15845,60501,78166
1053,542,205337304,601941766,201644,571236,0,240,320,240,0,719,12604,48022,62168
1054,544,205600302,602513004,262998,571238,0,0,320,240,1,721,14825,56250,72660
1055,544,205864505,603084240,264203,571236,0,0,320,240,0,721,16632,63582,82170
1056,546,206065803,603655476,201298,571236,0,0,320,240,0,723,10634,40282,51907
1057,547,206341309,604226713,275506,571237,0,240,320,240,1,724,9746,36451,47176
1058,547,206607264,604797949,265955,571236,0,240,320,240,0,724,15837,60473,78263
1059,548,206808950,605369189,201686,571240,0,240,320,240,0,725,12547,47807,61822
1060,550,207071693,605940429,262743,571240,0,0,320,240,1,727,14884,56471,72870
1061,550,207335737,606511665,264044,571236,0,0,320,240,0,727,16628,63570,82329
1062,552,207536996,607082906,201259,571241,0,0,320,240,0,729,10632,40276,51972
1063,553,207812518,607654147,275522,571241,0,240,320,240,1,730,9746,36451,47369
1064,553,208078495,608225384,265977,571237,0,240,320,240,0,730,15843,60497,78118
1065,554,208280209,608796623,201714,571239,0,240,320,240,0,731,12553,47826,61940
1066,556,208542874,609367864,262665,571241,0,0,320,240,1,733,14865,56402,72902
1067,556,208807030,609939102,264156,571238,0,0,320,240,0,733,16637,63602,82301
1068,558,209008220,610510340,201190,571238,0,0,320,240,0,735,10636,40280,52083
1069,559,209283782,611081576,275562,571236,0,240,320,240,1,736,9757,36483,47263
1070,559,209549737,611652816,265955,571240,0,240,320,240,0,736,15838,60483,78247
1071,560,209751428,612224054,201691,571238,0,240,320,240,0,737,12559,47844,61702
1072,562,210014212,612795290,262784,571236,0,0,320,240,1,739,14857,56360,72888
1073,562,210278367,613366526,264155,571236,0,0,320,240,0,739,16637,63602,82303
1074,564,210479780,613937762,201413,571236,0,0,320,240,0,741,10636,40280,51970
1075,565,210755350,614508998,275570,571236,0,240,320,240,1,742,9759,36491,47310
1076,565,211021219,615080236,265869,571238,0,240,320,240,0,742,15843,60503,78181
1077,566,211222952,615651478,201733,571242,0,240,320,240,0,743,12587,47950,61945
1078,568,211485855,616222714,262903,571236,0,0,320,240,1,745,14822,56226,72710
1079,568,211749853,616793951,263998,571237,0,0,320,240,0,745,16637,63602,82487
1080,570,211951054,617365192,201201,571241,0,0,320,240,0,747,10636,40280,52082
1081,571,212226546,617936428,275492,571236,0,240,320,240,1,748,9739,36421,47204
1082,571,212492478,618507664,265932,571236,0,240,320,240,0,748,15837,60474,78209
1083,572,212694213,619078906,201735,571242,0,240,320,240,0,749,12556,47833,61850
1084,574,212956897,619650144,262684,571238,0,0,320,240,1,751,14879,56446,73146
1085,574,213221074,620221385,264177,571241,0,0,320,240,0,751,16632,63582,82101
1086,576,213422215,620792621,201141,571236,0,0,320,240,0,753,10708,40557,52408
1087,577,213697706,621363860,275491,571239,0,240,320,240,1,754,9750,36461,47234
1088,577,213963698,621935100,265992,571240,0,240,320,240,0,754,15847,60513,78217
1089,579,214181736,622506339,218038,571239,0,240,320,240,0,756,14019,53328,69074
1090,580,214451470,623077575,269734,571236,0,0,320,240,1,757,12229,46479,60197
1091,580,214715487,623648811,264017,571236,0,0,320,240,0,757,16628,63570,82273
1092,582,214940153,624220050,224666,571239,0,0,320,240,0,759,9456,35842,46332
1093,583,215215648,624791286,275495,571236,0,240,320,240,1,760,9756,36479,47144
1094,583,215481608,625362528,265960,571242,0,240,320,240,0,760,15840,60491,78074
1095,585,215699872,625933764,218264,571236,0,240,320,240,0,762,14005,53274,68875
1096,586,215969618,626505003,269746,571239,0,0,320,240,1,763,12229,46479,60058
1097,586,216233665,627076245,264047,571242,0,0,320,240,0,763,16628,63570,82300
1098,588,216458564,627647481,224899,571236,0,0,320,240,0,765,9445,35799,46351
1099,589,216733988,628218719,275424,571238,0,240,320,240,1,766,9756,36479,47265
1100,589,216999939,628789956,265951,571237,0,240,320,240,0,766,15847,60519,78104
1101,591,217218257,629361192,218318,571236,0,240,320,240,0,768,13996,53239,68929
1102,592,217487932,629932428,269675,571236,0,0,320,240,1,769,12223,46459,59923
1103,592,217752079,630503668,264147,571240,0,0,320,240,0,769,16634,63590,82453
1104,594,217976839,631074904,224760,571236,0,0,320,240,0,771,9446,35802,46265
1105,595,218252320,631646141,275481,571237,0,240,320,240,1,772,9756,36479,47278
1106,595,218518235,632217378,265915,571237,0,240,320,240,0,772,15836,60475,78121
1107,597,218736470,632788614,218235,571236,0,240,320,240,0,774,14009,53289,68664
1108,598,219006167,633359853,269697,571239,0,0,320,240,1,775,12229,46479,59896
1109,598,219270281,633931092,264114,571239,0,0,320,240,0,775,16628,63570,82148
1110,600,219495083,634502331,224802,571239,0,0,320,240,0,777,9448,35808,46248
1111,601,219770692,635073568,275609,571237,0,240,320,240,1,778,9759,36491,47285
1112,601,220036518,635644805,265826,571237,0,240,320,240,0,778,15844,60507,78305
1113,603,220254854,636216042,218336,571237,0,240,320,240,0,780,13999,53247,68849
1114,604,220524539,636787278,269685,571236,0,0,320,240,1,781,12227,46472,60055
1115,604,220788762,637358517,264223,571239,0,0,320,240,0,781,16630,63577,82112
1116,606,221013622,637929754,224860,571237,0,0,320,240,0,783,9449,35810,46145
1117,607,221289113,638500990,275491,571236,0,240,320,240,1,784,9758,36487,47207
1118,607,221555009,639072226,265896,571236,0,240,320,240,0,784,15849,60527,78177
1119,609,221773532,639643462,218523,571236,0,240,320,240,0,786,13994,53230,68614
1120,610,222043224,640214698,269692,571236,0,0,320,240,1,787,12229,46479,60034
1121,610,222307426,640785938,264202,571240,0,0,320,240,0,787,16628,63570,82150
1122,612,222532353,641357179,224927,571241,0,0,320,240,0,789,9446,35801,46197
1123,613,222807871,641928418,275518,571239,0,240,320,240,1,790,9758,36487,47208
1124,613,223073715,642499654,265844,571236,0,240,320,240,0,790,15848,60523,78165
1125,615,223291859,643070890,218144,571236,0,240,320,240,0,792,13994,53227,68826
1126,616,223561573,643642126,269714,571236,0,0,320,240,1,793,12229,46479,60012
1127,616,223825628,644213362,264055,571236,0,0,320,240,0,793,16628,63570,82197
1128,618,224050383,644784598,224755,571236,0,0,320,240,0,795,9475,35909,46340
1129,619,224325779,645355834,275396,571236,0,240,320,240,1,796,9758,36487,47353
1130,619,224591725,645927072,265946,571238,0,240,320,240,0,796,15844,60507,78170
1131,621,224810002,646498308,218277,571236,0,240,320,240,0,798,14001,53257,68965
1132,622,225079725,647069544,269723,571236,0,0,320,240,1,799,12231,46487,59958
1133,622,225343787,647640784,264062,571240,0,0,320,240,0,799,16628,63570,82261
1134,624,225568617,648212020,224830,571236,0,0,320,240,0,801,9451,35818,46314
1135,625,225844112,648783256,275495,571236,0,240,320,240,1,802,9758,36487,47219
1136,625,226109978,649354498,265866,571242,0,240,320,240,0,802,15839,60487,78125
1137,627,226328249,649925734,218271,571236,0,240,320,240,0,804,14005,53271,68535
1138,628,226597857,650496974,269608,571240,0,0,320,240,1,805,12220,46447,60110
1139,628,226861852,651068214,263995,571240,0,0,320,240,0,805,16637,63602,82296
1140,630,227086710,651639452,224858,571238,0,0,320,240,0,807,9449,35810,46232
1141,631,227362243,652210688,275533,571236,0,240,320,240,1,808,9760,36495,47279
1142,631,227628119,652781960,265876,571272,0,240,320,240,0,808,15857,60559,78273
1143,633,227846388,653353202,218269,571242,0,240,320,240,0,810,13986,53195,68860
1144,634,228116106,653924438,269718,571236,0,0,320,240,1,811,12229,46479,60015
1145,634,228380267,654495674,264161,571236,0,0,320,240,0,811,16628,63570,82278
1146,636,228605030,655066911,224763,571237,0,0,320,240,0,813,9450,35814,46241
1147,637,228880495,655638147,275465,571236,0,240,320,240,1,814,9757,36483,47208
1148,637,229146418,656209387,265923,571240,0,240,320,240,0,814,15845,60511,78128
1149,639,229364699,656780628,218281,571241,0,240,320,240,0,816,14001,53256,68887
1150,640,229634454,657351864,269755,571236,0,0,320,240,1,817,12229,46479,60040
1151,640,229898555,657923100,264101,571236,0,0,320,240,0,817,16628,63570,82320
1152,642,230123305,658494337,224750,571237,0,0,320,240,0,819,9449,35811,46254
1153,643,230398704,659065576,275399,571239,0,240,320,240,1,820,9756,36479,47245
1154,643,230664637,659636812,265933,571236,0,240,320,240,0,820,15838,60483,78294
1155,645,230882956,660208048,218319,571236,0,240,320,240,0,822,14011,53295,69091
1156,646,231152649,660779287,269693,571239,0,0,320,240,1,823,12229,46479,60076
1157,646,231416671,661350523,264022,571236,0,0,320,240,0,823,16628,63570,82267
1158,648,231641636,661921761,224965,571238,0,0,320,240,0,825,9453,35824,46317
1159,649,231917178,662492997,275542,571236,0,240,320,240,1,826,9760,36495,47360
1160,649,232182969,663064238,265791,571241,0,240,320,240,0,826,15856,60555,78273
1161,651,232401355,663635474,218386,571236,0,240,320,240,0,828,13988,53204,68742
1162,652,232671045,664206712,269690,571238,0,0,320,240,1,829,12229,46479,60134
1163,652,232935078,664777953,264033,571241,0,0,320,240,0,829,16628,63570,82287
1164,654,233159851,665349193,224773,571240,0,0,320,240,0,831,9452,35822,46323
1165,655,233435368,665920429,275517,571236,0,240,320,240,1,832,9758,36487,47467
1166,655,233701261,666491667,265893,571238,0,240,320,240,0,832,15852,60539,78183
1167,657,233919686,667062908,218425,571241,0,240,320,240,0,834,13995,53231,68919
1168,658,234189434,667634144,269748,571236,0,0,320,240,1,835,12229,46479,60000
1169,658,234453440,668205380,264006,571236,0,0,320,240,0,835,16628,63570,82265
1170,660,234678776,668776616,225336,571236,0,0,320,240,0,837,9749,36972,47826
1171,661,234953921,669347854,275145,571238,0,240,320,240,1,838,9934,37181,48134
1172,661,235224051,669919094,270130,571240,0,240,320,240,0,838,17378,66417,86005
1173,662,235435161,670490331,211110,571237,0,240,320,240,0,839,11905,45579,58882
1174,664,235694173,671061573,259012,571242,0,0,320,240,1,841,17050,64690,83619
1175,664,235952877,671632815,258704,571242,0,0,320,240,0,841,14039,53684,69380
1176,666,236163958,672204052,211081,571237,0,0,320,240,0,843,17181,65320,84362
1177,667,236437906,672775288,273948,571236,0,240,320,240,1,844,10409,39038,50592
1178,667,236707008,673346528,269102,571240,0,240,320,240,0,844,16923,64614,83550
1179,667,236922296,673917764,215288,571236,0,240,320,240,0,844,16267,62512,80695
1180,670,237161649,674489001,239353,571237,0,0,320,240,1,847,17354,65874,85143
1181,670,237430761,675060237,269112,571236,0,0,320,240,0,847,15257,58256,75221
1182,671,237634858,675631478,204097,571241,0,0,320,240,0,848,16366,62837,81121
1183,673,237898016,676202714,263158,571236,0,240,320,240,1,850,15105,56753,73437
1184,673,238166609,676773950,268593,571236,0,240,320,240,0,850,16862,64354,83124
1185,674,238378158,677345188,211549,571238,0,240,320,240,0,851,12599,48424,62619
1186,676,238636742,677916424,258584,571236,0,0,320,240,1,853,16953,64353,83087
1187,676,238896341,678487660,259599,571236,0,0,320,240,0,853,14061,53717,69477
1188,678,239114062,679058896,217721,571236,0,0,320,240,0,855,14617,55493,71597
1189,679,239389076,679630132,275014,571236,0,240,320,240,1,856,9994,37445,48591
1190,679,239657735,680201368,268659,571236,0,240,320,240,0,856,16361,62443,80772
1191,680,239869593,680772606,211858,571238,0,240,320,240,0,857,12825,49242,63476
1192,682,240126436,681343843,256843,571237,0,0,320,240,1,859,17256,65442,84743
1193,682,240390437,681915079,264001,571236,0,0,320,240,0,859,15306,58489,75543
1194,684,240600469,682486319,210032,571240,0,0,320,240,0,861,16197,61946,79961
1195,685,240871488,683057555,271019,571236,0,240,320,240,1,862,11618,43563,56446
1196,685,241141447,683628791,269959,571236,0,240,320,240,0,862,16308,62219,80515
1197,686,241353643,684200031,212196,571240,0,240,320,240,0,863,12323,47398,61260
1198,688,241606064,684771278,252421,571247,0,0,320,240,1,865,18300,69382,89715
1199,688,241874817,685342515,268753,571237,0,0,320,240,0,865,14520,55415,71638
1200,690,242086699,685913756,211882,571241,0,0,320,240,0,867,14068,53479,69069
1201,691,242355871,686484997,269172,571241,0,240,320,240,1,868,12374,46373,60070
1202,691,242625987,687056233,270116,571236,0,240,320,240,0,868,16313,62229,80447
1203,692,242839182,687627472,213195,571239,0,240,320,240,0,869,11768,44869,58002
1204,694,243092093,688198714,252911,571242,0,0,320,240,1,871,17756,67321,87016
1205,694,243359261,688769950,267168,571236,0,0,320,240,0,871,14353,54796,70801
1206,695,243564479,689341186,205218,571236,0,0,320,240,0,872,17010,65027,83917
1207,697,243828472,689912424,263993,571238,0,240,320,240,1,874,14215,53407,69103
1208,697,244098321,690483661,269849,571237,0,240,320,240,0,874,16564,63193,81917
1209,697,244317588,691077930,219267,594269,0,240,320,240,0,874,13630,52452,67652
1210,700,244567216,691649166,249628,571236,0,0,320,240,1,877,18018,68323,88483
1211,700,244838910,692220402,271694,571236,0,0,320,240,0,877,16033,61206,79209
1212,701,245045714,692791643,206804,571241,0,0,320,240,0,878,14509,55585,71925
1213,703,245301158,693362879,255444,571236,0,240,320,240,1,880,16013,60237,78012
1214,703,245572421,693934115,271263,571236,0,240,320,240,0,880,16317,62251,80463
1215,703,245801608,694505352,229187,571237,0,240,320,240,0,880,14441,55283,71415
1216,706,246030595,695076593,228987,571241,0,240,320,240,0,883,12774,48339,62469
1217,707,246297749,695647829,267154,571236,0,0,320,240,1,884,13143,49988,64595
1218,707,246555033,696219069,257284,571240,0,0,320,240,0,884,13164,50216,64962
1219,709,246775168,696790306,220135,571237,0,0,320,240,0,886,13549,51408,66372
1220,710,247047861,697361542,272693,571236,0,240,320,240,1,887,10861,40706,52646
1221,710,247316895,697932780,269034,571238,0,240,320,240,0,887,15037,57331,74083
1222,711,247527998,698504020,211103,571240,0,240,320,240,0,888,13182,50609,65249
1223,713,247782708,699075256,254710,571236,0,0,320,240,1,890,17014,64551,83492
1224,713,248043811,699646497,261103,571241,0,0,320,240,0,890,13147,50281,65061
1225,715,248256414,700217733,212603,571236,0,0,320,240,0,892,16597,63378,81828
1226,716,248529084,700788970,272670,571237,0,240,320,240,1,893,10887,40812,52940
1227,716,248797779,701360207,268695,571237,0,240,320,240,0,893,15047,57457,74403
1228,717,249008152,701931443,210373,571236,0,240,320,240,0,894,13763,52787,68042
1229,719,249264296,702502683,256144,571240,0,0,320,240,1,896,16904,64194,82933
1230,719,249531550,703073921,267254,571238,0,0,320,240,0,896,14376,54883,70920
1231,721,249751983,703645157,220433,571236,0,0,320,240,0,898,11509,43688,56383
1232,722,250024879,704216393,272896,571236,0,240,320,240,1,899,10855,40689,52762
1233,722,250289675,704787632,264796,571239,0,240,320,240,0,899,15529,59407,76674
1234,724,250503341,705358871,213666,571239,0,240,320,240,0,901,16291,62199,80319
1235,725,250770209,705930112,266868,571241,0,0,320,240,1,902,13440,51205,65998
1236,725,251033289,706501352,263080,571240,0,0,320,240,0,902,16178,62120,80139
1237,727,251253917,707072590,220628,571238,0,0,320,240,0,904,11476,43549,56259
1238,728,251526699,707643831,272782,571241,0,240,320,240,1,905,10596,39710,51456
1239,728,251795477,708215071,268778,571240,0,240,320,240,0,905,16365,62571,80846
1240,730,252006707,708786307,211230,571236,0,240,320,240,0,907,16158,61803,79833
1241,731,252271076,709357543,264369,571236,0,0,320,240,1,908,14066,53465,68898
1242,731,252537551,709928779,266475,571236,0,0,320,240,0,908,15839,60491,78332
1243,733,252757665,710500019,220114,571240,0,0,320,240,0,910,11730,44545,57650
1244,734,253034403,711071261,276738,571242,0,240,320,240,1,911,8049,30639,39444
1245,734,253311145,711642498,276742,571237,0,240,320,240,0,911,14291,54169,70030
1246,734,253562052,712213734,250907,571236,0,240,320,240,0,911,12723,48810,63108
1247,737,253789611,712784970,227559,571236,0,240,320,240,0,914,12697,47999,62135
1248,738,254054660,713356206,265049,571236,0,0,320,240,1,915,14679,55978,72201
1249,738,254318528,713927442,263868,571236,0,0,320,240,0,915,16550,63523,82226
1250,740,254544113,714498681,225585,571239,0,0,320,240,0,917,10447,39611,51093
1251,741,254817612,715069922,273499,571241,0,240,320,240,1,918,10766,40354,52275
1252,741,255080853,715641160,263241,571238,0,240,320,240,0,918,17588,67374,86891
1253,743,255299749,716212400,218896,571240,0,240,320,240,0,920,15482,59123,76291
1254,744,255565090,716783636,265341,571236,0,0,320,240,1,921,15341,58508,75586
1255,744,255828106,717354876,263016,571240,0,0,320,240,0,921,16740,64297,83002
1256,746,256055542,717926115,227436,571239,0,0,320,240,0,923,10273,38948,50396
1257,747,256330237,718497351,274695,571236,0,240,320,240,1,924,10667,39951,51750
1258,747,256592424,719068587,262187,571236,0,240,320,240,0,924,17098,65279,84508
1259,749,256820480,719639828,228056,571241,0,240,320,240,0,926,11512,43657,56425
1260,750,257085892,720211066,265412,571238,0,0,320,240,1,927,15459,58915,76143
1261,750,257348263,720782302,262371,571236,0,0,320,240,0,927,15338,58898,76079
1262,752,257577312,721353539,229049,571237,0,0,320,240,0,929,10214,38700,49918
1263,753,257856548,721924780,279236,571241,0,240,320,240,1,930,7470,28445,36712
1264,753,258132019,722496016,275471,571236,0,240,320,240,0,930,15429,58565,75689
1265,753,258384858,723067257,252839,571241,0,240,320,240,0,930,12521,48015,61869
1266,756,258616138,723638493,231280,571236,0,240,320,240,0,933,12246,46243,59732
1267,757,258880793,724209734,264655,571241,0,0,320,240,1,934,16373,62512,80827
1268,757,259142951,724780972,262158,571238,0,0,320,240,0,934,15339,58919,76111
1269,759,259372224,725352213,229273,571241,0,0,320,240,0,936,10246,38828,50242
1270,760,259645769,725923453,273545,571240,0,240,320,240,1,937,10664,39946,51804
1271,760,259905817,726494689,260048,571236,0,240,320,240,0,937,18410,70445,91053
1272,762,260122792,727065925,216975,571236,0,240,320,240,0,939,15020,57327,74010
1273,763,260385043,727637166,262251,571241,0,0,320,240,1,940,17108,65349,84464
1274,763,260650862,728208403,265819,571237,0,0,320,240,0,940,12517,47658,61702
1275,765,260875241,728779639,224379,571236,0,0,320,240,0,942,11496,43641,56283
1276,766,261148712,729350879,273471,571240,0,240,320,240,1,943,10626,39780,51474
1277,766,261410324,729922115,261612,571236,0,240,320,240,0,943,18090,69226,89452
1278,768,261628565,730493357,218241,571242,0,240,320,240,0,945,14591,55658,71876
1279,769,261892624,731064599,264059,571242,0,0,320,240,1,946,16272,62173,80317
1280,769,262156242,731635839,263618,571240,0,0,320,240,0,946,12323,47249,61126
1281,771,262381478,732207078,225236,571239,0,0,320,240,0,948,11595,44016,56731
1282,772,262655064,732778314,273586,571236,0,240,320,240,1,949,10552,39505,51171
1283,772,262916961,733349555,261897,571241,0,240,320,240,0,949,17486,67057,86623
1284,774,263136862,733920791,219901,571236,0,240,320,240,0,951,13277,50572,65200
1285,775,263401524,734492027,264662,571236,0,0,320,240,1,952,15833,60487,78122
1286,775,263666009,735063272,264485,571245,0,0,320,240,0,952,11434,43503,56218
1287,777,263883822,735634508,217813,571236,0,0,320,240,0,954,13101,49734,64253
1288,778,264156246,736205748,272424,571240,0,240,320,240,1,955,10736,40206,52181
1289,778,264420174,736776988,263928,571240,0,240,320,240,0,955,17158,65729,84920
1290,780,264632653,737348224,212479,571236,0,240,320,240,0,957,15228,58049,74972
1291,781,264894444,737919465,261791,571241,0,0,320,240,1,958,16847,64352,83146
1292,781,265157217,738490707,262773,571242,0,0,320,240,0,958,13038,50037,64675
1293,783,265373770,739061943,216553,571236,0,0,320,240,0,960,13430,50963,65821
1294,784,265647652,739633179,273882,571236,0,240,320,240,1,961,10407,38959,50487
1295,784,265909060,740204415,261408,571236,0,240,320,240,0,961,18338,70350,90869
1296,786,266127343,740775651,218283,571236,0,240,320,240,0,963,14450,55107,71184
1297,787,266393173,741346887,265830,571236,0,0,320,240,1,964,15173,57911,74897
1298,787,266662198,741918125,269025,571238,0,0,320,240,0,964,13279,51001,65942
1299,789,266880311,742489362,218113,571237,0,0,320,240,0,966,13961,53083,68602
1300,790,267149472,743060598,269161,571236,0,240,320,240,1,967,10462,39789,51298
1301,790,267429396,743631834,279924,571236,0,240,320,240,0,967,14104,53441,69193
1302,790,267690052,744203070,260656,571236,0,240,320,240,0,967,14700,56601,73016
1303,793,267897476,744774308,207424,571238,0,240,320,240,0,970,16318,61935,80000
1304,794,268161328,745345544,263852,571236,0,0,320,240,1,971,15880,60726,78344
1305,794,268426232,745916780,264904,571236,0,0,320,240,0,971,13551,51973,67024
1306,796,268641753,746488016,215521,571236,0,0,320,240,0,973,15922,60802,78539
1307,797,268912130,747059253,270377,571237,0,240,320,240,1,974,11566,43398,56375
1308,797,269175635,747630491,263505,571238,0,240,320,240,0,974,18417,70797,91321
1309,798,269402942,748201729,227307,571238,0,240,320,240,0,975,11605,44718,57625
1310,800,269648973,748772967,246031,571238,0,0,320,240,1,977,19263,73219,94603
1311,800,269920083,749344203,271110,571236,0,0,320,240,0,977,17001,65376,84490
1312,801,270140385,749915442,220302,571239,0,0,320,240,0,978,12241,47025,60544
1313,803,270399870,750486679,259485,571237,0,240,320,240,1,980,15227,57182,74026
1314,803,270667333,751057921,267463,571242,0,240,320,240,0,980,17165,65876,85097
1315,803,270903114,751648415,235781,590494,0,240,320,240,0,980,12309,47213,61031
1316,806,271149784,752219656,246670,571241,0,0,320,240,1,983,18394,69783,90259
1317,806,271414350,752790892,264566,571236,0,0,320,240,0,983,19686,75822,97801
1318,807,271643916,753362130,229566,571238,0,0,320,240,0,984,11533,44335,57110
1319,809,271903824,753933366,259908,571236,0,240,320,240,1,986,15148,56858,73687
1320,809,272172095,754504602,268271,571236,0,240,320,240,0,986,16952,65116,84074
1321,809,272403943,755084257,231848,579655,0,240,320,240,0,986,13343,51549,66487
1322,812,272652863,755655493,248920,571236,0,0,320,240,1,989,17008,64479,83229
1323,812,272916811,756226729,263948,571236,0,0,320,240,0,989,18363,70633,90957
1324,814,273136813,756797965,220002,571236,0,0,320,240,0,991,15747,60151,77594
1325,815,273417153,757369201,280340,571236,0,240,320,240,1,992,6953,26472,34232
1326,815,273697935,757940444,280782,571243,0,240,320,240,0,992,14580,55393,71606
1327,815,273934330,758520619,236395,580175,0,240,320,240,0,992,12833,49031,63255
1328,818,274186349,759091856,252019,571237,0,0,320,240,1,995,16891,64074,82965
1329,818,274451215,759663094,264866,571238,0,0,320,240,0,995,18431,71137,91773
1330,820,274675234,760234334,224019,571240,0,0,320,240,0,997,14011,53455,69021
1331,821,274949708,760805570,274474,571236,0,240,320,240,1,998,12276,46127,59850
1332,821,275207193,761376806,257485,571236,0,240,320,240,0,998,20877,80698,103921
1333,823,275436296,761948042,229103,571236,0,240,320,240,0,1000,10928,41487,53632
1334,824,275699534,762519281,263238,571239,0,0,320,240,1,1001,18496,70975,91626
1335,824,275957552,763090517,258018,571236,0,0,320,240,0,1001,15512,59855,77132
1336,826,276190843,763661753,233291,571236,0,0,320,240,0,1003,10183,38625,49969
1337,827,276465154,764232993,274311,571240,0,240,320,240,1,1004,12737,47896,62019
1338,827,276721546,764804229,256392,571236,0,240,320,240,0,1004,22246,85935,110800
1339,829,276948837,765375469,227291,571240,0,240,320,240,0,1006,12519,47424,61451
1340,830,277211129,765946707,262292,571238,0,0,320,240,1,1007,19603,75365,97155
1341,830,277470180,766517948,259051,571241,0,0,320,240,0,1007,19322,74564,96247
1342,832,277698973,767089186,228793,571238,0,0,320,240,0,1009,10339,39184,50764
1343,833,277982101,767660422,283128,571236,0,240,320,240,1,1010,7076,26852,34799
1344,833,278262614,768231662,280513,571240,0,240,320,240,0,1010,15832,60322,77873
1345,833,278520008,768802898,257394,571236,0,240,320,240,0,1010,17430,67313,86896
1346,836,278741459,769374138,221451,571240,0,240,320,240,0,1013,14553,55081,71158
1347,837,279006139,769945374,264680,571236,0,0,320,240,1,1014,18301,70332,90722
1348,837,279262997,770516615,256858,571241,0,0,320,240,0,1014,18656,71935,92653
1349,839,279476914,771087851,213917,571236,0,0,320,240,0,1016,16366,62613,80757
1350,840,279750641,771659089,273727,571238,0,240,320,240,1,1017,11978,44692,57974
1351,840,280014800,772230325,264159,571236,0,240,320,240,0,1017,23926,92482,119278
1352,840,280243537,772801561,228737,571236,0,240,320,240,0,1017,16335,63056,81391
1353,843,280480463,773372802,236926,571241,0,240,320,240,0,1020,12707,48047,62135
1354,844,280744171,773944038,263708,571236,0,0,320,240,1,1021,18285,70317,90699
1355,844,280999677,774515275,255506,571237,0,0,320,240,0,1021,17424,67043,86512
1356,846,281215428,775086517,215751,571242,0,0,320,240,0,1023,16672,63696,82269
1357,847,281494094,775657753,278666,571236,0,240,320,240,1,1024,10182,37866,49090
1358,847,281759327,776228991,265233,571238,0,240,320,240,0,1024,24702,95394,123169
1359,848,281977213,776800227,217886,571236,0,240,320,240,0,1025,11398,43457,56132
1360,850,282228534,777371464,251321,571237,0,0,320,240,1,1027,18264,69495,89925
1361,850,282490848,777942700,262314,571236,0,0,320,240,0,1027,22044,85162,110044
1362,851,282707243,778513940,216395,571240,0,0,320,240,0,1028,13370,51270,66267
1363,853,282970116,779085176,262873,571236,0,240,320,240,1,1030,14267,53379,69152
1364,853,283243212,779656412,273096,571236,0,240,320,240,0,1030,19095,73604,95025
1365,853,283468320,780245718,225108,589306,0,240,320,240,0,1030,14208,54794,70649
1366,856,283716427,780816954,248107,571236,0,0,320,240,1,1033,18759,71204,92130
1367,856,283984968,781388190,268541,571236,0,0,320,240,0,1033,17423,67232,86792
1368,858,284200202,781959426,215234,571236,0,0,320,240,0,1035,14556,55805,71949
1369,859,284473936,782530671,273734,571245,0,240,320,240,1,1036,10546,40031,51780
1370,859,284763626,783101907,289690,571236,0,240,320,240,0,1036,9317,34954,45330
1371,859,285023342,783673143,259716,571236,0,240,320,240,0,1036,14600,55963,72451
1372,862,285240480,784244379,217138,571236,0,240,320,240,0,1039,14868,56362,72754
1373,863,285508765,784815619,268285,571240,0,0,320,240,1,1040,16811,64430,83267
1374,863,285764099,785386865,255334,571246,0,0,320,240,0,1040,12294,47090,60750
1375,865,285992270,785958101,228171,571236,0,0,320,240,0,1042,11115,42180,54581
1376,866,286272974,786529337,280704,571236,0,240,320,240,1,1043,7556,28769,37034
1377,866,286559190,787100578,286216,571241,0,240,320,240,0,1043,12819,48547,62957
1378,866,286812341,787671816,253151,571238,0,240,320,240,0,1043,13197,50890,65658
1379,869,287030584,788243058,218243,571242,0,240,320,240,0,1046,15277,57896,74595
1380,870,287298292,788814294,267708,571236,0,0,320,240,1,1047,16875,64535,83148
1381,870,287553411,789385532,255119,571238,0,0,320,240,0,1047,13849,53453,68912
1382,872,287778784,789956768,225373,571236,0,0,320,240,0,1049,11723,44415,57387
1383,873,288055760,790528007,276976,571239,0,240,320,240,1,1050,12649,47445,61490
1384,873,288315952,791099249,260192,571242,0,240,320,240,0,1050,15254,58859,75915
1385,875,288536710,791670485,220758,571236,0,240,320,240,0,1052,15498,59136,76382
1386,876,288801081,792241721,264371,571236,0,0,320,240,1,1053,17767,67888,87674
1387,876,289054193,792812957,253112,571236,0,0,320,240,0,1053,13199,50893,65735
1388,878,289281041,793384193,226848,571236,0,0,320,240,0,1055,11856,44953,58065
1389,879,289561826,793955429,280785,571236,0,240,320,240,1,1056,10926,40795,52891
1390,879,289818218,794526668,256392,571239,0,240,320,240,0,1056,16469,63492,81842
1391,881,290040032,795097907,221814,571239,0,240,320,240,0,1058,14562,55158,71237
1392,882,290306269,795669143,266237,571236,0,0,320,240,1,1059,18052,69152,89304
1393,882,290552918,796240381,246649,571238,0,0,320,240,0,1059,13917,53660,69238
1394,884,290797061,796811617,244143,571236,0,0,320,240,0,1061,9398,35488,45900
1395,885,291076837,797382853,279776,571236,0,240,320,240,1,1062,11327,42371,54871
1396,885,291334341,797954089,257504,571236,0,240,320,240,0,1062,20182,77973,100566
1397,887,291557834,798525325,223493,571236,0,240,320,240,0,1064,12072,45753,58995
1398,888,291823883,799096564,266049,571239,0,0,320,240,1,1065,18092,69321,89401
1399,888,292067191,799667809,243308,571245,0,0,320,240,0,1065,15681,60453,78229
1400,890,292307841,800239045,240650,571236,0,0,320,240,0,1067,9399,35471,45825
1401,891,292586052,800810283,278211,571238,0,240,320,240,1,1068,11353,42475,54992
1402,891,292841662,801381519,255610,571236,0,240,320,240,0,1068,21482,82769,106723
1403,893,293066701,801952759,225039,571240,0,240,320,240,0,1070,12530,47546,61483
1404,894,293331071,802524001,264370,571242,0,0,320,240,1,1071,19034,72935,94111
1405,895,293565558,803095241,234487,571240,0,0,320,240,0,1072,12465,47715,61579
1406,896,293832911,803666477,267353,571236,0,240,320,240,1,1073,13530,50583,65617
1407,896,294094921,804237714,262010,571237,0,240,320,240,0,1073,20250,78161,100847
1408,898,294320108,804808950,225187,571236,0,240,320,240,0,1075,12194,46187,59725
1409,899,294588298,805380197,268190,571247,0,0,320,240,1,1076,17528,67115,86668
1410,900,294817335,805951438,229037,571241,0,0,320,240,0,1077,13949,53735,69265
1411,901,295085702,806522674,268367,571236,0,240,320,240,1,1078,13581,50800,65853
1412,901,295349617,807093910,263915,571236,0,240,320,240,0,1078,19777,76346,98623
1413,903,295573114,807665146,223497,571236,0,240,320,240,0,1080,11910,45120,58230
1414,904,295841464,808236384,268350,571238,0,0,320,240,1,1081,17520,67098,86432
1415,905,296072421,808807626,230957,571242,0,0,320,240,0,1082,14010,53888,69600
1416,906,296349477,809378862,277056,571236,0,240,320,240,1,1083,12256,45844,59379
1417,906,296610768,809950102,261291,571240,0,240,320,240,0,1083,16564,63676,82270
1418,908,296844220,810521342,233452,571240,0,240,320,240,0,1085,10095,38233,49306
1419,909,297112237,811092579,268017,571237,0,0,320,240,1,1086,18489,70938,91443
1420,910,297337052,811663815,224815,571236,0,0,320,240,0,1087,14803,56807,73170
1421,911,297616905,812235051,279853,571236,0,240,320,240,1,1088,12106,45379,58767
1422,911,297876315,812806292,259410,571241,0,240,320,240,0,1088,16540,64013,82464
1423,913,298109752,813377532,233437,571240,0,240,320,240,0,1090,10104,38279,49438
1424,914,298376671,813948770,266919,571238,0,0,320,240,1,1091,17836,68386,88313
1425,915,298606165,814520006,229494,571236,0,0,320,240,0,1092,12862,49008,63108
1426,916,298886550,815091242,280385,571236,0,240,320,240,1,1093,11253,42106,54546
1427,916,299145069,815662482,258519,571240,0,240,320,240,0,1093,16270,63006,81158
1428,918,299380015,816233718,234946,571236,0,240,320,240,0,1095,9518,35986,46497
1429,919,299648603,816804958,268588,571240,0,0,320,240,1,1096,17083,65588,84712
1430,920,299874189,817376194,225586,571236,0,0,320,240,0,1097,14280,54786,70651
1431,921,300154618,817947430,280429,571236,0,240,320,240,1,1098,11575,43385,56396
1432,921,300410228,818518697,255610,571267,0,240,320,240,0,1098,17120,66350,85685
1433,923,300646316,819089933,236088,571236,0,240,320,240,0,1100,9288,35087,45347
1434,924,300913829,819661173,267513,571240,0,0,320,240,1,1101,17589,67532,87284
1435,925,301140215,820232437,226386,571264,0,0,320,240,0,1102,14680,56390,72761
1436,926,301417693,820803675,277478,571238,0,240,320,240,1,1103,12225,45839,59527
1437,926,301673979,821374914,256286,571239,0,240,320,240,0,1103,16510,63681,82075
1438,928,301912478,821946150,238499,571236,0,240,320,240,0,1105,8967,33870,43801
1439,929,302180656,822517391,268178,571241,0,0,320,240,1,1106,17986,69091,89148
1440,930,302405261,823088627,224605,571236,0,0,320,240,0,1107,14461,55492,71486
1441,931,302686436,823659863,281175,571236,0,240,320,240,1,1108,11440,42869,55442
1442,931,302940107,824231104,253671,571241,0,240,320,240,0,1108,17652,68403,88057
1443,933,303177842,824802344,237735,571240,0,240,320,240,0,1110,9115,34446,44539
1444,934,303445578,825373586,267736,571242,0,0,320,240,1,1111,17888,68617,88687
1445,935,303674262,825944828,228684,571242,0,0,320,240,0,1112,13020,49661,64191
1446,936,303955551,826516064,281289,571236,0,240,320,240,1,1113,12261,46014,59814
1447,936,304209589,827087311,254038,571247,0,240,320,240,0,1113,15728,60515,78106
1448,938,304452726,827658547,243137,571236,0,240,320,240,0,1115,7238,27333,35444
1449,939,304725684,828229788,272958,571241,0,0,320,240,1,1116,17318,66537,85903
1450,940,304938485,828801030,212801,571242,0,0,320,240,0,1117,17651,67526,87214
1451,941,305218888,829372266,280403,571236,0,240,320,240,1,1118,11642,43662,56571
1452,941,305469524,829943502,250636,571236,0,240,320,240,0,1118,19905,76767,99258
1453,943,305701061,830514738,231537,571236,0,240,320,240,0,1120,10214,38683,49875
1454,944,305968838,831085974,267777,571236,0,0,320,240,1,1121,18278,70147,90431
1455,945,306195916,831657210,227078,571236,0,0,320,240,0,1122,13291,50690,65418
1456,946,306475623,832228446,279707,571236,0,240,320,240,1,1123,11709,43916,57008
1457,946,306731342,832799684,255719,571238,0,240,320,240,0,1123,18037,69792,90025
1458,948,306966301,833370923,234959,571239,0,240,320,240,0,1125,9346,35334,45754
1459,949,307234585,833942159,268284,571236,0,0,320,240,1,1126,18257,70123,90372
1460,950,307457745,834513395,223160,571236,0,0,320,240,0,1127,14720,56494,72774
1461,951,307738940,835084631,281195,571236,0,240,320,240,1,1128,11540,43278,55983
1462,951,307991922,835655876,252982,571245,0,240,320,240,0,1128,18208,70489,90863
1463,953,308229007,836227116,237085,571240,0,240,320,240,0,1130,8955,33821,43727
1464,954,308495945,836798352,266938,571236,0,0,320,240,1,1131,18467,70886,91512
1465,955,308722134,837369588,226189,571236,0,0,320,240,0,1132,13987,53743,69397
1466,956,309003516,837940826,281382,571238,0,240,320,240,1,1133,12402,46589,60577
1467,956,309255282,838512062,251766,571236,0,240,320,240,0,1133,16690,64324,82928
1468,958,309501580,839083298,246298,571236,0,240,320,240,0,1135,6508,24540,31675
1469,959,309771162,839654534,269582,571236,0,0,320,240,1,1136,18510,71181,91873
1470,960,309999801,840225774,228639,571240,0,0,320,240,0,1137,13391,51438,66349
1471,961,310281133,840797013,281332,571239,0,240,320,240,1,1138,12370,46499,60349
1472,961,310530435,841369136,249302,572123,0,240,320,240,0,1138,18124,70223,90429
1473,963,310779585,841940372,249150,571236,0,240,320,240,0,1140,6367,23973,30988
1474,964,311047178,842511609,267593,571237,0,0,320,240,1,1141,18891,72592,93537
1475,965,311275129,843082845,227951,571236,0,0,320,240,0,1142,12353,47139,60784
1476,966,311555961,843654084,280832,571239,0,240,320,240,1,1143,12504,46998,60797
1477,966,311807159,844225324,251198,571240,0,240,320,240,0,1143,17958,69577,89680
1478,968,312048089,844796563,240930,571239,0,240,320,240,0,1145,7560,28532,36859
1479,969,312315151,845367805,267062,571242,0,0,320,240,1,1146,18572,71349,92045
1480,970,312539729,845939044,224578,571239,0,0,320,240,0,1147,14324,55019,71039
1481,971,312821165,846510280,281436,571236,0,240,320,240,1,1148,12375,46519,60333
1482,971,313070767,847081519,249602,571239,0,240,320,240,0,1148,17636,68301,87900
1483,973,313315163,847652755,244396,571236,0,240,320,240,0,1150,6996,26380,34043
1484,974,313584475,848223992,269312,571237,0,0,320,240,1,1151,18279,70231,90488
1485,975,313808662,848795234,224187,571242,0,0,320,240,0,1152,13930,53537,69095
1486,976,314089585,849366470,280923,571236,0,240,320,240,1,1153,12480,46880,60691
1487,976,314341181,849937708,251596,571238,0,240,320,240,0,1153,16487,63562,81970
1488,978,314585991,850508944,244810,571236,0,240,320,240,0,1155,6933,26133,33906
1489,979,314857150,851080182,271159,571238,0,0,320,240,1,1156,17985,69124,89000
1490,980,315070448,851651419,213298,571237,0,0,320,240,0,1157,17580,67271,86997
1491,981,315351782,852222655,281334,571236,0,240,320,240,1,1158,12410,46650,60453
1492,981,315599283,852793895,247501,571240,0,240,320,240,0,1158,19667,75837,97681
1493,983,315835397,853365131,236114,571236,0,240,320,240,0,1160,9019,34114,44049
1494,984,316103990,853936369,268593,571238,0,0,320,240,1,1161,18442,70849,91313
1495,985,316329646,854507605,225656,571236,0,0,320,240,0,1162,12788,48729,63079
1496,986,316610560,855078841,280914,571236,0,240,320,240,1,1163,12509,47005,60954
1497,986,316861967,855650078,251407,571237,0,240,320,240,0,1163,16572,63882,82366
1498,988,317107010,856221314,245043,571236,0,240,320,240,0,1165,6847,25791,33386
1499,989,317378374,856792550,271364,571236,0,0,320,240,1,1166,17958,69015,89074
1500,990,317603566,857363790,225192,571240,0,0,320,240,0,1167,12734,48563,62671
1501,991,317884864,857935027,281298,571237,0,240,320,240,1,1168,12392,46573,60341
1502,991,318135340,858506263,250476,571236,0,240,320,240,0,1168,16612,64029,82607
1503,993,318381790,859077499,246450,571236,0,240,320,240,0,1170,6548,24656,31863
1504,994,318650937,859648736,269147,571237,0,0,320,240,1,1171,18335,70434,90897
1505,995,318878256,860219972,227319,571236,0,0,320,240,0,1172,12355,47131,60974
1506,996,319159159,860791208,280903,571236,0,240,320,240,1,1173,12506,46993,60905
1507,996,319410487,861362444,251328,571236,0,240,320,240,0,1173,16576,63897,82396
1508,998,319655567,861933680,245080,571236,0,240,320,240,0,1175,6847,25791,33294
1509,999,319926907,862504916,271340,571236,0,0,320,240,1,1176,17958,69015,89140
1510,1000,320157413,863076161,230506,571245,0,0,320,240,0,1177,11879,45296,58416
1511,1001,320438695,863647401,281282,571240,0,240,320,240,1,1178,12392,46573,60358
1512,1001,320686661,864245975,247966,598574,0,240,320,240,0,1178,16426,63295,81692
1513,1003,320954229,864817211,267568,571236,0,0,320,240,1,1180,5973,22482,29121
1514,1004,321225367,865388451,271138,571240,0,0,320,240,0,1181,18445,70859,91386
1515,1005,321455967,865959687,230600,571236,0,240,320,240,1,1182,11415,43536,56358
1516,1006,321736233,866530924,280266,571237,0,240,320,240,0,1183,13271,49946,64756
1517,1006,321976887,867113913,240654,582989,0,240,320,240,0,1183,15829,60980,78714
1518,1009,322243520,867685153,266633,571240,0,0,320,240,1,1186,6395,24062,31111
1519,1009,322514487,868256389,270967,571236,0,0,320,240,0,1186,19581,75365,97270
1520,1011,322745357,868827629,230870,571240,0,240,320,240,1,1188,10259,38956,50378
1521,1011,323026938,869398870,281581,571241,0,240,320,240,0,1188,13787,52084,67474
1522,1012,323261677,869970111,234739,571241,0,240,320,240,0,1189,14796,56870,73435
1523,1014,323528847,870541351,267170,571240,0,0,320,240,1,1191,6140,23132,29935
1524,1014,323800238,871112587,271391,571236,0,0,320,240,0,1191,18728,72045,93047
1525,1016,324030621,871683827,230383,571240,0,240,320,240,1,1193,11109,42264,54573
1526,1016,324312656,872255068,282035,571241,0,240,320,240,0,1193,12962,48807,63306
1527,1016,324546687,872826386,234031,571318,0,240,320,240,0,1193,15694,60464,78038
1528,1019,324813310,873397623,266623,571237,0,0,320,240,1,1196,6396,24066,31095
1529,1019,325084269,873968859,270959,571236,0,0,320,240,0,1196,19583,75369,97291
1530,1021,325315047,874540095,230778,571236,0,240,320,240,1,1198,10254,38940,50266
1531,1021,325596606,875111334,281559,571239,0,240,320,240,0,1198,13786,52080,67415
1532,1022,325831316,875682571,234710,571237,0,240,320,240,0,1199,14788,56838,73412
1533,1024,326098466,876253807,267150,571236,0,0,320,240,1,1201,6145,23149,30022
1534,1024,326369884,876825043,271418,571236,0,0,320,240,0,1201,18735,72076,93033
1535,1026,326600283,877396284,230399,571241,0,240,320,240,1,1203,11101,42232,54539
1536,1026,326882294,877967525,282011,571241,0,240,320,240,0,1203,12960,48802,63290
1537,1026,327116325,878538761,234031,571236,0,240,320,240,0,1203,15693,60460,77963
1538,1029,327382922,879110003,266597,571242,0,0,320,240,1,1206,6391,24046,31135
1539,1029,327653860,879681239,270938,571236,0,0,320,240,0,1206,19581,75362,97299
1540,1031,327884607,880252478,230747,571239,0,240,320,240,1,1208,10257,38951,50335
1541,1031,328166236,880823716,281629,571238,0,240,320,240,0,1208,13809,52168,67446
1542,1032,328401160,881394952,234924,571236,0,240,320,240,0,1209,14801,56893,73457
1543,1034,328668309,881966189,267149,571237,0,0,320,240,1,1211,6096,22954,29693
1544,1034,328939729,882537430,271420,571241,0,0,320,240,0,1211,18741,72100,92815
1545,1036,329170345,883108672,230616,571242,0,240,320,240,1,1213,11064,42081,54440
1546,1036,329452290,883679913,281945,571241,0,240,320,240,0,1213,12956,48787,63253
1547,1036,329686408,884251351,234118,571438,0,240,320,240,0,1213,15680,60408,77891
1548,1039,329953217,884822588,266809,571237,0,0,320,240,1,1216,6196,23314,30113
1549,1039,330224280,885393824,271063,571236,0,0,320,240,0,1216,19493,75025,96813
1550,1041,330445356,885965063,221076,571239,0,240,320,240,1,1218,13428,51095,65941
1551,1041,330726904,886536299,281548,571236,0,240,320,240,0,1218,13803,52161,67569
1552,1041,330969047,887107547,242143,571248,0,240,320,240,0,1218,17284,66469,85814
1553,1044,331219328,887678783,250281,571236,0,0,320,240,1,1221,6541,24580,31814
1554,1044,331490761,888250024,271433,571241,0,0,320,240,0,1221,18765,72202,93144
1555,1046,331711636,888821265,220875,571241,0,240,320,240,1,1223,14100,53705,69222
1556,1046,331993760,889392501,282124,571236,0,240,320,240,0,1223,13011,49033,63467
1557,1046,332236564,889989332,242804,596831,0,240,320,240,0,1223,16595,64042,82735
1558,1049,332500683,890560569,264119,571237,0,0,320,240,1,1226,7333,27531,35657
1559,1049,332772608,891131817,271925,571248,0,0,320,240,0,1226,18203,70223,90639
1560,1051,332993994,891703059,221386,571242,0,240,320,240,1,1228,13216,50297,65003
1561,1051,333276061,892274295,282067,571236,0,240,320,240,0,1228,14704,55860,72386
1562,1051,333515476,892866165,239415,591870,0,240,320,240,0,1228,13992,53861,69588
1563,1054,333777029,893437401,261553,571236,0,0,320,240,1,1231,8173,30717,39711
1564,1054,334049628,894008642,272599,571241,0,0,320,240,0,1231,17945,69256,89410
1565,1056,334270375,894579878,220747,571236,0,240,320,240,1,1233,13473,51261,66242
1566,1056,334553777,895151116,283402,571238,0,240,320,240,0,1233,14406,54723,70702
1567,1056,334788547,895732655,234770,581539,0,240,320,240,0,1233,13815,53184,68672
1568,1059,335050959,896303891,262412,571236,0,0,320,240,1,1236,8575,32295,41846
1569,1059,335318994,896875133,268035,571242,0,0,320,240,0,1236,18354,70825,91408
1570,1061,335544389,897446373,225395,571240,0,240,320,240,1,1238,13062,49684,64190
1571,1061,335826528,898017615,282139,571242,0,240,320,240,0,1238,14995,57093,73866
1572,1062,336056927,898588854,230399,571239,0,240,320,240,0,1239,12761,48969,63412
1573,1064,336319881,899160094,262954,571240,0,0,320,240,1,1241,8088,30429,39412
1574,1064,336589363,899731332,269482,571238,0,0,320,240,0,1241,18314,70708,91103
1575,1066,336813317,900302571,223954,571239,0,240,320,240,1,1243,13125,49889,64551
1576,1066,337095418,900873808,282101,571237,0,240,320,240,0,1243,14824,56407,72965
1577,1066,337325637,901445044,230219,571236,0,240,320,240,0,1243,13234,50885,65810
1578,1069,337588139,902016280,262502,571236,0,0,320,240,1,1246,8534,32142,41530
1579,1069,337856163,902587516,268024,571236,0,0,320,240,0,1246,18354,70825,91294
1580,1071,338081689,903158752,225526,571236,0,240,320,240,1,1248,13061,49680,64272
1581,1071,338363828,903729994,282139,571242,0,240,320,240,0,1248,14995,57093,73935
1582,1072,338594635,904301230,230807,571236,0,240,320,240,0,1249,12814,49173,63586
1583,1074,338857496,904872466,262861,571236,0,0,320,240,1,1251,8026,30192,39127
1584,1074,339126965,905443707,269469,571241,0,0,320,240,0,1251,18305,70676,91255
1585,1076,339350958,906014948,223993,571241,0,240,320,240,1,1253,13120,49869,64514
1586,1076,339633020,906586184,282062,571236,0,240,320,240,0,1253,14815,56371,72971
1587,1076,339863246,907157421,230226,571237,0,240,320,240,0,1253,13192,50728,65629
1588,1079,340125660,907728657,262414,571236,0,0,320,240,1,1256,8575,32295,41789
1589,1079,340393689,908299893,268029,571236,0,0,320,240,0,1256,18354,70825,91408
1590,1081,340619132,908871129,225443,571236,0,240,320,240,1,1258,13062,49684,64132
1591,1081,340901285,909442367,282153,571238,0,240,320,240,0,1258,14998,57105,74055
1592,1082,341131893,910013609,230608,571242,0,240,320,240,0,1259,12771,49010,63290
1593,1084,341394786,910584846,262893,571237,0,0,320,240,1,1261,8082,30408,39382
1594,1084,341664276,911156085,269490,571239,0,0,320,240,0,1261,18311,70699,91046
1595,1086,341888045,911727324,223769,571239,0,240,320,240,1,1263,13116,49855,64311
1596,1086,342170120,912298560,282075,571236,0,240,320,240,0,1263,14818,56383,72987
1597,1086,342400762,912870827,230642,572267,0,240,320,240,0,1263,13201,50766,65692
1598,1089,342663192,913442069,262430,571242,0,0,320,240,1,1266,8586,32338,41882
1599,1089,342931332,914013305,268140,571236,0,0,320,240,0,1266,18343,70782,91169
1600,1091,343156559,914584541,225227,571236,0,240,320,240,1,1268,13082,49765,64508
1601,1091,343438669,915155777,282110,571236,0,240,320,240,0,1268,15006,57134,73811
1602,1092,343671191,915727014,232522,571237,0,240,320,240,0,1269,13320,51023,65583
1603,1094,343937352,916298252,266161,571238,0,0,320,240,1,1271,6687,25167,32593
1604,1094,344206551,916869491,269199,571239,0,0,320,240,0,1271,18309,70687,91221
1605,1096,344435915,917440729,229364,571238,0,240,320,240,1,1273,12248,46546,60224
1606,1096,344717906,918011965,281991,571236,0,240,320,240,0,1273,14863,56559,73190
1607,1097,344950805,918583202,232899,571237,0,240,320,240,0,1274,13610,52193,67626
1608,1099,345216265,919154439,265460,571237,0,0,320,240,1,1276,7232,27294,35248
1609,1099,345484396,919725675,268131,571236,0,0,320,240,0,1276,18343,70782,91183
1610,1101,345714929,920296913,230533,571238,0,240,320,240,1,1278,12216,46459,60144
1611,1101,345996980,920868149,282051,571236,0,240,320,240,0,1278,15006,57134,74078
1612,1102,346229389,921439385,232409,571236,0,240,320,240,0,1279,13320,51023,65923
1613,1104,346495520,922010627,266131,571242,0,0,320,240,1,1281,6687,25167,32684
1614,1104,346764751,922581869,269231,571242,0,0,320,240,0,1281,18319,70725,91080
1615,1106,346994270,923153110,229519,571241,0,240,320,240,1,1283,12238,46508,59968
1616,1106,347276301,923724346,282031,571236,0,240,320,240,0,1283,14864,56563,73184
1617,1107,347509486,924295587,233185,571241,0,240,320,240,0,1284,13377,51345,66502
1618,1109,347774259,924866823,264773,571236,0,0,320,240,1,1286,7465,28142,36281
1619,1109,348042402,925438061,268143,571238,0,0,320,240,0,1286,18343,70782,91184
1620,1111,348272785,926009298,230383,571237,0,240,320,240,1,1288,12216,46459,60176
1621,1111,348554871,926580535,282086,571237,0,240,320,240,0,1288,15006,57134,73998
1622,1112,348787400,927151771,232529,571236,0,240,320,240,0,1289,13320,51023,65662
1623,1114,349053593,927723007,266193,571236,0,0,320,240,1,1291,6687,25167,32575
1624,1114,349322789,928294245,269196,571238,0,0,320,240,0,1291,18318,70721,91238
1625,1116,349552295,928865481,229506,571236,0,240,320,240,1,1293,12239,46512,60216
1626,1116,349834313,929436723,282018,571242,0,240,320,240,0,1293,14864,56563,73245
1627,1117,350067713,930007959,233400,571236,0,240,320,240,0,1294,13271,50942,65846
1628,1119,350332151,930579195,264438,571236,0,0,320,240,1,1296,7571,28545,36827
1629,1119,350600246,931150431,268095,571236,0,0,320,240,0,1296,18343,70782,91129
1630,1121,350830975,931721667,230729,571236,0,240,320,240,1,1298,12216,46459,60235
1631,1121,351113096,932292904,282121,571237,0,240,320,240,0,1298,15006,57134,73917
1632,1122,351345731,932864140,232635,571236,0,240,320,240,0,1299,13320,51023,65856
1633,1124,351611873,933435379,266142,571239,0,0,320,240,1,1301,6687,25167,32594
1634,1124,351881096,934006615,269223,571236,0,0,320,240,0,1301,18318,70721,91152
1635,1126,352110684,934577856,229588,571241,0,240,320,240,1,1303,12238,46509,60155
1636,1126,352392696,935149092,282012,571236,0,240,320,240,0,1303,14863,56559,73145
1637,1127,352625943,935720328,233247,571236,0,240,320,240,0,1304,13361,51285,66462
1638,1129,352890622,936291564,264679,571236,0,0,320,240,1,1306,7495,28256,36531
1639,1129,353158800,936862822,268178,571258,0,0,320,240,0,1306,18354,70825,91258
1640,1131,353389405,937434058,230605,571236,0,240,320,240,1,1308,12219,46472,60111
1641,1131,353671405,938005294,282000,571236,0,240,320,240,0,1308,15006,57134,73932
1642,1132,353903864,938576536,232459,571242,0,240,320,240,0,1309,13321,51028,65941
1643,1134,354170016,939147777,266152,571241,0,0,320,240,1,1311,6689,25175,32602
1644,1134,354439214,939719013,269198,571236,0,0,320,240,0,1311,18319,70725,91243
1645,1136,354668708,940290249,229494,571236,0,240,320,240,1,1313,12237,46505,60214
1646,1136,354950733,940861485,282025,571236,0,240,320,240,0,1313,14864,56563,73161
1647,1137,355183521,941432721,232788,571236,0,240,320,240,0,1314,13601,52160,67472
1648,1139,355448971,942003960,265450,571239,0,0,320,240,1,1316,7240,27324,35302
1649,1139,355717037,942575197,268066,571237,0,0,320,240,0,1316,18343,70782,91221
1650,1141,355942522,943146433,225485,571236,0,240,320,240,1,1318,13080,49761,64502
1651,1141,356224645,943717674,282123,571241,0,240,320,240,0,1318,15006,57134,73952
1652,1142,356455232,944288910,230587,571236,0,240,320,240,0,1319,12795,49107,63299
1653,1144,356718187,944860146,262955,571236,0,0,320,240,1,1321,8072,30375,39306
1654,1144,356987375,945431392,269188,571246,0,0,320,240,0,1321,18325,70749,91114
1655,1146,357211682,946002634,224307,571242,0,240,320,240,1,1323,13096,49786,64432
1656,1146,357493678,946573875,281996,571241,0,240,320,240,0,1323,14863,56559,73114
1657,1146,357723906,947145114,230228,571239,0,240,320,240,0,1323,13163,50612,65466
1658,1149,357986426,947716355,262520,571241,0,0,320,240,1,1326,8543,32177,41522
1659,1149,358254555,948287596,268129,571241,0,0,320,240,0,1326,18343,70782,91282
1660,1151,358479984,948858832,225429,571236,0,240,320,240,1,1328,13070,49723,64328
1661,1151,358762095,949430068,282111,571236,0,240,320,240,0,1328,15011,57154,73921
1662,1152,358993017,950001304,230922,571236,0,240,320,240,0,1329,12791,49090,63391
1663,1154,359255801,950572540,262784,571236,0,0,320,240,1,1331,8060,30330,39237
1664,1154,359524952,951143780,269151,571240,0,0,320,240,0,1331,18319,70725,91157
1665,1156,359749364,951715016,224412,571236,0,240,320,240,1,1333,13091,49768,64280
1666,1156,360031489,952286252,282125,571236,0,240,320,240,0,1333,14864,56563,73151
1667,1156,360261659,952857488,230170,571236,0,240,320,240,0,1333,13152,50570,64846
1668,1159,360524177,953428727,262518,571239,0,0,320,240,1,1336,8543,32177,41540
1669,1159,360792257,953999963,268080,571236,0,0,320,240,0,1336,18343,70782,91221
1670,1161,361017559,954571204,225302,571241,0,240,320,240,1,1338,13070,49723,64363
1671,1161,361299646,955142440,282087,571236,0,240,320,240,0,1338,15006,57134,73861
1672,1162,361530253,955713679,230607,571239,0,240,320,240,0,1339,12788,49081,63029
1673,1164,361793234,956284915,262981,571236,0,0,320,240,1,1341,8069,30363,39185
1674,1164,362062385,956856153,269151,571238,0,0,320,240,0,1341,18329,70762,90990
1675,1166,362286894,957427389,224509,571236,0,240,320,240,1,1343,13082,49735,64489
1676,1166,362568881,957998625,281987,571236,0,240,320,240,0,1343,14863,56559,73090
1677,1166,362799016,958569864,230135,571239,0,240,320,240,0,1343,13153,50574,65382
1678,1169,363061439,959141107,262423,571243,0,0,320,240,1,1346,8573,32293,41753
1679,1169,363329598,959712348,268159,571241,0,0,320,240,0,1346,18343,70782,91402
1680,1171,363554927,960283589,225329,571241,0,240,320,240,1,1348,13075,49742,64378
1681,1171,363837042,960854828,282115,571239,0,240,320,240,0,1348,15011,57154,73889
1682,1172,364067953,961426064,230911,571236,0,240,320,240,0,1349,12832,49253,63644
1683,1174,364330842,961997301,262889,571237,0,0,320,240,1,1351,8021,30174,39056
1684,1174,364599991,962568539,269149,571238,0,0,320,240,0,1351,18330,70766,91159
1685,1176,364824180,963139775,224189,571236,0,240,320,240,1,1353,13082,49734,64557
1686,1176,365106136,963711011,281956,571236,0,240,320,240,0,1353,14863,56559,73020
1687,1176,365336323,964282249,230187,571238,0,240,320,240,0,1353,13154,50577,65477
1688,1179,365598857,964853489,262534,571240,0,0,320,240,1,1356,8543,32177,41508
1689,1179,365867015,965424727,268158,571238,0,0,320,240,0,1356,18343,70782,91365
1690,1181,366097901,965995965,230886,571238,0,240,320,240,1,1358,12216,46459,60177
1691,1181,366379989,966567207,282088,571242,0,240,320,240,0,1358,15006,57134,73853
1692,1182,366612615,967138443,232626,571236,0,240,320,240,0,1359,13335,51085,65579
1693,1184,366879106,967709679,266491,571236,0,0,320,240,1,1361,6650,25036,32597
1694,1184,367151240,968280919,272134,571240,0,0,320,240,0,1361,18120,69938,90100
1695,1186,367366282,968852158,215042,571239,0,240,320,240,1,1363,12447,47506,60986
1696,1186,367641604,969423394,275322,571236,0,240,320,240,0,1363,15807,59991,77612
1697,1186,367889530,969994630,247926,571236,0,240,320,240,0,1363,14852,57240,74053
1698,1189,368119089,970565870,229559,571240,0,0,320,240,1,1366,11443,43270,55974
1699,1189,368387707,971137106,268618,571236,0,0,320,240,0,1366,21096,81375,104886
1700,1190,368603134,971708342,215427,571236,0,0,320,240,0,1367,11720,44803,57905
1701,1192,368871260,972279581,268126,571239,0,240,320,240,1,1369,6695,25223,32620
1702,1192,369169100,972850817,297840,571236,0,240,320,240,0,1369,4018,14902,19360
1703,1192,369419307,973422053,250207,571236,0,240,320,240,0,1369,19646,75593,97591
1704,1195,369650523,973993292,231216,571239,0,0,320,240,1,1372,13169,49911,64671
1705,1195,369906359,974564530,255836,571238,0,0,320,240,0,1372,18481,71084,91880
1706,1197,370129947,975135766,223588,571236,0,240,320,240,1,1374,13983,53201,68928
1707,1197,370404841,975707002,274894,571236,0,240,320,240,0,1374,16305,62356,80683
1708,1197,370624589,976278238,219748,571236,0,240,320,240,0,1374,12750,48881,63266
1709,1200,370889639,976849476,265050,571238,0,0,320,240,1,1377,8671,32642,42134
1710,1200,371148358,977420714,258719,571238,0,0,320,240,0,1377,15335,59013,76134
1711,1202,371376613,977991950,228255,571236,0,240,320,240,1,1379,12783,48606,62904
1712,1202,371653022,978563186,276409,571236,0,240,320,240,0,1379,16055,61303,79150
1713,1203,371872369,979134427,219347,571241,0,240,320,240,0,1380,10954,41814,54090
1714,1205,372137400,979705669,265031,571242,0,0,320,240,1,1382,8097,30571,39537
1715,1205,372395435,980276907,258035,571238,0,0,320,240,0,1382,15774,60525,78136
1716,1207,372617974,980848143,222539,571236,0,240,320,240,1,1384,13850,52653,68028
1717,1207,372892465,981419381,274491,571238,0,240,320,240,0,1384,17008,65040,84029
1718,1207,373115596,982006999,223131,587618,0,240,320,240,0,1384,12381,47155,60941
1719,1210,373376903,982578235,261307,571236,0,0,320,240,1,1387,10168,38492,49759
1720,1210,373638767,983149473,261864,571238,0,0,320,240,0,1387,17292,66424,85714
1721,1212,373845159,983720712,206392,571239,0,240,320,240,1,1389,18522,70877,91553
1722,1212,374115601,984291950,270442,571238,0,240,320,240,0,1389,18639,71237,92031
1723,1212,374351345,984863186,235744,571236,0,240,320,240,0,1389,15113,57933,74954
1724,1215,374583828,985434428,232483,571242,0,0,320,240,1,1392,12007,45515,58755
1725,1215,374844051,986005664,260223,571236,0,0,320,240,0,1392,18559,71230,91971
1726,1217,375064277,986576905,220226,571241,0,240,320,240,1,1394,14331,54494,70350
1727,1217,375338064,987148141,273787,571236,0,240,320,240,0,1394,18216,69666,89936
1728,1218,375558408,987719388,220344,571247,0,240,320,240,0,1395,12066,46293,59936
1729,1220,375821096,988290624,262688,571236,0,0,320,240,1,1397,9459,35776,46307
1730,1220,376081857,988861860,260761,571236,0,0,320,240,0,1397,19815,76089,98199
1731,1222,376297000,989433096,215143,571236,0,240,320,240,1,1399,15917,60805,78576
1732,1222,376569955,990004332,272955,571236,0,240,320,240,0,1399,18687,71538,92451
1733,1222,376798155,990590048,228200,585716,0,240,320,240,0,1399,12380,47487,61194
1734,1225,377056137,991161293,257982,571245,0,0,320,240,1,1402,11578,43750,56622
1735,1225,377317204,991732529,261067,571236,0,0,320,240,0,1402,19494,74847,96776
1736,1227,377534242,992303765,217038,571236,0,240,320,240,1,1404,14823,56659,73090
1737,1227,377804009,992875002,269767,571237,0,240,320,240,0,1404,19410,74219,95823
1738,1227,378039338,993471301,235329,596299,0,240,320,240,0,1404,11739,44684,57817
1739,1230,378297068,994042537,257730,571236,0,0,320,240,1,1407,12291,46476,60134
1740,1230,378553771,994613780,256703,571243,0,0,320,240,0,1407,18341,70422,90907
1741,1232,378769175,995185016,215404,571236,0,240,320,240,1,1409,17294,66131,85437
1742,1232,379041263,995756252,272088,571236,0,240,320,240,0,1409,18734,71701,92601
1743,1234,379258154,996327491,216891,571239,0,240,320,240,0,1411,16087,61426,79439
1744,1235,379524729,996898729,266575,571238,0,0,320,240,1,1412,7797,29584,38189
1745,1235,379774678,997469967,249949,571238,0,0,320,240,0,1412,24338,93519,120718
1746,1237,380004428,998041203,229750,571236,0,240,320,240,1,1414,11922,45297,58566
1747,1237,380279848,998612439,275420,571236,0,240,320,240,0,1414,18076,69134,89286
1748,1239,380499204,999183675,219356,571236,0,0,320,240,1,1416,15013,57030,73696
1749,1239,380756349,999754917,257145,571242,0,0,320,240,0,1416,21798,83983,108478
1750,1241,380984434,1000326153,228085,571236,0,240,320,240,1,1418,12969,49321,63613
1751,1241,381260271,1000897389,275837,571236,0,240,320,240,0,1418,17429,66712,86220
1752,1242,381476820,1001468628,216549,571239,0,240,320,240,0,1419,12011,45596,59007
1753,1244,381743115,1002039864,266295,571236,0,0,320,240,1,1421,7609,28708,37133
1754,1244,382000945,1002611101,257830,571237,0,0,320,240,0,1421,21232,81818,105480
1755,1246,382228778,1003182341,227833,571240,0,240,320,240,1,1423,13055,49684,64129
1756,1246,382507810,1003753583,279032,571242,0,240,320,240,0,1423,15275,58348,75465
1757,1247,382722578,1004324819,214768,571236,0,240,320,240,0,1424,12679,48555,62641
1758,1249,382985246,1004896056,262668,571237,0,0,320,240,1,1426,9632,36412,47088
1759,1249,383240827,1005467292,255581,571236,0,0,320,240,0,1426,17086,65700,84757
1760,1251,383464864,1006038533,224037,571241,0,240,320,240,1,1428,14904,56529,73039
1761,1251,383742578,1006609769,277714,571236,0,240,320,240,0,1428,16097,61496,79473
1762,1252,383959404,1007181010,216826,571241,0,240,320,240,0,1429,12100,46401,59827
1763,1254,384221103,1007752247,261699,571237,0,0,320,240,1,1431,9547,35954,46501
1764,1254,384487901,1008323483,266798,571236,0,0,320,240,0,1431,15998,61432,79426
1765,1256,384705565,1008894719,217664,571236,0,240,320,240,1,1433,14028,53157,68706
1766,1256,385001964,1009465955,296399,571236,0,240,320,240,0,1433,4806,17983,23349
1767,1256,385265723,1010037191,263759,571236,0,240,320,240,0,1433,15669,60085,77671
1768,1259,385487172,1010608431,221449,571240,0,0,320,240,1,1436,15203,57616,74529
1769,1259,385741662,1011179667,254490,571236,0,0,320,240,0,1436,16028,61509,79363
1770,1261,385959990,1011750904,218328,571237,0,240,320,240,1,1438,16215,61682,79726
1771,1261,386242072,1012322140,282082,571236,0,240,320,240,0,1438,13751,52509,67810
1772,1263,386460989,1012893377,218917,571237,0,0,320,240,1,1440,13736,52097,67292
1773,1263,386716265,1013464615,255276,571238,0,0,320,240,0,1440,19119,73353,94660
1774,1265,386942495,1014035857,226230,571242,0,240,320,240,1,1442,13322,50660,65319
1775,1265,387219837,1014607095,277342,571238,0,240,320,240,0,1442,12335,46980,60760
1776,1267,387444674,1015178337,224837,571242,0,0,320,240,1,1444,14291,54212,70115
1777,1267,387703190,1015749573,258516,571236,0,0,320,240,0,1444,14220,54581,70341
1778,1269,387930253,1016320811,227063,571238,0,240,320,240,1,1446,13448,51245,66223
1779,1269,388229081,1016892051,298828,571240,0,240,320,240,0,1446,3745,13954,18137
1780,1269,388489627,1017463287,260546,571236,0,240,320,240,0,1446,13861,53025,68675
1781,1272,388713882,1018034523,224255,571236,0,0,320,240,1,1449,14244,53964,69723
1782,1272,388973244,1018605769,259362,571246,0,0,320,240,0,1449,14174,54411,70250
1783,1274,389204003,1019177005,230759,571236,0,240,320,240,1,1451,13501,51514,66401
1784,1274,389484076,1019748242,280073,571237,0,240,320,240,0,1451,16467,62816,81173
1785,1275,389703429,1020319478,219353,571236,0,240,320,240,0,1452,12736,48755,62939
1786,1277,389966580,1020890716,263151,571238,0,0,320,240,1,1454,9141,34596,44586
1787,1277,390221770,1021461955,255190,571239,0,0,320,240,0,1454,17945,68778,88923
1788,1279,390454828,1022033193,233058,571238,0,240,320,240,1,1456,12944,49062,63451
1789,1279,390735772,1022604433,280944,571240,0,240,320,240,0,1456,16570,63194,81899
1790,1280,390953376,1023175669,217604,571236,0,240,320,240,0,1457,13054,49892,64500
1791,1282,391211705,1023746906,258329,571237,0,0,320,240,1,1459,10483,39620,51170
1792,1282,391472695,1024318147,260990,571241,0,0,320,240,0,1459,17312,66406,85683
1793,1284,391690732,1024889387,218037,571240,0,240,320,240,1,1461,16968,64778,83786
1794,1284,391970570,1025460623,279838,571236,0,240,320,240,0,1461,16686,63700,82348
1795,1285,392187558,1026031859,216988,571236,0,240,320,240,0,1462,13370,51191,66137
1796,1287,392444009,1026603095,256451,571236,0,0,320,240,1,1464,10531,39916,51491
1797,1287,392698404,1027174343,254395,571248,0,0,320,240,0,1464,18541,71181,91944
1798,1289,392921122,1027745579,222718,571236,0,240,320,240,1,1466,16388,62500,80668
1799,1289,393197663,1028316815,276541,571236,0,240,320,240,0,1466,15795,60237,77993
1800,1291,393416422,1028888056,218759,571241,0,0,320,240,1,1468,12809,48556,62910
1801,1291,393676110,1029459292,259688,571236,0,0,320,240,0,1468,17340,66542,85819
1802,1293,393893256,1030030533,217146,571241,0,240,320,240,1,1470,15882,60673,78396
1803,1293,394168398,1030601770,275142,571237,0,240,320,240,0,1470,17448,66723,86284
1804,1295,394387027,1031173006,218629,571236,0,0,320,240,1,1472,12442,47259,61080
1805,1295,394644802,1031744242,257775,571236,0,0,320,240,0,1472,18778,72071,92962
1806,1297,394861330,1032315478,216528,571236,0,240,320,240,1,1474,16215,61930,79898
1807,1297,395123910,1032886719,262580,571241,0,240,320,240,0,1474,17690,67724,87564
1808,1299,395340492,1033457955,216582,571236,0,0,320,240,1,1476,15697,59546,76973
1809,1299,395590432,1034029191,249940,571236,0,0,320,240,0,1476,19548,75394,97391
1810,1301,395819727,1034600429,229295,571238,0,240,320,240,1,1478,11690,44345,57287
1811,1301,396119970,1035171666,300243,571237,0,240,320,240,0,1478,3617,13352,17324
1812,1301,396374156,1035742902,254186,571236,0,240,320,240,0,1478,15626,60002,77481
1813,1304,396594825,1036314138,220669,571236,0,0,320,240,1,1481,15748,59589,77010
1814,1304,396849030,1036885374,254205,571236,0,0,320,240,0,1481,17575,67887,87410
1815,1306,397079271,1037456612,230241,571238,0,240,320,240,1,1483,11014,41711,53854
1816,1306,397350308,1038027853,271037,571241,0,240,320,240,0,1483,14237,54392,70213
1817,1308,397568702,1038599090,218394,571237,0,0,320,240,1,1485,15768,60218,77630
1818,1308,397823967,1039170326,255265,571236,0,0,320,240,0,1485,20402,78715,101466
1819,1310,398055167,1039741562,231200,571236,0,240,320,240,1,1487,10733,40634,52453
1820,1310,398317796,1040312798,262629,571236,0,240,320,240,0,1487,18842,72201,93146
1821,1312,398545265,1040884035,227469,571237,0,0,320,240,1,1489,13192,50154,64709
1822,1312,398799522,1041455277,254257,571242,0,0,320,240,0,1489,21100,81457,105015
1823,1314,399030189,1042026516,230667,571239,0,240,320,240,1,1491,10640,40263,51957
1824,1314,399291823,1042597756,261634,571240,0,240,320,240,0,1491,19316,73992,95402
1825,1316,399514409,1043168992,222586,571236,0,0,320,240,1,1493,15655,59718,77086
1826,1316,399769862,1043740228,255453,571236,0,0,320,240,0,1493,22056,85083,109796
1827,1318,399998258,1044311464,228396,571236,0,240,320,240,1,1495,11067,41928,54162
1828,1318,400297750,1044882704,299492,571240,0,240,320,240,0,1495,4324,16149,20959
1829,1318,400537145,1045475211,239395,592507,0,240,320,240,0,1495,19350,74701,96393
1830,1321,400786420,1046046451,249275,571240,0,0,320,240,1,1498,14443,54701,70773
1831,1321,401039262,1046617690,252842,571239,0,0,320,240,0,1498,18266,70293,90759
1832,1323,401268848,1047188932,229586,571242,0,240,320,240,1,1500,12275,46536,60168
1833,1323,401518183,1047760171,249335,571239,0,240,320,240,0,1500,20014,76885,99294
1834,1325,401743442,1048331407,225259,571236,0,0,320,240,1,1502,15551,59255,76521
1835,1325,401988641,1048902643,245199,571236,0,0,320,240,0,1502,22435,86367,111380
1836,1327,402216765,1049473879,228124,571236,0,240,320,240,1,1504,12476,47354,61238
1837,1327,402464436,1050045116,247671,571237,0,240,320,240,0,1504,21553,82813,106875
1838,1329,402689656,1050616352,225220,571236,0,0,320,240,1,1506,15412,58770,75946
1839,1329,402939306,1051187593,249650,571241,0,0,320,240,0,1506,20315,78168,100892
1840,1331,403166257,1051758829,226951,571236,0,240,320,240,1,1508,12542,47609,61548
1841,1331,403463922,1052330065,297665,571236,0,240,320,240,0,1508,6447,24663,31855
1842,1331,403699395,1052901301,235473,571236,0,240,320,240,0,1508,18216,70301,90540
1843,1334,403929514,1053472541,230119,571240,0,0,320,240,1,1511,15129,57242,73881
1844,1334,404177607,1054043777,248093,571236,0,0,320,240,0,1511,20283,78398,100984
1845,1336,404405708,1054615013,228101,571236,0,240,320,240,1,1513,11826,44858,58033
1846,1336,404657008,1055186251,251300,571238,0,240,320,240,0,1513,19197,73715,95258
1847,1338,404880271,1055757487,223263,571236,0,0,320,240,1,1515,16247,61989,79976
1848,1338,405127123,1056328723,246852,571236,0,0,320,240,0,1515,20715,79866,103093
1849,1340,405353589,1056899961,226466,571238,0,240,320,240,1,1517,11907,45115,58289
1850,1340,405604296,1057471201,250707,571240,0,240,320,240,0,1517,17932,68775,88781
1851,1342,405822287,1058042437,217991,571236,0,0,320,240,1,1519,16142,61557,79551
1852,1342,406067656,1058613676,245369,571239,0,0,320,240,0,1519,20751,80112,103221
1853,1344,406297170,1059184917,229514,571241,0,240,320,240,1,1521,11979,45423,58591
1854,1344,406553660,1059756154,256490,571237,0,240,320,240,0,1521,21676,83428,107705
1855,1346,406773540,1060327390,219880,571236,0,0,320,240,1,1523,13078,49647,64049
1856,1346,407017991,1060898626,244451,571236,0,0,320,240,0,1523,20140,77810,100312
1857,1348,407248186,1061469863,230195,571237,0,240,320,240,1,1525,11934,45251,58360
1858,1348,407505119,1062041104,256933,571241,0,240,320,240,0,1525,20970,80685,104300
1859,1350,407725651,1062612340,220532,571236,0,0,320,240,1,1527,13060,49577,64005
1860,1350,407970348,1063183582,244697,571242,0,0,320,240,0,1527,21264,82060,105933
1861,1352,408199454,1063754823,229106,571241,0,240,320,240,1,1529,11981,45428,58568
1862,1352,408456937,1064326061,257483,571238,0,240,320,240,0,1529,21647,83299,107639
1863,1354,408678440,1064897297,221503,571236,0,0,320,240,1,1531,12822,48606,62844
1864,1354,408927382,1065468537,248942,571240,0,0,320,240,0,1531,21610,83398,107546
1865,1356,409153037,1066039773,225655,571236,0,240,320,240,1,1533,12855,48748,62843
1866,1356,409455815,1066611010,302778,571237,0,240,320,240,0,1533,4264,16204,21027
1867,1356,409690782,1067207499,234967,596489,0,240,320,240,0,1533,18976,73202,94565
1868,1359,409935439,1067778738,244657,571239,0,0,320,240,1,1536,16233,61541,79472
1869,1359,410167646,1068371263,232207,592525,0,0,320,240,0,1536,18950,73149,94347
1870,1361,410423875,1068942500,256229,571237,0,240,320,240,1,1538,12011,45572,58916
1871,1361,410719107,1069513741,295232,571241,0,240,320,240,0,1538,8666,33255,42953
1872,1361,410951363,1070084981,232256,571240,0,240,320,240,0,1538,16668,63927,82588
1873,1364,411172246,1070656217,220883,571236,0,0,320,240,1,1541,18049,68509,88678
1874,1364,411410493,1071227456,238247,571239,0,0,320,240,0,1541,19718,75978,98005
1875,1366,411636283,1071798697,225790,571241,0,240,320,240,1,1543,13554,51365,66580
1876,1366,411885667,1072369933,249384,571236,0,240,320,240,0,1543,19320,74132,95660
1877,1368,412098977,1072941169,213310,571236,0,0,320,240,1,1545,17601,66991,86710
1878,1368,412338962,1073512408,239985,571239,0,0,320,240,0,1545,21336,82242,106061
1879,1370,412563034,1074083650,224072,571242,0,240,320,240,1,1547,14385,54574,70571
1880,1370,412807176,1074654886,244142,571236,0,240,320,240,0,1547,17696,67946,87675
1881,1372,413032970,1075226124,225794,571238,0,0,320,240,1,1549,13325,50577,65265
1882,1372,413271991,1075797360,239021,571236,0,0,320,240,0,1549,19244,74310,95885
1883,1374,413510737,1076368602,238746,571242,0,240,320,240,1,1551,11763,44687,57704
1884,1374,413801396,1076939838,290659,571236,0,240,320,240,0,1551,9465,36262,46932
1885,1374,414025375,1077512765,223979,572927,0,240,320,240,0,1551,11603,44481,57309
1886,1377,414274910,1078084005,249535,571240,0,0,320,240,1,1554,15156,57552,74192
1887,1377,414516862,1078655245,241952,571240,0,0,320,240,0,1554,15804,61073,78732
1888,1379,414755099,1079226481,238237,571236,0,240,320,240,1,1556,11463,43373,56098
1889,1379,415010209,1079797723,255110,571242,0,240,320,240,0,1556,15543,59988,77353
1890,1381,415233161,1080368959,222952,571236,0,0,320,240,1,1558,14119,53777,69592
1891,1381,415480964,1080940199,247803,571240,0,0,320,240,0,1558,15532,60032,77406
1892,1383,415721481,1081511435,240517,571236,0,240,320,240,1,1560,11857,45075,58190
1893,1383,416017715,1082082671,296234,571236,0,240,320,240,0,1560,6354,24167,31393
1894,1383,416256966,1082653907,239251,571236,0,240,320,240,0,1560,17524,67423,87033
1895,1386,416475325,1083225146,218359,571239,0,0,320,240,1,1563,17622,66997,86580
1896,1386,416724866,1083796382,249541,571236,0,0,320,240,0,1563,16834,64500,83432
1897,1388,416949324,1084367621,224458,571239,0,240,320,240,1,1565,13515,51413,66443
1898,1388,417255785,1084938857,306461,571236,0,240,320,240,0,1565,2993,11168,14527
1899,1388,417502845,1085510093,247060,571236,0,240,320,240,0,1565,19566,75232,97058
1900,1391,417711527,1086081333,208682,571240,0,0,320,240,1,1568,19129,72754,94030
1901,1391,417978085,1086652572,266558,571239,0,0,320,240,0,1568,18525,71173,91897
1902,1392,418190156,1087223809,212071,571237,0,0,320,240,0,1569,12578,47851,61855
1903,1394,418446381,1087795047,256225,571238,0,240,320,240,1,1571,11827,44868,58006
1904,1394,418724513,1088366285,278132,571238,0,240,320,240,0,1571,15983,61082,78973
1905,1394,418960743,1088937525,236230,571240,0,240,320,240,0,1571,12419,47471,61296
1906,1397,419187276,1089508763,226533,571238,0,0,320,240,1,1574,15990,60644,78369
1907,1397,419458942,1090079999,271666,571236,0,0,320,240,0,1574,17215,66016,85444
1908,1398,419670035,1090651237,211093,571238,0,0,320,240,0,1575,11564,44089,56912
1909,1400,419922992,1091222474,252957,571237,0,240,320,240,1,1577,13864,52594,67946
1910,1400,420197026,1091793710,274034,571236,0,240,320,240,0,1577,16978,64889,83796
1911,1400,420440048,1092364982,243022,571272,0,240,320,240,0,1577,11682,44592,57674
1912,1403,420658408,1092936218,218360,571236,0,0,320,240,1,1580,17276,65585,84633
1913,1403,420931168,1093507455,272760,571237,0,0,320,240,0,1580,16709,64074,82777
1914,1404,421141872,1094078695,210704,571240,0,0,320,240,0,1581,12237,46660,60177
1915,1406,421395057,1094649931,253185,571236,0,240,320,240,1,1583,13193,50034,64656
1916,1406,421689205,1095221167,294148,571236,0,240,320,240,0,1583,7441,27835,36168
1917,1406,421950140,1095792405,260935,571238,0,240,320,240,0,1583,14665,56416,72689
1918,1406,422186987,1096363741,236847,571336,0,240,320,240,0,1583,15733,60510,78285
1919,1410,422406399,1096934977,219412,571236,0,0,320,240,1,1587,20695,78361,101049
1920,1410,422686772,1097506220,280373,571243,0,0,320,240,0,1587,14475,55553,71719
1921,1410,422943278,1098077456,256506,571236,0,0,320,240,0,1587,12120,46581,60130
1922,1412,423158862,1098648696,215584,571240,0,0,320,240,0,1589,17096,65185,84071
1923,1414,423411522,1099219933,252660,571237,0,240,320,240,1,1591,13793,52322,67621
1924,1414,423717615,1099791169,306093,571236,0,240,320,240,0,1591,3081,11364,14730
1925,1414,424001521,1100362411,283906,571242,0,240,320,240,0,1591,12076,45808,59265
1926,1414,424259934,1100933647,258413,571236,0,240,320,240,0,1591,13031,49973,64449
1927,1416,424484049,1101504886,224115,571239,0,240,320,240,0,1593,13698,52392,67584
1928,1419,424725160,1102076122,241111,571236,0,0,320,240,1,1596,18191,68935,88981
1929,1419,425002324,1102647360,277164,571238,0,0,320,240,0,1596,14880,57069,73736
1930,1419,425262079,1103218602,259755,571242,0,0,320,240,0,1596,12379,47432,61499
1931,1421,425480392,1103789839,218313,571237,0,0,320,240,0,1598,16178,61779,79730
1932,1423,425740276,1104361075,259884,571236,0,240,320,240,1,1600,11650,44231,57220
1933,1423,426048072,1104932316,307796,571241,0,240,320,240,0,1600,2249,7904,10510
1934,1423,426331536,1105503553,283464,571237,0,240,320,240,0,1600,12055,45927,59377
1935,1423,426593581,1106074789,262045,571236,0,240,320,240,0,1600,11452,43857,56748
1936,1425,426810217,1106646028,216636,571239,0,240,320,240,0,1602,16145,61575,79555
1937,1428,427045519,1107217265,235302,571237,0,0,320,240,1,1605,19191,72744,94032
1938,1428,427332685,1107788502,287166,571237,0,0,320,240,0,1605,11624,44504,57555
1939,1428,427584502,1108359738,251817,571236,0,0,320,240,0,1605,12279,47068,60714
1940,1430,427801349,1108930974,216847,571236,0,240,320,240,1,1607,17404,66469,85816
1941,1431,428080251,1109502210,278902,571236,0,240,320,240,0,1608,10966,40842,53101
1942,1431,428362167,1110073450,281916,571240,0,240,320,240,0,1608,12235,46794,60536
1943,1431,428610687,1110644686,248520,571236,0,240,320,240,0,1608,11718,44907,58019
1944,1435,428820967,1111215923,210280,571237,0,0,320,240,1,1612,19395,73368,94826
1945,1435,429099342,1111787172,278375,571249,0,0,320,240,0,1612,14300,54858,70857
1946,1435,429362286,1112358409,262944,571237,0,0,320,240,0,1612,11176,42821,55375
1947,1437,429584598,1112929645,222312,571236,0,240,320,240,1,1614,14037,53173,68751
1948,1438,429858440,1113500884,273842,571239,0,240,320,240,0,1615,11923,44481,57666
1949,1438,430135776,1114072121,277336,571237,0,240,320,240,0,1615,14412,55288,71366
1950,1438,430383482,1114643362,247706,571241,0,240,320,240,0,1615,14263,54917,70888
1951,1442,430599109,1115214602,215627,571240,0,0,320,240,1,1619,16101,60929,78668
1952,1442,430862469,1115785848,263360,571246,0,0,320,240,0,1619,18381,70325,90788
1953,1442,431123943,1116357084,261474,571236,0,0,320,240,0,1619,11253,43006,55479
1954,1443,431358428,1116928320,234485,571236,0,0,320,240,0,1620,12934,49719,64238
1955,1446,431598924,1117499556,240496,571236,0,240,320,240,1,1623,18451,69867,90352
1956,1446,431890599,1118070792,291675,571236,0,240,320,240,0,1623,7696,28474,37149
1957,1446,432161780,1118642034,271181,571242,0,240,320,240,0,1623,12853,49237,63692
1958,1446,432414091,1119213272,252311,571238,0,240,320,240,0,1623,12623,48609,62872
1959,1449,432634051,1119784510,219960,571238,0,0,320,240,1,1626,16414,62476,80732
1960,1450,432894064,1120355750,260013,571240,0,0,320,240,0,1627,15530,58956,76129
1961,1450,433168575,1120926986,274511,571236,0,0,320,240,0,1627,12469,47777,61814
1962,1450,433421573,1121498224,252998,571238,0,0,320,240,0,1627,12993,50042,64795
1963,1453,433641734,1122069462,220161,571238,0,240,320,240,1,1630,16200,61618,79660
1964,1454,433911130,1122640698,269396,571236,0,240,320,240,0,1631,12436,46426,60166
1965,1454,434193266,1123211934,282136,571236,0,240,320,240,0,1631,12920,49445,63905
1966,1454,434459043,1123783173,265777,571239,0,240,320,240,0,1631,9000,34206,44143
1967,1454,434722873,1124354409,263830,571236,0,240,320,240,0,1631,14158,54655,70612
1968,1458,434936072,1124925651,213199,571242,0,0,320,240,1,1635,16492,62393,80541
1969,1459,435192477,1125496887,256405,571236,0,0,320,240,0,1636,15898,60370,77849
1970,1459,435484088,1126068126,291611,571239,0,0,320,240,0,1636,11343,43415,56029
1971,1459,435736065,1126639368,251977,571242,0,0,320,240,0,1636,12630,48399,62508
1972,1460,435976506,1127210604,240441,571236,0,0,320,240,0,1637,9494,36084,46620
1973,1464,436200424,1127781845,223918,571241,0,240,320,240,1,1641,23025,87108,112548
1974,1464,436508691,1128353082,308267,571237,0,240,320,240,0,1641,3084,11538,14911
1975,1464,436799697,1128924318,291006,571236,0,240,320,240,0,1641,7632,28410,36976
1976,1464,437080110,1129495554,280413,571236,0,240,320,240,0,1641,13221,50512,65294
1977,1464,437337420,1130066792,257310,571238,0,240,320,240,0,1641,10162,38795,50304
1978,1466,437556709,1130638032,219289,571240,0,240,320,240,0,1643,15573,59403,76670
1979,1470,437784525,1131209268,227816,571236,0,0,320,240,1,1647,22033,83407,107820
1980,1470,438063529,1131780504,279004,571236,0,0,320,240,0,1647,14241,54515,70303
1981,1470,438336160,1132351745,272631,571241,0,0,320,240,0,1647,8374,31842,41309
1982,1470,438593892,1132922987,257732,571242,0,0,320,240,0,1647,14961,57730,74538
1983,1474,438813455,1133494223,219563,571236,0,240,320,240,1,1651,15175,57401,74171
1984,1474,439097028,1134065459,283573,571236,0,240,320,240,0,1651,10019,37275,48330
1985,1474,439374549,1134636695,277521,571236,0,240,320,240,0,1651,12843,49155,63505
1986,1474,439637373,1135207932,262824,571237,0,240,320,240,0,1651,14074,54092,69957
1987,1478,439856301,1135779172,218928,571240,0,0,320,240,1,1655,15944,60446,78072
1988,1478,440126676,1136350409,270375,571237,0,0,320,240,0,1655,13998,53233,68732
1989,1478,440405308,1136921646,278632,571237,0,0,320,240,0,1655,12505,47882,61780
1990,1479,440637362,1137492886,232054,571240,0,0,320,240,0,1656,13573,52320,67481
1991,1482,440876833,1138064128,239471,571242,0,240,320,240,1,1659,18300,69247,89510
1992,1482,441167939,1138635369,291106,571241,0,240,320,240,0,1659,8028,29847,38841
1993,1482,441451723,1139206605,283784,571236,0,240,320,240,0,1659,12366,47346,61172
1994,1482,441699172,1139777872,247449,571267,0,240,320,240,0,1659,13050,50384,65041
1995,1486,441918845,1140349113,219673,571241,0,0,320,240,1,1663,20036,75800,97860
1996,1486,442197660,1140920354,278815,571241,0,0,320,240,0,1663,14708,56359,72757
1997,1486,442463127,1141491590,265467,571236,0,0,320,240,0,1663,10707,40839,52857
1998,1487,442697721,1142062826,234594,571236,0,0,320,240,0,1664,13065,50355,64894
1999,1490,442936535,1142634064,238814,571238,0,240,320,240,1,1667,18779,71062,91839
2000,1490,443244021,1143205300,307486,571236,0,240,320,240,0,1667,3139,11761,15282
2001,1490,443534030,1143776542,290009,571242,0,240,320,240,0,1667,9139,34175,44354
2002,1490,443811009,1144347782,276979,571240,0,240,320,240,0,1667,15312,58649,75794
2003,1490,444059753,1144919018,248744,571236,0,240,320,240,0,1667,12962,50003,64564
2004,1494,444273483,1145490254,213730,571236,0,0,320,240,1,1671,17707,66966,86524
2005,1495,444531442,1146061490,257959,571236,0,0,320,240,0,1672,16414,62405,80674
2006,1495,444816229,1146632726,284787,571236,0,0,320,240,0,1672,13911,53491,69030
2007,1495,445074414,1147203966,258185,571240,0,0,320,240,0,1672,11977,45827,59295
2008,1495,445330691,1147775206,256277,571240,0,0,320,240,0,1672,8921,34040,43676
2009,1499,445541453,1148346449,210762,571243,0,240,320,240,1,1676,19046,72059,93135
2010,1500,445824386,1148917690,282933,571241,0,240,320,240,0,1677,10363,39382,50823
2011,1500,446117656,1149488926,293270,571236,0,240,320,240,0,1677,5094,18714,24442
2012,1500,446395083,1150060162,277427,571236,0,240,320,240,0,1677,15204,58355,75343
2013,1500,446654646,1150631398,259563,571236,0,240,320,240,0,1677,11010,41834,54213
2014,1502,446872522,1151202634,217876,571236,0,0,320,240,1,1679,16644,63516,82029
2015,1505,447119998,1151773871,247476,571237,0,0,320,240,0,1682,18085,68542,88634
2016,1505,447402934,1152345107,282936,571236,0,0,320,240,0,1682,12683,48560,62876
2017,1505,447665269,1152916343,262335,571236,0,0,320,240,0,1682,12853,48932,63260
2018,1507,447890192,1153487582,224923,571239,0,0,320,240,0,1684,13397,51245,66064
2019,1510,448124206,1154058818,234014,571236,0,240,320,240,1,1687,20037,75903,98231
2020,1510,448418734,1154630055,294528,571237,0,240,320,240,0,1687,6508,24046,31381
2021,1510,448695735,1155201296,277001,571241,0,240,320,240,0,1687,14316,54771,70860
2022,1510,448953760,1155772535,258025,571239,0,240,320,240,0,1687,13398,51279,66151
2023,1512,449174642,1156343771,220882,571236,0,240,320,240,0,1689,13363,51166,66048
2024,1515,449410075,1156915008,235433,571237,0,0,320,240,1,1692,19550,74006,95622
2025,1515,449691994,1157486248,281919,571240,0,0,320,240,0,1692,11369,43228,55978
2026,1515,449967728,1158057488,275734,571240,0,0,320,240,0,1692,14898,57092,73897
2027,1515,450221593,1158628724,253865,571236,0,0,320,240,0,1692,11743,44940,58102
2028,1518,450434189,1159199961,212596,571237,0,240,320,240,1,1695,14676,55554,71732
2029,1519,450719652,1159771197,285463,571236,0,240,320,240,0,1696,8238,31315,40370
2030,1519,451012141,1160342437,292489,571240,0,240,320,240,0,1696,6792,25150,32749
2031,1519,451285688,1160913679,273547,571242,0,240,320,240,0,1696,14761,56399,72907
2032,1519,451549932,1161484920,264244,571241,0,240,320,240,0,1696,14404,55095,71286
2033,1520,451782702,1162056156,232770,571236,0,240,320,240,0,1697,9153,34899,44997
2034,1525,452009094,1162627398,226392,571242,0,0,320,240,1,1702,22003,83069,107329
2035,1525,452275384,1163198634,266290,571236,0,0,320,240,0,1702,14751,56090,72537
2036,1525,452557480,1163769870,282096,571236,0,0,320,240,0,1702,13105,50213,64915
2037,1525,452826197,1164341106,268717,571236,0,0,320,240,0,1702,12057,45943,59432
2038,1527,453042460,1164912347,216263,571241,0,0,320,240,0,1704,14193,54305,70136
2039,1530,453278578,1165483586,236118,571239,0,240,320,240,1,1707,19526,73920,95731
2040,1530,453570044,1166054826,291466,571240,0,240,320,240,0,1707,7895,29390,38299
2041,1530,453843993,1166626064,273949,571238,0,240,320,240,0,1707,14522,55597,71634
2042,1530,454106614,1167197300,262621,571236,0,240,320,240,0,1707,15753,60226,77822
2043,1530,454346972,1167790808,240358,593508,0,240,320,240,0,1707,10390,40131,51739
2044,1535,454576603,1168362044,229631,571236,0,0,320,240,1,1712,20981,79199,102552
2045,1535,454850362,1168933280,273759,571236,0,0,320,240,0,1712,13455,51275,66378
2046,1535,455128739,1169504516,278377,571236,0,0,320,240,0,1712,14580,56033,72254
2047,1535,455387089,1170075753,258350,571237,0,0,320,240,0,1712,14429,55322,71448
2048,1537,455609555,1170646989,222466,571236,0,0,320,240,0,1714,12613,47774,61767
2049,1540,455849103,1171218225,239548,571236,0,240,320,240,1,1717,18740,70932,91725
2050,1540,456139424,1171789462,290321,571237,0,240,320,240,0,1717,8464,31517,40938
2051,1540,456412466,1172360698,273042,571236,0,240,320,240,0,1717,15108,57906,74823
2052,1540,456683588,1172931934,271122,571236,0,240,320,240,0,1717,13320,50749,65508
2053,1541,456907446,1173503170,223858,571236,0,240,320,240,0,1718,10013,38526,49744
2054,1545,457135208,1174074408,227762,571238,0,0,320,240,1,1722,21910,82854,107021
2055,1545,457413171,1174645644,277963,571236,0,0,320,240,0,1722,12655,48186,62423
2056,1545,457687583,1175216880,274412,571236,0,0,320,240,0,1722,16391,63029,81352
2057,1545,457951017,1175788116,263434,571236,0,0,320,240,0,1722,13219,50617,65438
2058,1548,458164499,1176359353,213482,571237,0,240,320,240,1,1725,14690,55623,71840
2059,1549,458437771,1176930589,273272,571236,0,240,320,240,0,1726,11196,41730,54166
2060,1549,458715569,1177501825,277798,571236,0,240,320,240,0,1726,13140,49946,64703
2061,1549,458988508,1178073062,272939,571237,0,240,320,240,0,1726,15770,60557,78202
2062,1549,459241149,1178644303,252641,571241,0,240,320,240,0,1726,12221,46786,60377
2063,1552,459454014,1179215541,212865,571238,0,0,320,240,1,1729,14174,53680,69406
2064,1554,459703847,1179786777,249833,571236,0,0,320,240,0,1731,16489,62523,80784
2065,1554,459987358,1180358013,283511,571236,0,0,320,240,0,1731,15000,57697,74541
2066,1554,460249183,1180929249,261825,571236,0,0,320,240,0,1731,12615,48256,62372
2067,1556,460468563,1181500485,219380,571236,0,0,320,240,0,1733,14544,55594,71696
2068,1559,460711431,1182071721,242868,571236,0,240,320,240,1,1736,18782,71172,92007
2069,1559,461017579,1182642960,306148,571239,0,240,320,240,0,1736,2438,8852,11642
2070,1559,461298179,1183214196,280600,571236,0,240,320,240,0,1736,16890,64828,83817
2071,1559,461546724,1183785432,248545,571236,0,240,320,240,0,1736,14572,55334,71583
2072,1562,461764683,1184356668,217959,571236,0,0,320,240,1,1739,14045,53339,68801
2073,1563,462027539,1184927907,262856,571239,0,0,320,240,0,1740,17819,68241,88101
2074,1563,462288768,1185499149,261229,571242,0,0,320,240,0,1740,14402,55088,71289
2075,1565,462510839,1186070388,222071,571239,0,0,320,240,0,1742,12726,48322,62423
2076,1567,462767702,1186641627,256863,571239,0,240,320,240,1,1744,12995,49243,63640
2077,1567,463052382,1187212863,284680,571236,0,240,320,240,0,1744,13689,52396,67734
2078,1567,463305006,1187784103,252624,571240,0,240,320,240,0,1744,13515,51782,66949
2079,1569,463532009,1188355341,227003,571238,0,0,320,240,1,1746,12826,48618,62824
2080,1570,463797723,1188926577,265714,571236,0,0,320,240,0,1747,18169,69735,89922
2081,1570,464056641,1189497817,258918,571240,0,0,320,240,0,1747,12164,46588,60262
2082,1572,464275468,1190069053,218827,571236,0,0,320,240,0,1749,15504,59232,76424
2083,1574,464540572,1190640289,265104,571236,0,240,320,240,1,1751,10930,41499,53611
2084,1574,464845475,1191211525,304903,571236,0,240,320,240,0,1751,2741,10133,13215
2085,1574,465123824,1191782763,278349,571238,0,240,320,240,0,1751,17612,67675,87440
2086,1574,465372401,1192353999,248577,571236,0,240,320,240,0,1751,12793,49374,63860
2087,1578,465585769,1192925235,213368,571236,0,0,320,240,1,1755,16527,62608,80829
2088,1578,465857828,1193496472,272059,571237,0,0,320,240,0,1755,17471,67164,86501
2089,1578,466104613,1194067708,246785,571236,0,0,320,240,0,1755,14811,56975,73480
2090,1581,466323025,1194638946,218412,571238,0,240,320,240,1,1758,14760,56003,72417
2091,1581,466626868,1195210182,303843,571236,0,240,320,240,0,1758,3953,15108,19516
2092,1581,466916220,1195781422,289352,571240,0,240,320,240,0,1758,11453,43767,56647
2093,1581,467169088,1196352661,252868,571239,0,240,320,240,0,1758,13812,53012,68461
2094,1583,467388435,1196923897,219347,571236,0,240,320,240,0,1760,15520,59271,76496
2095,1586,467636885,1197495135,248450,571238,0,0,320,240,1,1763,14613,55391,71597
2096,1586,467913837,1198066374,276952,571239,0,0,320,240,0,1763,13977,53518,69127
2097,1586,468156320,1198637610,242483,571236,0,0,320,240,0,1763,13202,51032,65746
2098,1589,468385683,1199208846,229363,571236,0,240,320,240,1,1766,14962,56691,73241
2099,1589,468678420,1199780086,292737,571240,0,240,320,240,0,1766,10422,39729,51400
2100,1589,468934688,1200351322,256268,571236,0,240,320,240,0,1766,12182,46733,60413
2101,1592,469152445,1200922558,217757,571236,0,240,320,240,0,1769,16275,62108,80180
2102,1593,469412199,1201493794,259754,571236,0,0,320,240,1,1770,10287,39062,50494
2103,1593,469687468,1202065030,275269,571236,0,0,320,240,0,1770,12983,49718,64276
2104,1593,469926268,1202636272,238800,571242,0,0,320,240,0,1770,13545,52335,67590
2105,1596,470165420,1203207508,239152,571236,0,240,320,240,1,1773,14398,54591,70543
2106,1596,470472480,1203778745,307060,571237,0,240,320,240,0,1773,2580,9609,12570
2107,1596,470749335,1204349987,276855,571242,0,240,320,240,0,1773,17275,66606,85886
2108,1596,471003504,1204921229,254169,571242,0,240,320,240,0,1773,13089,50210,64848
2109,1598,471227756,1205492465,224252,571236,0,0,320,240,1,1775,14254,54474,70423
2110,1600,471479059,1206063701,251303,571236,0,0,320,240,0,1777,20334,77658,100271
2111,1600,471741234,1206634937,262175,571236,0,0,320,240,0,1777,14435,55378,71424
2112,1600,471971600,1207206173,230366,571236,0,0,320,240,0,1777,12442,48085,61884
2113,1604,472212867,1207777412,241267,571239,0,240,320,240,1,1781,18139,68701,88786
2114,1604,472499402,1208348650,286535,571238,0,240,320,240,0,1781,13393,51238,66142
2115,1604,472769756,1208919892,270354,571242,0,240,320,240,0,1781,12386,47565,61410
2116,1607,472986635,1209491128,216879,571236,0,240,320,240,0,1784,16227,61931,79929
2117,1608,473247168,1210062369,260533,571241,0,0,320,240,1,1785,10679,40553,52349
2118,1608,473525863,1210633611,278695,571242,0,0,320,240,0,1785,13264,50942,65733
2119,1608,473755902,1211204848,230039,571237,0,0,320,240,0,1785,12556,48516,62504
2120,1611,474007527,1211776089,251625,571241,0,240,320,240,1,1788,14830,56168,72559
2121,1611,474298102,1212347329,290575,571240,0,240,320,240,0,1788,11689,44678,57759
2122,1611,474553205,1212918565,255103,571236,0,240,320,240,0,1788,10586,40594,52456
2123,1614,474771391,1213489806,218186,571241,0,0,320,240,1,1791,15669,59377,76701
2124,1614,475049879,1214061042,278488,571236,0,0,320,240,0,1791,14917,57264,73866
2125,1614,475299407,1214632278,249528,571236,0,0,320,240,0,1791,13510,52067,67294
2126,1617,475510968,1215203534,211561,571256,0,240,320,240,1,1794,16736,63537,82064
2127,1617,475798297,1215774770,287329,571236,0,240,320,240,0,1794,13518,51707,66862
2128,1617,476061407,1216346016,263110,571246,0,240,320,240,0,1794,10725,41163,53104
2129,1619,476277068,1216917252,215661,571236,0,240,320,240,0,1796,15693,59988,77467
2130,1621,476532004,1217488488,254936,571236,0,0,320,240,1,1798,14035,53230,68758
2131,1621,476804867,1218059726,272863,571238,0,0,320,240,0,1798,14984,57493,74289
2132,1621,477047189,1218631456,242322,571730,0,0,320,240,0,1798,13375,51690,66652
2133,1624,477275210,1219202692,228021,571236,0,240,320,240,1,1801,17067,64576,83437
2134,1624,477562206,1219773932,286996,571240,0,240,320,240,0,1801,14207,54333,70282
2135,1624,477812714,1220345168,250508,571236,0,240,320,240,0,1801,12351,47465,61308
2136,1627,478032357,1220916404,219643,571236,0,0,320,240,1,1804,15839,60222,77848
2137,1627,478306020,1221487642,273663,571238,0,0,320,240,0,1804,16208,62034,80097
2138,1627,478557739,1222058881,251719,571239,0,0,320,240,0,1804,9891,37566,48631
2139,1630,478769205,1222630118,211466,571237,0,240,320,240,1,1807,19213,72882,94065
2140,1630,479060415,1223201360,291210,571242,0,240,320,240,0,1807,11331,43202,55838
2141,1630,479315888,1223772600,255473,571240,0,240,320,240,0,1807,10995,41922,54154
2142,1633,479535263,1224343838,219375,571238,0,0,320,240,1,1810,15491,58905,76136
2143,1633,479808440,1224915074,273177,571236,0,0,320,240,0,1810,15893,60984,78784
2144,1633,480057360,1225486310,248920,571236,0,0,320,240,0,1810,12921,49857,64322
2145,1636,480267548,1226057548,210188,571238,0,240,320,240,1,1813,17891,67809,87660
2146,1636,480554991,1226628784,287443,571236,0,240,320,240,0,1813,12357,47201,61145
2147,1636,480805108,1227200026,250117,571242,0,240,320,240,0,1813,12907,49650,64077
2148,1639,481022406,1227771264,217298,571238,0,0,320,240,1,1816,15424,58600,75732
2149,1639,481294799,1228342500,272393,571236,0,0,320,240,0,1816,16062,61550,79387
2150,1639,481540688,1228913736,245889,571236,0,0,320,240,0,1816,10133,38571,49861
2151,1642,481761052,1229484972,220364,571236,0,240,320,240,1,1819,17825,67517,87399
2152,1642,482047531,1230056211,286479,571239,0,240,320,240,0,1819,12624,48209,62375
2153,1642,482299036,1230627448,251505,571237,0,240,320,240,0,1819,12101,46369,59885
2154,1645,482511307,1231198687,212271,571239,0,0,320,240,1,1822,17306,65641,84662
2155,1645,482779254,1231769928,267947,571241,0,0,320,240,0,1822,14236,54600,70603
2156,1645,483017084,1232368750,237830,598822,0,0,320,240,0,1822,13734,53063,68400
2157,1648,483265123,1232939986,248039,571236,0,240,320,240,1,1825,16462,62248,80416
2158,1648,483551757,1233511227,286634,571241,0,240,320,240,0,1825,12697,48511,62851
2159,1648,483798946,1234082463,247189,571236,0,240,320,240,0,1825,13522,52204,67360
2160,1651,484019500,1234653701,220554,571238,0,0,320,240,1,1828,18888,71679,92757
2161,1651,484278243,1235224946,258743,571245,0,0,320,240,0,1828,15115,57795,74673
2162,1652,484507625,1235796185,229382,571239,0,0,320,240,0,1829,10610,40343,52171
2163,1654,484754645,1236367421,247020,571236,0,240,320,240,1,1831,16236,61551,79489
2164,1654,485039921,1236938657,285276,571236,0,240,320,240,0,1831,13965,53415,69089
2165,1654,485292674,1237509898,252753,571241,0,240,320,240,0,1831,12748,48844,63119
2166,1657,485498160,1238081134,205486,571236,0,0,320,240,1,1834,16749,63462,81802
2167,1657,485771201,1238652370,273041,571236,0,0,320,240,0,1834,16280,62526,80796
2168,1657,486018015,1239223606,246814,571236,0,0,320,240,0,1834,12456,48105,62137
2169,1660,486232789,1239794844,214774,571238,0,240,320,240,1,1837,18608,70574,91172
2170,1660,486537730,1240366080,304941,571236,0,240,320,240,0,1837,2416,8928,11708
2171,1660,486805200,1240937324,267470,571244,0,240,320,240,0,1837,14423,55349,71404
2172,1660,487043767,1241538807,238567,601483,0,240,320,240,0,1837,13801,53315,68911
2173,1664,487278861,1242110047,235094,571240,0,0,320,240,1,1841,21267,80533,104169
2174,1664,487541592,1242681283,262731,571236,0,0,320,240,0,1841,15283,58612,75603
2175,1664,487774546,1243265238,232954,583955,0,0,320,240,0,1841,13693,52895,68126
2176,1667,488028887,1243836474,254341,571236,0,240,320,240,1,1844,15831,59839,77420
2177,1667,488308579,1244407715,279692,571241,0,240,320,240,0,1844,14745,56569,73181
2178,1668,488539013,1244978956,230434,571241,0,240,320,240,0,1845,10890,41439,53574
2179,1670,488784672,1245550196,245659,571240,0,0,320,240,1,1847,18277,69444,89671
2180,1670,489054824,1246121444,270152,571248,0,0,320,240,0,1847,15193,58301,75184
2181,1672,489268286,1246692680,213462,571236,0,0,320,240,0,1849,16899,64483,83312
2182,1673,489541630,1247263920,273344,571240,0,240,320,240,1,1850,7925,30043,38857
2183,1673,489824937,1247835156,283307,571236,0,240,320,240,0,1850,14485,55579,71809
2184,1673,490075058,1248406394,250121,571238,0,240,320,240,0,1850,14100,54284,70188
2185,1676,490284164,1248977631,209106,571237,0,0,320,240,1,1853,16983,64305,83142
2186,1676,490564912,1249548869,280748,571238,0,0,320,240,0,1853,15962,61354,79239
2187,1676,490813274,1250120105,248362,571236,0,0,320,240,0,1853,13115,50586,65233
2188,1679,491035911,1250691341,222637,571236,0,240,320,240,1,1856,16156,61187,79061
2189,1679,491320764,1251262580,284853,571239,0,240,320,240,0,1856,14355,54985,71089
2190,1679,491577482,1251833816,256718,571236,0,240,320,240,0,1856,10824,41114,53143
2191,1682,491797380,1252405052,219898,571236,0,0,320,240,1,1859,16021,60597,78281
2192,1682,492073062,1252976288,275682,571236,0,0,320,240,0,1859,17222,66211,85542
2193,1682,492326100,1253547528,253038,571240,0,0,320,240,0,1859,12384,47433,61311
2194,1685,492547337,1254118764,221237,571236,0,240,320,240,1,1862,15986,60560,78274
2195,1685,492830766,1254690001,283429,571237,0,240,320,240,0,1862,15572,59666,77304
2196,1685,493092549,1255261241,261783,571240,0,240,320,240,0,1862,14026,54083,69799
2197,1688,493308385,1255832478,215836,571237,0,0,320,240,1,1865,16750,63403,81878
2198,1688,493590155,1256403714,281770,571236,0,0,320,240,0,1865,15506,59500,76778
2199,1688,493835402,1256974950,245247,571236,0,0,320,240,0,1865,12308,47536,61355
2200,1691,494064318,1257546186,228916,571236,0,240,320,240,1,1868,16471,62344,80579
2201,1691,494344804,1258117422,280486,571236,0,240,320,240,0,1868,16735,64195,83044
2202,1691,494601270,1258688658,256466,571236,0,240,320,240,0,1868,11134,42266,54674
2203,1694,494819577,1259259894,218307,571236,0,0,320,240,1,1871,15822,59863,77372
2204,1694,495100599,1259831130,281022,571236,0,0,320,240,0,1871,15680,60225,77684
2205,1694,495349647,1260402372,249048,571242,0,0,320,240,0,1871,11216,43031,55679
2206,1697,495577315,1260973608,227668,571236,0,240,320,240,1,1874,16412,62128,80298
2207,1697,495861206,1261544844,283891,571236,0,240,320,240,0,1874,15033,57585,74352
2208,1697,496111657,1262116084,250451,571240,0,240,320,240,0,1874,13165,50685,65358
2209,1700,496337318,1262687324,225661,571240,0,0,320,240,1,1877,14109,53432,69005
2210,1700,496611357,1263258560,274039,571236,0,0,320,240,0,1877,17769,68264,88131
2211,1700,496859120,1263829796,247763,571236,0,0,320,240,0,1877,14178,54562,70403
2212,1703,497081054,1264401032,221934,571236,0,240,320,240,1,1880,15173,57483,74269
2213,1703,497369496,1264972268,288442,571236,0,240,320,240,0,1880,14091,54068,69988
2214,1703,497631462,1265543505,261966,571237,0,240,320,240,0,1880,12120,46159,59643
2215,1705,497853901,1266114749,222439,571244,0,240,320,240,0,1882,14373,54483,70356
2216,1707,498115141,1266685991,261240,571242,0,0,320,240,1,1884,13689,52055,67270
2217,1707,498381566,1267257234,266425,571243,0,0,320,240,0,1884,14441,55457,71533
2218,1708,498615728,1267828470,234162,571236,0,0,320,240,0,1885,11801,44790,58002
2219,1710,498873877,1268399706,258149,571236,0,240,320,240,1,1887,13942,52710,68005
2220,1710,499160432,1268970946,286555,571240,0,240,320,240,0,1887,13457,51553,66624
2221,1710,499410557,1269542182,250125,571236,0,240,320,240,0,1887,14545,55834,72142
2222,1713,499629918,1270113419,219361,571237,0,0,320,240,1,1890,15500,58737,75708
2223,1713,499913829,1270684657,283911,571238,0,0,320,240,0,1890,16382,63080,81343
2224,1713,500158846,1271285010,245017,600353,0,0,320,240,0,1890,13037,50358,65118
2225,1716,500411827,1271856246,252981,571236,0,240,320,240,1,1893,16684,63005,81595
2226,1716,500699162,1272427485,287335,571239,0,240,320,240,0,1893,13776,52900,68371
2227,1716,500944314,1272998722,245152,571237,0,240,320,240,0,1893,16294,62831,81021
2228,1719,501167109,1273569961,222795,571239,0,240,320,240,0,1896,15147,57406,74246
2229,1720,501435122,1274141199,268013,571238,0,0,320,240,1,1897,11078,42351,54729
2230,1720,501709112,1274712437,273990,571238,0,0,320,240,0,1897,15136,58099,75062
2231,1720,501950419,1275283673,241307,571236,0,0,320,240,0,1897,12897,49812,64242
2232,1723,502200096,1275854909,249677,571236,0,240,320,240,1,1900,14107,53406,68983
2233,1723,502489920,1276426145,289824,571236,0,240,320,240,0,1900,7892,30030,38880
2234,1723,502747846,1276997386,257926,571241,0,240,320,240,0,1900,16555,63491,82100
2235,1724,502984623,1277568624,236777,571238,0,240,320,240,0,1901,11234,42557,55114
2236,1727,503231179,1278139860,246556,571236,0,0,320,240,1,1904,20134,76548,98935
2237,1727,503505397,1278711100,274218,571240,0,0,320,240,0,1904,15408,59068,76537
2238,1729,503731447,1279282342,226050,571242,0,0,320,240,0,1906,13416,50806,65688
2239,1730,504000096,1279853582,268649,571240,0,240,320,240,1,1907,10233,38586,49816
2240,1730,504283571,1280424818,283475,571236,0,240,320,240,0,1907,15234,58448,75384
2241,1730,504531270,1280996054,247699,571236,0,240,320,240,0,1907,11049,42412,54825
2242,1733,504755776,1281567296,224506,571242,0,0,320,240,1,1910,18612,70739,91354
2243,1733,505026116,1282138532,270340,571236,0,0,320,240,0,1910,12392,47471,61476
2244,1734,505258170,1282709771,232054,571239,0,0,320,240,0,1911,13117,50614,65244
2245,1736,505512617,1283281011,254447,571240,0,240,320,240,1,1913,16182,61057,79004
2246,1736,505797099,1283852253,284482,571242,0,240,320,240,0,1913,14260,54737,70603
2247,1736,506041836,1284423490,244737,571237,0,240,320,240,0,1913,12312,47509,61265
2248,1739,506266876,1284994726,225040,571236,0,0,320,240,1,1916,18158,68966,89124
2249,1739,506534829,1285565964,267953,571238,0,0,320,240,0,1916,14342,54940,70883
2250,1740,506767876,1286137200,233047,571236,0,0,320,240,0,1917,10883,41370,53384
2251,1742,507033063,1286708441,265187,571241,0,240,320,240,1,1919,14621,55337,71518
2252,1742,507326074,1287279677,293011,571236,0,240,320,240,0,1919,5707,21723,28128
2253,1742,507581849,1287850913,255775,571236,0,240,320,240,0,1919,15413,58978,76216
2254,1743,507817639,1288422152,235790,571239,0,240,320,240,0,1920,11470,43936,56879
2255,1746,508064594,1288993388,246955,571236,0,0,320,240,1,1923,19875,75537,97479
2256,1746,508324561,1289564625,259967,571237,0,0,320,240,0,1923,13634,52248,67422
2257,1747,508559773,1290135861,235212,571236,0,0,320,240,0,1924,11972,46065,59455
2258,1749,508831231,1290707101,271458,571240,0,240,320,240,1,1926,10858,41202,53184
2259,1749,509123984,1291278342,292753,571241,0,240,320,240,0,1926,8270,31607,40853
2260,1749,509382656,1291849579,258672,571237,0,240,320,240,0,1926,12625,48420,62362
2261,1751,509601372,1292420815,218716,571236,0,240,320,240,0,1928,15631,59696,77043
2262,1753,509866079,1292992053,264707,571238,0,0,320,240,1,1930,14488,55315,71450
2263,1753,510124664,1293563289,258585,571236,0,0,320,240,0,1930,14491,55655,71825
2264,1755,510349059,1294134525,224395,571236,0,0,320,240,0,1932,13256,50728,65484
2265,1756,510621181,1294705761,272122,571236,0,240,320,240,1,1933,9567,36084,46778
2266,1756,510894671,1295276998,273490,571237,0,240,320,240,0,1933,16698,64400,83018
2267,1757,511132866,1295848236,238195,571238,0,240,320,240,0,1934,10805,41525,53549
2268,1759,511392413,1296419477,259547,571241,0,0,320,240,1,1936,15494,58968,76074
2269,1759,511652585,1296990713,260172,571236,0,0,320,240,0,1936,14233,54681,70485
2270,1761,511880024,1297561949,227439,571236,0,0,320,240,0,1938,12027,45637,59040
2271,1762,512160831,1298133185,280807,571236,0,240,320,240,1,1939,7827,29753,38491
2272,1762,512458864,1298704423,298033,571238,0,240,320,240,0,1939,5427,20520,26663
2273,1762,512717770,1299275659,258906,571236,0,240,320,240,0,1939,14880,57255,73939
2274,1764,512943223,1299846895,225453,571236,0,240,320,240,0,1941,13136,50264,64855
2275,1766,513203335,1300418131,260112,571236,0,0,320,240,1,1943,15660,59557,76990
2276,1766,513460029,1300989367,256694,571236,0,0,320,240,0,1943,15847,61022,78845
2277,1768,513687745,1301560609,227716,571242,0,0,320,240,0,1945,13059,49961,64500
2278,1769,513960231,1302131848,272486,571239,0,240,320,240,1,1946,9578,36170,46805
2279,1769,514238000,1302703089,277769,571241,0,240,320,240,0,1946,15479,59672,76962
2280,1770,514471992,1303274329,233992,571240,0,240,320,240,0,1947,12395,47639,61558
2281,1772,514734791,1303845565,262799,571236,0,0,320,240,1,1949,14783,56308,72712
2282,1772,514998605,1304416801,263814,571236,0,0,320,240,0,1949,15044,58075,74904
2283,1774,515226989,1304988042,228384,571241,0,0,320,240,0,1951,13490,51485,66432
2284,1775,515515143,1305559278,288154,571236,0,240,320,240,1,1952,5211,19823,25611
2285,1775,515814163,1306130514,299020,571236,0,240,320,240,0,1952,4815,18202,23577
2286,1775,516076860,1306701750,262697,571236,0,240,320,240,0,1952,15408,59306,76595
2287,1778,516298652,1307272986,221792,571236,0,240,320,240,0,1955,15112,57282,73941
2288,1779,516575994,1307844222,277342,571236,0,0,320,240,1,1956,9530,36489,46974
2289,1779,516838835,1308415461,262841,571239,0,0,320,240,0,1956,15690,60303,77885
2290,1781,517071538,1308986697,232703,571236,0,0,320,240,0,1958,10658,40432,52139
2291,1782,517350025,1309557933,278487,571236,0,240,320,240,1,1959,7198,27158,35142
2292,1782,517629966,1310129169,279941,571236,0,240,320,240,0,1959,13216,50851,65578
2293,1782,517873712,1310700409,243746,571240,0,240,320,240,0,1959,13409,51753,66749
2294,1785,518109213,1311271646,235501,571237,0,0,320,240,1,1962,17206,65367,84506
2295,1785,518368334,1311842882,259121,571236,0,0,320,240,0,1962,15349,59100,76303
2296,1787,518592223,1312414119,223889,571237,0,0,320,240,0,1964,13524,51739,66767
2297,1788,518871049,1312985355,278826,571236,0,240,320,240,1,1965,8232,31287,40187
2298,1788,519169235,1313556591,298186,571236,0,240,320,240,0,1965,5415,20549,26574
2299,1788,519428747,1314127833,259512,571242,0,240,320,240,0,1965,14250,54843,70624
2300,1790,519650247,1314699075,221500,571242,0,240,320,240,0,1967,14673,56069,72492
2301,1792,519913117,1315270316,262870,571241,0,0,320,240,1,1969,14887,56685,73156
2302,1792,520172783,1315841553,259666,571237,0,0,320,240,0,1969,15239,58675,75768
2303,1794,520395213,1316412795,222430,571242,0,0,320,240,0,1971,13779,52687,68075
2304,1795,520675673,1316984037,280460,571242,0,240,320,240,1,1972,7678,29217,37735
2305,1795,520961523,1317555280,285850,571243,0,240,320,240,0,1972,10067,38653,49985
2306,1795,521215938,1318126516,254415,571236,0,240,320,240,0,1972,11462,43969,56827
2307,1798,521438014,1318697757,222076,571241,0,240,320,240,0,1975,16282,61631,79542
2308,1799,521703461,1319268994,265447,571237,0,0,320,240,1,1976,13073,50133,64668
2309,1799,521961058,1319840231,257597,571237,0,0,320,240,0,1976,11712,45022,58014
2310,1801,522186193,1320411473,225135,571242,0,0,320,240,0,1978,13737,52104,67306
2311,1802,522464589,1320982713,278396,571240,0,240,320,240,1,1979,7136,27027,34988
2312,1802,522724598,1321553952,260009,571239,0,240,320,240,0,1979,16983,65444,84581
2313,1803,522957285,1322125188,232687,571236,0,240,320,240,0,1980,12042,46306,59782
2314,1805,523212031,1322696424,254746,571236,0,0,320,240,1,1982,17700,67675,87454
2315,1805,523470200,1323267665,258169,571241,0,0,320,240,0,1982,12468,47720,61569
2316,1807,523693237,1323838901,223037,571236,0,0,320,240,0,1984,14805,56403,72752
2317,1808,523969104,1324410137,275867,571236,0,240,320,240,1,1985,7811,29541,38205
2318,1808,524233259,1324981382,264155,571245,0,240,320,240,0,1985,15187,58451,75394
2319,1809,524467998,1325552620,234739,571238,0,240,320,240,0,1986,10658,40878,52770
2320,1811,524719130,1326123861,251132,571241,0,0,320,240,1,1988,18229,69468,89706
2321,1811,524980449,1326695097,261319,571236,0,0,320,240,0,1988,12829,49466,63818
2322,1813,525200891,1327266335,220442,571238,0,0,320,240,0,1990,14428,54679,70735
2323,1814,525478137,1327837571,277246,571236,0,240,320,240,1,1991,7527,28587,36936
2324,1814,525768026,1328408813,289889,571242,0,240,320,240,0,1991,8775,33699,43710
2325,1814,526020110,1328980053,252084,571240,0,240,320,240,0,1991,11762,44922,58077
2326,1817,526240898,1329551292,220788,571239,0,240,320,240,0,1994,14703,55913,72200
2327,1818,526503236,1330122528,262338,571236,0,0,320,240,1,1995,12762,48529,62872
2328,1818,526762441,1330693767,259205,571239,0,0,320,240,0,1995,11265,43383,55966
2329,1820,526982168,1331265003,219727,571236,0,0,320,240,0,1997,16093,61434,79334
2330,1821,527254521,1331836243,272353,571240,0,240,320,240,1,1998,9231,34965,45261
2331,1821,527518086,1332407479,263565,571236,0,240,320,240,0,1998,13614,52384,67595
2332,1822,527749902,1332978715,231816,571236,0,240,320,240,0,1999,11058,42548,55098
2333,1824,528003558,1333549951,253656,571236,0,0,320,240,1,2001,17646,67038,86615
2334,1824,528259876,1334121190,256318,571239,0,0,320,240,0,2001,11576,44548,57403
2335,1826,528481611,1334692426,221735,571236,0,0,320,240,0,2003,15495,59097,76300
2336,1827,528760315,1335263668,278704,571242,0,240,320,240,1,2004,6847,25876,33465
2337,1827,529023934,1335834907,263619,571239,0,240,320,240,0,2004,13789,53061,68445
2338,1828,529259060,1336406147,235126,571240,0,240,320,240,0,2005,9982,37951,48905
2339,1830,529518774,1336977383,259714,571236,0,0,320,240,1,2007,15256,58062,74966
2340,1830,529775821,1337548622,257047,571239,0,0,320,240,0,2007,11449,44100,56911
2341,1832,529996408,1338119858,220587,571236,0,0,320,240,0,2009,15835,60379,78087
2342,1833,530282984,1338691097,286576,571239,0,240,320,240,1,2010,5699,21678,28052
2343,1833,530575689,1339262338,292705,571241,0,240,320,240,0,2010,7007,26712,34505
2344,1833,530832394,1339833575,256705,571237,0,240,320,240,0,2010,11253,43292,55862
2345,1836,531054345,1340404811,221951,571236,0,240,320,240,0,2013,15717,59884,77516
2346,1837,531319511,1340976047,265166,571236,0,0,320,240,1,2014,13251,50470,65175
2347,1837,531579866,1341547287,260355,571240,0,0,320,240,0,2014,11244,43284,55794
2348,1839,531798358,1342118529,218492,571242,0,0,320,240,0,2016,16277,62116,80126
2349,1840,532075563,1342689765,277205,571236,0,240,320,240,1,2017,7770,29272,37969
2350,1840,532342329,1343261001,266766,571236,0,240,320,240,0,2017,12618,48512,62529
2351,1841,532576713,1343832238,234384,571237,0,240,320,240,0,2018,10961,42305,54546
2352,1843,532835276,1344403477,258563,571239,0,0,320,240,1,2020,17169,65393,84415
2353,1843,533089326,1344974713,254050,571236,0,0,320,240,0,2020,11748,45180,58173
2354,1845,533306619,1345545955,217293,571242,0,0,320,240,0,2022,17345,66073,85411
2355,1846,533587418,1346117191,280799,571236,0,240,320,240,1,2023,7164,26995,34972
2356,1846,533864475,1346688430,277057,571239,0,240,320,240,0,2023,13646,52706,68039
2357,1848,534084097,1347259666,219622,571236,0,240,320,240,0,2025,14593,55900,72131
2358,1849,534350639,1347830903,266542,571237,0,0,320,240,1,2026,12792,48851,63038
2359,1849,534613611,1348402139,262972,571236,0,0,320,240,0,2026,12850,49366,63669
2360,1851,534852236,1348973375,238625,571236,0,240,320,240,1,2028,12662,47863,61792
2361,1851,535134226,1349544615,281990,571240,0,240,320,240,0,2028,12387,47588,61382
2362,1853,535354573,1350115851,220347,571236,0,240,320,240,0,2030,14794,56495,72883
2363,1854,535627035,1350687090,272462,571239,0,0,320,240,1,2031,10420,39823,51397
2364,1854,535892702,1351258327,265667,571237,0,0,320,240,0,2031,13443,51720,66665
2365,1856,536123404,1351829567,230702,571240,0,240,320,240,1,2033,13540,51230,66345
2366,1856,536404546,1352400805,281142,571238,0,240,320,240,0,2033,10544,40402,52163
2367,1856,536645913,1352972041,241367,571236,0,240,320,240,0,2033,12811,49475,63880
2368,1859,536886440,1353543286,240527,571245,0,0,320,240,1,2036,18017,68485,88283
2369,1859,537141582,1354114528,255142,571242,0,0,320,240,0,2036,11258,43053,55627
2370,1861,537366250,1354685770,224668,571242,0,0,320,240,0,2038,14477,55202,71296
2371,1862,537644763,1355257010,278513,571240,0,240,320,240,1,2039,7621,28716,37102
2372,1862,537911349,1355828252,266586,571242,0,240,320,240,0,2039,12629,48572,62606
2373,1863,538144921,1356399499,233572,571247,0,240,320,240,0,2040,11452,44143,56846
2374,1865,538402566,1356970735,257645,571236,0,0,320,240,1,2042,17098,65069,84110
2375,1865,538659201,1357541971,256635,571236,0,0,320,240,0,2042,11486,44253,57071
2376,1867,538884637,1358113211,225436,571240,0,0,320,240,0,2044,13755,52045,67193
2377,1868,539163271,1358684447,278634,571236,0,240,320,240,1,2045,7580,28546,36973
2378,1868,539430332,1359255683,267061,571236,0,240,320,240,0,2045,12655,48670,62864
2379,1869,539665419,1359826919,235087,571236,0,240,320,240,0,2046,10699,40902,52813
2380,1871,539922740,1360398155,257321,571236,0,0,320,240,1,2048,16434,62525,80843
2381,1871,540178425,1360969403,255685,571248,0,0,320,240,0,2048,11699,45042,58091
2382,1873,540392912,1361540639,214487,571236,0,0,320,240,0,2050,17959,68371,88434
2383,1874,540669350,1362111875,276438,571236,0,240,320,240,1,2051,8062,30415,39232
2384,1874,540950348,1362683111,280998,571236,0,240,320,240,0,2051,12096,46492,59938
2385,1876,541164999,1363254348,214651,571237,0,240,320,240,0,2053,16246,61954,80059
2386,1877,541432274,1363825598,267275,571250,0,0,320,240,1,2054,12530,47830,61887
2387,1877,541696421,1364396836,264147,571238,0,0,320,240,0,2054,13339,51287,66224
2388,1879,541925647,1364968073,229226,571237,0,240,320,240,1,2056,12921,48949,63266
2389,1879,542207167,1365539309,281520,571236,0,240,320,240,0,2056,10492,40229,51941
2390,1879,542450808,1366110546,243641,571237,0,240,320,240,0,2056,12628,48799,63071
2391,1882,542679446,1366681782,228638,571236,0,0,320,240,1,2059,18632,70824,91591
2392,1882,542943815,1367253018,264369,571236,0,0,320,240,0,2059,10646,40749,52682
2393,1884,543160120,1367824256,216305,571238,0,0,320,240,0,2061,16417,62739,80918
2394,1885,543436721,1368395492,276601,571236,0,240,320,240,1,2062,7897,29785,38579
2395,1885,543703488,1368966728,266767,571236,0,240,320,240,0,2062,12680,48768,62754
2396,1886,543938808,1369537975,235320,571247,0,240,320,240,0,2063,10586,40453,52218
2397,1888,544190670,1370109217,251862,571242,0,0,320,240,1,2065,16542,62991,81277
2398,1888,544454028,1370680453,263358,571236,0,0,320,240,0,2065,12333,47526,61271
2399,1890,544673419,1371251689,219391,571236,0,0,320,240,0,2067,14837,56693,73234
2400,1891,544952785,1371822925,279366,571236,0,240,320,240,1,2068,7467,28410,36655
2401,1891,545246429,1372394161,293644,571236,0,240,320,240,0,2068,8038,30743,39831
2402,1891,545501295,1372965397,254866,571236,0,240,320,240,0,2068,11213,42839,55408
2403,1894,545713972,1373536633,212677,571236,0,240,320,240,0,2071,17234,65695,84640
2404,1895,545991135,1374107873,277163,571240,0,0,320,240,1,2072,9521,36603,47116
2405,1895,546244377,1374679115,253242,571242,0,0,320,240,0,2072,16579,63925,82333
2406,1897,546473800,1375250357,229423,571242,0,0,320,240,0,2074,10029,38078,49151
2407,1898,546751902,1375821593,278102,571236,0,240,320,240,1,2075,7452,28150,36323
2408,1898,547032162,1376392829,280260,571236,0,240,320,240,0,2075,12750,49010,63236
2409,1900,547250562,1376964068,218400,571239,0,240,320,240,0,2077,13947,53175,68692
2410,1901,547516747,1377535306,266185,571238,0,0,320,240,1,2078,13350,51137,65871
2411,1901,547778187,1378106548,261440,571242,0,0,320,240,0,2078,14513,56047,72286
2412,1903,547991410,1378677784,213223,571236,0,0,320,240,0,2080,14019,53038,68493
2413,1904,548269519,1379249025,278109,571241,0,240,320,240,1,2081,7426,28024,36167
2414,1904,548547936,1379820265,278417,571240,0,240,320,240,0,2081,14086,54424,70170
2415,1906,548767585,1380391501,219649,571236,0,240,320,240,0,2083,13074,49662,64184
2416,1907,549037118,1380962737,269533,571236,0,0,320,240,1,2084,12195,46796,60302
2417,1907,549299967,1381533978,262849,571241,0,0,320,240,0,2084,13137,50471,65239
2418,1909,549524047,1382105214,224080,571236,0,240,320,240,1,2086,13788,52327,67485
2419,1909,549805044,1382676451,280997,571237,0,240,320,240,0,2086,13658,52578,67626
2420,1909,550040653,1383256120,235609,579669,0,240,320,240,0,2086,11012,42447,54854
2421,1912,550294342,1383827356,253689,571236,0,0,320,240,1,2089,17632,67297,86820
2422,1912,550557744,1384398592,263402,571236,0,0,320,240,0,2089,13480,51789,66879
2423,1914,550778676,1384969828,220932,571236,0,0,320,240,0,2091,12095,45978,59356
2424,1915,551060245,1385541064,281569,571236,0,240,320,240,1,2092,6687,25195,32629
2425,1915,551339152,1386112300,278907,571236,0,240,320,240,0,2092,12494,48033,62101
2426,1917,551554157,1386683536,215005,571236,0,240,320,240,0,2094,15608,59701,77041
2427,1918,551823881,1387254772,269724,571236,0,0,320,240,1,2095,11619,44538,57352
2428,1918,552085605,1387826009,261724,571237,0,0,320,240,0,2095,15218,58815,75774
2429,1920,552304988,1388397245,219383,571236,0,0,320,240,0,2097,12129,46091,59465
2430,1921,552586343,1388968481,281355,571236,0,240,320,240,1,2098,6755,25462,33047
2431,1921,552863687,1389539718,277344,571237,0,240,320,240,0,2098,13862,53587,69081
2432,1923,553078991,1390110960,215304,571242,0,240,320,240,0,2100,15148,58021,74958
2433,1924,553339151,1390682196,260160,571236,0,0,320,240,1,2101,14307,54661,70546
2434,1924,553603881,1391253438,264730,571242,0,0,320,240,0,2101,14094,54206,69970
2435,1926,553803178,1391824674,199297,571236,0,0,320,240,0,2103,18644,70889,91564
2436,1927,554077651,1392395916,274473,571242,0,240,320,240,1,2104,8633,32655,42099
2437,1927,554357669,1392967152,280018,571236,0,240,320,240,0,2104,14102,54491,70290
2438,1928,554570708,1393538392,213039,571240,0,240,320,240,0,2105,14569,55826,71969
2439,1930,554822127,1394109628,251419,571236,0,0,320,240,1,2107,18530,70703,91328
2440,1930,555083792,1394680869,261665,571241,0,0,320,240,0,2107,15257,58968,76282
2441,1932,555286682,1395252105,202890,571236,0,0,320,240,0,2109,17436,66281,85584
2442,1933,555565444,1395823341,278762,571236,0,240,320,240,1,2110,7470,28177,36359
2443,1933,555843261,1396394582,277817,571241,0,240,320,240,0,2110,14067,54364,70152
2444,1934,556055425,1396965822,212164,571240,0,240,320,240,0,2111,15166,58129,74920
2445,1936,556307017,1397537062,251592,571240,0,0,320,240,1,2113,18332,69965,90207
2446,1936,556570425,1398108298,263408,571236,0,0,320,240,0,2113,13569,52139,67334
2447,1938,556771291,1398679534,200866,571236,0,0,320,240,0,2115,17568,66758,86277
2448,1939,557050204,1399250777,278913,571243,0,240,320,240,1,2116,7484,28258,36492
2449,1939,557327808,1399822018,277604,571241,0,240,320,240,0,2116,14081,54421,70133
2450,1940,557539950,1400393254,212142,571236,0,240,320,240,0,2117,15108,57903,74704
2451,1942,557791613,1400964490,251663,571236,0,0,320,240,1,2119,18259,69657,89926
2452,1942,558053331,1401535730,261718,571240,0,0,320,240,0,2119,15253,58957,76039
2453,1944,558255159,1402106972,201828,571242,0,0,320,240,0,2121,17556,66735,86282
2454,1945,558533762,1402678214,278603,571242,0,240,320,240,1,2122,7434,28038,36412
2455,1945,558813338,1403249453,279576,571239,0,240,320,240,0,2122,12717,48879,63097
2456,1946,559024472,1403820691,211134,571238,0,240,320,240,0,2123,15875,60784,78440
2457,1948,559278291,1404391927,253819,571236,0,0,320,240,1,2125,17489,66757,86071
2458,1948,559543119,1404963169,264828,571242,0,0,320,240,0,2125,12197,46572,60246
2459,1950,559748074,1405534411,204955,571242,0,0,320,240,0,2127,17473,66390,85837
2460,1951,560029669,1406105647,281595,571236,0,240,320,240,1,2128,6685,25184,32577
2461,1951,560308514,1406676883,278845,571236,0,240,320,240,0,2128,12489,48009,61987
2462,1953,560524673,1407248119,216159,571236,0,240,320,240,0,2130,15223,58163,75117
2463,1954,560797353,1407819360,272680,571241,0,0,320,240,1,2131,11700,44885,57936
2464,1954,561060659,1408390603,263306,571243,0,0,320,240,0,2131,12501,48033,61981
2465,1956,561286212,1408961840,225553,571237,0,0,320,240,0,2133,10816,41010,52959
2466,1957,561567834,1409533080,281622,571240,0,240,320,240,1,2134,6685,25183,32561
2467,1957,561846699,1410104320,278865,571240,0,240,320,240,0,2134,12489,48009,61987
2468,1959,562062864,1410675556,216165,571236,0,240,320,240,0,2136,15384,58812,75937
2469,1960,562334975,1411246792,272111,571236,0,0,320,240,1,2137,11440,43830,56545
2470,1960,562599625,1411818034,264650,571242,0,0,320,240,0,2137,11599,44226,57152
2471,1962,562816567,1412389270,216942,571236,0,0,320,240,0,2139,13614,51391,66565
2472,1963,563097872,1412960506,281305,571236,0,240,320,240,1,2140,6753,25457,32950
2473,1963,563375089,1413531746,277217,571240,0,240,320,240,0,2140,13821,53431,68901
2474,1965,563592041,1414102984,216952,571238,0,240,320,240,0,2142,14636,55763,72232
2475,1966,563860443,1414674220,268402,571236,0,0,320,240,1,2143,13177,50480,65101
2476,1966,564122197,1415245456,261754,571236,0,0,320,240,0,2143,13984,54018,69692
2477,1968,564354923,1415816692,232726,571236,0,240,320,240,1,2145,12027,45488,58786
2478,1968,564640770,1416387932,285847,571240,0,240,320,240,0,2145,13113,50348,65059
2479,1970,564863219,1416959177,222449,571245,0,240,320,240,0,2147,11596,43970,56957
2480,1971,565132225,1417530415,269006,571238,0,0,320,240,1,2148,13143,50383,64881
2481,1971,565386875,1418101661,254650,571246,0,0,320,240,0,2148,11572,44417,57281
2482,1973,565602571,1418672898,215696,571237,0,0,320,240,0,2150,17322,66020,85238
2483,1974,565883172,1419244134,280601,571236,0,240,320,240,1,2151,7144,26913,34904
2484,1974,566160334,1419815373,277162,571239,0,240,320,240,0,2151,14446,55841,72005
2485,1976,566378026,1420386610,217692,571237,0,240,320,240,0,2153,14216,53911,69655
2486,1977,566653855,1420957846,275829,571236,0,0,320,240,1,2154,10746,41318,53242
2487,1977,566910210,1421529087,256355,571241,0,0,320,240,0,2154,15812,60510,78297
2488,1979,567144437,1422100323,234227,571236,0,240,320,240,1,2156,12709,48116,62331
2489,1979,567425255,1422671559,280818,571236,0,240,320,240,0,2156,14822,57223,73815
2490,1980,567645591,1423242799,220336,571240,0,240,320,240,0,2157,14102,53901,69682
2491,1982,567907261,1423814037,261670,571238,0,0,320,240,1,2159,14788,56515,72994
2492,1982,568168986,1424385274,261725,571237,0,0,320,240,0,2159,14442,55420,71617
2493,1984,568396107,1424956512,227121,571238,0,240,320,240,1,2161,13980,53073,68735
2494,1984,568680904,1425527748,284797,571236,0,240,320,240,0,2161,10777,41370,53379
2495,1984,568926596,1426099049,245692,571301,0,240,320,240,0,2161,11806,45301,58487
2496,1987,569161345,1426670285,234749,571236,0,0,320,240,1,2164,18253,69545,89821
2497,1987,569422894,1427241521,261549,571236,0,0,320,240,0,2164,15580,60214,77541
2498,1989,569650150,1427812757,227256,571236,0,240,320,240,1,2166,13988,53067,68486
2499,1989,569933228,1428383993,283078,571236,0,240,320,240,0,2166,11354,43616,56221
2500,1989,570180079,1428955470,246851,571477,0,240,320,240,0,2166,12839,49557,63975
2501,1992,570405503,1429526714,225424,571244,0,0,320,240,1,2169,18310,69531,89818
2502,1992,570668623,1430097950,263120,571236,0,0,320,240,0,2169,13219,50728,65592
2503,1994,570888082,1430669186,219459,571236,0,0,320,240,0,2171,15079,57614,74355
2504,1995,571160458,1431240422,272376,571236,0,240,320,240,1,2172,9403,35511,45995
2505,1995,571424586,1431811662,264128,571240,0,240,320,240,0,2172,14617,56297,72510
2506,1996,571659953,1432382905,235367,571243,0,240,320,240,0,2173,10453,39923,51713
2507,1998,571908925,1432954146,248972,571241,0,0,320,240,1,2175,16073,60998,78825
2508,1998,572169885,1433525382,260960,571236,0,0,320,240,0,2175,16856,65067,83849
2509,2000,572393204,1434096618,223319,571236,0,0,320,240,0,2177,11275,42762,55147
2510,2001,572670287,1434667855,277083,571237,0,240,320,240,1,2178,8034,30580,39448
2511,2001,572958579,1435239095,288292,571240,0,240,320,240,0,2178,11941,45844,59191
2512,2001,573217988,1435810331,259409,571236,0,240,320,240,0,2178,14258,54737,70664
2513,2004,573434038,1436381568,216050,571237,0,0,320,240,1,2181,15972,60697,78406
2514,2004,573705962,1436952810,271924,571242,0,0,320,240,0,2181,16646,64399,82933
2515,2006,573921116,1437524052,215154,571242,0,0,320,240,0,2183,15576,59582,76934
2516,2007,574202596,1438095288,281480,571236,0,240,320,240,1,2184,6600,24837,32157
2517,2007,574476536,1438666527,273940,571239,0,240,320,240,0,2184,17153,66326,85474
2518,2009,574694008,1439237763,217472,571236,0,240,320,240,0,2186,13822,52469,67821
2519,2010,574964692,1439808999,270684,571236,0,0,320,240,1,2187,11632,44711,57581
2520,2010,575224080,1440380236,259388,571237,0,0,320,240,0,2187,16465,63632,81997
2521,2012,575452117,1440951477,228037,571241,0,0,320,240,0,2189,10033,38103,49254
2522,2013,575733585,1441522718,281468,571241,0,240,320,240,1,2190,6607,24890,32151
2523,2013,576007468,1442093960,273883,571242,0,240,320,240,0,2190,17179,66428,85806
2524,2014,576224013,1442665196,216545,571236,0,240,320,240,0,2191,13972,53372,68788
2525,2016,576485989,1443236432,261976,571236,0,0,320,240,1,2193,15029,57512,74153
2526,2016,576749558,1443807668,263569,571236,0,0,320,240,0,2193,15027,57818,74636
2527,2018,576966088,1444378908,216530,571240,0,0,320,240,0,2195,13120,49665,64256
2528,2019,577247558,1444950144,281470,571236,0,240,320,240,1,2196,6598,24832,32073
2529,2019,577521609,1445521384,274051,571240,0,240,320,240,0,2196,17176,66430,85768
2530,2020,577738145,1446092623,216536,571239,0,240,320,240,0,2197,13318,50406,65190
2531,2022,577997544,1446663862,259399,571239,0,0,320,240,1,2199,15660,59964,77437
2532,2022,578256896,1447235100,259352,571238,0,0,320,240,0,2199,16515,63860,82442
2533,2024,578469346,1447806337,212450,571237,0,0,320,240,0,2201,14754,55854,72317
2534,2025,578750933,1448377577,281587,571240,0,240,320,240,1,2202,6569,24732,32034
2535,2025,579026698,1448948819,275765,571242,0,240,320,240,0,2202,15816,60913,78537
2536,2027,579242894,1449520057,216196,571238,0,240,320,240,0,2204,14800,56659,73053
2537,2028,579505857,1450091293,262963,571236,0,0,320,240,1,2205,12259,46849,60562
2538,2028,579764044,1450662534,258187,571241,0,0,320,240,0,2205,17444,67497,87103
2539,2030,579984597,1451233770,220553,571236,0,0,320,240,0,2207,13305,50684,65519
2540,2031,580266119,1451805012,281522,571242,0,240,320,240,1,2208,6600,24835,32119
2541,2031,580540132,1452376248,274013,571236,0,240,320,240,0,2208,17184,66453,85800
2542,2032,580760105,1452947484,219973,571236,0,240,320,240,0,2209,12584,47570,61390
2543,2034,581008958,1453518721,248853,571237,0,0,320,240,1,2211,18581,71032,91660
2544,2034,581268064,1454089960,259106,571239,0,0,320,240,0,2211,16833,65109,84003
2545,2036,581476488,1454661196,208424,571236,0,0,320,240,0,2213,15964,60461,78171
2546,2037,581750279,1455232432,273791,571236,0,240,320,240,1,2214,8483,32030,41462
2547,2037,582026038,1455803673,275759,571241,0,240,320,240,0,2214,17262,66745,86197
2548,2037,582255452,1456375754,229414,572081,0,240,320,240,0,2214,14221,54310,70294
2549,2040,582482347,1456946990,226895,571236,0,0,320,240,1,2217,20705,78937,101965
2550,2040,582744939,1457518228,262592,571238,0,0,320,240,0,2217,15605,60109,77608
2551,2042,582950738,1458089467,205799,571239,0,0,320,240,0,2219,15828,59919,77435
2552,2043,583217296,1458660708,266558,571241,0,240,320,240,1,2220,11006,41595,53822
2553,2043,583492760,1459231947,275464,571239,0,240,320,240,0,2220,17250,66704,85878
2554,2044,583713351,1459803183,220591,571236,0,240,320,240,0,2221,11458,43589,56317
2555,2046,583962184,1460374419,248833,571236,0,0,320,240,1,2223,19374,74096,95465
2556,2046,584227896,1460945660,265712,571241,0,0,320,240,0,2223,14698,56769,73229
2557,2048,584446849,1461516896,218953,571236,0,0,320,240,0,2225,14523,55330,71433
2558,2049,584728204,1462088132,281355,571236,0,240,320,240,1,2226,6646,25039,32321
2559,2049,585002159,1462659368,273955,571236,0,240,320,240,0,2226,17179,66435,85672
2560,2049,585230191,1463230606,228032,571238,0,240,320,240,0,2226,11633,44742,57550
2561,2052,585485466,1463801846,255275,571240,0,0,320,240,1,2229,18475,70573,91101
2562,2052,585750765,1464373085,265299,571239,0,0,320,240,0,2229,14768,57059,73682
2563,2054,585970810,1464944321,220045,571236,0,0,320,240,0,2231,13700,52137,67288
2564,2055,586252293,1465515557,281483,571236,0,240,320,240,1,2232,6624,24930,32279
2565,2055,586526240,1466086793,273947,571236,0,240,320,240,0,2232,17155,66351,85647
2566,2056,586755992,1466658030,229752,571237,0,240,320,240,0,2233,10818,41114,53277
2567,2058,587012367,1467229266,256375,571236,0,0,320,240,1,2235,15756,60135,77816
2568,2058,587270114,1467800507,257747,571241,0,0,320,240,0,2235,17107,66169,85284
2569,2060,587492036,1468371743,221922,571236,0,0,320,240,0,2237,12797,48614,62848
2570,2061,587769996,1468942979,277960,571236,0,240,320,240,1,2238,7500,28289,36642
2571,2061,588045408,1469514215,275412,571236,0,240,320,240,0,2238,17240,66671,86014
2572,2061,588266942,1470085453,221534,571238,0,240,320,240,0,2238,18593,71012,91606
2573,2064,588479261,1470656693,212319,571240,0,0,320,240,1,2241,20238,76935,99304
2574,2064,588748254,1471227929,268993,571236,0,0,320,240,0,2241,15873,61440,79186
2575,2064,588962914,1471799165,214660,571236,0,0,320,240,0,2241,21843,83554,107934
2576,2067,589194713,1472370401,231799,571236,0,240,320,240,1,2244,16746,63321,81777
2577,2067,589470919,1472941642,276206,571241,0,240,320,240,0,2244,17392,67250,86680
2578,2067,589693118,1473512886,222199,571244,0,240,320,240,0,2244,17721,67431,87136
2579,2070,589911329,1474084127,218211,571241,0,0,320,240,1,2247,19277,73289,94881
2580,2070,590173469,1474655364,262140,571237,0,0,320,240,0,2247,16691,64583,83256
2581,2070,590387823,1475227342,214354,571978,0,0,320,240,0,2247,21339,81750,105332
2582,2073,590623784,1475798578,235961,571236,0,240,320,240,1,2250,16693,63108,81370
2583,2073,590899013,1476369814,275229,571236,0,240,320,240,0,2250,17226,66623,85958
2584,2073,591120713,1476941053,221700,571239,0,240,320,240,0,2250,18716,71728,92633
2585,2076,591334312,1477512294,213599,571241,0,0,320,240,1,2253,20180,76714,99224
2586,2076,591601404,1478083530,267092,571236,0,0,320,240,0,2253,15870,61422,79073
2587,2076,591816664,1478654795,215260,571265,0,0,320,240,0,2253,22181,85003,109749
2588,2079,592047838,1479226038,231174,571243,0,240,320,240,1,2256,16718,63213,81837
2589,2079,592323600,1479797275,275762,571237,0,240,320,240,0,2256,17491,67623,87123
2590,2079,592546491,1480368516,222891,571241,0,240,320,240,0,2256,17465,66441,85918
2591,2082,592762737,1480939757,216246,571241,0,0,320,240,1,2259,19548,74291,95896
2592,2082,593027396,1481511002,264659,571245,0,0,320,240,0,2259,15757,60693,78286
2593,2082,593239350,1482082238,211954,571236,0,0,320,240,0,2259,21400,81932,105719
2594,2085,593478689,1482653474,239339,571236,0,240,320,240,1,2262,16229,61336,79274
2595,2085,593755638,1483224712,276949,571238,0,240,320,240,0,2262,15885,61165,78935
2596,2085,593974508,1483795948,218870,571236,0,240,320,240,0,2262,20104,77012,99292
2597,2088,594189491,1484367184,214983,571236,0,0,320,240,1,2265,18677,70962,91686
2598,2088,594456354,1484938420,266863,571236,0,0,320,240,0,2265,15410,59364,76530
2599,2088,594670496,1485510212,214142,571792,0,0,320,240,0,2265,21523,82446,106264
2600,2091,594910098,1486081448,239602,571236,0,240,320,240,1,2268,15727,59396,76624
2601,2091,595185823,1486652684,275725,571236,0,240,320,240,0,2268,15762,60697,78420
2602,2093,595404451,1487223925,218628,571241,0,240,320,240,0,2270,13894,52731,68110
2603,2094,595670385,1487795162,265934,571237,0,0,320,240,1,2271,14343,54968,70862
2604,2094,595934627,1488366398,264242,571236,0,0,320,240,0,2271,14457,55611,71615
2605,2096,596137503,1488937639,202876,571241,0,0,320,240,0,2273,17118,64459,83255
2606,2097,596417198,1489508875,279695,571236,0,240,320,240,1,2274,7197,27138,35151
2607,2097,596691174,1490080111,273976,571236,0,240,320,240,0,2274,17137,66273,85478
2608,2097,596918050,1490679942,226876,599831,0,240,320,240,0,2274,14748,56100,72547
2609,2100,597170140,1491251182,252090,571240,0,0,320,240,1,2277,20650,78806,101867
2610,2100,597433440,1491822418,263300,571236,0,0,320,240,0,2277,13019,50037,64540
2611,2102,597650479,1492393654,217039,571236,0,0,320,240,0,2279,13647,51396,66578
2612,2103,597932435,1492964890,281956,571236,0,240,320,240,1,2280,7095,26720,34581
2613,2103,598204879,1493536126,272444,571236,0,240,320,240,0,2280,16131,62426,80602
2614,2105,598425937,1494107362,221058,571236,0,240,320,240,0,2282,13347,50635,65428
2615,2106,598698237,1494678603,272300,571241,0,0,320,240,1,2283,13240,50955,65632
2616,2106,598960366,1495249845,262129,571242,0,0,320,240,0,2283,13798,53316,68710
2617,2108,599199531,1495821081,239165,571236,0,240,320,240,1,2285,12055,45534,58922
2618,2108,599477804,1496392317,278273,571236,0,240,320,240,0,2285,15637,60194,77746
2619,2110,599697112,1496963553,219308,571236,0,240,320,240,0,2287,13740,52478,67792
2620,2111,599966329,1497534789,269217,571236,0,0,320,240,1,2288,14273,54908,70834
2621,2111,600229981,1498106025,263652,571236,0,0,320,240,0,2288,12058,46300,59932
2622,2113,600471639,1498677262,241658,571237,0,240,320,240,1,2290,12279,46353,59954
2623,2113,600746214,1499248498,274575,571236,0,240,320,240,0,2290,16745,64747,83601
2624,2115,600962852,1499819735,216638,571237,0,240,320,240,0,2292,14544,55150,71405
2625,2116,601234237,1500390976,271385,571241,0,0,320,240,1,2293,13625,52388,67705
2626,2116,601493339,1500962213,259102,571237,0,0,320,240,0,2293,14113,53853,69601
2627,2118,601722991,1501533452,229652,571239,0,0,320,240,0,2295,8651,32715,42228
2628,2119,602005256,1502104693,282265,571241,0,240,320,240,1,2296,7196,27093,35089
2629,2119,602277519,1502675935,272263,571242,0,240,320,240,0,2296,16024,62013,79864
2630,2121,602491514,1503247171,213995,571236,0,240,320,240,0,2298,16401,62284,80410
2631,2122,602762060,1503818412,270546,571241,0,0,320,240,1,2299,12807,49224,63522
2632,2122,603014627,1504389649,252567,571237,0,0,320,240,0,2299,16783,64413,83283
2633,2124,603245683,1504960885,231056,571236,0,0,320,240,0,2301,9861,37384,48226
2634,2125,603527967,1505532121,282284,571236,0,240,320,240,1,2302,7176,27005,34993
2635,2125,603802115,1506103358,274148,571237,0,240,320,240,0,2302,14588,56204,72536
2636,2127,604013674,1506674597,211559,571239,0,240,320,240,0,2304,17271,65628,84923
2637,2128,604284415,1507245841,270741,571244,0,0,320,240,1,2305,12874,49493,63913
2638,2128,604545673,1507817080,261258,571239,0,0,320,240,0,2305,14534,55991,71968
2639,2130,604772487,1508388322,226814,571242,0,0,320,240,0,2307,10190,38649,49961
2640,2131,605054920,1508959561,282433,571239,0,240,320,240,1,2308,7209,27148,35122
2641,2131,605327141,1509530801,272221,571240,0,240,320,240,0,2308,15959,61769,79739
2642,2133,605542834,1510102037,215693,571236,0,240,320,240,0,2310,15343,58370,75497
2643,2134,605812327,1510673273,269493,571236,0,0,320,240,1,2311,12599,48358,62488
2644,2134,606072463,1511244509,260136,571236,0,0,320,240,0,2311,15355,59189,76544
2645,2136,606299493,1511815745,227030,571236,0,0,320,240,0,2313,10406,39496,50956
2646,2137,606581789,1512386982,282296,571237,0,240,320,240,1,2314,7204,27133,35135
2647,2137,606854214,1512958220,272425,571238,0,240,320,240,0,2314,15965,61792,79706
2648,2139,607069371,1513529460,215157,571240,0,240,320,240,0,2316,15592,59361,76660
2649,2140,607339185,1514100696,269814,571236,0,0,320,240,1,2317,12590,48311,62371
2650,2140,607601588,1514671932,262403,571236,0,0,320,240,0,2317,14052,53885,69718
2651,2142,607834879,1515243171,233291,571239,0,240,320,240,1,2319,13049,49347,63846
2652,2142,608110890,1515814407,276011,571236,0,240,320,240,0,2319,16885,65262,84236
2653,2144,608337149,1516385644,226259,571237,0,240,320,240,0,2321,11652,44433,57488
2654,2145,608597508,1516956880,260359,571236,0,0,320,240,1,2322,17398,66725,86073
2655,2145,608859043,1517528119,261535,571239,0,0,320,240,0,2322,13140,50605,65308
2656,2147,609094919,1518099355,235876,571236,0,240,320,240,1,2324,13190,49885,64489
2657,2147,609371121,1518670591,276202,571236,0,240,320,240,0,2324,16795,64922,83780
2658,2148,609590003,1519241831,218882,571240,0,240,320,240,0,2325,13210,50415,65030
2659,2150,609850340,1519813067,260337,571236,0,0,320,240,1,2327,16010,61298,79114
2660,2150,610102909,1520384306,252569,571239,0,0,320,240,0,2327,16549,63515,82055
2661,2152,610334147,1520955542,231238,571236,0,0,320,240,0,2329,9888,37518,48476
2662,2153,610616377,1521526783,282230,571241,0,240,320,240,1,2330,7189,27072,35115
2663,2153,610888615,1522098023,272238,571240,0,240,320,240,0,2330,16016,61984,80017
2664,2155,611099868,1522669259,211253,571236,0,240,320,240,0,2332,16836,63965,82767
2665,2156,611368551,1523240495,268683,571236,0,0,320,240,1,2333,13563,52124,67093
2666,2156,611625916,1523811731,257365,571236,0,0,320,240,0,2333,15090,57622,74470
2667,2158,611854737,1524382971,228821,571240,0,0,320,240,0,2335,9745,36958,47744
2668,2159,612137046,1524954207,282309,571236,0,240,320,240,1,2336,7205,27136,35248
2669,2159,612409305,1525525446,272259,571239,0,240,320,240,0,2336,15940,61692,79588
2670,2161,612625849,1526096682,216544,571236,0,240,320,240,0,2338,14979,57021,73686
2671,2162,612896648,1526667922,270799,571240,0,0,320,240,1,2339,12991,49963,64394
2672,2162,613157994,1527239158,261346,571236,0,0,320,240,0,2339,14301,55078,71028
2673,2164,613386518,1527810396,228524,571238,0,0,320,240,0,2341,9495,35986,46505
2674,2165,613669051,1528381632,282533,571236,0,240,320,240,1,2342,7142,26886,34725
2675,2165,613943144,1528952868,274093,571236,0,240,320,240,0,2342,14562,56104,72349
2676,2167,614163911,1529524104,220767,571236,0,240,320,240,0,2344,15069,57382,74147
2677,2168,614434697,1530095344,270786,571240,0,0,320,240,1,2345,12990,49960,64540
2678,2168,614696078,1530666582,261381,571238,0,0,320,240,0,2345,14311,55117,71199
2679,2170,614924336,1531237818,228258,571236,0,0,320,240,0,2347,9596,36380,47069
2680,2171,615206738,1531809054,282402,571236,0,240,320,240,1,2348,7205,27137,35116
2681,2171,615479139,1532380290,272401,571236,0,240,320,240,0,2348,15940,61692,79607
2682,2173,615696181,1532951531,217042,571241,0,240,320,240,0,2350,14807,56343,72909
2683,2174,615966943,1533522770,270762,571239,0,0,320,240,1,2351,12984,49931,64424
2684,2174,616228394,1534094006,261451,571236,0,0,320,240,0,2351,14327,55167,71352
2685,2176,616456683,1534665244,228289,571238,0,0,320,240,0,2353,9597,36377,46979
2686,2177,616739036,1535236480,282353,571236,0,240,320,240,1,2354,7204,27131,35199
2687,2177,617011301,1535807718,272265,571238,0,240,320,240,0,2354,15934,61671,79494
2688,2179,617225090,1536378960,213789,571242,0,240,320,240,0,2356,15022,57184,73872
2689,2180,617496033,1536950196,270943,571236,0,0,320,240,1,2357,12968,49871,64311
2690,2180,617759033,1537521433,263000,571237,0,0,320,240,0,2357,12891,49371,63795
2691,2182,617996357,1538092669,237324,571236,0,240,320,240,1,2359,12527,47347,61165
2692,2182,618272204,1538663905,275847,571236,0,240,320,240,0,2359,16840,65096,83896
2693,2184,618492696,1539235143,220492,571238,0,240,320,240,0,2361,12836,48870,63331
2694,2185,618758405,1539806379,265709,571236,0,0,320,240,1,2362,15572,59836,77176
2695,2185,619019994,1540377615,261589,571236,0,0,320,240,0,2362,13137,50590,65334
2696,2187,619257630,1540948856,237636,571241,0,240,320,240,1,2364,12593,47603,61710
2697,2187,619534022,1541520092,276392,571236,0,240,320,240,0,2364,16873,65233,84023
2698,2189,619753112,1542091331,219090,571239,0,240,320,240,0,2366,12766,48629,62956
2699,2190,620017999,1542662575,264887,571244,0,0,320,240,1,2367,15175,58223,75111
2700,2190,620279509,1543233817,261510,571242,0,0,320,240,0,2367,14329,55189,71326
2701,2192,620508059,1543805058,228550,571241,0,0,320,240,0,2369,9609,36424,47022
2702,2193,620790379,1544376294,282320,571236,0,240,320,240,1,2370,7209,27148,35077
2703,2193,621062800,1544947530,272421,571236,0,240,320,240,0,2370,15950,61731,79674
2704,2195,621276323,1545518768,213523,571238,0,240,320,240,0,2372,16485,62787,80814
2705,2196,621546979,1546090004,270656,571236,0,0,320,240,1,2373,12800,49237,63458
2706,2196,621794810,1546661244,247831,571240,0,0,320,240,0,2373,18301,70201,90730
2707,2198,622024080,1547232484,229270,571240,0,0,320,240,0,2375,10633,40407,52145
2708,2199,622305475,1547803720,281395,571236,0,240,320,240,1,2376,7310,27559,35673
2709,2199,622578622,1548374956,273147,571236,0,240,320,240,0,2376,15497,59941,77240
2710,2201,622788025,1548946195,209403,571239,0,240,320,240,0,2378,18633,71070,91777
2711,2202,623057388,1549517434,269363,571239,0,0,320,240,1,2379,13053,50198,64646
2712,2202,623309511,1550088670,252123,571236,0,0,320,240,0,2379,17659,67898,87811
2713,2204,623539459,1550659906,229948,571236,0,0,320,240,0,2381,9882,37513,48482
2714,2205,623821501,1551231142,282042,571236,0,240,320,240,1,2382,7073,26654,34489
2715,2205,624096314,1551802379,274813,571237,0,240,320,240,0,2382,14075,54193,69964
2716,2207,624315097,1552373620,218783,571241,0,240,320,240,0,2384,15447,59037,76223
2717,2208,624583264,1552944856,268167,571236,0,0,320,240,1,2385,11806,45365,58553
2718,2208,624846303,1553516092,263039,571236,0,0,320,240,0,2385,15062,58197,75104
2719,2210,625067607,1554087328,221304,571236,0,0,320,240,0,2387,12086,45760,59135
2720,2211,625349566,1554658564,281959,571236,0,240,320,240,1,2388,7092,26714,34482
2721,2211,625622525,1555229804,272959,571240,0,240,320,240,0,2388,15439,59722,76964
2722,2213,625836582,1555801040,214057,571236,0,240,320,240,0,2390,15338,58024,75120
2723,2214,626104862,1556372278,268280,571238,0,0,320,240,1,2391,14551,55879,72093
2724,2214,626366695,1556943514,261833,571236,0,0,320,240,0,2391,13540,52309,67490
2725,2216,626593996,1557514750,227301,571236,0,0,320,240,0,2393,10621,40286,52045
2726,2217,626875886,1558085988,281890,571238,0,240,320,240,1,2394,7136,26900,34774
2727,2217,627148939,1558657229,273053,571241,0,240,320,240,0,2394,15435,59711,77043
2728,2219,627364016,1559228469,215077,571240,0,240,320,240,0,2396,16440,62802,81056
2729,2220,627636953,1559799707,272937,571238,0,0,320,240,1,2397,12769,49103,63351
2730,2220,627900343,1560370943,263390,571236,0,0,320,240,0,2397,12132,46642,60223
2731,2222,628128999,1560942179,228656,571236,0,0,320,240,0,2399,10603,40236,51997
2732,2223,628410973,1561513417,281974,571238,0,240,320,240,1,2400,7098,26737,34715
2733,2223,628683869,1562084653,272896,571236,0,240,320,240,0,2400,15428,59684,77121
2734,2225,628901716,1562655892,217847,571239,0,240,320,240,0,2402,14822,56263,72748
2735,2226,629174538,1563227134,272822,571242,0,0,320,240,1,2403,12813,49286,63544
2736,2226,629436403,1563798370,261865,571236,0,0,320,240,0,2403,13494,52146,67323
2737,2228,629664335,1564369606,227932,571236,0,0,320,240,0,2405,10561,40057,51749
2738,2229,629946357,1564940842,282022,571236,0,240,320,240,1,2406,7073,26659,34417
2739,2229,630221061,1565512081,274704,571239,0,240,320,240,0,2406,14073,54186,69918
2740,2231,630436957,1566083322,215896,571241,0,240,320,240,0,2408,16453,62870,81136
2741,2232,630709779,1566654564,272822,571242,0,0,320,240,1,2409,12811,49276,63671
2742,2232,630971479,1567225800,261700,571236,0,0,320,240,0,2409,13511,52196,67494
2743,2234,631198813,1567797036,227334,571236,0,0,320,240,0,2411,10673,40515,52377
2744,2235,631480782,1568368277,281969,571241,0,240,320,240,1,2412,7101,26753,34610
2745,2235,631753666,1568939519,272884,571242,0,240,320,240,0,2412,15399,59567,76799
2746,2237,631970261,1569510755,216595,571236,0,240,320,240,0,2414,14713,55632,71829
2747,2238,632234602,1570081992,264341,571237,0,0,320,240,1,2415,14041,53752,69472
2748,2238,632497998,1570653229,263396,571237,0,0,320,240,0,2415,13895,53432,68907
2749,2240,632711633,1571224465,213635,571236,0,0,320,240,0,2417,14678,55445,71804
2750,2241,632993435,1571795704,281802,571239,0,240,320,240,1,2418,7137,26902,34899
2751,2241,633266347,1572366944,272912,571240,0,240,320,240,0,2418,15433,59702,77064
2752,2242,633480281,1572938181,213934,571237,0,240,320,240,0,2419,15198,57927,74850
2753,2244,633735586,1573509417,255305,571236,0,0,320,240,1,2421,19498,74549,96371
2754,2244,633997564,1574080653,261978,571236,0,0,320,240,0,2421,13529,52262,67399
2755,2246,634219412,1574651889,221848,571236,0,0,320,240,0,2423,12483,47383,61356
2756,2247,634501347,1575223130,281935,571241,0,240,320,240,1,2424,7103,26752,34685
2757,2247,634774345,1575794367,272998,571237,0,240,320,240,0,2424,15428,59675,76960
2758,2249,634991243,1576365604,216898,571237,0,240,320,240,0,2426,14803,56165,72477
2759,2250,635259227,1576936846,267984,571242,0,0,320,240,1,2427,14674,56335,72670
2760,2250,635521083,1577508083,261856,571237,0,0,320,240,0,2427,13532,52277,67440
2761,2252,635742853,1578079320,221770,571237,0,0,320,240,0,2429,12440,47199,60849
2762,2253,636024718,1578650556,281865,571236,0,240,320,240,1,2430,7146,26934,34892
2763,2253,636297683,1579221796,272965,571240,0,240,320,240,0,2430,15434,59698,76937
2764,2255,636514576,1579793032,216893,571236,0,240,320,240,0,2432,15469,59170,76395
2765,2256,636779480,1580364268,264904,571236,0,0,320,240,1,2433,15737,60311,77902
2766,2256,637041304,1580935508,261824,571240,0,0,320,240,0,2433,13544,52319,67557
2767,2258,637262997,1581506744,221693,571236,0,0,320,240,0,2435,12521,47524,61369
2768,2259,637544904,1582077981,281907,571237,0,240,320,240,1,2436,7109,26773,34719
2769,2259,637817920,1582649217,273016,571236,0,240,320,240,0,2436,15419,59648,77008
2770,2261,638035016,1583220454,217096,571237,0,240,320,240,0,2438,15405,58414,75437
2771,2262,638303839,1583791695,268823,571241,0,0,320,240,1,2439,14132,54296,69964
2772,2262,638566029,1584362936,262190,571241,0,0,320,240,0,2439,13541,52322,67620
2773,2264,638781284,1584934173,215255,571237,0,0,320,240,0,2441,14903,56600,73045
2774,2265,639060474,1585505411,279190,571238,0,240,320,240,1,2442,7673,28973,37494
2775,2265,639334010,1586076650,273536,571239,0,240,320,240,0,2442,15852,61290,79081
2776,2265,639549152,1586647886,215142,571236,0,240,320,240,0,2442,21088,80619,104001
2777,2268,639771535,1587219128,222383,571242,0,0,320,240,1,2445,17875,67892,87648
2778,2268,640034043,1587790370,262508,571242,0,0,320,240,0,2445,15933,61630,79551
2779,2268,640244694,1588386915,210651,596545,0,0,320,240,0,2445,20637,78889,101781
2780,2271,640500320,1588958153,255626,571238,0,240,320,240,1,2448,17061,64557,83541
2781,2271,640772637,1589529389,272317,571236,0,240,320,240,0,2448,15089,58383,75215
2782,2271,640989985,1590100630,217348,571241,0,240,320,240,0,2448,20340,77425,99954
2783,2274,641214143,1590671866,224158,571236,0,0,320,240,1,2451,20061,76460,98737
2784,2274,641472751,1591243104,258608,571238,0,0,320,240,0,2451,16523,63895,82410
2785,2275,641673308,1591814340,200557,571236,0,0,320,240,0,2452,18446,70339,90639
2786,2277,641930435,1592385576,257127,571236,0,240,320,240,1,2454,16340,61841,79878
2787,2277,642202888,1592956820,272453,571244,0,240,320,240,0,2454,15020,58101,74965
2788,2277,642417678,1593528056,214790,571236,0,240,320,240,0,2454,21597,82735,106701
2789,2280,642641696,1594099297,224018,571241,0,0,320,240,1,2457,19491,74118,95817
2790,2280,642902659,1594670533,260963,571236,0,0,320,240,0,2457,16336,62955,81260
2791,2281,643102198,1595241769,199539,571236,0,0,320,240,0,2458,18582,70865,91579
2792,2283,643360134,1595813005,257936,571236,0,240,320,240,1,2460,16217,61372,79290
2793,2283,643633580,1596384246,273446,571241,0,240,320,240,0,2460,13686,52674,67990
2794,2283,643845942,1596955550,212362,571304,0,240,320,240,0,2460,20478,77956,100526
2795,2286,644075450,1597526786,229508,571236,0,0,320,240,1,2463,21099,80521,103996
2796,2286,644340882,1598098022,265432,571236,0,0,320,240,0,2463,13931,53583,69203
2797,2287,644532302,1598669259,191420,571237,0,0,320,240,0,2464,20392,77669,100232
2798,2289,644796009,1599240496,263707,571237,0,240,320,240,1,2466,14051,53176,68736
2799,2289,645069654,1599811732,273645,571236,0,240,320,240,0,2466,13750,52916,68152
2800,2289,645283739,1600382968,214085,571236,0,240,320,240,0,2466,22249,85255,110088
2801,2292,645509551,1600954205,225812,571237,0,0,320,240,1,2469,20299,77374,99880
2802,2292,645773718,1601525447,264167,571242,0,0,320,240,0,2469,14674,56462,72849
2803,2293,645967023,1602096683,193305,571236,0,0,320,240,0,2470,20265,77231,99580
2804,2295,646232336,1602667919,265313,571236,0,240,320,240,1,2472,13958,52841,68200
2805,2295,646502982,1603239160,270646,571241,0,240,320,240,0,2472,14759,57085,73602
2806,2296,646716475,1603810399,213493,571239,0,240,320,240,0,2473,15667,59176,76587
2807,2298,646974686,1604381636,258211,571237,0,0,320,240,1,2475,17246,66079,85290
2808,2298,647236459,1604952872,261773,571236,0,0,320,240,0,2475,13573,52438,67650
2809,2300,647442138,1605524110,205679,571238,0,0,320,240,0,2477,16784,63265,81835
2810,2301,647724179,1606095347,282041,571237,0,240,320,240,1,2478,7977,30143,39039
2811,2301,647995048,1606666592,270869,571245,0,240,320,240,0,2478,14729,56973,73458
2812,2302,648208632,1607237830,213584,571238,0,240,320,240,0,2479,16380,62248,80593
2813,2304,648473354,1607809070,264722,571240,0,0,320,240,1,2481,16660,63810,82344
2814,2304,648733465,1608380306,260111,571236,0,0,320,240,0,2481,11811,45421,58669
2815,2306,648975959,1608951542,242494,571236,0,240,320,240,1,2483,12550,47436,61249
2816,2306,649250036,1609522778,274077,571236,0,240,320,240,0,2483,15825,61193,78881
2817,2308,649467628,1610094019,217592,571241,0,240,320,240,0,2485,14947,57102,73665
2818,2309,649742066,1610665257,274438,571238,0,0,320,240,1,2486,13041,50140,64601
2819,2309,650000753,1611236494,258687,571237,0,0,320,240,0,2486,13066,50528,65175
2820,2311,650242243,1611807730,241490,571236,0,240,320,240,1,2488,12409,46888,60742
2821,2311,650517148,1612378972,274905,571242,0,240,320,240,0,2488,15992,61817,79667
2822,2313,650737212,1612950211,220064,571239,0,240,320,240,0,2490,13243,50217,64996
2823,2314,651011463,1613521453,274251,571242,0,0,320,240,1,2491,13137,50501,65191
2824,2314,651270242,1614092694,258779,571241,0,0,320,240,0,2491,13168,50912,65614
2825,2316,651512367,1614663930,242125,571236,0,240,320,240,1,2493,12248,46286,59715
2826,2316,651787461,1615235171,275094,571241,0,240,320,240,0,2493,15996,61832,79665
2827,2318,652003345,1615806409,215884,571238,0,240,320,240,0,2495,15288,58400,75301
2828,2319,652272995,1616377645,269650,571236,0,0,320,240,1,2496,14832,57007,73489
2829,2319,652536374,1616948881,263379,571236,0,0,320,240,0,2496,12573,48194,62268
2830,2321,652764902,1617520117,228528,571236,0,0,320,240,0,2498,10196,38686,49966
2831,2322,653042678,1618091358,277776,571241,0,240,320,240,1,2499,8728,32990,42684
2832,2322,653314109,1618662594,271431,571236,0,240,320,240,0,2499,16689,64580,83315
2833,2324,653525069,1619233831,210960,571237,0,240,320,240,0,2501,18185,69317,89743
2834,2325,653792685,1619805067,267616,571236,0,0,320,240,1,2502,15580,59931,77205
2835,2325,654046705,1620376309,254020,571242,0,0,320,240,0,2502,16633,64011,82797
2836,2327,654274066,1620947546,227361,571237,0,0,320,240,0,2504,10297,39052,50472
2837,2328,654547538,1621518782,273472,571236,0,240,320,240,1,2505,8573,32368,41972
2838,2328,654824428,1622090026,276890,571244,0,240,320,240,0,2505,15268,58773,75812
2839,2330,655038350,1622661262,213922,571236,0,240,320,240,0,2507,17064,65052,84204
2840,2331,655304406,1623232498,266056,571236,0,0,320,240,1,2508,15965,61326,79194
2841,2331,655564933,1623803737,260527,571239,0,0,320,240,0,2508,12073,46292,59831
2842,2333,655800828,1624374973,235895,571236,0,240,320,240,1,2510,13930,52711,68232
2843,2333,656077298,1624946209,276470,571236,0,240,320,240,0,2510,16716,64598,83303
2844,2335,656298822,1625517447,221524,571238,0,240,320,240,0,2512,13316,50982,65693
2845,2336,656559271,1626088683,260449,571236,0,0,320,240,1,2513,18417,70567,91128
2846,2336,656822311,1626659921,263040,571238,0,0,320,240,0,2513,12066,46366,59798
2847,2338,657053961,1627231161,231650,571240,0,240,320,240,1,2515,15015,56845,73454
2848,2338,657330942,1627802402,276981,571241,0,240,320,240,0,2515,15642,60294,77793
2849,2339,657564049,1628373642,233107,571240,0,240,320,240,0,2516,11747,45202,58381
2850,2341,657819322,1628944882,255273,571240,0,0,320,240,1,2518,19689,75008,96849
2851,2341,658078553,1629516118,259231,571236,0,0,320,240,0,2518,16391,63412,81643
2852,2343,658306263,1630087358,227710,571240,0,0,320,240,0,2520,13568,51407,66313
2853,2344,658581636,1630658594,275373,571236,0,240,320,240,1,2521,9401,35421,45802
2854,2344,658861812,1631229833,280176,571239,0,240,320,240,0,2521,15625,60128,77484
2855,2346,659087159,1631801069,225347,571236,0,240,320,240,0,2523,12182,46158,59703
2856,2347,659350852,1632372305,263693,571236,0,0,320,240,1,2524,16754,63779,82318
2857,2347,659609880,1632943541,259028,571236,0,0,320,240,0,2524,16018,61593,79484
2858,2349,659838314,1633514779,228434,571238,0,0,320,240,0,2526,13603,51569,66587
2859,2350,660112668,1634086015,274354,571236,0,240,320,240,1,2527,9605,36251,46833
2860,2350,660388957,1634657252,276289,571237,0,240,320,240,0,2527,16870,65205,84277
2861,2351,660607174,1635228491,218217,571239,0,240,320,240,0,2528,14845,56975,73598
2862,2353,660861126,1635799727,253952,571236,0,0,320,240,1,2530,19779,75319,97210
2863,2353,661116804,1636370964,255678,571237,0,0,320,240,0,2530,16566,63357,81900
2864,2355,661345672,1636942204,228868,571240,0,0,320,240,0,2532,10828,41183,53170
2865,2356,661623378,1637513445,277706,571241,0,240,320,240,1,2533,8501,32153,41495
2866,2356,661895095,1638084681,271717,571236,0,240,320,240,0,2533,16163,62540,80717
2867,2358,662103876,1638655919,208781,571238,0,240,320,240,0,2535,18877,72102,93115
2868,2359,662368247,1639227155,264371,571236,0,0,320,240,1,2536,15548,59770,77006
2869,2359,662627250,1639798391,259003,571236,0,0,320,240,0,2536,13334,51556,66594
2870,2361,662867409,1640369627,240159,571236,0,240,320,240,1,2538,12873,48666,62826
2871,2361,663143599,1640940863,276190,571236,0,240,320,240,0,2538,15369,59148,76334
2872,2363,663362210,1641512099,218611,571236,0,240,320,240,0,2540,14019,53218,68616
2873,2364,663630913,1642083335,268703,571236,0,0,320,240,1,2541,14421,55465,71545
2874,2364,663892162,1642654574,261249,571239,0,0,320,240,0,2541,13525,52274,67496
2875,2366,664111907,1643225811,219745,571237,0,0,320,240,0,2543,12738,48154,62097
2876,2367,664393931,1643797047,282024,571236,0,240,320,240,1,2544,7985,30166,39002
2877,2367,664663971,1644368288,270040,571241,0,240,320,240,0,2544,15504,59961,77307
2878,2369,664876420,1644939526,212449,571238,0,240,320,240,0,2546,16776,63912,82622
2879,2370,665137806,1645510766,261386,571240,0,0,320,240,1,2547,17065,65451,84364
2880,2370,665399318,1646082002,261512,571236,0,0,320,240,0,2547,13465,52064,67203
2881,2372,665623763,1646653238,224445,571236,0,0,320,240,0,2549,11572,43952,56738
2882,2373,665906008,1647224474,282245,571236,0,240,320,240,1,2550,7944,29988,38777
2883,2373,666176291,1647795711,270283,571237,0,240,320,240,0,2550,15330,59324,76537
2884,2375,666395134,1648366952,218843,571241,0,240,320,240,0,2552,14820,56225,72693
2885,2376,666667968,1648938192,272834,571240,0,0,320,240,1,2553,13671,52574,67896
2886,2376,666927091,1649509434,259123,571242,0,0,320,240,0,2553,13352,51640,66617
2887,2378,667155815,1650080672,228724,571238,0,0,320,240,0,2555,10645,40362,52099
2888,2379,667437865,1650651913,282050,571241,0,240,320,240,1,2556,7982,30155,39029
2889,2379,667708322,1651223152,270457,571239,0,240,320,240,0,2556,15307,59231,76441
2890,2381,667924069,1651794388,215747,571236,0,240,320,240,0,2558,16466,62877,81189
2891,2382,668196986,1652365630,272917,571242,0,0,320,240,1,2559,13673,52579,67855
2892,2382,668456062,1652936866,259076,571236,0,0,320,240,0,2559,13380,51737,66753
2893,2384,668684295,1653508107,228233,571241,0,0,320,240,0,2561,10680,40527,52361
2894,2385,668966533,1654079343,282238,571236,0,240,320,240,1,2562,7941,29985,38903
2895,2385,669236703,1654650579,270170,571236,0,240,320,240,0,2562,15296,59188,76414
2896,2387,669455636,1655221815,218933,571236,0,240,320,240,0,2564,14839,56306,72714
2897,2388,669725103,1655793051,269467,571236,0,0,320,240,1,2565,13235,50910,65622
2898,2388,669987062,1656364291,261959,571240,0,0,320,240,0,2565,13792,53300,68732
2899,2390,670205953,1656935531,218891,571240,0,0,320,240,0,2567,13064,49362,63882
2900,2391,670488018,1657506767,282065,571236,0,240,320,240,1,2568,7982,30155,39115
2901,2391,670758549,1658078003,270531,571236,0,240,320,240,0,2568,15283,59146,76331
2902,2392,670971578,1658649245,213029,571242,0,240,320,240,0,2569,16542,63035,81528
2903,2394,671234858,1659220482,263280,571237,0,0,320,240,1,2571,17227,66018,85168
2904,2394,671494127,1659791722,259269,571240,0,0,320,240,0,2571,13313,51478,66314
2905,2396,671705973,1660362963,211846,571241,0,0,320,240,0,2573,15566,58837,76135
2906,2397,671988166,1660934199,282193,571236,0,240,320,240,1,2574,7951,30012,38790
2907,2397,672258548,1661505435,270382,571236,0,240,320,240,0,2574,15295,59182,76257
2908,2399,672473313,1662076676,214765,571241,0,240,320,240,0,2576,16135,61185,79171
2909,2400,672745021,1662647923,271708,571247,0,0,320,240,1,2577,14051,54016,69661
2910,2400,673004233,1663219159,259212,571236,0,0,320,240,0,2577,13363,51653,66590
2911,2402,673227088,1663790397,222855,571238,0,0,320,240,0,2579,12454,47253,61159
2912,2403,673509138,1664361636,282050,571239,0,240,320,240,1,2580,7987,30172,38956
2913,2403,673779596,1664932873,270458,571237,0,240,320,240,0,2580,15289,59163,76383
2914,2405,673994100,1665504111,214504,571238,0,240,320,240,0,2582,16565,63286,81790
2915,2406,674262249,1666075349,268149,571238,0,0,320,240,1,2583,15452,59300,76702
2916,2406,674521500,1666646585,259251,571236,0,0,320,240,0,2583,13356,51636,66660
2917,2408,674743965,1667217824,222465,571239,0,0,320,240,0,2585,12492,47405,61233
2918,2409,675026132,1667789061,282167,571237,0,240,320,240,1,2586,7948,30001,38848
2919,2409,675296498,1668360298,270366,571237,0,240,320,240,0,2586,15289,59155,76219
2920,2411,675511439,1668931534,214941,571236,0,240,320,240,0,2588,16234,61573,79559
2921,2412,675782869,1669502770,271430,571236,0,0,320,240,1,2589,14115,54252,69996
2922,2412,676042175,1670074007,259306,571237,0,0,320,240,0,2589,13346,51600,66586
2923,2414,676265567,1670645243,223392,571236,0,0,320,240,0,2591,12476,47323,61170
2924,2415,676547608,1671216479,282041,571236,0,240,320,240,1,2592,7987,30170,38958
2925,2415,676818047,1671787716,270439,571237,0,240,320,240,0,2592,15319,59272,76356
2926,2417,677033203,1672358957,215156,571241,0,240,320,240,0,2594,16848,64354,82892
2927,2418,677292497,1672930193,259294,571236,0,0,320,240,1,2595,15874,60871,78509
2928,2418,677547432,1673501429,254935,571236,0,0,320,240,0,2595,12213,46954,60582
2929,2418,677750797,1674078795,203365,577366,0,0,320,240,0,2595,20434,78007,100689
2930,2421,678007218,1674650031,256421,571236,0,240,320,240,1,2598,17034,64449,83475
2931,2421,678266293,1675221267,259075,571236,0,240,320,240,0,2598,17241,66492,85642
2932,2421,678500501,1675792508,234208,571241,0,240,320,240,0,2598,15568,59161,76476
2933,2424,678712817,1676363750,212316,571242,0,0,320,240,1,2601,20592,78186,101119
2934,2424,678972939,1676934986,260122,571236,0,0,320,240,0,2601,17150,66151,85334
2935,2424,679200073,1677506222,227134,571236,0,0,320,240,0,2601,17300,66321,85548
2936,2427,679413226,1678077464,213153,571242,0,240,320,240,1,2604,20275,76847,99361
2937,2427,679690569,1678648700,277343,571236,0,240,320,240,0,2604,13891,53475,69012
2938,2427,679934727,1679219936,244158,571236,0,240,320,240,0,2604,13997,53902,69543
2939,2430,680118880,1679791173,184153,571237,0,240,320,240,0,2607,25949,98626,127187
2940,2431,680384772,1680362413,265892,571240,0,0,320,240,1,2608,15967,61329,79181
2941,2431,680637110,1680933655,252338,571242,0,0,320,240,0,2608,13749,53102,68437
2942,2432,680834882,1681504896,197772,571241,0,0,320,240,0,2609,19452,74089,95707
2943,2434,681095428,1682076132,260546,571236,0,240,320,240,1,2611,15161,57397,74031
2944,2434,681361725,1682647373,266297,571241,0,240,320,240,0,2611,16052,62099,80105
2945,2434,681582339,1683218609,220614,571236,0,240,320,240,0,2611,19340,74075,95642
2946,2437,681799684,1683789845,217345,571236,0,0,320,240,1,2614,20011,76147,98168
2947,2437,682062321,1684361087,262637,571242,0,0,320,240,0,2614,14068,54438,70119
2948,2437,682273059,1684932488,210738,571401,0,0,320,240,0,2614,20432,77766,100473
2949,2440,682512016,1685503724,238957,571236,0,240,320,240,1,2617,16470,62253,80704
2950,2440,682776301,1686074964,264285,571240,0,240,320,240,0,2617,16815,65012,83876
2951,2440,683008992,1686646200,232691,571236,0,240,320,240,0,2617,16394,62893,81152
2952,2443,683215192,1687217436,206200,571236,0,240,320,240,0,2620,18914,71791,92795
2953,2444,683484378,1687788672,269186,571236,0,0,320,240,1,2621,14761,56718,73215
2954,2444,683738179,1688359908,253801,571236,0,0,320,240,0,2621,13413,51868,66978
2955,2445,683933122,1688931144,194943,571236,0,0,320,240,0,2622,20187,76920,99228
2956,2447,684198595,1689502380,265473,571236,0,240,320,240,1,2624,13868,52494,67656
2957,2447,684464018,1690073616,265423,571236,0,240,320,240,0,2624,16658,64428,83080
2958,2447,684678706,1690644852,214688,571236,0,240,320,240,0,2624,22298,84982,109792
2959,2450,684897074,1691216088,218368,571236,0,0,320,240,1,2627,18675,71027,91686
2960,2450,685157963,1691787328,260889,571240,0,0,320,240,0,2627,17468,67531,87218
2961,2452,685370919,1692358572,212956,571244,0,0,320,240,0,2629,16285,61698,79849
2962,2453,685652149,1692929809,281230,571237,0,240,320,240,1,2630,8723,32998,42776
2963,2453,685915204,1693501052,263055,571243,0,240,320,240,0,2630,16880,65251,84115
2964,2455,686130408,1694072297,215204,571245,0,240,320,240,0,2632,15571,58552,75847
2965,2456,686396602,1694643533,266194,571236,0,0,320,240,1,2633,16471,63190,81501
2966,2456,686653968,1695214773,257366,571240,0,0,320,240,0,2633,13091,50632,65294
2967,2458,686876697,1695786011,222729,571238,0,0,320,240,0,2635,12756,47965,62109
2968,2459,687160487,1696357248,283790,571237,0,240,320,240,1,2636,7946,30037,38740
2969,2459,687423645,1696928484,263158,571236,0,240,320,240,0,2636,16837,65098,83882
2970,2461,687651009,1697499722,227364,571238,0,240,320,240,0,2638,12776,48754,63038
2971,2462,687923669,1698070962,272660,571240,0,0,320,240,1,2639,14178,54482,70236
2972,2462,688181258,1698642198,257589,571236,0,0,320,240,0,2639,13088,50595,65227
2973,2464,688427169,1699213436,245911,571238,0,240,320,240,1,2641,12360,46687,60491
2974,2464,688695181,1699784674,268012,571238,0,240,320,240,0,2641,16649,64368,82954
2975,2466,688918143,1700355913,222962,571239,0,240,320,240,0,2643,14008,53466,69032
2976,2467,689191232,1700927153,273089,571240,0,0,320,240,1,2644,14094,54193,69918
2977,2467,689448819,1701498389,257587,571236,0,0,320,240,0,2644,12804,49507,63793
2978,2469,689695223,1702069630,246404,571241,0,240,320,240,1,2646,12749,48173,62462
2979,2469,689961369,1702640868,266146,571238,0,240,320,240,0,2646,16677,64495,83212
2980,2471,690190475,1703212104,229106,571236,0,240,320,240,0,2648,11800,44682,57774
2981,2472,690463221,1703783341,272746,571237,0,0,320,240,1,2649,14166,54418,70384
2982,2472,690722412,1704354578,259191,571237,0,0,320,240,0,2649,11464,44021,56789
2983,2474,690969591,1704925814,247179,571236,0,240,320,240,1,2651,13199,49845,64275
2984,2474,691237116,1705497050,267525,571236,0,240,320,240,0,2651,16570,64073,82615
2985,2476,691452620,1706068289,215504,571239,0,240,320,240,0,2653,17479,66606,86065
2986,2477,691725354,1706639529,272734,571240,0,0,320,240,1,2654,14218,54659,70617
2987,2477,691984143,1707210766,258789,571237,0,0,320,240,0,2654,11736,45001,58086
2988,2479,692226721,1707782008,242578,571242,0,240,320,240,1,2656,11881,44887,58135
2989,2479,692498894,1708353244,272173,571236,0,240,320,240,0,2656,16730,64672,83314
2990,2481,692713693,1708924484,214799,571240,0,240,320,240,0,2658,16325,62375,80508
2991,2482,692986196,1709495726,272503,571242,0,0,320,240,1,2659,14223,54646,70555
2992,2482,693243836,1710066965,257640,571239,0,0,320,240,0,2659,12984,50192,64670
2993,2484,693491116,1710638203,247280,571238,0,240,320,240,1,2661,12265,46346,59945
2994,2484,693758614,1711209444,267498,571241,0,240,320,240,0,2661,16490,63769,82317
2995,2486,693983746,1711780683,225132,571239,0,240,320,240,0,2663,13722,52392,67742
2996,2487,694256803,1712351924,273057,571241,0,0,320,240,1,2664,14117,54281,70007
2997,2487,694514276,1712923165,257473,571241,0,0,320,240,0,2664,12746,49290,63439
2998,2489,694761843,1713494407,247567,571242,0,240,320,240,1,2666,12774,48298,62382
2999,2489,695027881,1714065644,266038,571237,0,240,320,240,0,2666,16396,63395,81749
3000,2491,695257363,1714636884,229482,571240,0,240,320,240,0,2668,11735,44435,57462
3001,2492,695529891,1715208123,272528,571239,0,0,320,240,1,2669,14229,54681,70577
3002,2492,695787308,1715779365,257417,571242,0,0,320,240,0,2669,13021,50354,64875
3003,2494,696017011,1716350601,229703,571236,0,0,320,240,0,2671,10673,40221,52086
3004,2495,696300807,1716921843,283796,571242,0,240,320,240,1,2672,7946,30039,38833
3005,2495,696563854,1717493086,263047,571243,0,240,320,240,0,2672,16664,64418,82944
3006,2497,696780239,1718064323,216385,571237,0,240,320,240,0,2674,16417,62403,80859
3007,2498,697052723,1718635564,272484,571241,0,0,320,240,1,2675,14226,54667,70564
3008,2498,697310033,1719206803,257310,571239,0,0,320,240,0,2675,13057,50484,65101
3009,2500,697530644,1719778039,220611,571236,0,0,320,240,0,2677,13154,49625,64128
3010,2501,697814508,1720349278,283864,571239,0,240,320,240,1,2678,7904,29863,38614
3011,2501,698077666,1720920514,263158,571236,0,240,320,240,0,2678,16683,64486,83226
3012,2503,698303971,1721491755,226305,571241,0,240,320,240,0,2680,12796,48460,62679
3013,2504,698576549,1722062995,272578,571240,0,0,320,240,1,2681,14232,54689,70518
3014,2504,698833821,1722634231,257272,571236,0,0,320,240,0,2681,13080,50593,65148
3015,2506,699065791,1723205470,231970,571239,0,0,320,240,0,2683,9955,37722,48721
3016,2507,699349542,1723776712,283751,571242,0,240,320,240,1,2684,7945,30038,38861
3017,2507,699612822,1724347948,263280,571236,0,240,320,240,0,2684,16700,64559,83258
3018,2509,699833589,1724919189,220767,571241,0,240,320,240,0,2686,14498,55344,71529
3019,2510,700106085,1725490425,272496,571236,0,0,320,240,1,2687,14233,54686,70525
3020,2510,700363576,1726061661,257491,571236,0,0,320,240,0,2687,13046,50444,65209
3021,2512,700589339,1726632900,225763,571239,0,0,320,240,0,2689,11904,45183,58342
3022,2513,700869757,1727204137,280418,571237,0,240,320,240,1,2690,8532,32260,41833
3023,2513,701135075,1727775376,265318,571239,0,240,320,240,0,2690,16568,64065,82680
3024,2515,701345054,1728346615,209979,571239,0,240,320,240,0,2692,17695,67018,86763
3025,2516,701608062,1728917855,263008,571240,0,0,320,240,1,2693,16767,64414,83137
3026,2516,701867175,1729489093,259113,571238,0,0,320,240,0,2693,13426,51891,66969
3027,2518,702077127,1730060335,209952,571242,0,0,320,240,0,2695,16553,62834,81202
3028,2519,702357430,1730631571,280303,571236,0,240,320,240,1,2696,8510,32193,41753
3029,2519,702623057,1731202808,265627,571237,0,240,320,240,0,2696,16533,63945,82440
3030,2521,702832365,1731774048,209308,571240,0,240,320,240,0,2698,18241,69686,89940
3031,2522,703092028,1732345284,259663,571236,0,0,320,240,1,2699,18136,69503,89598
3032,2522,703351160,1732916520,259132,571236,0,0,320,240,0,2699,13397,51799,66805
3033,2524,703561548,1733487756,210388,571236,0,0,320,240,0,2701,16671,63379,81855
3034,2525,703841986,1734058995,280438,571239,0,240,320,240,1,2702,8533,32261,41766
3035,2525,704107162,1734630236,265176,571241,0,240,320,240,0,2702,16631,64313,82966
3036,2527,704316653,1735201476,209491,571240,0,240,320,240,0,2704,18068,68497,88494
3037,2528,704580684,1735772714,264031,571238,0,0,320,240,1,2705,16450,63178,81505
3038,2528,704839675,1736343950,258991,571236,0,0,320,240,0,2705,13378,51722,66742
3039,2530,705049547,1736915186,209872,571236,0,0,320,240,0,2707,16609,63062,81428
3040,2531,705329890,1737486428,280343,571242,0,240,320,240,1,2708,8526,32253,41795
3041,2531,705595509,1738057667,265619,571239,0,240,320,240,0,2708,16522,63898,82308
3042,2533,705804771,1738628907,209262,571240,0,240,320,240,0,2710,18470,70543,91039
3043,2534,706065171,1739200144,260400,571237,0,0,320,240,1,2711,17846,68393,88248
3044,2534,706323934,1739771380,258763,571236,0,0,320,240,0,2711,13400,51790,66857
3045,2536,706533588,1740342616,209654,571236,0,0,320,240,0,2713,16660,63310,81857
3046,2537,706814025,1740913856,280437,571240,0,240,320,240,1,2714,8519,32217,41685
3047,2537,707080007,1741485097,265982,571241,0,240,320,240,0,2714,16397,63399,81721
3048,2539,707301329,1742056335,221322,571238,0,240,320,240,0,2716,13451,50955,65913
3049,2540,707573839,1742627572,272510,571237,0,0,320,240,1,2717,14231,54687,70645
3050,2540,707831362,1743198811,257523,571239,0,0,320,240,0,2717,12980,50189,64746
3051,2542,708063643,1743770049,232281,571238,0,0,320,240,0,2719,9890,37466,48345
3052,2543,708347575,1744341285,283932,571236,0,240,320,240,1,2720,7875,29761,38490
3053,2543,708611381,1744912521,263806,571236,0,240,320,240,0,2720,16372,63026,81359
3054,2545,708836968,1745483757,225587,571236,0,240,320,240,0,2722,13155,50142,64742
3055,2546,709109698,1746054993,272730,571236,0,0,320,240,1,2723,14190,54524,70304
3056,2546,709368793,1746626229,259095,571236,0,0,320,240,0,2723,11574,44491,57411
3057,2548,709588220,1747197465,219427,571236,0,0,320,240,0,2725,13853,52243,67501
3058,2549,709872556,1747768701,284336,571236,0,240,320,240,1,2726,7808,29483,38181
3059,2549,710136444,1748339937,263888,571236,0,240,320,240,0,2726,16307,62690,80966
3060,2551,710355352,1748911177,218908,571240,0,240,320,240,0,2728,14409,54324,70313
3061,2552,710628094,1749482415,272742,571238,0,0,320,240,1,2729,14190,54528,70336
3062,2552,710887279,1750053654,259185,571239,0,0,320,240,0,2729,11590,44534,57500
3063,2554,711115659,1750624890,228380,571236,0,0,320,240,0,2731,11343,42729,55318
3064,2555,711399684,1751196126,284025,571236,0,240,320,240,1,2732,7873,29755,38465
3065,2555,711663439,1751767372,263755,571246,0,240,320,240,0,2732,16376,63047,81425
3066,2557,711888202,1752338609,224763,571237,0,240,320,240,0,2734,13444,51015,66076
3067,2558,712160943,1752909845,272741,571236,0,0,320,240,1,2735,14194,54540,70359
3068,2558,712420122,1753481084,259179,571239,0,0,320,240,0,2735,11597,44555,57516
3069,2560,712667936,1754052325,247814,571241,0,240,320,240,1,2737,12973,49070,63540
3070,2560,712933280,1754623561,265344,571236,0,240,320,240,0,2737,15856,61019,78806
3071,2562,713163121,1755194797,229841,571236,0,240,320,240,0,2739,11983,45704,58948
3072,2563,713436309,1755766033,273188,571236,0,0,320,240,1,2740,14056,54039,69649
3073,2563,713695333,1756337269,259024,571236,0,0,320,240,0,2740,11387,43756,56446
3074,2565,713944082,1756908512,248749,571243,0,240,320,240,1,2742,12920,48839,63119
3075,2565,714208647,1757479749,264565,571237,0,240,320,240,0,2742,16086,61857,79851
3076,2567,714441889,1758050989,233242,571240,0,240,320,240,0,2744,10252,38782,50213
3077,2568,714711012,1758622229,269123,571240,0,0,320,240,1,2745,13716,52717,67902
3078,2568,714973048,1759193467,262036,571238,0,0,320,240,0,2745,12091,46447,59885
3079,2570,715219299,1759764703,246251,571236,0,240,320,240,1,2747,11817,44573,57480
3080,2570,715488593,1760335939,269294,571236,0,240,320,240,0,2747,15737,60585,78153
3081,2572,715716335,1760907175,227742,571236,0,240,320,240,0,2749,12591,47623,61499
3082,2573,715989241,1761478411,272906,571236,0,0,320,240,1,2750,14283,54909,70777
3083,2573,716241895,1762049648,252654,571237,0,0,320,240,0,2750,14688,56226,72680
3084,2575,716485641,1762620884,243746,571236,0,240,320,240,1,2752,12314,46495,60167
3085,2575,716758646,1763192120,273005,571236,0,240,320,240,0,2752,15222,58584,75709
3086,2577,716982556,1763763360,223910,571240,0,240,320,240,0,2754,13055,49444,63965
3087,2578,717255039,1764334596,272483,571236,0,0,320,240,1,2755,14406,55343,71447
3088,2578,717507839,1764905833,252800,571237,0,0,320,240,0,2755,14913,57099,73702
3089,2580,717751580,1765477069,243741,571236,0,240,320,240,1,2757,12266,46319,59974
3090,2580,718025098,1766048305,273518,571236,0,240,320,240,0,2757,15116,58186,75179
3091,2582,718239145,1766619545,214047,571240,0,240,320,240,0,2759,17581,66996,86570
3092,2583,718512372,1767190785,273227,571240,0,0,320,240,1,2760,14219,54641,70523
3093,2583,718772559,1767762026,260187,571241,0,0,320,240,0,2760,10296,39165,50706
3094,2585,719019577,1768333265,247018,571239,0,240,320,240,1,2762,13180,49858,64313
3095,2585,719285366,1768904509,265789,571244,0,240,320,240,0,2762,15745,60591,78134
3096,2587,719508243,1769475745,222877,571236,0,240,320,240,0,2764,14637,55884,72363
3097,2588,719781163,1770046983,272920,571238,0,0,320,240,1,2765,14133,54289,70079
3098,2588,720040442,1770618219,259279,571236,0,0,320,240,0,2765,10854,41382,53598
3099,2590,720291243,1771189455,250801,571236,0,240,320,240,1,2767,12178,46010,59578
3100,2590,720555932,1771760694,264689,571239,0,240,320,240,0,2767,16089,61926,80003
3101,2592,720786113,1772331934,230181,571240,0,240,320,240,0,2769,11816,45048,58199
3102,2593,721059458,1772903170,273345,571236,0,0,320,240,1,2770,14049,54019,69765
3103,2593,721318177,1773474412,258719,571242,0,0,320,240,0,2770,11430,43928,56827
3104,2595,721558507,1774045648,240330,571236,0,240,320,240,1,2772,13629,51337,66573
3105,2595,721832481,1774616884,273974,571236,0,240,320,240,0,2772,15506,59669,76897
3106,2597,722045829,1775188122,213348,571238,0,240,320,240,0,2774,16443,62527,80783
3107,2598,722313543,1775759360,267714,571238,0,0,320,240,1,2775,14114,54246,70010
3108,2598,722575323,1776330596,261780,571236,0,0,320,240,0,2775,12166,46730,60362
3109,2600,722797783,1776901833,222460,571237,0,0,320,240,0,2777,12250,46182,59775
3110,2601,723081836,1777473069,284053,571236,0,240,320,240,1,2778,7880,29783,38654
3111,2601,723345500,1778044310,263664,571241,0,240,320,240,0,2778,16426,63241,81567
3112,2603,723570549,1778615551,225049,571241,0,240,320,240,0,2780,13232,50459,65328
3113,2604,723843499,1779186787,272950,571236,0,0,320,240,1,2781,14135,54298,69997
3114,2604,724102404,1779758023,258905,571236,0,0,320,240,0,2781,10809,41144,53132
3115,2606,724347776,1780329270,245372,571247,0,240,320,240,1,2783,12875,48683,63011
3116,2606,724616923,1780900507,269147,571237,0,240,320,240,0,2783,15781,60755,78357
3117,2608,724837629,1781471743,220706,571236,0,240,320,240,0,2785,14896,56836,73461
3118,2609,725110774,1782042980,273145,571237,0,0,320,240,1,2786,14052,54032,69705
3119,2609,725369508,1782614221,258734,571241,0,0,320,240,0,2786,11433,43948,56783
3120,2611,725611056,1783185457,241548,571236,0,240,320,240,1,2788,13647,51610,66805
3121,2611,725884644,1783756693,273588,571236,0,240,320,240,0,2788,15125,58222,75262
3122,2613,726102026,1784327932,217382,571239,0,240,320,240,0,2790,15599,59555,76840
3123,2614,726374753,1784899174,272727,571242,0,0,320,240,1,2791,14190,54528,70494
3124,2614,726633560,1785470410,258807,571236,0,0,320,240,0,2791,11656,44806,57786
3125,2616,726875242,1786041653,241682,571243,0,240,320,240,1,2793,13421,50727,65653
3126,2616,727148638,1786612891,273396,571238,0,240,320,240,0,2793,15289,58843,75932
3127,2618,727368710,1787184130,220072,571239,0,240,320,240,0,2795,14025,53165,68666
3128,2619,727641904,1787755366,273194,571236,0,0,320,240,1,2796,14052,54032,69539
3129,2619,727900391,1788326602,258487,571236,0,0,320,240,0,2796,11418,43881,56689
3130,2621,728125951,1788897839,225560,571237,0,0,320,240,0,2798,12231,46140,59678
3131,2622,728408645,1789469075,282694,571236,0,240,320,240,1,2799,8171,30864,39992
3132,2622,728673336,1790040316,264691,571241,0,240,320,240,0,2799,16072,61859,79961
3133,2624,728888459,1790611558,215123,571242,0,240,320,240,0,2801,16285,61849,79984
3134,2625,729158458,1791182799,269999,571241,0,0,320,240,1,2802,15005,57647,74466
3135,2625,729417274,1791754035,258816,571236,0,0,320,240,0,2802,11398,43820,56627
3136,2627,729634133,1792325275,216859,571240,0,0,320,240,0,2804,14738,55643,72008
3137,2628,729914339,1792896511,280206,571236,0,240,320,240,1,2805,7102,26726,34674
3138,2628,730182713,1793467752,268374,571241,0,240,320,240,0,2805,15884,61151,79111
3139,2630,730401491,1794038988,218778,571236,0,240,320,240,0,2807,14858,56299,72886
3140,2631,730674598,1794610224,273107,571236,0,0,320,240,1,2808,14052,54032,69799
3141,2631,730933327,1795181460,258729,571236,0,0,320,240,0,2808,11428,43917,56830
3142,2633,731161476,1795752699,228149,571239,0,0,320,240,0,2810,11515,43643,56432
3143,2634,731444244,1796323935,282768,571236,0,240,320,240,1,2811,8171,30867,39908
3144,2634,731708899,1796895176,264655,571241,0,240,320,240,0,2811,16091,61930,79827
3145,2636,731927984,1797466412,219085,571236,0,240,320,240,0,2813,15266,58207,75212
3146,2637,732201189,1798037648,273205,571236,0,0,320,240,1,2814,14052,54029,69831
3147,2637,732459992,1798608884,258803,571236,0,0,320,240,0,2814,11470,44088,56873
3148,2639,732688299,1799180120,228307,571236,0,0,320,240,0,2816,11526,43722,56396
3149,2640,732971488,1799751356,283189,571236,0,240,320,240,1,2817,8108,30605,39698
3150,2640,733236091,1800322593,264603,571237,0,240,320,240,0,2817,16088,61874,79770
3151,2642,733458335,1800893829,222244,571236,0,240,320,240,0,2819,13624,51597,66741
3152,2643,733731493,1801465065,273158,571236,0,0,320,240,1,2820,14054,54032,69720
3153,2643,733990308,1802036303,258815,571238,0,0,320,240,0,2820,11410,43869,56624
3154,2645,734218518,1802607545,228210,571242,0,0,320,240,0,2822,11520,43657,56436
3155,2646,734501345,1803178781,282827,571236,0,240,320,240,1,2823,8171,30866,39951
3156,2646,734765993,1803750026,264648,571245,0,240,320,240,0,2823,16107,61995,79896
3157,2648,734983383,1804321266,217390,571240,0,240,320,240,0,2825,15784,60184,77788
3158,2649,735253770,1804892505,270387,571239,0,0,320,240,1,2826,14428,55442,71622
3159,2649,735513406,1805463742,259636,571237,0,0,320,240,0,2826,12012,46179,59582
3160,2651,735698847,1806034980,185441,571238,0,0,320,240,0,2828,24310,92276,119346
3161,2652,735978706,1806606216,279859,571236,0,240,320,240,1,2829,8522,32157,41514
3162,2652,736244538,1807177452,265832,571236,0,240,320,240,0,2829,16052,61771,79584
3163,2652,736449916,1807756799,205378,579347,0,240,320,240,0,2829,19010,72211,93355
3164,2655,736697629,1808328035,247713,571236,0,0,320,240,1,2832,22702,86779,112118
3165,2655,736957571,1808899274,259942,571239,0,0,320,240,0,2832,12002,46142,59675
3166,2657,737142955,1809470510,185384,571236,0,0,320,240,0,2834,24482,93093,120250
3167,2658,737417723,1810041748,274768,571238,0,240,320,240,1,2835,8506,32116,41653
3168,2658,737689428,1810612984,271705,571236,0,240,320,240,0,2835,15346,59072,76154
3169,2658,737901600,1811184255,212172,571271,0,240,320,240,0,2835,21786,83468,107573
3170,2661,738128489,1811755491,226889,571236,0,0,320,240,1,2838,22353,85361,110240
3171,2661,738393957,1812326729,265468,571238,0,0,320,240,0,2838,12787,49130,63448
3172,2663,738583794,1812897965,189837,571236,0,0,320,240,0,2840,21554,82068,106017
3173,2664,738853680,1813469205,269886,571240,0,240,320,240,1,2841,12453,47111,61051
3174,2664,739119524,1814040441,265844,571236,0,240,320,240,0,2841,15717,60480,78158
3175,2664,739321289,1814612448,201765,572007,0,240,320,240,0,2841,19108,72687,93877
3176,2667,739569135,1815183684,247846,571236,0,0,320,240,1,2844,22689,86712,111916
3177,2667,739829044,1815754923,259909,571239,0,0,320,240,0,2844,12019,46197,59497
3178,2669,740014152,1816326159,185108,571236,0,0,320,240,0,2846,24505,93217,120459
3179,2670,740292411,1816897395,278259,571236,0,240,320,240,1,2847,9463,35791,46337
3180,2670,740558312,1817468633,265901,571238,0,240,320,240,0,2847,15722,60503,78131
3181,2670,740766169,1818060476,207857,591843,0,240,320,240,0,2847,21116,80864,104453
3182,2673,741014317,1818631717,248148,571241,0,0,320,240,1,2850,22595,86325,111503
3183,2673,741273902,1819202957,259585,571240,0,0,320,240,0,2850,12030,46237,59684
3184,2675,741458444,1819774194,184542,571237,0,0,320,240,0,2852,24850,94595,121876
3185,2676,741737892,1820345430,279448,571236,0,240,320,240,1,2853,9456,35722,46244
3186,2676,742001600,1820916669,263708,571239,0,240,320,240,0,2853,16607,63808,82366
3187,2677,742203557,1821487905,201957,571236,0,240,320,240,0,2854,18404,70034,90619
3188,2679,742452204,1822059142,248647,571237,0,0,320,240,1,2856,22855,87389,112940
3189,2679,742710742,1822630382,258538,571240,0,0,320,240,0,2856,11417,43892,56689
3190,2681,742925985,1823201618,215243,571236,0,0,320,240,0,2858,15229,57479,74405
3191,2682,743208957,1823772857,282972,571239,0,240,320,240,1,2859,9169,34748,44935
3192,2682,743470673,1824344093,261716,571236,0,240,320,240,0,2859,16855,64888,83812
3193,2684,743682971,1824915330,212298,571237,0,240,320,240,0,2861,15552,58766,76109
3194,2685,743949954,1825486566,266983,571236,0,0,320,240,1,2862,17129,65633,84744
3195,2685,744202976,1826057811,253022,571245,0,0,320,240,0,2862,12622,48462,62486
3196,2687,744426283,1826629049,223307,571238,0,0,320,240,0,2864,12817,48183,62305
3197,2688,744706972,1827200285,280689,571236,0,240,320,240,1,2865,8161,30806,39919
3198,2688,744971549,1827771521,264577,571236,0,240,320,240,0,2865,16141,62072,80057
3199,2690,745204306,1828342757,232757,571236,0,240,320,240,0,2867,10218,38637,50042
3200,2691,745479124,1828913998,274818,571241,0,0,320,240,1,2868,14187,54537,70346
3201,2691,745733308,1829485235,254184,571237,0,0,320,240,0,2868,12125,46628,60244
3202,2693,745984396,1830056472,251088,571237,0,240,320,240,1,2870,13184,49902,64582
3203,2693,746246204,1830627711,261808,571239,0,240,320,240,0,2870,16835,64810,83652
3204,2695,746478647,1831198947,232443,571236,0,240,320,240,0,2872,10089,38368,49597
3205,2696,746752188,1831770183,273541,571236,0,0,320,240,1,2873,14468,55558,71574
3206,2696,747007219,1832341449,255031,571266,0,0,320,240,0,2873,10944,41735,53818
3207,2698,747261334,1832912691,254115,571242,0,240,320,240,1,2875,12763,48317,62617
3208,2698,747523154,1833483929,261820,571238,0,240,320,240,0,2875,16853,64890,83907
3209,2700,747755592,1834055171,232438,571242,0,240,320,240,0,2877,10050,38190,49300
3210,2701,748030522,1834626407,274930,571236,0,0,320,240,1,2878,14186,54535,70473
3211,2701,748284588,1835197643,254066,571236,0,0,320,240,0,2878,12126,46607,60056
3212,2703,748535781,1835768879,251193,571236,0,240,320,240,1,2880,13029,49298,63780
3213,2703,748798594,1836340116,262813,571237,0,240,320,240,0,2880,16571,63554,82155
3214,2705,749031469,1836911355,232875,571239,0,240,320,240,0,2882,9868,37345,48257
3215,2706,749303369,1837482591,271900,571236,0,0,320,240,1,2883,15103,58005,74939
3216,2706,749554296,1838053827,250927,571236,0,0,320,240,0,2883,14512,55557,71879
3217,2708,749799392,1838625064,245096,571237,0,240,320,240,1,2885,13181,49837,64521
3218,2708,750067119,1839196304,267727,571240,0,240,320,240,0,2885,15674,60319,77765
3219,2710,750296051,1839767544,228932,571240,0,240,320,240,0,2887,12009,45408,58835
3220,2711,750569571,1840338780,273520,571236,0,0,320,240,1,2888,14748,56681,73222
3221,2711,750819405,1840910017,249834,571237,0,0,320,240,0,2888,14501,55526,71791
3222,2713,751063277,1841481258,243872,571241,0,240,320,240,1,2890,13681,51716,66778
3223,2713,751333715,1842052497,270438,571239,0,240,320,240,0,2890,15286,58833,75950
3224,2715,751550560,1842623733,216845,571236,0,240,320,240,0,2892,16866,64236,83095
3225,2716,751810766,1843194974,260206,571241,0,0,320,240,1,2893,9638,36789,47542
3226,2716,752072639,1843766215,261873,571241,0,0,320,240,0,2893,15665,59936,77567
3227,2718,752307355,1844337453,234716,571238,0,0,320,240,0,2895,9009,34153,44210
3228,2719,752591096,1844908695,283741,571242,0,240,320,240,1,2896,8874,33588,43525
3229,2719,752851851,1845479931,260755,571236,0,240,320,240,0,2896,17607,67833,87508
3230,2721,753083697,1846051167,231846,571236,0,240,320,240,0,2898,10654,40465,52456
3231,2722,753354430,1846622403,270733,571236,0,0,320,240,1,2899,15414,59152,76355
3232,2722,753612409,1847193639,257979,571236,0,0,320,240,0,2899,11767,45225,58370
3233,2724,753857509,1847764879,245100,571240,0,240,320,240,1,2901,13636,51511,66592
3234,2724,754128456,1848336115,270947,571236,0,240,320,240,0,2901,15294,58872,75917
3235,2726,754354160,1848907356,225704,571241,0,240,320,240,0,2903,13197,49954,64684
3236,2727,754625217,1849478592,271057,571236,0,0,320,240,1,2904,15331,58870,75826
3237,2727,754883542,1850049829,258325,571237,0,0,320,240,0,2904,11537,44351,57295
3238,2729,755128548,1850621065,245006,571236,0,240,320,240,1,2906,13590,51313,66428
3239,2729,755399624,1851192301,271076,571236,0,240,320,240,0,2906,15360,59104,76460
3240,2731,755625560,1851763540,225936,571239,0,240,320,240,0,2908,13182,49864,64473
3241,2732,755895170,1852334777,269610,571237,0,0,320,240,1,2909,15678,60152,77692
3242,2732,756155788,1852906013,260618,571236,0,0,320,240,0,2909,10445,39729,51463
3243,2734,756398657,1853477251,242869,571238,0,240,320,240,1,2911,13227,49953,64680
3244,2734,756672079,1854048487,273422,571236,0,240,320,240,0,2911,15671,60279,77886
3245,2736,756882221,1854619726,210142,571239,0,240,320,240,0,2913,18450,70229,90818
3246,2737,757152810,1855190962,270589,571236,0,0,320,240,1,2914,15321,58819,75964
3247,2737,757405498,1855762202,252688,571240,0,0,320,240,0,2914,14655,56088,72555
3248,2739,757646828,1856333443,241330,571241,0,240,320,240,1,2916,12715,48011,62236
3249,2739,757920882,1856904679,274054,571236,0,240,320,240,0,2916,16354,62857,81114
3250,2741,758134183,1857475915,213301,571236,0,240,320,240,0,2918,17060,64939,84025
3251,2742,758399904,1858047160,265721,571245,0,0,320,240,1,2919,16825,64502,83199
3252,2742,758658902,1858618400,258998,571240,0,0,320,240,0,2919,11813,45389,58660
3253,2744,758901857,1859189636,242955,571236,0,240,320,240,1,2921,13719,51809,66999
3254,2744,759174293,1859760872,272436,571236,0,240,320,240,0,2921,16009,61568,79526
3255,2746,759396447,1860332108,222154,571236,0,240,320,240,0,2923,13585,51457,66518
3256,2747,759666785,1860903344,270338,571236,0,0,320,240,1,2924,15342,58885,76031
3257,2747,759925153,1861474581,258368,571237,0,0,320,240,0,2924,11587,44526,57478
3258,2749,760169083,1862045817,243930,571236,0,240,320,240,1,2926,13402,50601,65290
3259,2749,760441956,1862617054,272873,571237,0,240,320,240,0,2926,15741,60490,78219
3260,2751,760661099,1863188290,219143,571236,0,240,320,240,0,2928,15181,57931,74821
3261,2752,760931014,1863759526,269915,571236,0,0,320,240,1,2929,15402,59044,76261
3262,2752,761190434,1864330762,259420,571236,0,0,320,240,0,2929,11031,42072,54372
3263,2754,761435779,1864901998,245345,571236,0,240,320,240,1,2931,13491,50913,65933
3264,2754,761707526,1865473236,271747,571238,0,240,320,240,0,2931,15135,58208,75100
3265,2756,761929363,1866044472,221837,571236,0,240,320,240,0,2933,14703,56082,72526
3266,2757,762200394,1866615708,271031,571236,0,0,320,240,1,2934,15141,58121,75003
3267,2757,762459406,1867186949,259012,571241,0,0,320,240,0,2934,11574,44472,57406
3268,2759,762703306,1867758195,243900,571246,0,240,320,240,1,2936,13346,50409,65033
3269,2759,762976083,1868329436,272777,571241,0,240,320,240,0,2936,16062,61723,79728
3270,2761,763195048,1868900677,218965,571241,0,240,320,240,0,2938,15126,57693,74605
3271,2762,763463901,1869471913,268853,571236,0,0,320,240,1,2939,16068,61693,79577
3272,2762,763722883,1870043151,258982,571238,0,0,320,240,0,2939,12239,47006,60787
3273,2764,763966475,1870614387,243592,571236,0,240,320,240,1,2941,12828,48405,62576
3274,2764,764238428,1871185624,271953,571237,0,240,320,240,0,2941,17252,66343,85640
3275,2766,764459577,1871756860,221149,571236,0,240,320,240,0,2943,13587,51467,66699
3276,2767,764728434,1872328096,268857,571236,0,0,320,240,1,2944,16296,62635,80766
3277,2767,764987144,1872899333,258710,571237,0,0,320,240,0,2944,12178,46791,60586
3278,2769,765231142,1873470572,243998,571239,0,240,320,240,1,2946,13734,51990,67299
3279,2769,765502065,1874041808,270923,571236,0,240,320,240,0,2946,16024,61634,79482
3280,2771,765718577,1874613044,216512,571236,0,240,320,240,0,2948,16133,61660,79667
3281,2772,765987679,1875184284,269102,571240,0,0,320,240,1,2949,16558,63611,81959
3282,2772,766246893,1875755520,259214,571236,0,0,320,240,0,2949,10770,41060,53135
3283,2774,766496818,1876326756,249925,571236,0,240,320,240,1,2951,13269,50182,64882
3284,2774,766759082,1876897992,262264,571236,0,240,320,240,0,2951,17478,67265,86878
3285,2776,766988787,1877469231,229705,571239,0,240,320,240,0,2953,11751,44801,57865
3286,2777,767258632,1878040467,269845,571236,0,0,320,240,1,2954,16278,62594,80683
3287,2777,767515242,1878611703,256610,571236,0,0,320,240,0,2954,12179,46757,60348
3288,2779,767749171,1879182944,233929,571241,0,0,320,240,0,2956,9593,36159,46823
3289,2780,768031372,1879754185,282201,571241,0,240,320,240,1,2957,9325,35264,45767
3290,2780,768293593,1880325427,262221,571242,0,240,320,240,0,2957,17480,67202,86752
3291,2782,768515477,1880896666,221884,571239,0,240,320,240,0,2959,13412,50592,65521
3292,2783,768785298,1881467902,269821,571236,0,0,320,240,1,2960,16278,62593,80705
3293,2783,769042030,1882039139,256732,571237,0,0,320,240,0,2960,11984,46005,59384
3294,2785,769276680,1882610381,234650,571242,0,0,320,240,0,2962,9372,35499,45823
3295,2786,769558766,1883181617,282086,571236,0,240,320,240,1,2963,9316,35249,45601
3296,2786,769820633,1883752853,261867,571236,0,240,320,240,0,2963,17573,67632,87464
3297,2788,770045429,1884324089,224796,571236,0,240,320,240,0,2965,13374,50984,65783
3298,2789,770315162,1884895325,269733,571236,0,0,320,240,1,2966,16278,62593,80791
3299,2789,770571839,1885466564,256677,571239,0,0,320,240,0,2966,12131,46603,60211
3300,2791,770814721,1886037803,242882,571239,0,240,320,240,1,2968,13770,52116,67227
3301,2791,771086306,1886609042,271585,571239,0,240,320,240,0,2968,16852,64836,83485
3302,2793,771302361,1887180284,216055,571242,0,240,320,240,0,2970,15570,59453,76780
3303,2794,771571315,1887751520,268954,571236,0,0,320,240,1,2971,16605,63816,82388
3304,2794,771829007,1888322761,257692,571241,0,0,320,240,0,2971,11888,45637,58892
3305,2796,772063534,1888894003,234527,571242,0,0,320,240,0,2973,9477,35904,46351
3306,2797,772346516,1889465240,282982,571237,0,240,320,240,1,2974,9323,35307,45808
3307,2797,772607775,1890036482,261259,571242,0,240,320,240,0,2974,17627,67863,87592
3308,2799,772832703,1890607718,224928,571236,0,240,320,240,0,2976,13032,49691,64119
3309,2800,773101812,1891178958,269109,571240,0,0,320,240,1,2977,16558,63616,82073
3310,2800,773359897,1891750199,258085,571241,0,0,320,240,0,2977,11029,41980,54293
3311,2802,773603610,1892321435,243713,571236,0,240,320,240,1,2979,13819,52324,67628
3312,2802,773875373,1892892675,271763,571240,0,240,320,240,0,2979,16263,62578,80673
3313,2804,774089792,1893463911,214419,571236,0,240,320,240,0,2981,16254,61863,79952
3314,2805,774355797,1894035152,266005,571241,0,0,320,240,1,2982,17571,67498,87074
3315,2805,774612437,1894606389,256640,571237,0,0,320,240,0,2982,12061,46313,59833
3316,2807,774836574,1895177627,224137,571238,0,0,320,240,0,2984,12582,47493,61430
3317,2808,775118756,1895748865,282182,571238,0,240,320,240,1,2985,9333,35298,45639
3318,2808,775381037,1896320102,262281,571237,0,240,320,240,0,2985,17472,67172,86686
3319,2810,775594867,1896891339,213830,571237,0,240,320,240,0,2987,15857,59825,77410
3320,2811,775863507,1897462581,268640,571242,0,0,320,240,1,2988,16608,63861,82470
3321,2811,776119914,1898033820,256407,571239,0,0,320,240,0,2988,12282,47153,60949
3322,2813,776336181,1898605059,216267,571239,0,0,320,240,0,2990,14734,55615,71920
3323,2814,776618344,1899176298,282163,571239,0,240,320,240,1,2991,9337,35332,45689
3324,2814,776880246,1899747534,261902,571236,0,240,320,240,0,2991,17584,67671,87245
3325,2816,777100115,1900318773,219869,571239,0,240,320,240,0,2993,15017,57258,73859
3326,2817,777369931,1900890009,269816,571236,0,0,320,240,1,2994,16278,62595,80728
3327,2817,777626414,1901461253,256483,571244,0,0,320,240,0,2994,12192,46794,60515
3328,2819,777856494,1902032492,230080,571239,0,0,320,240,0,2996,10923,41443,53466
3329,2820,778138647,1902603730,282153,571238,0,240,320,240,1,2997,9328,35278,45718
3330,2820,778400855,1903174966,262208,571236,0,240,320,240,0,2997,17473,67175,86725
3331,2822,778623498,1903746203,222643,571237,0,240,320,240,0,2999,13440,50919,65914
3332,2823,778893340,1904317444,269842,571241,0,0,320,240,1,3000,16277,62591,80739
3333,2823,779149994,1904888680,256654,571236,0,0,320,240,0,3000,12116,46541,60181
3334,2825,779379857,1905459918,229863,571238,0,0,320,240,0,3002,10922,41404,53419
3335,2826,779661972,1906031159,282115,571241,0,240,320,240,1,3003,9329,35299,45612
3336,2826,779923866,1906602397,261894,571238,0,240,320,240,0,3003,17589,67689,87200
3337,2828,780143200,1907173636,219334,571239,0,240,320,240,0,3005,15043,57340,74036
3338,2829,780412985,1907744872,269785,571236,0,0,320,240,1,3006,16279,62594,80867
3339,2829,780669992,1908316109,257007,571237,0,0,320,240,0,3006,11822,45387,58610
3340,2831,780899009,1908887345,229017,571236,0,0,320,240,0,3008,11277,42796,55265
3341,2832,781179091,1909458587,280082,571242,0,240,320,240,1,3009,9712,36731,47522
3342,2832,781442352,1910029827,263261,571240,0,240,320,240,0,3009,17103,65786,84899
3343,2832,781645078,1910601067,202726,571240,0,240,320,240,0,3009,18472,70049,90655
3344,2835,781889729,1911172303,244651,571236,0,0,320,240,1,3012,24422,93446,120316
3345,2835,782150117,1911743539,260388,571236,0,0,320,240,0,3012,12567,48262,62279
3346,2837,782336417,1912314779,186300,571240,0,0,320,240,0,3014,23699,89968,116364
3347,2838,782612213,1912886017,275796,571238,0,240,320,240,1,3015,10897,41281,53406
3348,2838,782876990,1913457254,264777,571237,0,240,320,240,0,3015,16827,64733,83555
3349,2838,783088948,1914058635,211958,601381,0,240,320,240,0,3015,20991,80283,103691
3350,2841,783333155,1914629871,244207,571236,0,0,320,240,1,3018,24345,93111,120180
3351,2841,783594515,1915201109,261360,571238,0,0,320,240,0,3018,12588,48328,62401
3352,2843,783781395,1915772346,186880,571237,0,0,320,240,0,3020,23549,89619,115749
3353,2844,784055997,1916343582,274602,571236,0,240,320,240,1,3021,12268,46505,60163
3354,2844,784317382,1916914822,261385,571240,0,240,320,240,0,3021,17702,67998,87729
3355,2845,784518951,1917486059,201569,571237,0,240,320,240,0,3022,18405,70031,90563
3356,2847,784765499,1918057296,246548,571237,0,0,320,240,1,3024,24092,92209,118981
3357,2847,785024264,1918628532,258765,571236,0,0,320,240,0,3024,12276,47145,60796
3358,2849,785208506,1919199771,184242,571239,0,0,320,240,0,3026,24948,94920,122646
3359,2850,785487462,1919771007,278956,571236,0,240,320,240,1,3027,10824,41016,53124
3360,2850,785748376,1920342249,260914,571242,0,240,320,240,0,3027,17870,68813,88694
3361,2850,785948451,1920914628,200075,572379,0,240,320,240,0,3027,19540,74755,96427
3362,2853,786192740,1921485864,244289,571236,0,0,320,240,1,3030,24339,93084,120152
3363,2853,786454186,1922057100,261446,571236,0,0,320,240,0,3030,12607,48402,62651
3364,2855,786640193,1922628339,186007,571239,0,0,320,240,0,3032,24052,91530,118298
3365,2856,786916240,1923199575,276047,571236,0,240,320,240,1,3033,11785,44651,57600
3366,2856,787177624,1923770816,261384,571241,0,240,320,240,0,3033,17739,68134,88057
3367,2857,787379411,1924342062,201787,571246,0,240,320,240,0,3034,18402,70018,90449
3368,2859,787625780,1924913299,246369,571237,0,0,320,240,1,3036,24161,92482,119471
3369,2859,787884447,1925484540,258667,571241,0,0,320,240,0,3036,12142,46659,60445
3370,2861,788068952,1926055777,184505,571237,0,0,320,240,0,3038,24954,94929,122756
3371,2862,788347895,1926627019,278943,571242,0,240,320,240,1,3039,10844,41091,53112
3372,2862,788608617,1927198260,260722,571241,0,240,320,240,0,3039,17923,69014,88997
3373,2862,788819508,1927769498,210891,571238,0,240,320,240,0,3039,22184,84487,109195
3374,2865,789048231,1928340734,228723,571236,0,0,320,240,1,3042,19311,73646,95071
3375,2865,789309315,1928911970,261084,571236,0,0,320,240,0,3042,17016,65472,84580
3376,2867,789520210,1929483210,210895,571240,0,0,320,240,0,3044,14628,55249,71445
3377,2868,789800967,1930054446,280757,571236,0,240,320,240,1,3045,10893,41367,53577
3378,2868,790062732,1930625682,261765,571236,0,240,320,240,0,3045,17469,66929,86481
3379,2870,790274662,1931196924,211930,571242,0,240,320,240,0,3047,15243,57391,74325
3380,2871,790547479,1931768160,272817,571236,0,0,320,240,1,3048,16379,62973,81292
3381,2871,790798036,1932339398,250557,571238,0,0,320,240,0,3048,13094,50175,64899
3382,2873,791027906,1932910639,229870,571241,0,0,320,240,0,3050,10712,40282,52187
3383,2874,791308600,1933481875,280694,571236,0,240,320,240,1,3051,10908,41439,53508
3384,2874,791569009,1934053112,260409,571237,0,240,320,240,0,3051,17864,68755,88880
3385,2876,791801641,1934624352,232632,571240,0,240,320,240,0,3053,9750,37043,47837
3386,2877,792074427,1935195588,272786,571236,0,0,320,240,1,3054,16379,62973,81354
3387,2877,792324635,1935766825,250208,571237,0,0,320,240,0,3054,12618,48495,62711
3388,2879,792576759,1936338067,252124,571242,0,240,320,240,1,3056,13493,51044,65915
3389,2879,792837804,1936909304,261045,571237,0,240,320,240,0,3056,17771,68426,88303
3390,2881,793068626,1937480540,230822,571236,0,240,320,240,0,3058,10911,41534,53716
3391,2882,793340425,1938051776,271799,571236,0,0,320,240,1,3059,16625,63891,82394
3392,2882,793592861,1938623201,252436,571425,0,0,320,240,0,3059,12619,48485,62641
3393,2884,793843922,1939194443,251061,571242,0,240,320,240,1,3061,13356,50511,65345
3394,2884,794105436,1939765679,261514,571236,0,240,320,240,0,3061,17540,67394,86993
3395,2886,794338644,1940336915,233208,571236,0,240,320,240,0,3063,9753,36921,47711
3396,2887,794611569,1940908151,272925,571236,0,0,320,240,1,3064,16369,62915,81216
3397,2887,794858829,1941479393,247260,571242,0,0,320,240,0,3064,11414,43484,56261
3398,2889,795115894,1942050629,257065,571236,0,240,320,240,1,3066,13996,52938,68428
3399,2889,795375785,1942621865,259891,571236,0,240,320,240,0,3066,17871,68745,88703
3400,2891,795598253,1943193105,222468,571240,0,240,320,240,0,3068,14551,55372,71660
3401,2892,795870047,1943764341,271794,571236,0,0,320,240,1,3069,16807,64547,83395
3402,2892,796124079,1944335577,254032,571236,0,0,320,240,0,3069,11144,42442,54923
3403,2894,796373355,1944906813,249276,571236,0,240,320,240,1,3071,13748,52002,67377
3404,2894,796635453,1945478055,262098,571242,0,240,320,240,0,3071,17423,67034,86486
3405,2896,796855404,1946049292,219951,571237,0,240,320,240,0,3073,16024,60964,79005
3406,2897,797127504,1946620528,272100,571236,0,0,320,240,1,3074,16884,64936,83775
3407,2897,797374662,1947191768,247158,571240,0,0,320,240,0,3074,14804,56665,73309
3408,2899,797619536,1947763009,244874,571241,0,240,320,240,1,3076,14295,54137,70138
3409,2899,797887233,1948334256,267697,571247,0,240,320,240,0,3076,16598,63886,82335
3410,2901,798103722,1948905493,216489,571237,0,240,320,240,0,3078,16846,64144,82895
3411,2902,798371159,1949476732,267437,571239,0,0,320,240,1,3079,17629,67728,87487
3412,2902,798627589,1950047971,256430,571239,0,0,320,240,0,3079,12116,46563,60120
3413,2904,798872813,1950619207,245224,571236,0,240,320,240,1,3081,14059,53169,68773
3414,2904,799143744,1951190445,270931,571238,0,240,320,240,0,3081,16128,62064,80126
3415,2906,799366844,1951761686,223100,571241,0,240,320,240,0,3083,13624,51619,66782
3416,2907,799635201,1952332922,268357,571236,0,0,320,240,1,3084,17661,67865,87610
3417,2907,799890873,1952904158,255672,571236,0,0,320,240,0,3084,12312,47327,61143
3418,2909,800136202,1953475399,245329,571241,0,240,320,240,1,3086,13447,50730,65677
3419,2909,800407367,1954046636,271165,571237,0,240,320,240,0,3086,17290,66543,85844
3420,2911,800625763,1954617872,218396,571236,0,240,320,240,0,3088,15318,58455,75539
3421,2912,800892250,1955189108,266487,571236,0,0,320,240,1,3089,18475,70928,91491
3422,2912,801151252,1955760344,259002,571236,0,0,320,240,0,3089,10748,40986,52969
3423,2914,801396326,1956331580,245074,571236,0,240,320,240,1,3091,14151,53441,69314
3424,2914,801667094,1956902822,270768,571242,0,240,320,240,0,3091,16837,64788,83690
3425,2916,801888538,1957474060,221444,571238,0,240,320,240,0,3093,13845,52419,67696
3426,2917,802155627,1958045296,267089,571236,0,0,320,240,1,3094,18069,69435,89652
3427,2917,802407239,1958616532,251612,571236,0,0,320,240,0,3094,14742,56417,73093
3428,2919,802640157,1959187768,232918,571236,0,0,320,240,0,3096,9558,36161,46642
3429,2920,802920431,1959759004,280274,571236,0,240,320,240,1,3097,10485,39651,51267
3430,2920,803181576,1960330245,261145,571241,0,240,320,240,0,3097,17994,69186,89337
3431,2922,803408992,1960901481,227416,571236,0,240,320,240,0,3099,12022,45434,58710
3432,2923,803676301,1961472721,267309,571240,0,0,320,240,1,3100,18041,69311,89466
3433,2923,803928002,1962043962,251701,571241,0,0,320,240,0,3100,14736,56395,72925
3434,2925,804161393,1962615203,233391,571241,0,0,320,240,0,3102,9319,35225,45517
3435,2926,804441359,1963186443,279966,571240,0,240,320,240,1,3103,10599,40137,51889
3436,2926,804701536,1963757683,260177,571240,0,240,320,240,0,3103,18513,71279,92110
3437,2928,804929391,1964328921,227855,571238,0,240,320,240,0,3105,12377,47101,60706
3438,2929,805199258,1964900158,269867,571237,0,0,320,240,1,3106,16890,64907,83690
3439,2929,805454126,1965471396,254868,571238,0,0,320,240,0,3106,12164,46785,60448
3440,2931,805698186,1966042634,244060,571238,0,240,320,240,1,3108,14065,53164,68742
3441,2931,805966849,1966613872,268663,571238,0,240,320,240,0,3108,16378,63052,81435
3442,2933,806189044,1967185108,222195,571236,0,240,320,240,0,3110,14433,55045,71144
3443,2934,806457901,1967756344,268857,571236,0,0,320,240,1,3111,16925,65005,83936
3444,2934,806713252,1968327580,255351,571236,0,0,320,240,0,3111,12269,47167,60847
3445,2936,806957631,1968898819,244379,571239,0,240,320,240,1,3113,13670,51638,66762
3446,2936,807226793,1969470057,269162,571238,0,240,320,240,0,3113,16275,62659,80873
3447,2938,807451823,1970041293,225030,571236,0,240,320,240,0,3115,12963,49076,63430
3448,2939,807722016,1970612530,270193,571237,0,0,320,240,1,3116,16631,63916,82409
3449,2939,807976727,1971183766,254711,571236,0,0,320,240,0,3116,12172,46815,60415
3450,2941,808222161,1971755004,245434,571238,0,240,320,240,1,3118,13678,51664,66915
3451,2941,808488479,1972326244,266318,571240,0,240,320,240,0,3118,16734,64421,83130
3452,2943,808712069,1972897480,223590,571236,0,240,320,240,0,3120,14112,53818,69610
3453,2944,808981773,1973468716,269704,571236,0,0,320,240,1,3121,16674,64028,82678
3454,2944,809235830,1974040876,254057,572160,0,0,320,240,0,3121,11019,42024,54302
3455,2946,809487669,1974612117,251839,571241,0,240,320,240,1,3123,12599,47549,61540
3456,2946,809755195,1975183359,267526,571242,0,240,320,240,0,3123,17711,68173,88019
3457,2948,809975137,1975754600,219942,571241,0,240,320,240,0,3125,14952,57044,73581
3458,2949,810242307,1976325836,267170,571236,0,0,320,240,1,3126,18065,69437,89458
3459,2949,810499159,1976897072,256852,571236,0,0,320,240,0,3126,11976,46055,59463
3460,2951,810744220,1977468308,245061,571236,0,240,320,240,1,3128,13252,50036,64752
3461,2951,811014201,1978039549,269981,571241,0,240,320,240,0,3128,17581,67710,87347
3462,2953,811232692,1978610786,218491,571237,0,240,320,240,0,3130,15117,57664,74488
3463,2954,811499045,1979182022,266353,571236,0,0,320,240,1,3131,18711,71934,92694
3464,2954,811757533,1979753258,258488,571236,0,0,320,240,0,3131,11409,43858,56654
3465,2956,812000119,1980324494,242586,571236,0,240,320,240,1,3133,13827,52259,67523
3466,2956,812270953,1980895730,270834,571236,0,240,320,240,0,3133,18045,69506,89602
3467,2958,812491764,1981466966,220811,571236,0,240,320,240,0,3135,13612,51570,66789
3468,2959,812760743,1982038207,268979,571241,0,0,320,240,1,3136,17385,66844,86309
3469,2959,813016345,1982609449,255602,571242,0,0,320,240,0,3136,11927,45873,59338
3470,2961,813261938,1983180685,245593,571236,0,240,320,240,1,3138,13184,49757,64428
3471,2961,813531224,1983751921,269286,571236,0,240,320,240,0,3138,16874,64984,83878
3472,2963,813750822,1984323157,219598,571236,0,240,320,240,0,3140,15008,57273,74065
3473,2964,814025160,1984894393,274338,571236,0,0,320,240,1,3141,14969,57345,74030
3474,2964,814272472,1985465634,247312,571241,0,0,320,240,0,3141,11027,42033,54295
3475,2966,814527870,1986036870,255398,571236,0,240,320,240,1,3143,13724,51891,67242
3476,2966,814792008,1986608108,264138,571238,0,240,320,240,0,3143,16039,61705,79629
3477,2968,815021698,1987179346,229690,571238,0,240,320,240,0,3145,10692,40567,52387
3478,2969,815298760,1987750584,277062,571238,0,0,320,240,1,3146,13811,52908,68408
3479,2969,815544113,1988321929,245353,571345,0,0,320,240,0,3146,12218,46972,60538
3480,2971,815804365,1988893168,260252,571239,0,240,320,240,1,3148,9784,37089,47856
3481,2971,816099574,1989464409,295209,571241,0,240,320,240,0,3148,10221,39022,50470
3482,2971,816349433,1990035651,249859,571242,0,240,320,240,0,3148,11263,43336,55869
3483,2974,816571802,1990606887,222369,571236,0,240,320,240,0,3151,13867,52448,67673
3484,2975,816848466,1991178123,276664,571236,0,0,320,240,1,3152,14049,53822,69497
3485,2975,817098009,1991749359,249543,571236,0,0,320,240,0,3152,10169,39105,50556
3486,2977,817331685,1992320598,233676,571239,0,0,320,240,0,3154,9742,36872,47615
3487,2978,817612140,1992891834,280455,571236,0,240,320,240,1,3155,10634,40317,52119
3488,2978,817874932,1993463072,262792,571238,0,240,320,240,0,3155,14641,56132,72501
3489,2980,818092384,1994034308,217452,571236,0,240,320,240,0,3157,15006,57271,73933
3490,2981,818366153,1994605544,273769,571236,0,0,320,240,1,3158,13471,51550,66591
3491,2981,818612255,1995176783,246102,571239,0,0,320,240,0,3158,14016,53632,69301
3492,2983,818842810,1995748019,230555,571236,0,0,320,240,0,3160,10393,39423,51077
3493,2984,819128986,1996319255,286176,571236,0,240,320,240,1,3161,5881,22340,28759
3494,2984,819418706,1996890491,289720,571236,0,240,320,240,0,3161,14324,54830,70888
3495,2984,819665881,1997461727,247175,571236,0,240,320,240,0,3161,13625,51795,67087
3496,2987,819883338,1998032963,217457,571236,0,240,320,240,0,3164,14310,54250,70017
3497,2988,820153658,1998604205,270320,571242,0,0,320,240,1,3165,15543,59600,76791
3498,2988,820402375,1999175441,248717,571236,0,0,320,240,0,3165,14034,53627,69320
3499,2990,820626733,1999746680,224358,571239,0,0,320,240,0,3167,13335,50441,65102
3500,2991,820910021,2000317918,283288,571238,0,240,320,240,1,3168,7261,27587,35623
3501,2991,821201483,2000889155,291462,571237,0,240,320,240,0,3168,12131,46326,59878
3502,2991,821448816,2001460393,247333,571238,0,240,320,240,0,3168,18875,72505,93621
3503,2994,821665822,2002031629,217006,571236,0,240,320,240,0,3171,15024,56799,73389
3504,2995,821936262,2002602871,270440,571242,0,0,320,240,1,3172,15517,59450,76731
3505,2995,822187937,2003174111,251675,571240,0,0,320,240,0,3172,17656,67501,87214
3506,2997,822414777,2003745353,226840,571242,0,0,320,240,0,3174,10900,41312,53453
3507,2998,822694048,2004316589,279271,571236,0,240,320,240,1,3175,9305,35019,45357
3508,2998,822964526,2004887825,270478,571236,0,240,320,240,0,3175,19205,73887,95439
3509,2999,823179508,2005459061,214982,571236,0,240,320,240,0,3176,15588,59673,76990
3510,3001,823438575,2006030298,259067,571237,0,0,320,240,1,3178,20259,77407,99934
3511,3001,823684940,2006601539,246365,571241,0,0,320,240,0,3178,19923,76564,98847
3512,3003,823913606,2007172777,228666,571238,0,0,320,240,0,3180,11254,42673,55134
3513,3004,824191551,2007744014,277945,571237,0,240,320,240,1,3181,9541,35949,46497
3514,3004,824462189,2008315250,270638,571236,0,240,320,240,0,3181,19957,76810,99280
3515,3005,824677658,2008886489,215469,571239,0,240,320,240,0,3182,15132,57941,74924
3516,3007,824932604,2009457725,254946,571236,0,0,320,240,1,3184,19711,75103,97041
3517,3007,825183714,2010028963,251110,571238,0,0,320,240,0,3184,19394,74571,96353
3518,3009,825402070,2010600204,218356,571241,0,0,320,240,0,3186,15733,59838,77456
3519,3010,825679915,2011171440,277845,571236,0,240,320,240,1,3187,9589,36139,46874
3520,3010,825951037,2011742676,271122,571236,0,240,320,240,0,3187,19638,75544,97536
3521,3011,826166246,2012313913,215209,571237,0,240,320,240,0,3188,15201,58217,75218
3522,3013,826421628,2012885151,255382,571238,0,0,320,240,1,3190,18220,69385,89569
3523,3013,826675014,2013456387,253386,571236,0,0,320,240,0,3190,16636,63736,82388
3524,3014,826893371,2014027623,218357,571236,0,0,320,240,0,3191,13580,51595,66838
3525,3016,827158484,2014598861,265113,571238,0,240,320,240,1,3193,14071,53052,68563
3526,3016,827423385,2015170097,264901,571236,0,240,320,240,0,3193,18227,70156,90588
3527,3016,827661991,2015741333,238606,571236,0,240,320,240,0,3193,15444,59163,76405
3528,3019,827883816,2016312575,221825,571242,0,0,320,240,1,3196,16849,63847,82312
3529,3019,828149422,2016883814,265606,571239,0,0,320,240,0,3196,17889,68955,89027
3530,3019,828390296,2017455050,240874,571236,0,0,320,240,0,3196,12137,46526,60102
3531,3022,828625837,2018026286,235541,571236,0,240,320,240,1,3199,16543,62523,80834
3532,3022,828913239,2018597524,287402,571238,0,240,320,240,0,3199,14279,54467,70538
3533,3022,829168984,2019168769,255745,571245,0,240,320,240,0,3199,13082,50108,64723
3534,3024,829390731,2019740009,221747,571240,0,240,320,240,0,3201,14090,53834,69496
3535,3026,829640392,2020311245,249661,571236,0,0,320,240,1,3203,18902,71929,92907
3536,3026,829912827,2020882509,272435,571264,0,0,320,240,0,3203,15926,61362,79083
3537,3026,830151858,2021453745,239031,571236,0,0,320,240,0,3203,15348,58797,76019
3538,3029,830368324,2022024983,216466,571238,0,0,320,240,0,3206,15837,59921,77310
3539,3030,830653346,2022596222,285022,571239,0,240,320,240,1,3207,7123,27061,34928
3540,3030,830945978,2023167459,292632,571237,0,240,320,240,0,3207,6996,26101,33905
3541,3030,831223407,2023738696,277429,571237,0,240,320,240,0,3207,17466,67147,86752
3542,3030,831466486,2024309932,243079,571236,0,240,320,240,0,3207,15700,60303,77941
3543,3031,831653431,2024881170,186945,571238,0,240,320,240,0,3208,12230,47428,60964
3544,3035,831888730,2025452406,235299,571236,0,0,320,240,1,3212,20555,77536,100215
3545,3035,832170106,2026023642,281376,571236,0,0,320,240,0,3212,11767,44905,58120
3546,3035,832433244,2026594884,263138,571242,0,0,320,240,0,3212,17686,67898,87653
3547,3035,832665880,2027166124,232636,571240,0,0,320,240,0,3212,15392,58928,76113
3548,3037,832859692,2027737366,193812,571242,0,0,320,240,0,3214,13764,52842,68165
3549,3040,833100323,2028308602,240631,571236,0,240,320,240,1,3217,19286,73027,94482
3550,3040,833390739,2028879838,290416,571236,0,240,320,240,0,3217,9250,34108,44450
3551,3040,833665718,2029451074,274979,571236,0,240,320,240,0,3217,16139,61805,79786
3552,3040,833907197,2030022310,241479,571236,0,240,320,240,0,3217,14102,53809,69675
3553,3040,834110397,2030593546,203200,571236,0,240,320,240,0,3217,17736,69029,89023
3554,3044,834324478,2031164782,214081,571236,0,240,320,240,0,3221,17829,67547,87475
3555,3046,834576718,2031736023,252240,571241,0,0,320,240,1,3223,16466,62441,80585
3556,3046,834853736,2032307260,277018,571237,0,0,320,240,0,3223,17549,67457,87233
3557,3046,835115711,2032878499,261975,571239,0,0,320,240,0,3223,10582,40091,51835
3558,3046,835326349,2033449736,210638,571237,0,0,320,240,0,3223,14279,55598,71545
3559,3050,835539769,2034020972,213420,571236,0,0,320,240,0,3227,16615,62775,81161
3560,3051,835810176,2034592208,270407,571236,0,240,320,240,1,3228,12413,46412,60188
3561,3051,836094078,2035163448,283902,571240,0,240,320,240,0,3228,11443,43276,56020
3562,3051,836363249,2035734684,269171,571236,0,240,320,240,0,3228,15520,59554,76945
3563,3051,836566322,2036305921,203073,571237,0,240,320,240,0,3228,20347,78845,101575
3564,3054,836772802,2036877157,206480,571236,0,240,320,240,0,3231,16797,63990,82487
3565,3056,837026894,2037448396,254092,571239,0,0,320,240,1,3233,16708,63390,81921
3566,3056,837302446,2038019636,275552,571240,0,0,320,240,0,3233,17601,67590,87163
3567,3056,837551893,2038590872,249447,571236,0,0,320,240,0,3233,17516,67130,86728
3568,3057,837738058,2039162108,186165,571236,0,0,320,240,0,3234,11408,44282,56976
3569,3060,837984941,2039733344,246883,571236,0,240,320,240,1,3237,15666,59107,76368
3570,3060,838270156,2040304586,285215,571242,0,240,320,240,0,3237,10425,38512,50263
3571,3060,838543829,2040875822,273673,571236,0,240,320,240,0,3237,18681,71738,92671
3572,3060,838791965,2041447064,248136,571242,0,240,320,240,0,3237,17647,67616,87448
3573,3060,838988427,2042032736,196462,585672,0,240,320,240,0,3237,11400,44332,57025
3574,3063,839239088,2042603973,250661,571237,0,0,320,240,1,3240,14935,56353,72819
3575,3066,839489803,2043175217,250715,571244,0,0,320,240,0,3243,14900,56221,72680
3576,3066,839773270,2043746453,283467,571236,0,0,320,240,0,3243,11034,42050,54368
3577,3066,840033550,2044317693,260280,571240,0,0,320,240,0,3243,17930,68785,88717
3578,3066,840262206,2044888929,228656,571236,0,0,320,240,0,3243,18237,70188,90625
3579,3067,840463782,2045460166,201576,571237,0,0,320,240,0,3244,11452,44263,56988
3580,3070,840712842,2046031402,249060,571236,0,240,320,240,1,3247,15243,57588,74436
3581,3072,840971894,2046602643,259052,571241,0,240,320,240,0,3249,15124,56821,73487
3582,3072,841259334,2047173884,287440,571241,0,240,320,240,0,3249,13178,50217,65008
3583,3072,841518527,2047745120,259193,571236,0,240,320,240,0,3249,13162,50153,64833
3584,3073,841741040,2048316356,222513,571236,0,240,320,240,0,3250,13511,51878,67005
3585,3076,841993214,2048887592,252174,571236,0,0,320,240,1,3253,17685,66982,86475
3586,3076,842260858,2049458828,267644,571236,0,0,320,240,0,3253,18232,70393,90814
3587,3076,842516646,2050030064,255788,571236,0,0,320,240,0,3253,9763,37528,48430
3588,3079,842743624,2050601300,226978,571236,0,0,320,240,0,3256,13558,51335,66288
3589,3080,843031217,2051172542,287593,571242,0,240,320,240,1,3257,5527,21035,27125
3590,3080,843315869,2051743780,284652,571238,0,240,320,240,0,3257,13839,52523,68009
3591,3080,843573853,2052315019,257984,571239,0,240,320,240,0,3257,12335,47314,61158
3592,3082,843805733,2052886256,231880,571237,0,240,320,240,0,3259,11116,42567,54904
3593,3084,844061887,2053457492,256154,571236,0,0,320,240,1,3261,18049,68535,88614
3594,3084,844316821,2054028731,254934,571239,0,0,320,240,0,3261,19148,73580,94855
3595,3086,844551002,2054599967,234181,571236,0,0,320,240,0,3263,11856,45415,58637
3596,3087,844823970,2055171204,272968,571237,0,240,320,240,1,3264,12568,47036,60848
3597,3087,845076703,2055742440,252733,571236,0,240,320,240,0,3264,19949,76783,99150
3598,3088,845321385,2056313682,244682,571242,0,240,320,240,0,3265,10626,40761,52684
3599,3090,845576528,2056884928,255143,571246,0,0,320,240,1,3267,18205,69106,89297
3600,3090,845842293,2057456164,265765,571236,0,0,320,240,0,3267,16083,61839,79995
3601,3092,846065118,2058027401,222825,571237,0,0,320,240,0,3269,13177,50398,64991
3602,3093,846341601,2058598637,276483,571236,0,240,320,240,1,3270,11016,41143,53225
3603,3093,846595539,2059169873,253938,571236,0,240,320,240,0,3270,18013,69168,89273
3604,3094,846841166,2059741128,245627,571255,0,240,320,240,0,3271,9491,36036,46371
3605,3096,847094188,2060312368,253022,571240,0,0,320,240,1,3273,21721,83092,107206
3606,3096,847363315,2060883604,269127,571236,0,0,320,240,0,3273,9056,34505,44627
3607,3098,847586398,2061454844,223083,571240,0,0,320,240,0,3275,15032,57399,74039
3608,3099,847868290,2062026081,281892,571237,0,240,320,240,1,3276,8952,33338,43291
3609,3099,848128093,2062597317,259803,571236,0,240,320,240,0,3276,16588,63648,82256
3610,3100,848366737,2063168556,238644,571239,0,240,320,240,0,3277,11307,43354,56046
3611,3102,848624627,2063739796,257890,571240,0,0,320,240,1,3279,18989,72516,93641
3612,3102,848892111,2064311032,267484,571236,0,0,320,240,0,3279,9580,36551,47179
3613,3104,849112274,2064882268,220163,571236,0,0,320,240,0,3281,16545,63176,81598
3614,3105,849400159,2065453508,287885,571240,0,240,320,240,1,3282,5324,20134,26017
3615,3105,849685997,2066024744,285838,571236,0,240,320,240,0,3282,13002,49341,63815
3616,3105,849948030,2066595985,262033,571241,0,240,320,240,0,3282,10128,38362,49529
3617,3108,850172483,2067167222,224453,571237,0,240,320,240,0,3285,14092,53391,68939
3618,3109,850440357,2067738460,267874,571238,0,0,320,240,1,3286,15600,59791,77066
3619,3109,850710175,2068309701,269818,571241,0,0,320,240,0,3286,8629,32809,42399
3620,3111,850935322,2068880943,225147,571242,0,0,320,240,0,3288,13669,51749,66891
3621,3112,851222849,2069452179,287527,571236,0,240,320,240,1,3289,5597,21205,27390
3622,3112,851508774,2070023421,285925,571242,0,240,320,240,0,3289,13027,49386,63955
3623,3112,851769685,2070594657,260911,571236,0,240,320,240,0,3289,10934,41777,54027
3624,3115,851991753,2071165897,222068,571240,0,240,320,240,0,3292,14979,56851,73414
3625,3116,852259843,2071737133,268090,571236,0,0,320,240,1,3293,15849,60691,78449
3626,3116,852525120,2072308373,265277,571240,0,0,320,240,0,3293,9563,36368,46989
3627,3118,852753369,2072879609,228249,571236,0,0,320,240,0,3295,13597,51863,67131
3628,3119,853035281,2073450845,281912,571236,0,240,320,240,1,3296,8785,32686,42509
3629,3119,853292345,2074022081,257064,571236,0,240,320,240,0,3296,16373,62695,80981
3630,3120,853535492,2074593317,243147,571236,0,240,320,240,0,3297,10368,39771,51293
3631,3122,853791814,2075164553,256322,571236,0,0,320,240,1,3299,19841,75703,97840
3632,3122,854060781,2075735790,268967,571237,0,0,320,240,0,3299,9241,35149,45510
3633,3124,854284826,2076307029,224045,571239,0,0,320,240,0,3301,14832,56620,73088
3634,3125,854567320,2076878266,282494,571237,0,240,320,240,1,3302,8717,32398,42090
3635,3125,854824860,2077449502,257540,571236,0,240,320,240,0,3302,16338,62565,80780
3636,3126,855067830,2078020738,242970,571236,0,240,320,240,0,3303,9917,37653,48624
3637,3128,855326598,2078591974,258768,571236,0,0,320,240,1,3305,19245,73466,94935
3638,3128,855592079,2079163210,265481,571236,0,0,320,240,0,3305,9764,37141,47844
3639,3130,855819788,2079734446,227709,571236,0,0,320,240,0,3307,13828,52746,68219
3640,3131,856102096,2080305687,282308,571241,0,240,320,240,1,3308,8820,32812,42577
3641,3131,856359029,2080876923,256933,571236,0,240,320,240,0,3308,16614,63638,82222
3642,3132,856602603,2081448159,243574,571236,0,240,320,240,0,3309,10360,39771,51349
3643,3134,856857904,2082019395,255301,571236,0,0,320,240,1,3311,20165,76890,99199
3644,3134,857129171,2082590631,271267,571236,0,0,320,240,0,3311,9489,36142,46871
3645,3136,857349424,2083161869,220253,571238,0,0,320,240,0,3313,15282,58328,75370
3646,3137,857632295,2083733111,282871,571242,0,240,320,240,1,3314,8652,32153,41671
3647,3137,857891731,2084304348,259436,571237,0,240,320,240,0,3314,15638,59897,77342
3648,3138,858131168,2084875586,239437,571238,0,240,320,240,0,3315,10263,38975,50308
3649,3140,858390298,2085446826,259130,571240,0,0,320,240,1,3317,19452,74338,96016
3650,3140,858656084,2086018062,265786,571236,0,0,320,240,0,3317,9696,36971,47820
3651,3142,858885110,2086589298,229026,571236,0,0,320,240,0,3319,12410,47252,61093
3652,3143,859167107,2087160534,281997,571236,0,240,320,240,1,3320,8772,32637,42332
3653,3143,859433998,2087731770,266891,571236,0,240,320,240,0,3320,13687,52448,67738
3654,3144,859667451,2088303007,233453,571237,0,240,320,240,0,3321,11902,45625,58913
3655,3146,859928421,2088874245,260970,571238,0,0,320,240,1,3323,18285,69856,90138
3656,3146,860192921,2089445483,264500,571238,0,0,320,240,0,3323,10146,38750,50181
3657,3148,860422476,2090016720,229555,571237,0,0,320,240,0,3325,12135,46208,59640
3658,3149,860703791,2090587959,281315,571239,0,240,320,240,1,3326,8831,32875,42677
3659,3149,860970840,2091159201,267049,571242,0,240,320,240,0,3326,13862,53125,68759
3660,3150,861200672,2091730437,229832,571236,0,240,320,240,0,3327,13363,51075,65843
3661,3152,861455462,2092301677,254790,571240,0,0,320,240,1,3329,19739,75428,97404
3662,3152,861724383,2092872913,268921,571236,0,0,320,240,0,3329,8664,32970,42622
3663,3154,861944281,2093444149,219898,571236,0,0,320,240,0,3331,16452,62805,81040
3664,3155,862225603,2094015387,281322,571238,0,240,320,240,1,3332,8759,32600,42366
3665,3155,862483371,2094586629,257768,571242,0,240,320,240,0,3332,16217,62221,80470
3666,3156,862724177,2095157868,240806,571239,0,240,320,240,0,3333,10786,41464,53581
3667,3158,862977261,2095729106,253084,571238,0,0,320,240,1,3335,18888,71897,92850
3668,3158,863245253,2096300348,267992,571242,0,0,320,240,0,3335,13300,50995,65916
3669,3159,863472785,2096871589,227532,571241,0,0,320,240,0,3336,7566,28741,37224
3670,3161,863737060,2097442830,264275,571241,0,240,320,240,1,3338,14115,52864,68702
3671,3161,864000876,2098014066,263816,571236,0,240,320,240,0,3338,16939,65137,84208
3672,3161,864256031,2098585302,255155,571236,0,240,320,240,0,3338,10216,39209,50544
3673,3164,864477978,2099156539,221947,571237,0,240,320,240,0,3341,13789,52191,67532
3674,3165,864748766,2099727780,270788,571241,0,0,320,240,1,3342,15141,58192,75134
3675,3165,865017393,2100299017,268627,571237,0,0,320,240,0,3342,8671,32920,42593
3676,3166,865243045,2100870256,225652,571239,0,0,320,240,0,3343,11266,43161,55686
3677,3168,865517915,2101441497,274870,571241,0,240,320,240,1,3345,9743,36973,47739
3678,3168,865807257,2102012733,289342,571236,0,240,320,240,0,3345,13269,50763,65746
3679,3168,866070531,2102583971,263274,571238,0,240,320,240,0,3345,8222,31257,40488
3680,3170,866294671,2103155207,224140,571236,0,240,320,240,0,3347,13197,50480,65175
3681,3172,866549603,2103726447,254932,571240,0,0,320,240,1,3349,21266,81370,105060
3682,3172,866817732,2104297683,268129,571236,0,0,320,240,0,3349,8628,32792,42389
3683,3174,867041011,2104868923,223279,571240,0,0,320,240,0,3351,11929,45681,58988
3684,3175,867316838,2105440164,275827,571241,0,240,320,240,1,3352,12186,45874,59610
3685,3175,867566459,2106011404,249621,571240,0,240,320,240,0,3352,18034,69406,89687
3686,3177,867789913,2106582642,223454,571238,0,240,320,240,0,3354,15015,57075,73715
3687,3178,868068169,2107153879,278256,571237,0,0,320,240,1,3355,13525,51946,67160
3688,3179,868291493,2107725117,223324,571238,0,0,320,240,0,3356,10797,41056,53134
3689,3180,868566716,2108296357,275223,571240,0,240,320,240,1,3357,13101,49467,63947
3690,3180,868814702,2108867598,247986,571241,0,240,320,240,0,3357,18385,70762,91370
3691,3182,869045893,2109438836,231191,571238,0,240,320,240,0,3359,9711,36740,47341
3692,3183,869328960,2110010072,283067,571236,0,0,320,240,1,3360,10744,41125,53130
3693,3183,869586863,2110581312,257903,571240,0,0,320,240,0,3360,9557,36316,47084
3694,3185,869821558,2111152548,234695,571236,0,0,320,240,0,3362,9782,37011,47851
3695,3186,870108393,2111723786,286835,571238,0,240,320,240,1,3363,5655,21467,27699
3696,3186,870396629,2112295022,288236,571236,0,240,320,240,0,3363,9193,35289,45539
3697,3186,870636683,2112885121,240054,590099,0,240,320,240,0,3363,10292,39125,50675
3698,3189,870892729,2113456358,256046,571237,0,0,320,240,1,3366,19275,73469,94730
3699,3189,871146377,2114027594,253648,571236,0,0,320,240,0,3366,10947,41497,53884
3700,3191,871378681,2114598831,232304,571237,0,0,320,240,0,3368,9965,37732,48638
3701,3192,871659869,2115170067,281188,571236,0,240,320,240,1,3369,11959,45626,59043
3702,3192,871913919,2115741311,254050,571244,0,240,320,240,0,3369,10881,41469,53511
3703,3194,872145126,2116312547,231207,571236,0,240,320,240,0,3371,11989,45346,58691
3704,3195,872419280,2116883800,274154,571253,0,0,320,240,1,3372,15097,58002,74773
3705,3195,872666213,2117455036,246933,571236,0,0,320,240,0,3372,10203,38652,50109
3706,3197,872904231,2118026272,238018,571236,0,0,320,240,0,3374,9750,36872,47746
3707,3198,873192947,2118597513,288716,571241,0,240,320,240,1,3375,5636,21425,27605
3708,3198,873472143,2119168751,279196,571238,0,240,320,240,0,3375,15428,59378,76662
3709,3198,873718730,2119739989,246587,571238,0,240,320,240,0,3375,10609,40260,52072
3710,3201,873954125,2120311225,235395,571236,0,240,320,240,0,3378,11814,44603,57611
3711,3202,874222116,2120882461,267991,571236,0,0,320,240,1,3379,17965,69134,89173
3712,3202,874470995,2121453697,248879,571236,0,0,320,240,0,3379,13368,50737,65681
3713,3204,874706040,2122024939,235045,571242,0,0,320,240,0,3381,8854,33533,43435
3714,3205,874995418,2122596177,289378,571238,0,240,320,240,1,3382,5601,21257,27426
3715,3205,875277474,2123167413,282056,571236,0,240,320,240,0,3382,16443,63415,81839
3716,3205,875525027,2123738649,247553,571236,0,240,320,240,0,3382,9608,36422,47058
3717,3208,875757464,2124309885,232437,571236,0,240,320,240,0,3385,12601,47618,61478
3718,3209,876026832,2124881125,269368,571240,0,0,320,240,1,3386,18791,72296,93386
3719,3209,876270831,2125452361,243999,571236,0,0,320,240,0,3386,13859,52974,68358
3720,3211,876506982,2126023597,236151,571236,0,0,320,240,0,3388,8856,33567,43341
3721,3212,876786840,2126594833,279858,571236,0,240,320,240,1,3389,13023,49799,64338
3722,3212,877042750,2127166072,255910,571239,0,240,320,240,0,3389,14145,54327,70105
3723,3214,877273548,2127737308,230798,571236,0,240,320,240,0,3391,11871,44914,58094
3724,3215,877542075,2128308544,268527,571236,0,0,320,240,1,3392,19122,73596,95017
3725,3215,877788006,2128879785,245931,571241,0,0,320,240,0,3392,14020,53646,69457
3726,3217,878031455,2129451023,243449,571238,0,0,320,240,0,3394,7630,28819,37281
3727,3218,878311389,2130022259,279934,571236,0,240,320,240,1,3395,13082,50045,64635
3728,3218,878570209,2130593496,258820,571237,0,240,320,240,0,3395,17976,69183,89366
3729,3220,878805103,2131164732,234894,571236,0,240,320,240,0,3397,9183,34782,44968
3730,3221,879072607,2131735969,267504,571237,0,0,320,240,1,3398,19996,76978,99467
3731,3221,879321139,2132307205,248532,571236,0,0,320,240,0,3398,11702,44927,58079
3732,3223,879578471,2132878445,257332,571240,0,240,320,240,1,3400,13928,52841,68268
3733,3223,879836541,2133449685,258070,571240,0,240,320,240,0,3400,19010,73192,94371
3734,3225,880067084,2134020921,230543,571236,0,240,320,240,0,3402,12943,49368,63859
3735,3226,880330871,2134592158,263787,571237,0,0,320,240,1,3403,20736,79751,102839
3736,3226,880587332,2135163394,256461,571236,0,0,320,240,0,3403,10890,41809,53998
3737,3228,880822244,2135734630,234912,571236,0,0,320,240,0,3405,9222,34925,45172
3738,3229,881101931,2136305870,279687,571240,0,240,320,240,1,3406,13231,50591,65247
3739,3229,881358018,2136877106,256087,571236,0,240,320,240,0,3406,13998,53769,69354
3740,3231,881581990,2137448342,223972,571236,0,240,320,240,0,3408,15490,59176,76464
3741,3232,881850969,2138019579,268979,571237,0,0,320,240,1,3409,19344,74405,96065
3742,3232,882096063,2138590821,245094,571242,0,0,320,240,0,3409,13887,53116,68576
3743,3234,882332327,2139162060,236264,571239,0,0,320,240,0,3411,8878,33639,43442
3744,3235,882612136,2139733296,279809,571236,0,240,320,240,1,3412,12524,47899,61883
3745,3235,882867593,2140304532,255457,571236,0,240,320,240,0,3412,14097,54083,69799
3746,3237,883102485,2140875768,234892,571236,0,240,320,240,0,3414,11103,42061,54241
3747,3238,883371778,2141447005,269293,571237,0,0,320,240,1,3415,16629,63882,82456
3748,3238,883622915,2142018241,251137,571236,0,0,320,240,0,3415,10381,39894,51502
3749,3240,883860252,2142589478,237337,571237,0,0,320,240,0,3417,9602,36329,46980
3750,3241,884140745,2143160718,280493,571240,0,240,320,240,1,3418,11108,42299,54622
3751,3241,884398683,2143731959,257938,571241,0,240,320,240,0,3418,13108,50420,65128
3752,3243,884626805,2144303197,228122,571238,0,240,320,240,0,3420,14172,54046,70009
3753,3244,884896032,2144874433,269227,571236,0,0,320,240,1,3421,16781,64465,83188
3754,3244,885149664,2145445669,253632,571236,0,0,320,240,0,3421,10526,40438,52285
3755,3246,885385629,2146016908,235965,571239,0,0,320,240,0,3423,9638,36498,47203
3756,3247,885666645,2146588148,281016,571240,0,240,320,240,1,3424,11083,42185,54547
3757,3247,885925151,2147159385,258506,571237,0,240,320,240,0,3424,12964,49868,64394
3758,3249,886155622,2147730621,230471,571236,0,240,320,240,0,3426,12755,48280,62315
3759,3250,886428010,2148301861,272388,571240,0,0,320,240,1,3427,16237,62399,80433
3760,3250,886680139,2148873102,252129,571241,0,0,320,240,0,3427,10595,40695,52459
3761,3252,886917227,2149444340,237088,571238,0,0,320,240,0,3429,9657,36523,47169
3762,3253,887198799,2150015577,281572,571237,0,240,320,240,1,3430,10868,41378,53549
3763,3253,887456269,2150586817,257470,571240,0,240,320,240,0,3430,12783,49173,63307
3764,3255,887687807,2151158053,231538,571236,0,240,320,240,0,3432,12395,46900,60665
3765,3256,887959949,2151729292,272142,571239,0,0,320,240,1,3433,15948,61294,79115
3766,3256,888204432,2152300534,244483,571242,0,0,320,240,0,3433,13614,52063,67369
3767,3258,888439048,2152871773,234616,571239,0,0,320,240,0,3435,9768,37023,47680
3768,3259,888720261,2153443013,281213,571240,0,240,320,240,1,3436,10997,41893,54123
3769,3259,888976132,2154014249,255871,571236,0,240,320,240,0,3436,13547,52076,67220
3770,3261,889206584,2154585485,230452,571236,0,240,320,240,0,3438,12250,46347,59890
3771,3262,889479082,2155156721,272498,571236,0,0,320,240,1,3439,15406,59213,76616
3772,3262,889722988,2155727958,243906,571237,0,0,320,240,0,3439,13528,51741,66934
3773,3264,889958233,2156299199,235245,571241,0,0,320,240,0,3441,9486,35922,46448
3774,3265,890238304,2156870435,280071,571236,0,240,320,240,1,3442,11845,45195,58408
3775,3265,890495069,2157441671,256765,571236,0,240,320,240,0,3442,12599,48460,62573
3776,3267,890723385,2158012907,228316,571236,0,240,320,240,0,3444,13302,50733,65542
3777,3268,890993422,2158584147,270037,571240,0,0,320,240,1,3445,16624,63959,82533
3778,3268,891244048,2159155387,250626,571240,0,0,320,240,0,3445,10293,39560,51120
3779,3270,891479213,2159726623,235165,571236,0,0,320,240,0,3447,9774,37040,47804
3780,3271,891759393,2160297859,280180,571236,0,240,320,240,1,3448,11601,44168,57023
3781,3271,892015568,2160869100,256175,571241,0,240,320,240,0,3448,13476,51930,67132
3782,3273,892246156,2161440336,230588,571236,0,240,320,240,0,3450,12391,46939,60667
3783,3274,892515870,2162011578,269714,571242,0,0,320,240,1,3451,17433,67107,86612
3784,3274,892766042,2162582814,250172,571236,0,0,320,240,0,3451,10234,39328,50786
3785,3276,893001783,2163154050,235741,571236,0,0,320,240,0,3453,9707,36762,47504
3786,3277,893282304,2163725290,280521,571240,0,240,320,240,1,3454,11863,45286,58460
3787,3277,893537354,2164296531,255050,571241,0,240,320,240,0,3454,13356,51422,66183
3788,3279,893765891,2164867768,228537,571237,0,240,320,240,0,3456,13193,50300,65118
3789,3280,894038908,2165439004,273017,571236,0,0,320,240,1,3457,15534,59766,77052
3790,3280,894285943,2166010240,247035,571236,0,0,320,240,0,3457,11005,42233,54609
3791,3282,894521147,2166581476,235204,571236,0,0,320,240,0,3459,9766,37011,47787
3792,3283,894802489,2167152712,281342,571236,0,240,320,240,1,3460,11308,43095,55607
3793,3283,895057570,2167723949,255081,571237,0,240,320,240,0,3460,13483,51844,66962
3794,3285,895285768,2168295185,228198,571236,0,240,320,240,0,3462,12899,48869,63151
3795,3286,895555609,2168866425,269841,571240,0,0,320,240,1,3463,17775,68291,88190
3796,3286,895803936,2169437661,248327,571236,0,0,320,240,0,3463,11634,44626,57521
3797,3288,896037463,2170008903,233527,571242,0,0,320,240,0,3465,9716,36803,47422
3798,3289,896318413,2170580139,280950,571236,0,240,320,240,1,3466,11473,43741,56584
3799,3289,896573584,2171151375,255171,571236,0,240,320,240,0,3466,13492,51872,67062
3800,3291,896799791,2171722611,226207,571236,0,240,320,240,0,3468,14073,53703,69267
3801,3292,897071803,2172293848,272012,571237,0,0,320,240,1,3469,14718,56456,73000
3802,3293,897305788,2172865089,233985,571241,0,0,320,240,0,3470,11645,44688,57670
3803,3294,897583550,2173436325,277762,571236,0,240,320,240,1,3471,8977,34111,43975
3804,3294,897873459,2174007563,289909,571238,0,240,320,240,0,3471,12384,47602,61355
3805,3295,898107922,2174578799,234463,571236,0,240,320,240,0,3472,11525,44221,57049
3806,3297,898361504,2175150040,253582,571241,0,0,320,240,1,3474,20883,79835,102989
3807,3297,898621050,2175721276,259546,571236,0,0,320,240,0,3474,11579,44505,57601
3808,3299,898858204,2176292515,237154,571239,0,0,320,240,0,3476,9531,36092,46475
3809,3300,899145577,2176863757,287373,571242,0,240,320,240,1,3477,5799,22037,28406
3810,3300,899429593,2177434994,284016,571237,0,240,320,240,0,3477,13011,49957,64560
3811,3301,899662126,2178006231,232533,571237,0,240,320,240,0,3478,11457,43958,56711
3812,3303,899924586,2178577467,262460,571236,0,0,320,240,1,3480,17833,68313,88107
3813,3304,900160181,2179148706,235595,571239,0,0,320,240,0,3481,10950,41587,53888
3814,3305,900434588,2179719942,274407,571236,0,240,320,240,1,3482,14806,56615,73152
3815,3305,900695125,2180291184,260537,571242,0,240,320,240,0,3482,13744,52908,68299
3816,3307,900928993,2180862420,233868,571236,0,240,320,240,0,3484,9446,35764,46249
3817,3308,901198375,2181433659,269382,571239,0,0,320,240,1,3485,16002,61554,79487
3818,3309,901432687,2182004899,234312,571240,0,0,320,240,0,3486,11741,45007,58228
3819,3310,901705598,2182576138,272911,571239,0,240,320,240,1,3487,15098,57688,74329
3820,3310,901966980,2183147380,261382,571242,0,240,320,240,0,3487,13870,53380,68850
3821,3312,902200385,2183718616,233405,571236,0,240,320,240,0,3489,9392,35554,45952
3822,3313,902468929,2184289858,268544,571242,0,0,320,240,1,3490,16655,64109,82734
3823,3313,902711673,2184861095,242744,571237,0,0,320,240,0,3490,10635,40846,52736
3824,3315,902982293,2185432331,270620,571236,0,240,320,240,1,3492,16247,61976,80022
3825,3315,903252929,2186003573,270636,571242,0,240,320,240,0,3492,12374,47264,61032
3826,3317,903485981,2186574809,233052,571236,0,240,320,240,0,3494,9467,35868,46392
3827,3318,903752685,2187146045,266704,571236,0,0,320,240,1,3495,16368,62863,81018
3828,3319,903996901,2187717281,244216,571236,0,0,320,240,0,3496,10645,40828,52676
3829,3320,904268097,2188288518,271196,571237,0,240,320,240,1,3497,16430,62743,81064
3830,3320,904535513,2188859757,267416,571239,0,240,320,240,0,3497,13598,52366,67596
3831,3322,904768538,2189430994,233025,571237,0,240,320,240,0,3499,9473,35899,46370
3832,3323,905034218,2190002231,265680,571237,0,0,320,240,1,3500,17010,65335,84398
3833,3323,905295856,2190573467,261638,571236,0,0,320,240,0,3500,6978,26534,34353
3834,3325,905534893,2191144708,239037,571241,0,0,320,240,0,3502,8755,33122,42740
3835,3326,905817414,2191715944,282521,571236,0,240,320,240,1,3503,12131,46326,59850
3836,3326,906073825,2192287180,256411,571236,0,240,320,240,0,3503,13341,51344,66275
3837,3328,906300359,2192858418,226534,571238,0,240,320,240,0,3505,13977,53367,68895
3838,3329,906563600,2193429654,263241,571236,0,0,320,240,1,3506,18748,72210,92984
3839,3329,906774623,2194000895,211023,571241,0,0,320,240,0,3506,16212,63099,81342
3840,3331,906987811,2194572142,213188,571247,0,0,320,240,0,3508,15947,61215,79000
3841,3332,907264881,2195143378,277070,571236,0,240,320,240,1,3509,14091,53793,69502
3842,3332,907497712,2195714619,232831,571241,0,240,320,240,0,3509,16724,64592,83251
3843,3332,907709491,2196285855,211779,571236,0,240,320,240,0,3509,16244,63342,81329
3844,3335,907933731,2196857091,224240,571236,0,240,320,240,0,3512,13584,51422,66444
3845,3336,908200502,2197428331,266771,571240,0,0,320,240,1,3513,14786,56783,73186
3846,3336,908413673,2197999573,213171,571242,0,0,320,240,0,3513,13650,52918,68331
3847,3338,908625226,2198570834,211553,571261,0,0,320,240,0,3515,15705,60391,77947
3848,3339,908900504,2199142070,275278,571236,0,240,320,240,1,3516,14744,56163,72597
3849,3339,909133519,2199713308,233015,571238,0,240,320,240,0,3516,13945,53835,69408
3850,3340,909340280,2200284544,206761,571236,0,240,320,240,0,3517,9625,36900,47581
3851,3342,909599830,2200855782,259550,571238,0,0,320,240,1,3519,18203,69470,89791
3852,3342,909821933,2201427024,222103,571242,0,0,320,240,0,3519,8788,33684,43538
3853,3344,910035156,2201998265,213223,571241,0,0,320,240,0,3521,13489,51541,66579
3854,3345,910316639,2202569502,281483,571237,0,240,320,240,1,3522,7799,29646,38349
3855,3345,910595188,2203140740,278549,571238,0,240,320,240,0,3522,11582,44615,57740
3856,3345,910810179,2203711981,214991,571241,0,240,320,240,0,3522,9034,34676,44691
3857,3348,911032743,2204283219,222564,571238,0,240,320,240,0,3525,14115,53481,69093
3858,3349,911301037,2204854455,268294,571236,0,0,320,240,1,3526,15257,58770,75717
3859,3349,911515059,2205425698,214022,571243,0,0,320,240,0,3526,6266,23914,30948
3860,3351,911744387,2205996938,229328,571240,0,0,320,240,0,3528,12611,48066,62089
3861,3352,912029314,2206568177,284927,571239,0,240,320,240,1,3529,11655,44548,57549
3862,3352,912256072,2207139418,226758,571241,0,240,320,240,0,3529,8408,32330,41774
3863,3354,912473219,2207710659,217147,571241,0,240,320,240,0,3531,15282,58371,75217
3864,3355,912740105,2208281906,266886,571247,0,0,320,240,1,3532,17046,65357,84462
3865,3355,912965597,2208853148,225492,571242,0,0,320,240,0,3532,4768,18128,23478
3866,3357,913197274,2209424387,231677,571239,0,0,320,240,0,3534,10526,39851,51499
3867,3358,913484125,2209995623,286851,571236,0,240,320,240,1,3535,9746,37075,48055
3868,3358,913711163,2210566860,227038,571237,0,240,320,240,0,3535,9778,37517,48541
3869,3360,913928700,2211138099,217537,571239,0,240,320,240,0,3537,14827,56573,73046
3870,3361,914189845,2211709335,261145,571236,0,0,320,240,1,3538,17001,65247,84117
3871,3362,914426622,2212280571,236777,571236,0,0,320,240,0,3539,10072,38536,49802
3872,3363,914714431,2212851807,287809,571236,0,240,320,240,1,3540,9778,37235,48140
3873,3364,914938911,2213423045,224480,571238,0,240,320,240,0,3541,16763,64016,82765
3874,3365,915210120,2213994288,271209,571243,0,0,320,240,1,3542,14213,54599,70291
3875,3366,915441554,2214565524,231434,571236,0,0,320,240,0,3543,11694,44771,57782
3876,3367,915728560,2215136760,287006,571236,0,240,320,240,1,3544,5713,21689,28067
3877,3367,916012491,2215707996,283931,571236,0,240,320,240,0,3544,13308,51010,65918
3878,3369,916241885,2216279238,229394,571242,0,240,320,240,0,3546,10643,40327,52138
3879,3370,916506980,2216850481,265095,571243,0,0,320,240,1,3547,16076,61731,79740
3880,3371,916743634,2217421717,236654,571236,0,0,320,240,0,3548,10280,39361,50719
3881,3372,917030789,2217992963,287155,571246,0,240,320,240,1,3549,9916,37710,48648
3882,3373,917254677,2218564200,223888,571237,0,240,320,240,0,3550,17519,67360,86973
3883,3374,917516633,2219135436,261956,571236,0,0,320,240,1,3551,17025,65304,84227
3884,3375,917752875,2219706672,236242,571236,0,0,320,240,0,3552,10324,39518,50989
3885,3376,918039766,2220277914,286891,571242,0,240,320,240,1,3553,10082,38324,49574
3886,3377,918265331,2220849152,225565,571238,0,240,320,240,0,3554,17314,66614,86034
3887,3378,918525247,2221420391,259916,571239,0,0,320,240,1,3555,18621,71352,92037
3888,3379,918759832,2221991627,234585,571236,0,0,320,240,0,3556,10706,40981,52875
3889,3380,919044506,2222562863,284674,571236,0,240,320,240,1,3557,10844,41283,53410
3890,3381,919275911,2223134100,231405,571237,0,240,320,240,0,3558,13997,53720,69461
3891,3382,919538651,2223705337,262740,571237,0,0,320,240,1,3559,15370,58708,75675
3892,3383,919759048,2224276576,220397,571239,0,0,320,240,0,3560,16347,62490,80756
3893,3384,920045243,2224847813,286195,571237,0,240,320,240,1,3561,9025,34153,44140
3894,3385,920265224,2225419054,219981,571241,0,240,320,240,0,3562,19086,73425,94830
3895,3386,920532981,2225990290,267757,571236,0,0,320,240,1,3563,16104,61306,79169
3896,3387,920741734,2226561531,208753,571241,0,0,320,240,0,3564,16057,61668,79658
3897,3388,921006640,2227132767,264906,571236,0,240,320,240,1,3565,16619,63174,81727
3898,3388,921235464,2227704151,228824,571384,0,240,320,240,0,3565,18014,69316,89376
3899,3390,921475049,2228275389,239585,571238,0,0,320,240,1,3567,17064,64920,83839
3900,3391,921692412,2228846625,217363,571236,0,0,320,240,0,3568,13794,52869,68333
3901,3392,921954956,2229417861,262544,571236,0,240,320,240,1,3569,18009,68750,88962
3902,3393,922174416,2229989102,219460,571241,0,240,320,240,0,3570,11348,43283,56153
3903,3394,922421549,2230560344,247133,571242,0,0,320,240,1,3571,18390,70285,90766
3904,3395,922646472,2231131580,224923,571236,0,0,320,240,0,3572,12528,47746,61681
3905,3396,922913249,2231702817,266777,571237,0,240,320,240,1,3573,16274,62305,80411
3906,3397,923133408,2232274061,220159,571244,0,240,320,240,0,3574,11437,43595,56399
3907,3398,923378874,2232845302,245466,571241,0,0,320,240,1,3575,17025,65140,84085
3908,3399,923607688,2233416538,228814,571236,0,0,320,240,0,3576,11859,45167,58328
3909,3400,923874757,2233987774,267069,571236,0,240,320,240,1,3577,14800,56675,73281
3910,3401,924094608,2234559034,219851,571260,0,240,320,240,0,3578,12330,46961,60768
3911,3402,924342143,2235130270,247535,571236,0,0,320,240,1,3579,16425,62964,81202
3912,3403,924569797,2235701506,227654,571236,0,0,320,240,0,3580,12157,46304,59634
3913,3404,924836241,2236272742,266444,571236,0,240,320,240,1,3581,16535,63405,81685
3914,3405,925055888,2236843979,219647,571237,0,240,320,240,0,3582,11808,44990,58349
3915,3406,925301120,2237415219,245232,571240,0,0,320,240,1,3583,17619,67620,87254
3916,3407,925532695,2237986458,231575,571239,0,0,320,240,0,3584,11216,42674,55158
3917,3408,925800207,2238557697,267512,571239,0,240,320,240,1,3585,15846,60765,78472
3918,3409,926018597,2239128935,218390,571238,0,240,320,240,0,3586,12422,47354,60816
3919,3410,926267223,2239700175,248626,571240,0,0,320,240,1,3587,16313,62687,80868
3920,3411,926500094,2240271413,232871,571238,0,0,320,240,0,3588,10941,41623,53660
3921,3412,926775648,2240842649,275554,571236,0,240,320,240,1,3589,13990,53578,69126
3922,3413,926994225,2241413885,218577,571236,0,240,320,240,0,3590,12532,47956,61942
3923,3414,927248425,2241985122,254200,571237,0,0,320,240,1,3591,17356,66521,85836
3924,3415,927469885,2242556362,221460,571240,0,0,320,240,0,3592,13168,50161,64804
3925,3416,927745158,2243127598,275273,571236,0,240,320,240,1,3593,14154,54139,69773
3926,3417,927963577,2243698834,218419,571236,0,240,320,240,0,3594,13561,52070,67085
3927,3418,928216031,2244270074,252454,571240,0,0,320,240,1,3595,19355,74276,95797
3928,3419,928436379,2244841314,220348,571240,0,0,320,240,0,3596,12913,49230,63616
3929,3420,928709647,2245412552,273268,571238,0,240,320,240,1,3597,14943,57210,73978
3930,3421,928928196,2245983788,218549,571236,0,240,320,240,0,3598,13468,51696,66308
3931,3422,929180869,2246555026,252673,571238,0,0,320,240,1,3599,20008,76769,98973
3932,3423,929400014,2247126262,219145,571236,0,0,320,240,0,3600,12926,49284,63697
3933,3424,929671039,2247697499,271025,571237,0,240,320,240,1,3601,16381,62895,81336
3934,3425,929886550,2248268736,215511,571237,0,240,320,240,0,3602,13249,50538,65337
3935,3426,930142404,2248839978,255854,571242,0,0,320,240,1,3603,16790,64286,83014
3936,3427,930354874,2249411214,212470,571236,0,0,320,240,0,3604,16902,64764,83641
3937,3428,930633140,2249982451,278266,571237,0,240,320,240,1,3605,8584,32581,42068
3938,3428,930910807,2250553687,277667,571236,0,240,320,240,0,3605,12362,47690,61546
3939,3430,931127440,2251124926,216633,571239,0,240,320,240,0,3607,15666,59567,76956
3940,3431,931385668,2251696164,258228,571238,0,0,320,240,1,3608,19819,75924,98017
3941,3432,931597384,2252267400,211716,571236,0,0,320,240,0,3609,17879,68502,88472
3942,3433,931873021,2252838636,275637,571236,0,240,320,240,1,3610,13846,52690,68007
3943,3434,932096698,2253409875,223677,571239,0,240,320,240,0,3611,16106,61963,79572
3944,3435,932349645,2253981116,252947,571241,0,0,320,240,1,3612,19947,76628,98863
3945,3436,932581275,2254552352,231630,571236,0,0,320,240,0,3613,11403,43380,55950
3946,3437,932861676,2255123591,280401,571239,0,240,320,240,1,3614,12202,46441,60015
3947,3438,933085642,2255694827,223966,571236,0,240,320,240,0,3615,16111,61983,79685
3948,3439,933338552,2256266063,252910,571236,0,0,320,240,1,3616,19948,76632,98738
3949,3440,933570180,2256837299,231628,571236,0,0,320,240,0,3617,11395,43348,55783
3950,3441,933850532,2257408535,280352,571236,0,240,320,240,1,3618,12194,46411,60064
3951,3442,934074266,2257979773,223734,571238,0,240,320,240,0,3619,16118,62010,79542
3952,3443,934327271,2258551010,253005,571237,0,0,320,240,1,3620,19948,76632,98927
3953,3444,934558926,2259122246,231655,571236,0,0,320,240,0,3621,11395,43348,56015
3954,3445,934839291,2259693482,280365,571236,0,240,320,240,1,3622,12198,46425,59981
3955,3446,935063100,2260264718,223809,571236,0,240,320,240,0,3623,16115,61999,80059
3956,3447,935316088,2260835956,252988,571238,0,0,320,240,1,3624,19946,76627,98759
3957,3448,935547693,2261407192,231605,571236,0,0,320,240,0,3625,11453,43582,56305
3958,3449,935828109,2261978433,280416,571241,0,240,320,240,1,3626,12210,46477,60097
3959,3450,936051717,2262549673,223608,571240,0,240,320,240,0,3627,16128,62049,79824
3960,3451,936304731,2263120910,253014,571237,0,0,320,240,1,3628,19980,76765,99042
3961,3452,936536111,2263692147,231380,571237,0,0,320,240,0,3629,11450,43570,56327
3962,3453,936819258,2264263383,283147,571236,0,240,320,240,1,3630,10079,38166,49173
3963,3453,937055112,2264834624,235854,571241,0,240,320,240,0,3630,16355,63243,81482
3964,3455,937301255,2265405860,246143,571236,0,0,320,240,1,3632,16738,63822,82290
3965,3455,937523768,2265977098,222513,571238,0,0,320,240,0,3632,13156,50782,65405
3966,3457,937790530,2266548334,266762,571236,0,240,320,240,1,3634,13349,50337,65231
3967,3457,938042266,2267119573,251736,571239,0,240,320,240,0,3634,18110,69852,90161
3968,3459,938270712,2267690812,228446,571239,0,240,320,240,0,3636,11727,44324,57333
3969,3460,938540850,2268262048,270138,571236,0,0,320,240,1,3637,17203,66130,85222
3970,3461,938757059,2268833285,216209,571237,0,0,320,240,0,3638,12075,46012,59504
3971,3462,939029698,2269404523,272639,571238,0,240,320,240,1,3639,14415,54662,70638
3972,3462,939274772,2269975764,245074,571241,0,240,320,240,0,3639,17594,67697,87368
3973,3464,939507615,2270547005,232843,571241,0,240,320,240,0,3641,10301,38939,50337
3974,3465,939778924,2271118245,271309,571240,0,0,320,240,1,3642,16266,62604,80783
3975,3466,939994654,2271689482,215730,571237,0,0,320,240,0,3643,12300,46842,60491
3976,3467,940273589,2272260720,278935,571238,0,240,320,240,1,3644,13193,50028,64651
3977,3467,940509796,2272831956,236207,571236,0,240,320,240,0,3644,16845,64848,83341
3978,3469,940744048,2273403192,234252,571236,0,240,320,240,0,3646,10258,38788,50054
3979,3470,941013747,2273974428,269699,571236,0,0,320,240,1,3647,16427,63236,81623
3980,3471,941230970,2274545664,217223,571236,0,0,320,240,0,3648,16198,62058,80205
3981,3472,941516145,2275116903,285175,571239,0,240,320,240,1,3649,10413,39477,50987
3982,3472,941743541,2275688139,227396,571236,0,240,320,240,0,3649,22659,87224,112665
3983,3474,941973879,2276259375,230338,571236,0,240,320,240,0,3651,10579,40049,51784
3984,3475,942244485,2276830611,270606,571236,0,0,320,240,1,3652,16196,62364,80570
3985,3476,942455837,2277401847,211352,571236,0,0,320,240,0,3653,13266,50369,65067
3986,3477,942726271,2277973083,270434,571236,0,240,320,240,1,3654,14460,54863,70923
3987,3477,942955364,2278544321,229093,571238,0,240,320,240,0,3654,22325,85899,110794
3988,3479,943187694,2279115557,232330,571236,0,240,320,240,0,3656,10942,41455,53566
3989,3480,943459157,2279686793,271463,571236,0,0,320,240,1,3657,16307,62797,80983
3990,3480,943672567,2280278451,213410,591658,0,0,320,240,0,3657,16541,63309,81837
3991,3482,943942876,2280849692,270309,571241,0,240,320,240,1,3659,14218,53886,69746
3992,3482,944173556,2281420931,230680,571239,0,240,320,240,0,3659,21865,84103,108532
3993,3484,944404137,2281992167,230581,571236,0,240,320,240,0,3661,11669,44269,57334
3994,3485,944672589,2282563403,268452,571236,0,0,320,240,1,3662,15998,61572,79385
3995,3486,944879167,2283134646,206578,571243,0,0,320,240,0,3663,16448,62939,81318
3996,3487,945151496,2283705882,272329,571236,0,240,320,240,1,3664,14013,53118,68654
3997,3487,945396669,2284277122,245173,571240,0,240,320,240,0,3664,14682,56275,72623
3998,3489,945631125,2284848359,234456,571237,0,240,320,240,0,3666,10497,39744,51400
3999,3490,945901230,2285419596,270105,571237,0,0,320,240,1,3667,16142,62048,80057
4000,3491,946117386,2285990833,216156,571237,0,0,320,240,0,3668,13094,50063,64554
4001,3492,946393787,2286562069,276401,571236,0,240,320,240,1,3669,13972,53135,68613
4002,3492,946633587,2287133306,239800,571237,0,240,320,240,0,3669,15423,59411,76716
4003,3494,946868216,2287704546,234629,571240,0,240,320,240,0,3671,10477,39673,51337
4004,3495,947137344,2288275782,269128,571236,0,0,320,240,1,3672,16032,61623,79428
4005,3496,947354696,2288847018,217352,571236,0,0,320,240,0,3673,12450,47177,61015
4006,3497,947633687,2289418265,278991,571247,0,240,320,240,1,3674,13026,49570,63977
4007,3497,947873558,2289989501,239871,571236,0,240,320,240,0,3674,15613,60135,77582
4008,3499,948108092,2290560737,234534,571236,0,240,320,240,0,3676,10411,39399,50989
4009,3500,948377619,2291131973,269527,571236,0,0,320,240,1,3677,16510,63478,81922
4010,3501,948593688,2291703211,216069,571238,0,0,320,240,0,3678,12964,49579,63923
4011,3502,948869446,2292274451,275758,571240,0,240,320,240,1,3679,14036,53319,68919
4012,3502,949109307,2292845691,239861,571240,0,240,320,240,0,3679,15669,60373,77834
4013,3504,949343637,2293416932,234330,571241,0,240,320,240,0,3681,10410,39397,50942
4014,3505,949613257,2293988171,269620,571239,0,0,320,240,1,3682,16100,61938,79930
4015,3506,949829576,2294559408,216319,571237,0,0,320,240,0,3683,12962,49588,64060
4016,3507,950105791,2295130644,276215,571236,0,240,320,240,1,3684,14125,53669,69404
4017,3507,950346413,2295701885,240622,571241,0,240,320,240,0,3684,14323,54879,70871
4018,3509,950583142,2296273124,236729,571239,0,240,320,240,0,3686,10025,37938,48982
4019,3510,950852406,2296844360,269264,571236,0,0,320,240,1,3687,16573,63770,82224
4020,3511,951068488,2297415596,216082,571236,0,0,320,240,0,3688,12932,49442,63855
4021,3512,951342537,2297986833,274049,571237,0,240,320,240,1,3689,14545,55266,71359
4022,3513,951571868,2298558073,229331,571240,0,240,320,240,0,3690,15858,61242,78809
4023,3514,951835298,2299129311,263430,571238,0,0,320,240,1,3691,17404,66733,86161
4024,3515,952063056,2299700547,227758,571236,0,0,320,240,0,3692,12565,48146,62084
4025,3516,952347543,2300271783,284487,571236,0,240,320,240,1,3693,6334,24084,31101
4026,3516,952627014,2300843019,279471,571236,0,240,320,240,0,3693,13018,49964,64554
4027,3518,952852482,2301414255,225468,571236,0,240,320,240,0,3695,14716,56130,72583
4028,3519,953117288,2301985491,264806,571236,0,0,320,240,1,3696,15382,59078,76055
4029,3520,953354320,2302556731,237032,571240,0,0,320,240,0,3697,9692,36724,47528
4030,3521,953641029,2303127967,286709,571236,0,240,320,240,1,3698,6030,22922,29579
4031,3521,953920139,2303699203,279110,571236,0,240,320,240,0,3698,13585,52183,67356
4032,3523,954145435,2304270439,225296,571236,0,240,320,240,0,3700,14958,57039,73552
4033,3524,954414763,2304841679,269328,571240,0,0,320,240,1,3701,15549,59734,77138
4034,3525,954642135,2305412915,227372,571236,0,0,320,240,0,3702,12704,48704,62752
4035,3526,954926455,2305984152,284320,571237,0,240,320,240,1,3703,6427,24447,31557
4036,3526,955212424,2306555388,285969,571236,0,240,320,240,0,3703,11923,45699,58908
4037,3527,955429390,2307126625,216966,571237,0,240,320,240,0,3704,13811,52782,68184
4038,3529,955685933,2307697861,256543,571236,0,0,320,240,1,3706,19547,74664,96263
4039,3529,955926404,2308269099,240471,571238,0,0,320,240,0,3706,15448,59431,76550
4040,3531,956159596,2308840335,233192,571236,0,0,320,240,0,3708,10822,40970,52868
4041,3532,956444710,2309411575,285114,571240,0,240,320,240,1,3709,6855,26052,33613
4042,3532,956732624,2309982811,287914,571236,0,240,320,240,0,3709,14539,55832,72093
4043,3532,956977587,2310554047,244963,571236,0,240,320,240,0,3709,12881,49247,63496
4044,3535,957199280,2311125283,221693,571236,0,240,320,240,0,3712,15167,57359,74000
4045,3536,957472417,2311696519,273137,571236,0,0,320,240,1,3713,16173,61948,80004
4046,3536,957712369,2312267755,239952,571236,0,0,320,240,0,3713,15923,61120,78884
4047,3538,957944218,2312838991,231849,571236,0,0,320,240,0,3715,11074,41957,54160
4048,3539,958226718,2313410227,282500,571236,0,240,320,240,1,3716,9912,37144,48133
4049,3539,958486030,2313981463,259312,571236,0,240,320,240,0,3716,14998,57541,74234
4050,3540,958723996,2314552699,237966,571236,0,240,320,240,0,3717,10848,41111,53220
4051,3542,958987182,2315123935,263186,571236,0,0,320,240,1,3719,17164,65346,84241
4052,3542,959242284,2315695171,255102,571236,0,0,320,240,0,3719,13199,50647,65308
4053,3544,959463372,2316266407,221088,571236,0,0,320,240,0,3721,16756,63928,82729
4054,3545,959746840,2316837646,283468,571239,0,240,320,240,1,3722,9941,37171,48236
4055,3545,960010753,2317408882,263913,571236,0,240,320,240,0,3722,14393,55302,71386
4056,3546,960243308,2317980124,232555,571242,0,240,320,240,0,3723,12151,46646,60308
4057,3548,960504932,2318551366,261624,571242,0,0,320,240,1,3725,16425,62391,80530
4058,3548,960772859,2319122602,267927,571236,0,0,320,240,0,3725,13075,50199,64660
4059,3550,960991841,2319693839,218982,571237,0,0,320,240,0,3727,15669,59730,77244
4060,3551,961266591,2320265075,274750,571236,0,240,320,240,1,3728,10003,37966,48926
4061,3551,961567265,2320836315,300674,571240,0,240,320,240,0,3728,8115,30225,39320
4062,3551,961811219,2321407554,243954,571239,0,240,320,240,0,3728,14694,56286,72840
4063,3554,962032033,2321978795,220814,571241,0,240,320,240,0,3731,15554,59014,76318
4064,3555,962309890,2322550033,277857,571238,0,0,320,240,1,3732,14056,53846,69482
4065,3555,962558296,2323121269,248406,571236,0,0,320,240,0,3732,13231,50573,65263
4066,3557,962789808,2323692505,231512,571236,0,0,320,240,0,3734,11421,43401,56178
4067,3558,963075396,2324263741,285588,571236,0,240,320,240,1,3735,6666,25184,32555
4068,3558,963373543,2324834981,298147,571240,0,240,320,240,0,3735,10349,38919,50594
4069,3558,963619764,2325406220,246221,571239,0,240,320,240,0,3735,13437,51343,66361
4070,3561,963840932,2325977456,221168,571236,0,240,320,240,0,3738,15814,60078,77678
4071,3562,964120466,2326548694,279534,571238,0,0,320,240,1,3739,13914,53177,68516
4072,3562,964368385,2327119930,247919,571236,0,0,320,240,0,3739,13041,49795,64159
4073,3564,964597848,2327691166,229463,571236,0,0,320,240,0,3741,13043,49718,64142
4074,3565,964884777,2328262402,286929,571236,0,240,320,240,1,3742,9372,34718,45115
4075,3565,965142965,2328833639,258188,571237,0,240,320,240,0,3742,15238,58387,75348
4076,3566,965379166,2329404880,236201,571241,0,240,320,240,0,3743,11803,45194,58377
4077,3568,965642606,2329976117,263440,571237,0,0,320,240,1,3745,17274,65691,84817
4078,3568,965910578,2330547353,267972,571236,0,0,320,240,0,3745,13432,51461,66529
4079,3570,966142833,2331118589,232255,571236,0,0,320,240,0,3747,9424,35678,46010
4080,3571,966430542,2331689830,287709,571241,0,240,320,240,1,3748,9190,34011,44265
4081,3571,966706283,2332261067,275741,571237,0,240,320,240,0,3748,13647,52491,67801
4082,3573,966927158,2332832303,220875,571236,0,240,320,240,0,3750,15194,57983,74949
4083,3574,967208503,2333403539,281345,571236,0,0,320,240,1,3751,13038,49799,64374
4084,3574,967465696,2333974778,257193,571239,0,0,320,240,0,3751,14108,54391,70194
4085,3576,967701623,2334546014,235927,571236,0,0,320,240,0,3753,9367,35435,45775
4086,3577,967989438,2335117250,287815,571236,0,240,320,240,1,3754,9157,33879,44066
4087,3577,968264947,2335688486,275509,571236,0,240,320,240,0,3754,14447,55592,71729
4088,3579,968485391,2336259722,220444,571236,0,240,320,240,0,3756,15261,58253,75178
4089,3580,968766519,2336830963,281128,571241,0,0,320,240,1,3757,13135,50187,64724
4090,3580,969025992,2337402199,259473,571236,0,0,320,240,0,3757,13011,49834,64500
4091,3582,969262608,2337973439,236616,571240,0,0,320,240,0,3759,9444,35750,46220
4092,3583,969549371,2338544675,286763,571236,0,240,320,240,1,3760,9482,35120,45770
4093,3583,969824357,2339115917,274986,571242,0,240,320,240,0,3760,15213,58513,75513
4094,3585,970043371,2339687155,219014,571238,0,240,320,240,0,3762,15735,60067,77498
4095,3586,970320980,2340258391,277609,571236,0,0,320,240,1,3763,13654,52201,67337
4096,3586,970571472,2340829629,250492,571238,0,0,320,240,0,3763,13910,53139,68492
4097,3588,970788330,2341400871,216858,571242,0,0,320,240,0,3765,17175,65577,84954
4098,3589,971069911,2341972112,281581,571241,0,240,320,240,1,3766,9758,36172,46965
4099,3589,971341928,2342543349,272017,571237,0,240,320,240,0,3766,16406,63098,81412
4100,3589,971585393,2343114588,243465,571239,0,240,320,240,0,3766,13529,51769,66804
4101,3592,971804512,2343685828,219119,571240,0,240,320,240,0,3769,16078,60818,78624
4102,3593,972074306,2344257066,269794,571238,0,0,320,240,1,3770,12868,49060,63344
4103,3593,972340913,2344828308,266607,571242,0,0,320,240,0,3770,14422,55336,71340
4104,3593,972582290,2345399545,241377,571237,0,0,320,240,0,3770,13307,51082,65968
4105,3596,972811191,2345970787,228901,571242,0,240,320,240,1,3773,17282,65352,84282
4106,3596,973105468,2346542023,294277,571236,0,240,320,240,0,3773,8678,32117,41770
4107,3596,973379161,2347113261,273693,571238,0,240,320,240,0,3773,15764,60486,78168
4108,3597,973616110,2347684497,236949,571236,0,240,320,240,0,3774,10712,41089,52946
4109,3600,973854280,2348255735,238170,571238,0,0,320,240,1,3777,18994,71800,92822
4110,3600,974143382,2348826973,289102,571238,0,0,320,240,0,3777,10829,41386,53428
4111,3600,974402552,2349398210,259170,571237,0,0,320,240,0,3777,16906,64972,83976
4112,3602,974624124,2349969452,221572,571242,0,0,320,240,0,3779,15817,60237,77786
4113,3604,974875957,2350540688,251833,571236,0,240,320,240,1,3781,16934,64002,82666
4114,3604,975172393,2351111925,296436,571237,0,240,320,240,0,3781,7878,29163,38053
4115,3604,975445789,2351683162,273396,571237,0,240,320,240,0,3781,14679,56404,72676
4116,3606,975659280,2352254400,213491,571238,0,240,320,240,0,3783,17729,67767,87462
4117,3608,975905510,2352825637,246230,571237,0,0,320,240,1,3785,17634,66705,86223
4118,3608,976195520,2353396873,290010,571236,0,0,320,240,0,3785,11717,44871,57976
4119,3608,976456140,2353968115,260620,571242,0,0,320,240,0,3785,15233,58490,75766
4120,3611,976678707,2354539356,222567,571241,0,0,320,240,0,3788,13752,51900,66990
4121,3612,976948998,2355110592,270291,571236,0,240,320,240,1,3789,13019,48593,62979
4122,3612,977240020,2355681828,291022,571236,0,240,320,240,0,3789,11036,41995,54368
4123,3612,977501692,2356253067,261672,571239,0,240,320,240,0,3789,15300,58742,75894
4124,3615,977724496,2356824308,222804,571241,0,240,320,240,0,3792,13640,51506,66525
4125,3616,977989964,2357395544,265468,571236,0,0,320,240,1,3793,14869,56575,73120
4126,3616,978268695,2357966782,278731,571238,0,0,320,240,0,3793,14572,55997,72324
4127,3617,978497154,2358538018,228459,571236,0,0,320,240,0,3794,14214,54469,70496
4128,3619,978744487,2359109256,247333,571238,0,240,320,240,1,3796,17688,66934,86554
4129,3619,979039707,2359680492,295220,571236,0,240,320,240,0,3796,8187,30227,39282
4130,3619,979317455,2360251728,277748,571236,0,240,320,240,0,3796,15491,59462,76950
4131,3620,979537303,2360822964,219848,571236,0,240,320,240,0,3797,14951,57194,73909
4132,3623,979778677,2361394200,241374,571236,0,0,320,240,1,3800,18558,70210,90636
4133,3623,980068067,2361965436,289390,571236,0,0,320,240,0,3800,11795,45151,58195
4134,3623,980321636,2362536677,253569,571241,0,0,320,240,0,3800,17111,65463,84654
4135,3626,980547232,2363107917,225596,571240,0,0,320,240,0,3803,13716,51881,66940
4136,3627,980811214,2363679153,263982,571236,0,240,320,240,1,3804,14233,53405,69250
4137,3627,981104064,2364250393,292850,571240,0,240,320,240,0,3804,10018,37780,48933
4138,3627,981365855,2364821634,261791,571241,0,240,320,240,0,3804,13728,52614,67917
4139,3628,981586879,2365392870,221024,571236,0,240,320,240,0,3805,13800,52393,67779
4140,3631,981832135,2365964110,245256,571240,0,0,320,240,1,3808,18255,69042,89285
4141,3631,982119182,2366535350,287047,571240,0,0,320,240,0,3808,12395,47645,61516
4142,3631,982364121,2367106591,244939,571241,0,0,320,240,0,3808,14050,53579,69250
4143,3634,982588915,2367677827,224794,571236,0,0,320,240,0,3811,14284,54027,69884
4144,3635,982863568,2368249067,274653,571240,0,240,320,240,1,3812,10461,39647,51246
4145,3635,983155571,2368820305,292003,571238,0,240,320,240,0,3812,7320,27129,35305
4146,3635,983423952,2369391546,268381,571241,0,240,320,240,0,3812,12858,49358,63732
4147,3635,983657059,2369981207,233107,589661,0,240,320,240,0,3812,15680,60077,77621
4148,3639,983893615,2370552444,236556,571237,0,0,320,240,1,3816,19037,71801,92798
4149,3639,984182023,2371123680,288408,571236,0,0,320,240,0,3816,13137,50442,65161
4150,3639,984415191,2371694916,233168,571236,0,0,320,240,0,3816,16990,65025,83962
4151,3642,984639432,2372266157,224241,571241,0,0,320,240,0,3819,14563,55215,71282
4152,3643,984904801,2372837398,265369,571241,0,240,320,240,1,3820,13849,52204,67557
4153,3643,985166997,2373408637,262196,571239,0,240,320,240,0,3820,16432,63104,81379
4154,3643,985404392,2373979905,237395,571268,0,240,320,240,0,3820,16113,61824,80074
4155,3646,985632312,2374551146,227920,571241,0,240,320,240,0,3823,15051,56802,73385
4156,3647,985905518,2375122382,273206,571236,0,0,320,240,1,3824,15601,59710,77019
4157,3647,986149076,2375693619,243558,571237,0,0,320,240,0,3824,16469,63116,81632
4158,3649,986371021,2376264859,221945,571240,0,0,320,240,0,3826,15330,58247,75268
4159,3650,986647759,2376836098,276738,571239,0,240,320,240,1,3827,12594,47676,61672
4160,3650,986915849,2377407335,268090,571237,0,240,320,240,0,3827,14683,56373,72889
4161,3651,987132585,2377978571,216736,571236,0,240,320,240,0,3828,15662,60000,77501
4162,3653,987384379,2378549807,251794,571236,0,0,320,240,1,3830,18927,71946,92836
4163,3653,987646735,2379121053,262356,571246,0,0,320,240,0,3830,16778,64240,83053
4164,3655,987872327,2379692292,225592,571239,0,0,320,240,0,3832,13202,49976,64511
4165,3656,988149266,2380263528,276939,571236,0,240,320,240,1,3833,12591,47665,61678
4166,3656,988417591,2380834769,268325,571241,0,240,320,240,0,3833,16008,61509,79479
4167,3658,988642830,2381406006,225239,571237,0,240,320,240,0,3835,13698,51910,67052
4168,3659,988914496,2381977242,271666,571236,0,0,320,240,1,3836,16668,63832,82371
4169,3659,989171681,2382548480,257185,571238,0,0,320,240,0,3836,12443,47672,61721
4170,3661,989407163,2383119716,235482,571236,0,0,320,240,0,3838,10537,39751,51428
4171,3662,989684055,2383690956,276892,571240,0,240,320,240,1,3839,12581,47625,61585
4172,3662,989952414,2384262197,268359,571241,0,240,320,240,0,3839,16015,61537,79527
4173,3664,990177616,2384833440,225202,571243,0,240,320,240,0,3841,13727,52023,67124
4174,3665,990449240,2385404676,271624,571236,0,0,320,240,1,3842,16608,63606,81964
4175,3665,990706339,2385975918,257099,571242,0,0,320,240,0,3842,12476,47795,61834
4176,3667,990941853,2386547154,235514,571236,0,0,320,240,0,3844,10537,39751,51264
4177,3668,991218796,2387118390,276943,571236,0,240,320,240,1,3845,12599,47694,61641
4178,3668,991487134,2387689627,268338,571237,0,240,320,240,0,3845,16012,61524,79555
4179,3670,991712461,2388260866,225327,571239,0,240,320,240,0,3847,13732,52043,67327
4180,3671,991984237,2388832106,271776,571240,0,0,320,240,1,3848,16615,63633,82220
4181,3671,992241344,2389403344,257107,571238,0,0,320,240,0,3848,12448,47689,61662
4182,3673,992476845,2389974580,235501,571236,0,0,320,240,0,3850,10537,39751,51315
4183,3674,992753722,2390545819,276877,571239,0,240,320,240,1,3851,12582,47629,61663
4184,3674,993022078,2391117056,268356,571237,0,240,320,240,0,3851,16015,61537,79391
4185,3676,993247458,2391688293,225380,571237,0,240,320,240,0,3853,13746,52094,67305
4186,3677,993519228,2392259529,271770,571236,0,0,320,240,1,3854,16609,63609,82044
4187,3677,993777095,2392830765,257867,571236,0,0,320,240,0,3854,12454,47713,61779
4188,3679,994012876,2393402001,235781,571236,0,0,320,240,0,3856,10541,39761,51330
4189,3680,994289779,2393973242,276903,571241,0,240,320,240,1,3857,12582,47629,61651
4190,3680,994558091,2394544483,268312,571241,0,240,320,240,0,3857,16006,61501,79441
4191,3682,994784014,2395115719,225923,571236,0,240,320,240,0,3859,13755,52128,67338
4192,3683,995055843,2395686955,271829,571236,0,0,320,240,1,3860,16625,63668,82164
4193,3683,995313544,2396258193,257701,571238,0,0,320,240,0,3860,12438,47653,61702
4194,3685,995549269,2396829429,235725,571236,0,0,320,240,0,3862,10540,39755,51476
4195,3686,995826138,2397400666,276869,571237,0,240,320,240,1,3863,12581,47624,61573
4196,3686,996094479,2397971902,268341,571236,0,240,320,240,0,3863,16011,61521,79607
4197,3688,996319156,2398543138,224677,571236,0,240,320,240,0,3865,13928,52815,68218
4198,3689,996591425,2399114374,272269,571236,0,0,320,240,1,3866,16113,61703,79486
4199,3689,996839122,2399685610,247697,571236,0,0,320,240,0,3866,17934,68851,88907
4200,3691,997069333,2400256851,230211,571241,0,0,320,240,0,3868,11381,43028,55319
4201,3692,997346216,2400828087,276883,571236,0,240,320,240,1,3869,12458,47143,60833
4202,3692,997614198,2401399323,267982,571236,0,240,320,240,0,3869,16239,62434,80710
4203,3694,997833012,2401970559,218814,571236,0,240,320,240,0,3871,16715,63766,82508
4204,3695,998096433,2402541795,263421,571236,0,0,320,240,1,3872,18125,69217,89338
4205,3695,998354477,2403113033,258044,571238,0,0,320,240,0,3872,15134,57816,74706
4206,3697,998583840,2403684272,229363,571239,0,0,320,240,0,3874,11282,42640,55044
4207,3698,998860987,2404255511,277147,571239,0,240,320,240,1,3875,12408,46949,60760
4208,3698,999130086,2404826747,269099,571236,0,240,320,240,0,3875,15902,61111,78900
4209,3700,999355556,2405397983,225470,571236,0,240,320,240,0,3877,13732,52053,67204
4210,3701,999628117,2405969224,272561,571241,0,0,320,240,1,3878,15898,60868,78675
4211,3701,999884497,2406540461,256380,571237,0,0,320,240,0,3878,13212,50636,65536
4212,3703,1000120071,2407111697,235574,571236,0,0,320,240,0,3880,10524,39706,51284
4213,3704,1000397222,2407682933,277151,571236,0,240,320,240,1,3881,12404,46932,60689
4214,3704,1000666263,2408254170,269041,571237,0,240,320,240,0,3881,15902,61111,78879
4215,3706,1000891810,2408825409,225547,571239,0,240,320,240,0,3883,13764,52177,67397
4216,3707,1001164477,2409396649,272667,571240,0,0,320,240,1,3884,15852,60685,78347
4217,3707,1001420836,2409967885,256359,571236,0,0,320,240,0,3884,13214,50644,65477
4218,3709,1001656352,2410539125,235516,571240,0,0,320,240,0,3886,10514,39662,51276
4219,3710,1001933505,2411110363,277153,571238,0,240,320,240,1,3887,12398,46905,60531
4220,3710,1002202516,2411681599,269011,571236,0,240,320,240,0,3887,15902,61111,78849
4221,3712,1002427934,2412252835,225418,571236,0,240,320,240,0,3889,13792,52273,67429
4222,3713,1002700776,2412824071,272842,571236,0,0,320,240,1,3890,15820,60567,78191
4223,3713,1002957280,2413395307,256504,571236,0,0,320,240,0,3890,13206,50612,65572
4224,3715,1003192144,2413966549,234864,571242,0,0,320,240,0,3892,10764,40634,52461
4225,3716,1003469188,2414537785,277044,571236,0,240,320,240,1,3893,12516,47384,61330
4226,3716,1003738299,2415109021,269111,571236,0,240,320,240,0,3893,14543,55845,72193
4227,3718,1003962242,2415680258,223943,571237,0,240,320,240,0,3895,12368,47072,60920
4228,3719,1004220507,2416251494,258265,571236,0,0,320,240,1,3896,19197,73284,94644
4229,3719,1004480001,2416822731,259494,571237,0,0,320,240,0,3896,12159,46485,59994
4230,3721,1004706620,2417393971,226619,571240,0,0,320,240,0,3898,13725,52042,67257
4231,3722,1004979766,2417965210,273146,571239,0,240,320,240,1,3899,13977,53047,68656
4232,3722,1005250545,2418536452,270779,571242,0,240,320,240,0,3899,13927,53412,68889
4233,3724,1005473588,2419107689,223043,571237,0,240,320,240,0,3901,13145,50002,64627
4234,3725,1005736267,2419678925,262679,571236,0,0,320,240,1,3902,18302,69883,90226
4235,3725,1005967199,2420269812,230932,590887,0,0,320,240,0,3902,13435,51557,66724
4236,3727,1006234445,2420841048,267246,571236,0,240,320,240,1,3904,13076,49267,63711
4237,3727,1006494676,2421412284,260231,571236,0,240,320,240,0,3904,19178,73819,95039
4238,3729,1006724651,2421983520,229975,571236,0,240,320,240,0,3906,11270,42599,54976
4239,3730,1006994265,2422554759,269614,571239,0,0,320,240,1,3907,18435,70640,91196
4240,3731,1007216846,2423126000,222581,571241,0,0,320,240,0,3908,13133,50089,64756
4241,3732,1007494363,2423697240,277517,571240,0,240,320,240,1,3909,13536,51396,66492
4242,3732,1007730404,2424272926,236041,575686,0,240,320,240,0,3909,15804,60775,78398
4243,3734,1007988983,2424844168,258579,571242,0,0,320,240,1,3911,18994,72454,93540
4244,3735,1008219187,2425415404,230204,571236,0,0,320,240,0,3912,14445,55333,71459
4245,3736,1008490356,2425986640,271169,571236,0,240,320,240,1,3913,13406,50692,65489
4246,3736,1008745483,2426557880,255127,571240,0,240,320,240,0,3913,17733,68258,88086
4247,3738,1008981134,2427129116,235651,571236,0,240,320,240,0,3915,10513,39672,51288
4248,3739,1009251171,2427700352,270037,571236,0,0,320,240,1,3916,18387,70471,91015
4249,3740,1009473375,2428271588,222204,571236,0,0,320,240,0,3917,13181,50261,64975
4250,3741,1009751472,2428842824,278097,571236,0,240,320,240,1,3918,13832,52566,67797
4251,3741,1009984856,2429414060,233384,571236,0,240,320,240,0,3918,15205,58469,75444
4252,3743,1010243456,2429985301,258600,571241,0,0,320,240,1,3920,18991,72437,93638
4253,3744,1010473404,2430556537,229948,571236,0,0,320,240,0,3921,14372,55050,71043
4254,3745,1010744843,2431127774,271439,571237,0,240,320,240,1,3922,12960,48979,63391
4255,3745,1011000243,2431699020,255400,571246,0,240,320,240,0,3922,17756,68325,88052
4256,3747,1011234747,2432270261,234504,571241,0,240,320,240,0,3924,10968,41446,53515
4257,3748,1011504583,2432841497,269836,571236,0,0,320,240,1,3925,18528,70998,91804
4258,3749,1011726970,2433412736,222387,571239,0,0,320,240,0,3926,13040,49731,64173
4259,3750,1012004278,2433983972,277308,571236,0,240,320,240,1,3927,13862,52653,67924
4260,3750,1012240279,2434560544,236001,576572,0,240,320,240,0,3927,15478,59518,76859
4261,3752,1012498846,2435131785,258567,571241,0,0,320,240,1,3929,18993,72450,93667
4262,3753,1012728631,2435703026,229785,571241,0,0,320,240,0,3930,14430,55273,71449
4263,3754,1013000068,2436274263,271437,571237,0,240,320,240,1,3931,13097,49519,63984
4264,3754,1013255021,2436845503,254953,571240,0,240,320,240,0,3931,17964,69133,89425
4265,3756,1013490375,2437416742,235354,571239,0,240,320,240,0,3933,10595,39989,51626
4266,3757,1013760670,2437987982,270295,571240,0,0,320,240,1,3934,18387,70471,91001
4267,3758,1013982350,2438559221,221680,571239,0,0,320,240,0,3935,13181,50261,64955
4268,3759,1014260819,2439130457,278469,571236,0,240,320,240,1,3936,13891,52788,68238
4269,3759,1014493802,2439701695,232983,571238,0,240,320,240,0,3936,15146,58247,75208
4270,3761,1014752713,2440272932,258911,571237,0,0,320,240,1,3938,19042,72630,93676
4271,3762,1014981818,2440844168,229105,571236,0,0,320,240,0,3939,14541,55694,71970
4272,3763,1015253069,2441415407,271251,571239,0,240,320,240,1,3940,13441,50831,65740
4273,3763,1015508087,2441986644,255018,571237,0,240,320,240,0,3940,17507,67400,86833
4274,3765,1015743706,2442557880,235619,571236,0,240,320,240,0,3942,10516,39682,51236
4275,3766,1016013070,2443129116,269364,571236,0,0,320,240,1,3943,18695,71615,92477
4276,3767,1016236182,2443700352,223112,571236,0,0,320,240,0,3944,12879,49133,63175
4277,3768,1016513402,2444271588,277220,571236,0,240,320,240,1,3945,14105,53589,69287
4278,3768,1016747016,2444842828,233614,571240,0,240,320,240,0,3945,15285,58768,75857
4279,3770,1017005491,2445414065,258475,571237,0,0,320,240,1,3947,19055,72702,93918
4280,3770,1017247247,2445986316,241756,572251,0,0,320,240,0,3947,13258,50885,65340
4281,3772,1017487146,2446557552,239899,571236,0,0,320,240,0,3949,10314,38923,50222
4282,3773,1017764177,2447128788,277031,571236,0,240,320,240,1,3950,14373,54713,70738
4283,3773,1018013270,2447700029,249093,571241,0,240,320,240,0,3950,14428,55401,71388
4284,3775,1018244660,2448271265,231390,571236,0,240,320,240,0,3952,11519,43554,56281
4285,3776,1018513758,2448842501,269098,571236,0,0,320,240,1,3953,18416,70607,91270
4286,3777,1018731902,2449413741,218144,571240,0,0,320,240,0,3954,11914,45500,58819
4287,3778,1019001529,2449984977,269627,571236,0,240,320,240,1,3955,15061,57188,73887
4288,3778,1019252760,2450556216,251231,571239,0,240,320,240,0,3955,15731,60447,78128
4289,3780,1019482172,2451127458,229412,571242,0,240,320,240,0,3957,11477,43389,56118
4290,3781,1019751031,2451698694,268859,571236,0,0,320,240,1,3958,18377,70518,90938
4291,3782,1019969174,2452269932,218143,571238,0,0,320,240,0,3959,11947,45572,58903
4292,3783,1020239968,2452841168,270794,571236,0,240,320,240,1,3960,14883,56530,73243
4293,3783,1020480426,2453425901,240458,584733,0,240,320,240,0,3960,15809,60795,78196
4294,3786,1020738411,2453997137,257985,571236,0,0,320,240,1,3963,9781,36878,47654
4295,3786,1021004669,2454568376,266258,571239,0,0,320,240,0,3963,18356,70423,90921
4296,3788,1021229954,2455139616,225285,571240,0,240,320,240,1,3965,12839,48934,63279
4297,3788,1021509055,2455710854,279101,571238,0,240,320,240,0,3965,14214,54153,70032
4298,3789,1021737467,2456282092,228412,571238,0,0,320,240,1,3966,15695,60215,77822
4299,3790,1021999170,2456853328,261703,571236,0,0,320,240,0,3967,18714,71552,92281
4300,3791,1022226208,2457424567,227038,571239,0,240,320,240,1,3968,13872,53051,68468
4301,3792,1022497415,2457995803,271207,571236,0,240,320,240,0,3969,14953,56786,73313
4302,3792,1022734506,2458574751,237091,578948,0,240,320,240,0,3969,15774,60660,78431
4303,3795,1022991864,2459145993,257358,571242,0,0,320,240,1,3972,10044,37876,48905
4304,3795,1023257022,2459717229,265158,571236,0,0,320,240,0,3972,18435,70784,91410
4305,3797,1023483740,2460288465,226718,571236,0,240,320,240,1,3974,12760,48573,62844
4306,3797,1023762572,2460859701,278832,571236,0,240,320,240,0,3974,14998,57259,73944
4307,3798,1023991740,2461430937,229168,571236,0,0,320,240,1,3975,14683,56238,72791
4308,3799,1024252782,2462002176,261042,571239,0,0,320,240,0,3976,19447,74391,96004
4309,3800,1024479289,2462573417,226507,571241,0,240,320,240,1,3977,13500,51545,66722
4310,3801,1024753400,2463144657,274111,571240,0,240,320,240,0,3978,14393,54705,70587
4311,3801,1024985447,2463715894,232047,571237,0,240,320,240,0,3978,15627,60104,77700
4312,3804,1025243024,2464287134,257577,571240,0,0,320,240,1,3981,9966,37574,48620
4313,3804,1025508737,2464858373,265713,571239,0,0,320,240,0,3981,18449,70797,91312
4314,3806,1025734650,2465429613,225913,571240,0,240,320,240,1,3983,12744,48552,62833
4315,3806,1026013256,2466000849,278606,571236,0,240,320,240,0,3983,14679,55992,72416
4316,3807,1026242150,2466572085,228894,571236,0,0,320,240,1,3984,15032,57609,74583
4317,3808,1026505689,2467143322,263539,571237,0,0,320,240,0,3985,19129,73183,94455
4318,3810,1026727383,2467714563,221694,571241,0,240,320,240,1,3987,14384,54897,70921
4319,3810,1027006163,2468285802,278780,571239,0,240,320,240,0,3987,14727,56171,72527
4320,3811,1027234991,2468857038,228828,571236,0,0,320,240,1,3988,15098,57862,74862
4321,3812,1027498168,2469428277,263177,571239,0,0,320,240,0,3989,20554,78793,101731
4322,3813,1027714499,2469999513,216331,571236,0,240,320,240,1,3990,14338,54861,70890
4323,3814,1027990377,2470570749,275878,571236,0,240,320,240,0,3991,14359,54497,70446
4324,3814,1028232527,2471141985,242150,571236,0,240,320,240,0,3991,17815,68686,88564
4325,3817,1028468049,2471713222,235522,571237,0,0,320,240,1,3994,10428,39392,50777
4326,3817,1028730930,2472284462,262881,571240,0,0,320,240,0,3994,19510,75191,96879
4327,3819,1028952491,2472855698,221561,571236,0,240,320,240,1,3996,12821,48861,62863
4328,3819,1029232856,2473426934,280365,571236,0,240,320,240,0,3996,15811,60590,78273
4329,3820,1029452785,2473998170,219929,571236,0,0,320,240,1,3997,17545,67174,86760
4330,3821,1029714049,2474569409,261264,571239,0,0,320,240,0,3998,22154,85111,109910
4331,3823,1029922445,2475140646,208396,571237,0,240,320,240,1,4000,18901,72308,93546
4332,3823,1030203302,2475711887,280857,571241,0,240,320,240,0,4000,15840,60721,78321
4333,3824,1030420445,2476283124,217143,571237,0,0,320,240,1,4001,19626,75570,97392
4334,3825,1030680964,2476854360,260519,571236,0,0,320,240,0,4002,22123,84949,109514
4335,3827,1030894280,2477425596,213316,571236,0,240,320,240,1,4004,17755,67997,88018
4336,3827,1031174509,2477996835,280229,571239,0,240,320,240,0,4004,15940,61092,78938
4337,3828,1031394047,2478568073,219538,571238,0,0,320,240,1,4005,17740,67928,87769
4338,3829,1031653979,2479139310,259932,571237,0,0,320,240,0,4006,22523,86494,111562
4339,3831,1031870219,2479710552,216240,571242,0,240,320,240,1,4008,15761,59922,77504
4340,3831,1032150794,2480281791,280575,571239,0,240,320,240,0,4008,15846,60743,78440
4341,3832,1032369876,2480853032,219082,571241,0,0,320,240,1,4009,18003,68913,88938
4342,3833,1032630177,2481424272,260301,571240,0,0,320,240,0,4010,22368,85897,110703
4343,3835,1032846384,2481995508,216207,571236,0,240,320,240,1,4012,15708,59716,77212
4344,3835,1033126665,2482566748,280281,571240,0,240,320,240,0,4012,15771,60459,78108
4345,3836,1033346038,2483137984,219373,571236,0,0,320,240,1,4013,17947,68679,88843
4346,3837,1033604176,2483709221,258138,571237,0,0,320,240,0,4014,22499,86484,111544
4347,3839,1033826608,2484280457,222432,571236,0,240,320,240,1,4016,13656,51900,67115
4348,3839,1034111134,2484851693,284526,571236,0,240,320,240,0,4016,15135,58123,74991
4349,3840,1034317242,2485422935,206108,571242,0,0,320,240,1,4017,22249,85424,110357
4350,3841,1034572046,2485994173,254804,571238,0,0,320,240,0,4018,23009,88534,114235
4351,3843,1034813818,2486565412,241772,571239,0,240,320,240,1,4020,7270,27530,35497
4352,3843,1035098490,2487136648,284672,571236,0,240,320,240,0,4020,15157,58200,75093
4353,3845,1035317498,2487707889,219008,571241,0,0,320,240,1,4022,17739,68146,87877
4354,3845,1035573098,2488279126,255600,571237,0,0,320,240,0,4022,23425,90074,116229
4355,3847,1035816495,2488850364,243397,571238,0,240,320,240,1,4024,6002,22764,29400
4356,3847,1036101207,2489421601,284712,571237,0,240,320,240,0,4024,15169,58250,75254
4357,3849,1036320008,2489992837,218801,571236,0,0,320,240,1,4026,17754,68195,88042
4358,3849,1036575544,2490564082,255536,571245,0,0,320,240,0,4026,23410,90014,116034
4359,3851,1036818590,2491135320,243046,571238,0,240,320,240,1,4028,6016,22822,29447
4360,3851,1037103262,2491706556,284672,571236,0,240,320,240,0,4028,15161,58216,75108
4361,3852,1037316470,2492277792,213208,571236,0,0,320,240,1,4029,19392,74265,95955
4362,3853,1037572011,2492849028,255541,571236,0,0,320,240,0,4030,23121,88919,114794
4363,3855,1037805602,2493420264,233591,571236,0,240,320,240,1,4032,9522,35887,46517
4364,3855,1038090288,2493991505,284686,571241,0,240,320,240,0,4032,15163,58222,75229
4365,3856,1038303105,2494562744,212817,571239,0,0,320,240,1,4033,18941,72570,93814
4366,3857,1038556065,2495133984,252960,571240,0,0,320,240,0,4034,23390,89968,115996
4367,3859,1038780453,2495705220,224388,571236,0,240,320,240,1,4036,13003,49024,63529
4368,3859,1039065098,2496276456,284645,571236,0,240,320,240,0,4036,15155,58197,75053
4369,3859,1039276163,2496849554,211065,573098,0,240,320,240,0,4036,19264,73814,95395
4370,3862,1039540838,2497420794,264675,571240,0,0,320,240,1,4039,6728,25355,32806
4371,3862,1039794657,2497992030,253819,571236,0,0,320,240,0,4039,23899,92159,118749
4372,3864,1040030879,2498563266,236222,571236,0,240,320,240,1,4041,8979,34256,44159
4373,3864,1040315129,2499134502,284250,571236,0,240,320,240,0,4041,15137,58072,75102
4374,3866,1040529167,2499705744,214038,571242,0,0,320,240,1,4043,19354,74357,95866
4375,3866,1040783506,2500276987,254339,571243,0,0,320,240,0,4043,23606,91022,117372
4376,3868,1041019099,2500848223,235593,571236,0,240,320,240,1,4045,9375,35792,46293
4377,3868,1041303368,2501419459,284269,571236,0,240,320,240,0,4045,15140,58086,75073
4378,3870,1041517490,2501990695,214122,571236,0,0,320,240,1,4047,19216,73824,95331
4379,3870,1041771676,2502561935,254186,571240,0,0,320,240,0,4047,23600,90984,117347
4380,3872,1042004394,2503133177,232718,571242,0,240,320,240,1,4049,10498,40083,51863
4381,3872,1042285476,2503704413,281082,571236,0,240,320,240,0,4049,15962,61251,79096
4382,3872,1042499444,2504287910,213968,583497,0,240,320,240,0,4049,20795,79888,103142
4383,3875,1042756299,2504859146,256855,571236,0,0,320,240,1,4052,9307,35181,45433
4384,3875,1043009639,2505430382,253340,571236,0,0,320,240,0,4052,24067,92886,119801
4385,3877,1043225391,2506001624,215752,571242,0,240,320,240,1,4054,15401,58641,75758
4386,3877,1043509023,2506572861,283632,571237,0,240,320,240,0,4054,15356,58960,76149
4387,3878,1043718298,2507144103,209275,571242,0,240,320,240,0,4055,19546,74708,96371
4388,3880,1043976636,2507715346,258338,571243,0,0,320,240,1,4057,8653,32749,42336
4389,3880,1044229487,2508286582,252851,571236,0,0,320,240,0,4057,23983,92524,119270
4390,3882,1044446063,2508857822,216576,571240,0,240,320,240,1,4059,15502,59095,76320
4391,3882,1044728707,2509429062,282644,571240,0,240,320,240,0,4059,15468,59369,76502
4392,3882,1044936289,2510000298,207582,571236,0,240,320,240,0,4059,20804,80029,103376
4393,3885,1045192981,2510571536,256692,571238,0,0,320,240,1,4062,9386,35540,46002
4394,3885,1045447573,2511142777,254592,571241,0,0,320,240,0,4062,23664,91009,117315
4395,3887,1045665976,2511714017,218403,571240,0,240,320,240,1,4064,14073,53465,69051
4396,3887,1045949684,2512285253,283708,571236,0,240,320,240,0,4064,15351,58974,76123
4397,3887,1046156841,2512856491,207157,571238,0,240,320,240,0,4064,20626,79314,102324
4398,3890,1046413983,2513427731,257142,571240,0,0,320,240,1,4067,9291,35122,45481
4399,3890,1046666805,2513998967,252822,571236,0,0,320,240,0,4067,23999,92561,119311
4400,3892,1046883015,2514570203,216210,571236,0,240,320,240,1,4069,15530,59226,76390
4401,3892,1047165656,2515141439,282641,571236,0,240,320,240,0,4069,15479,59428,76726
4402,3892,1047373633,2515712675,207977,571236,0,240,320,240,0,4069,20824,80093,103399
4403,3895,1047630572,2516283916,256939,571241,0,0,320,240,1,4072,9258,34987,45294
4404,3895,1047883936,2516855154,253364,571238,0,0,320,240,0,4072,24054,92816,119632
4405,3897,1048099822,2517426390,215886,571236,0,240,320,240,1,4074,15520,59125,76400
4406,3897,1048383507,2517997627,283685,571237,0,240,320,240,0,4074,15340,58910,75956
4407,3899,1048598449,2518568863,214942,571236,0,0,320,240,1,4076,18587,70966,91766
4408,3899,1048853258,2519140099,254809,571236,0,0,320,240,0,4076,24045,92824,119680
4409,3901,1049088837,2519711337,235579,571238,0,240,320,240,1,4078,8762,33299,42987
4410,3901,1049373421,2520282573,284584,571236,0,240,320,240,0,4078,15820,60866,78709
4411,3903,1049590158,2520853815,216737,571242,0,0,320,240,1,4080,17103,65161,84058
4412,3903,1049844946,2521425052,254788,571237,0,0,320,240,0,4080,24034,92790,119547
4413,3905,1050081051,2521996288,236105,571236,0,240,320,240,1,4082,8763,33307,42983
4414,3905,1050365687,2522567525,284636,571237,0,240,320,240,0,4082,15834,60921,78550
4415,3907,1050582599,2523138772,216912,571247,0,0,320,240,1,4084,17094,65123,84098
4416,3907,1050837370,2523710009,254771,571237,0,0,320,240,0,4084,24031,92779,119603
4417,3909,1051060759,2524281248,223389,571239,0,240,320,240,1,4086,12350,46652,60304
4418,3909,1051345395,2524852488,284636,571240,0,240,320,240,0,4086,15835,60923,78601
4419,3910,1051558677,2525423728,213282,571240,0,0,320,240,1,4087,17827,67662,87369
4420,3911,1051812017,2525994964,253340,571236,0,0,320,240,0,4088,23200,89374,115235
4421,3913,1052036606,2526566202,224589,571238,0,240,320,240,1,4090,13571,51556,66571
4422,3913,1052321161,2527137438,284555,571236,0,240,320,240,0,4090,15811,60834,78433
4423,3915,1052535845,2527708674,214684,571236,0,0,320,240,1,4092,17807,67587,87534
4424,3915,1052790004,2528279912,254159,571238,0,0,320,240,0,4092,23932,92366,119030
4425,3917,1053023838,2528851148,233834,571236,0,240,320,240,1,4094,9594,36288,47063
4426,3917,1053308426,2529422386,284588,571238,0,240,320,240,0,4094,15822,60874,78527
4427,3919,1053529930,2529993627,221504,571241,0,0,320,240,1,4096,15422,58772,76042
4428,3919,1053784790,2530564863,254860,571236,0,0,320,240,0,4096,24065,92901,119749
4429,3921,1054025657,2531136101,240867,571238,0,240,320,240,1,4098,7009,26608,34374
4430,3921,1054310223,2531707341,284566,571240,0,240,320,240,0,4098,15816,60850,78699
4431,3923,1054531886,2532278579,221663,571238,0,0,320,240,1,4100,15425,58781,75920
4432,3923,1054786688,2532849819,254802,571240,0,0,320,240,0,4100,24060,92873,119738
4433,3925,1055027365,2533421059,240677,571240,0,240,320,240,1,4102,7025,26668,34463
4434,3925,1055311947,2533992295,284582,571236,0,240,320,240,0,4102,15820,60864,78498
4435,3927,1055533679,2534563531,221732,571236,0,0,320,240,1,4104,15421,58770,76029
4436,3927,1055788512,2535134772,254833,571241,0,0,320,240,0,4104,24048,92846,119655
4437,3929,1056029493,2535706012,240981,571240,0,240,320,240,1,4106,7013,26624,34375
4438,3929,1056314112,2536277253,284619,571241,0,240,320,240,0,4106,15829,60901,78585
4439,3931,1056536345,2536848489,222233,571236,0,0,320,240,1,4108,15487,58986,76236
4440,3931,1056793046,2537419725,256701,571236,0,0,320,240,0,4108,22251,85676,110474
4441,3933,1057030891,2537990964,237845,571239,0,240,320,240,1,4110,9074,34299,44404
4442,3933,1057315267,2538562205,284376,571241,0,240,320,240,0,4110,15881,61111,78874
4443,3935,1057524986,2539133442,209719,571237,0,0,320,240,1,4112,20563,78632,101522
4444,3935,1057776914,2539704678,251928,571236,0,0,320,240,0,4112,24538,94545,121838
4445,3937,1058011473,2540275914,234559,571236,0,240,320,240,1,4114,9913,37722,48742
4446,3937,1058295971,2540847152,284498,571238,0,240,320,240,0,4114,15798,60789,78545
4447,3939,1058509118,2541418388,213147,571236,0,0,320,240,1,4116,19155,73409,94824
4448,3939,1058763498,2541989624,254380,571236,0,0,320,240,0,4116,24077,92939,119952
4449,3941,1059004399,2542560862,240901,571238,0,240,320,240,1,4118,7237,27495,35353
4450,3941,1059288955,2543132100,284556,571238,0,240,320,240,0,4118,15817,60875,78503
4451,3943,1059507924,2543703341,218969,571241,0,0,320,240,1,4120,17023,65243,84343
4452,3943,1059762720,2544274578,254796,571237,0,0,320,240,0,4120,24070,92917,119705
4453,3945,1059997061,2544845814,234341,571236,0,240,320,240,1,4122,9151,34582,44823
4454,3945,1060281643,2545417053,284582,571239,0,240,320,240,0,4122,15824,60901,78626
4455,3946,1060493958,2545988294,212315,571241,0,0,320,240,1,4123,18827,71943,93023
4456,3947,1060748785,2546559532,254827,571238,0,0,320,240,0,4124,23273,89700,115565
4457,3949,1060974248,2547130772,225463,571240,0,240,320,240,1,4126,12784,48521,62717
4458,3949,1061258824,2547702010,284576,571238,0,240,320,240,0,4126,15823,60895,78599
4459,3951,1061472650,2548273247,213826,571237,0,0,320,240,1,4128,18803,72013,92926
4460,3951,1061727513,2548844483,254863,571236,0,0,320,240,0,4128,24077,92966,119835
4461,3953,1061963385,2549415719,235872,571236,0,240,320,240,1,4130,8763,33305,42958
4462,3953,1062247928,2549986959,284543,571240,0,240,320,240,0,4130,15815,60862,78541
4463,3955,1062461793,2550558198,213865,571239,0,0,320,240,1,4132,18768,71889,92696
4464,3955,1062716533,2551129434,254740,571236,0,0,320,240,0,4132,24053,92874,119717
4465,3957,1062952244,2551700675,235711,571241,0,240,320,240,1,4134,8809,33486,43331
4466,3957,1063236841,2552271916,284597,571241,0,240,320,240,0,4134,15828,60917,78633
4467,3959,1063450677,2552843165,213836,571249,0,0,320,240,1,4136,18766,71897,92953
4468,3959,1063705456,2553414405,254779,571240,0,0,320,240,0,4136,24067,92917,119875
4469,3961,1063941157,2553985645,235701,571240,0,240,320,240,1,4138,8785,33394,43184
4470,3961,1064225715,2554556881,284558,571236,0,240,320,240,0,4138,15817,60873,78528
4471,3963,1064439556,2555128123,213841,571242,0,0,320,240,1,4140,18778,71943,92943
4472,3963,1064694378,2555699362,254822,571239,0,0,320,240,0,4140,24088,93001,119893
4473,3965,1064929987,2556270603,235609,571241,0,240,320,240,1,4142,8785,33392,43089
4474,3965,1065214607,2556841839,284620,571236,0,240,320,240,0,4142,15832,60936,78515
4475,3967,1065428660,2557413081,214053,571242,0,0,320,240,1,4144,18698,71622,92316
4476,3967,1065683196,2557984320,254536,571239,0,0,320,240,0,4144,24088,92994,119830
4477,3969,1065919147,2558555567,235951,571247,0,240,320,240,1,4146,8859,33675,43487
4478,3969,1066203670,2559126806,284523,571239,0,240,320,240,0,4146,15808,60839,78631
4479,3970,1066418094,2559698045,214424,571239,0,0,320,240,1,4147,17987,68816,88936
4480,3971,1066671068,2560269283,252974,571238,0,0,320,240,0,4148,23432,90119,116325
4481,3973,1066889599,2560840525,218531,571242,0,240,320,240,1,4150,15865,60343,78009
4482,3973,1067174190,2561411761,284591,571236,0,240,320,240,0,4150,15826,60912,78564
4483,3973,1067386925,2561985593,212735,573832,0,240,320,240,0,4150,18394,70384,90958
4484,3976,1067649422,2562556830,262497,571237,0,0,320,240,1,4153,7523,28356,36651
4485,3976,1067904022,2563128066,254600,571236,0,0,320,240,0,4153,23979,92552,119389
4486,3978,1068121911,2563699306,217889,571240,0,240,320,240,1,4155,14130,53476,69140
4487,3978,1068406571,2564270542,284660,571236,0,240,320,240,0,4155,15621,60050,77480
4488,3979,1068621420,2564841778,214849,571236,0,0,320,240,1,4156,17765,67788,87617
4489,3980,1068875626,2565413019,254206,571241,0,0,320,240,0,4157,23505,90570,116803
4490,3982,1069103715,2565984259,228089,571240,0,240,320,240,1,4159,12240,46706,60248
4491,3982,1069388446,2566555495,284731,571236,0,240,320,240,0,4159,15639,60123,77618
4492,3983,1069603098,2567126731,214652,571236,0,0,320,240,1,4160,17744,67703,87463
4493,3984,1069857443,2567697967,254345,571236,0,0,320,240,0,4161,23439,90306,116331
4494,3986,1070085421,2568269208,227978,571241,0,240,320,240,1,4163,12313,46989,60568
4495,3986,1070370189,2568840448,284768,571240,0,240,320,240,0,4163,15648,60157,77601
4496,3987,1070585084,2569411686,214895,571238,0,0,320,240,1,4164,17737,67669,87308
4497,3988,1070839251,2569982922,254167,571236,0,0,320,240,0,4165,23575,90841,117269
4498,3990,1071067725,2570554164,228474,571242,0,240,320,240,1,4167,12182,46484,60087
4499,3990,1071352492,2571125400,284767,571236,0,240,320,240,0,4167,15648,60157,77502
4500,3991,1071567343,2571696636,214851,571236,0,0,320,240,1,4168,17734,67658,87235
4501,3992,1071821452,2572267874,254109,571238,0,0,320,240,0,4169,23525,90635,116940
4502,3994,1072050271,2572839116,228819,571242,0,240,320,240,1,4171,12242,46706,60298
4503,3994,1072334990,2573410352,284719,571236,0,240,320,240,0,4171,15635,60106,77535
4504,3995,1072549585,2573981588,214595,571236,0,0,320,240,1,4172,17751,67722,87462
4505,3996,1072803955,2574552831,254370,571243,0,0,320,240,0,4173,23405,90175,116334
4506,3998,1073031881,2575124075,227926,571244,0,240,320,240,1,4175,12347,47132,60958
4507,3998,1073316201,2575695312,284320,571237,0,240,320,240,0,4175,15367,59009,76038
4508,3998,1073532837,2576266549,216636,571237,0,240,320,240,0,4175,23278,88685,114444
4509,4001,1073758776,2576837788,225939,571239,0,0,320,240,1,4178,12553,47591,61465
4510,4001,1074012453,2577409034,253677,571246,0,0,320,240,0,4178,24028,92749,119592
4511,4002,1074213176,2577980270,200723,571236,0,240,320,240,1,4179,19574,74502,96390
4512,4003,1074487141,2578551511,273965,571241,0,240,320,240,0,4180,16534,63249,81598
4513,4003,1074719834,2579122757,232693,571246,0,240,320,240,0,4180,21760,83755,108042
4514,4006,1074925004,2579693996,205170,571239,0,0,320,240,1,4183,19124,72619,93757
4515,4006,1075179305,2580265232,254301,571236,0,0,320,240,0,4183,23641,90918,117431
4516,4007,1075380324,2580836469,201019,571237,0,240,320,240,1,4184,19135,72781,93946
4517,4008,1075654660,2581407705,274336,571236,0,240,320,240,0,4185,16338,62549,80785
4518,4008,1075887061,2581978941,232401,571236,0,240,320,240,0,4185,21506,82777,106797
4519,4011,1076090819,2582550178,203758,571237,0,0,320,240,1,4188,19512,74146,95700
4520,4011,1076344493,2583121418,253674,571240,0,0,320,240,0,4188,24039,92761,119571
4521,4012,1076545565,2583692654,201072,571236,0,0,320,240,0,4189,19502,74459,96061
4522,4014,1076804508,2584263895,258943,571241,0,240,320,240,1,4191,8448,32003,41308
4523,4014,1077087933,2584835131,283425,571236,0,240,320,240,0,4191,15226,58417,75602
4524,4014,1077305549,2585406367,217616,571236,0,240,320,240,0,4191,23342,89206,115156
4525,4017,1077528416,2585977608,222867,571241,0,0,320,240,1,4194,13581,51503,66473
4526,4017,1077782185,2586548850,253769,571242,0,0,320,240,0,4194,24020,92718,119422
4527,4018,1077983297,2587120086,201112,571236,0,0,320,240,0,4195,19501,74444,95950
4528,4020,1078242386,2587691332,259089,571246,0,240,320,240,1,4197,8354,31592,40782
4529,4020,1078525639,2588262572,283253,571240,0,240,320,240,0,4197,15297,58719,75805
4530,4020,1078744386,2588833808,218747,571236,0,240,320,240,0,4197,23607,90735,116966
4531,4023,1078962441,2589405044,218055,571236,0,0,320,240,1,4200,15204,57687,74402
4532,4023,1079216078,2589976281,253637,571237,0,0,320,240,0,4200,24026,92718,119462
4533,4024,1079416059,2590547517,199981,571236,0,240,320,240,1,4201,20270,77346,99925
4534,4025,1079690493,2591118753,274434,571236,0,240,320,240,0,4202,16454,63023,81312
4535,4025,1079922821,2591689990,232328,571237,0,240,320,240,0,4202,21859,84148,108600
4536,4028,1080127810,2592261229,204989,571239,0,0,320,240,1,4205,19170,72835,94081
4537,4028,1080380902,2592832466,253092,571237,0,0,320,240,0,4205,24001,92586,119534
4538,4028,1080591879,2593403702,210977,571236,0,0,320,240,0,4205,21976,83685,108021
4539,4031,1080828314,2593974940,236435,571238,0,240,320,240,1,4208,9509,35916,46536
4540,4031,1081113205,2594546180,284891,571240,0,240,320,240,0,4208,15913,61253,79095
4541,4031,1081331323,2595134729,218118,588549,0,240,320,240,0,4208,18725,71627,92594
4542,4034,1081591838,2595705967,260515,571238,0,0,320,240,1,4211,8511,32071,41370
4543,4034,1081852918,2596277203,261080,571236,0,0,320,240,0,4211,22193,85462,110209
4544,4036,1082068305,2596848445,215387,571242,0,240,320,240,1,4213,13947,52426,67943
4545,4036,1082352744,2597419681,284439,571236,0,240,320,240,0,4213,16406,63205,81710
4546,4037,1082566895,2597990920,214151,571239,0,240,320,240,0,4214,16893,64448,83126
4547,4039,1082827801,2598562159,260906,571239,0,0,320,240,1,4216,8143,30713,39716
4548,4039,1083085649,2599133400,257848,571241,0,0,320,240,0,4216,23383,90425,116485
4549,4041,1083323329,2599704636,237680,571236,0,240,320,240,1,4218,7742,29303,37881
4550,4041,1083608487,2600275872,285158,571236,0,240,320,240,0,4218,16615,64021,82594
4551,4043,1083826924,2600847110,218437,571238,0,0,320,240,1,4220,16265,62246,80272
4552,4043,1084084858,2601418346,257934,571236,0,0,320,240,0,4220,23378,90393,116595
4553,4045,1084322749,2601989588,237891,571242,0,240,320,240,1,4222,7742,29302,37889
4554,4045,1084607867,2602560829,285118,571241,0,240,320,240,0,4222,16605,63981,82569
4555,4047,1084826569,2603132070,218702,571241,0,0,320,240,1,4224,16268,62237,80386
4556,4047,1085084607,2603703306,258038,571236,0,0,320,240,0,4224,23360,90327,116308
4557,4049,1085322241,2604274547,237634,571241,0,240,320,240,1,4226,7741,29295,37898
4558,4049,1085607315,2604845783,285074,571236,0,240,320,240,0,4226,16594,63937,82496
4559,4051,1085826056,2605417023,218741,571240,0,0,320,240,1,4228,16259,62220,80206
4560,4051,1086084084,2605988259,258028,571236,0,0,320,240,0,4228,23385,90403,116637
4561,4053,1086321515,2606559495,237431,571236,0,240,320,240,1,4230,7710,29157,37671
4562,4053,1086606650,2607130731,285135,571236,0,240,320,240,0,4230,16628,64078,82565
4563,4055,1086828601,2607701967,221951,571236,0,0,320,240,1,4232,14945,56801,73363
4564,4055,1087082990,2608273203,254389,571236,0,0,320,240,0,4232,23110,88962,114726
4565,4057,1087312867,2608844444,229877,571241,0,240,320,240,1,4234,12002,45513,58840
4566,4057,1087597007,2609415682,284140,571238,0,240,320,240,0,4234,16891,65095,83843
4567,4059,1087804400,2609986921,207393,571239,0,0,320,240,1,4236,20128,77072,99466
4568,4059,1088056405,2610558159,252005,571238,0,0,320,240,0,4236,24018,92413,119157
4569,4061,1088289047,2611129400,232642,571241,0,240,320,240,1,4238,10800,40967,53093
4570,4061,1088573168,2611700640,284121,571240,0,240,320,240,0,4238,16886,65075,83961
4571,4063,1088780263,2612271877,207095,571237,0,0,320,240,1,4240,20307,77762,100446
4572,4063,1089038220,2612843113,257957,571236,0,0,320,240,0,4240,23125,88956,114685
4573,4065,1089276223,2613414349,238003,571236,0,240,320,240,1,4242,8022,30384,39293
4574,4065,1089560415,2613985590,284192,571241,0,240,320,240,0,4242,16905,65149,84046
4575,4067,1089780745,2614556826,220330,571236,0,0,320,240,1,4244,15626,59850,77334
4576,4067,1090039207,2615128062,258462,571236,0,0,320,240,0,4244,23062,88711,114456
4577,4069,1090276992,2615699298,237785,571236,0,240,320,240,1,4246,8019,30377,39366
4578,4069,1090561095,2616270535,284103,571237,0,240,320,240,0,4246,16935,65245,84300
4579,4071,1090779911,2616841771,218816,571236,0,0,320,240,1,4248,16253,62206,80238
4580,4071,1091039292,2617413010,259381,571239,0,0,320,240,0,4248,22526,86608,111701
4581,4073,1091277122,2617984248,237830,571238,0,240,320,240,1,4250,7340,27818,35863
4582,4073,1091560765,2618555486,283643,571238,0,240,320,240,0,4250,16329,62765,80989
4583,4075,1091777934,2619126723,217169,571237,0,0,320,240,1,4252,17505,67024,86622
4584,4075,1092037507,2619697959,259573,571236,0,0,320,240,0,4252,22592,86820,112145
4585,4077,1092274467,2620269199,236960,571240,0,240,320,240,1,4254,7894,29899,38575
4586,4077,1092558690,2620840435,284223,571236,0,240,320,240,0,4254,16087,61791,79723
4587,4079,1092776094,2621411680,217404,571245,0,0,320,240,1,4256,17202,65870,85036
4588,4079,1093035532,2621982916,259438,571236,0,0,320,240,0,4256,22505,86532,111658
4589,4081,1093272597,2622554155,237065,571239,0,240,320,240,1,4258,7825,29614,38267
4590,4081,1093556781,2623125391,284184,571236,0,240,320,240,0,4258,16106,61845,79826
4591,4083,1093778272,2623696637,221491,571246,0,0,320,240,1,4260,14678,55795,72183
4592,4083,1094034286,2624267876,256014,571239,0,0,320,240,0,4260,22109,84909,109558
4593,4085,1094272720,2624839114,238434,571238,0,240,320,240,1,4262,8015,30376,39196
4594,4085,1094556819,2625410350,284099,571236,0,240,320,240,0,4262,15982,61356,79046
4595,4087,1094767137,2625981589,210318,571239,0,0,320,240,1,4264,18777,71705,92683
4596,4087,1095023934,2626552828,256797,571239,0,0,320,240,0,4264,21262,81538,105233
4597,4089,1095261931,2627124070,237997,571242,0,240,320,240,1,4266,8196,31055,40060
4598,4089,1095545146,2627695310,283215,571240,0,240,320,240,0,4266,16366,62840,81127
4599,4091,1095756510,2628266546,211364,571236,0,0,320,240,1,4268,18391,70211,90571
4600,4091,1096017040,2628837782,260530,571236,0,0,320,240,0,4268,21130,81098,104636
4601,4093,1096253636,2629409018,236596,571236,0,240,320,240,1,4270,7762,29395,38021
4602,4093,1096536838,2629980255,283202,571237,0,240,320,240,0,4270,16390,62920,81301
4603,4095,1096756224,2630551495,219386,571240,0,0,320,240,1,4272,15208,58196,75165
4604,4095,1097019850,2631122735,263626,571240,0,0,320,240,0,4272,20404,78369,101149
4605,4097,1097255048,2631693974,235198,571239,0,240,320,240,1,4274,7679,29067,37472
4606,4097,1097539140,2632265212,284092,571238,0,240,320,240,0,4274,16003,61523,79431
4607,4099,1097757568,2632836449,218428,571237,0,0,320,240,1,4276,15999,61242,79030
4608,4099,1098020003,2633407688,262435,571239,0,0,320,240,0,4276,20714,79638,102732
4609,4101,1098256155,2633978930,236152,571242,0,240,320,240,1,4278,7743,29320,37852
4610,4101,1098540972,2634550166,284817,571236,0,240,320,240,0,4278,15472,59367,76726
4611,4103,1098759472,2635121406,218500,571240,0,0,320,240,1,4280,16170,61939,80048
4612,4103,1099022825,2635692642,263353,571236,0,0,320,240,0,4280,20111,77274,99599
4613,4105,1099258643,2636263880,235818,571238,0,240,320,240,1,4282,7689,29106,37637
4614,4105,1099543385,2636835117,284742,571237,0,240,320,240,0,4282,15347,58899,75991
4615,4107,1099760764,2637406354,217379,571237,0,0,320,240,1,4284,17050,65365,84248
4616,4107,1100021560,2637977594,260796,571240,0,0,320,240,0,4284,21296,81844,105489
4617,4109,1100258183,2638548834,236623,571240,0,240,320,240,1,4286,7764,29401,37858
4618,4109,1100541818,2639120073,283635,571239,0,240,320,240,0,4286,16212,62349,80437
4619,4111,1100758700,2639691314,216882,571241,0,0,320,240,1,4288,17606,67531,87225
4620,4111,1101015905,2640262550,257205,571236,0,0,320,240,0,4288,22244,85492,110244
4621,4113,1101254276,2640833786,238371,571236,0,240,320,240,1,4290,7764,29404,37959
4622,4113,1101539134,2641405025,284858,571239,0,240,320,240,0,4290,15258,58630,75559
4623,4115,1101754822,2641976261,215688,571236,0,0,320,240,1,4292,18134,69587,89883
4624,4115,1102015162,2642547500,260340,571239,0,0,320,240,0,4292,21140,81257,104800
4625,4117,1102252178,2643118736,237016,571236,0,240,320,240,1,4294,7766,29408,37934
4626,4117,1102537210,2643689977,285032,571241,0,240,320,240,0,4294,15292,58776,75833
4627,4119,1102755005,2644261215,217795,571238,0,0,320,240,1,4296,16654,63817,82362
4628,4119,1103016282,2644832453,261277,571238,0,0,320,240,0,4296,18327,70688,91185
4629,4120,1103260034,2645403689,243752,571236,0,0,320,240,0,4297,9664,36724,47569
4630,4122,1103519348,2645974925,259314,571236,0,240,320,240,1,4299,9141,34519,44520
4631,4122,1103801799,2646546161,282451,571236,0,240,320,240,0,4299,15773,60321,77918
4632,4122,1104055721,2647117397,253922,571236,0,240,320,240,0,4299,13377,51205,66003
4633,4125,1104282656,2647688636,226935,571239,0,0,320,240,1,4302,12948,49114,63371
4634,4125,1104551131,2648259872,268475,571236,0,0,320,240,0,4302,17952,69075,89105
4635,4125,1104796695,2648831108,245564,571236,0,0,320,240,0,4302,11434,43817,56674
4636,4128,1105031439,2649402344,234744,571236,0,240,320,240,1,4305,10856,40998,53060
4637,4128,1105313298,2649973580,281859,571236,0,240,320,240,0,4305,13808,52653,68068
4638,4128,1105568413,2650544816,255115,571236,0,240,320,240,0,4305,12798,48892,63185
4639,4131,1105785371,2651116052,216958,571236,0,0,320,240,1,4308,16488,62870,81259
4640,4131,1106059147,2651687288,273776,571236,0,0,320,240,0,4308,15774,60452,78019
4641,4131,1106309913,2652258526,250766,571238,0,0,320,240,0,4308,11420,43579,56278
4642,4134,1106539664,2652829768,229751,571242,0,240,320,240,1,4311,11644,44053,56843
4643,4134,1106833050,2653401007,293386,571239,0,240,320,240,0,4311,5875,22307,28858
4644,4134,1107124245,2653972246,291195,571239,0,240,320,240,0,4311,11617,44391,57425
4645,4134,1107367192,2654543486,242947,571240,0,240,320,240,0,4311,15761,60480,78143
4646,4138,1107585860,2655114722,218668,571236,0,0,320,240,1,4315,15638,59185,76415
4647,4138,1107864300,2655685959,278440,571237,0,0,320,240,0,4315,15598,60007,77302
4648,4138,1108111676,2656257195,247376,571236,0,0,320,240,0,4315,13889,53291,68827
4649,4141,1108336910,2656828432,225234,571237,0,240,320,240,1,4318,11574,43768,56507
4650,4141,1108632019,2657399672,295109,571240,0,240,320,240,0,4318,5692,21541,27889
4651,4141,1108907132,2657970910,275113,571238,0,240,320,240,0,4318,13862,53439,68882
4652,4141,1109147683,2658568003,240551,597093,0,240,320,240,0,4318,11947,45844,59180
4653,4145,1109391138,2659139244,243455,571241,0,0,320,240,1,4322,15032,56724,73170
4654,4145,1109661015,2659710480,269877,571236,0,0,320,240,0,4322,16517,63557,81919
4655,4145,1109913080,2660282061,252065,571581,0,0,320,240,0,4322,11222,43111,55726
4656,4148,1110149604,2660853304,236524,571243,0,240,320,240,1,4325,11508,43405,56084
4657,4148,1110437724,2661424540,288120,571236,0,240,320,240,0,4325,14100,54054,69776
4658,4148,1110694243,2661995776,256519,571236,0,240,320,240,0,4325,12626,48482,62470
4659,4151,1110916776,2662567012,222533,571236,0,0,320,240,1,4328,12818,48445,62579
4660,4151,1111177661,2663138254,260885,571242,0,0,320,240,0,4328,16302,62851,80987
4661,4153,1111410252,2663709490,232591,571236,0,240,320,240,1,4330,11263,42615,55099
4662,4153,1111697651,2664280726,287399,571236,0,240,320,240,0,4330,15088,57871,74645
4663,4154,1111912531,2664851968,214880,571242,0,0,320,240,1,4331,14808,56827,73266
4664,4155,1112174753,2665423204,262222,571236,0,0,320,240,0,4332,17298,66433,85742
4665,4157,1112395437,2665994444,220684,571240,0,240,320,240,1,4334,14072,53396,69097
4666,4157,1112682603,2666565685,287166,571241,0,240,320,240,0,4334,14766,56791,73257
4667,4158,1112897891,2667136921,215288,571236,0,0,320,240,1,4335,14315,54948,70884
4668,4159,1113160415,2667708162,262524,571241,0,0,320,240,0,4336,17656,67927,87442
4669,4161,1113381516,2668279398,221101,571236,0,240,320,240,1,4338,13871,52631,67943
4670,4161,1113682888,2668850638,301372,571240,0,240,320,240,0,4338,3904,14898,19250
4671,4161,1113928130,2669421880,245242,571242,0,240,320,240,0,4338,17473,67466,87084
4672,4164,1114155868,2669993124,227738,571244,0,0,320,240,1,4341,12797,48382,62535
4673,4164,1114405977,2670564360,250109,571236,0,0,320,240,0,4341,19175,73967,95379
4674,4166,1114638880,2671135631,232903,571271,0,240,320,240,1,4343,8893,33677,43501
4675,4166,1114924110,2671706869,285230,571238,0,240,320,240,0,4343,13434,51640,66681
4676,4166,1115139012,2672278105,214902,571236,0,240,320,240,0,4343,5027,19104,24674
4677,4169,1115357615,2672849341,218603,571236,0,0,320,240,1,4346,16838,64139,82914
4678,4169,1115620642,2673420578,263027,571237,0,0,320,240,0,4346,15252,58754,75682
4679,4169,1115844313,2673991817,223671,571239,0,0,320,240,0,4346,7093,27320,35297
4680,4172,1116067705,2674563085,223392,571268,0,240,320,240,1,4349,12810,48475,62712
4681,4172,1116369953,2675134322,302248,571237,0,240,320,240,0,4349,3984,15142,19565
4682,4172,1116636042,2675705558,266089,571236,0,240,320,240,0,4349,14485,55817,72172
4683,4172,1116848479,2676276794,212437,571236,0,240,320,240,0,4349,8122,31316,40535
4684,4176,1117065220,2676848060,216741,571266,0,0,320,240,1,4353,16180,61196,79039
4685,4176,1117331282,2677419301,266062,571241,0,0,320,240,0,4353,16193,62386,80540
4686,4176,1117547556,2677990537,216274,571236,0,0,320,240,0,4353,8364,32242,41596
4687,4179,1117776987,2678561777,229431,571240,0,240,320,240,1,4356,12507,47346,61055
4688,4179,1118079052,2679133017,302065,571240,0,240,320,240,0,4356,3682,13990,18108
4689,4179,1118345760,2679704256,266708,571239,0,240,320,240,0,4356,14562,56083,72423
4690,4179,1118556356,2680275492,210596,571236,0,240,320,240,0,4356,10347,39654,51268
4691,4183,1118783275,2680846729,226919,571237,0,0,320,240,1,4360,15464,58420,75585
4692,4183,1119047857,2681417967,264582,571238,0,0,320,240,0,4360,19738,76230,98334
4693,4185,1119282020,2681989204,234163,571237,0,240,320,240,1,4362,8995,34065,44093
4694,4185,1119565947,2682560442,283927,571238,0,240,320,240,0,4362,14423,55467,71457
4695,4187,1119789820,2683131680,223873,571238,0,0,320,240,1,4364,14561,55620,71863
4696,4187,1120057405,2683702921,267585,571241,0,0,320,240,0,4364,16355,63233,81645
4697,4189,1120293772,2684274157,236367,571236,0,240,320,240,1,4366,8993,34061,43941
4698,4189,1120576416,2684845398,282644,571241,0,240,320,240,0,4366,14258,54884,70892
4699,4191,1120803624,2685416635,227208,571237,0,0,320,240,1,4368,13910,53080,68552
4700,4191,1121070202,2685987871,266578,571236,0,0,320,240,0,4368,19267,74432,95924
4701,4193,1121303547,2686559111,233345,571240,0,240,320,240,1,4370,9063,34321,44261
4702,4193,1121606953,2687130353,303406,571242,0,240,320,240,0,4370,3487,13225,17105
4703,4193,1121869389,2687701593,262436,571240,0,240,320,240,0,4370,17270,66744,85960
4704,4196,1122101131,2688272829,231742,571236,0,0,320,240,1,4373,11803,44585,57618
4705,4196,1122366292,2688844067,265161,571238,0,0,320,240,0,4373,17795,68778,88775
4706,4198,1122605782,2689415309,239490,571242,0,240,320,240,1,4375,7696,29132,37566
4707,4198,1122890753,2689986548,284971,571239,0,240,320,240,0,4375,15139,58027,75044
4708,4200,1123112720,2690557788,221967,571240,0,0,320,240,1,4377,14128,53598,69343
4709,4200,1123374436,2691129024,261716,571236,0,0,320,240,0,4377,20690,79720,102805
4710,4202,1123608511,2691700260,234075,571236,0,240,320,240,1,4379,9024,34146,44086
4711,4202,1123893000,2692271498,284489,571238,0,240,320,240,0,4379,15387,58960,76197
4712,4204,1124114752,2692842734,221752,571236,0,0,320,240,1,4381,14494,55028,71067
4713,4204,1124376631,2693413975,261879,571241,0,0,320,240,0,4381,20717,79834,102883
4714,4206,1124610741,2693985217,234110,571242,0,240,320,240,1,4383,9041,34213,44104
4715,4206,1124895279,2694556453,284538,571236,0,240,320,240,0,4383,15397,59001,76164
4716,4208,1125117277,2695127695,221998,571242,0,0,320,240,1,4385,14473,54930,70951
4717,4208,1125379062,2695698931,261785,571236,0,0,320,240,0,4385,20713,79824,102931
4718,4210,1125612590,2696270173,233528,571242,0,240,320,240,1,4387,9234,34940,45169
4719,4210,1125897487,2696841409,284897,571236,0,240,320,240,0,4387,14870,57000,73748
4720,4211,1126118271,2697412647,220784,571238,0,0,320,240,1,4388,11366,43152,55762
4721,4212,1126380802,2697983883,262531,571236,0,0,320,240,0,4389,17399,66666,86011
4722,4214,1126598588,2698555119,217786,571236,0,240,320,240,1,4391,14475,55270,71334
4723,4214,1126877588,2699126356,279000,571237,0,240,320,240,0,4391,14933,57265,73934
4724,4215,1127093682,2699697594,216094,571238,0,0,320,240,1,4392,13175,50106,64773
4725,4216,1127352289,2700268836,258607,571242,0,0,320,240,0,4393,15897,60865,78443
4726,4218,1127569857,2700840072,217568,571236,0,240,320,240,1,4395,16244,61656,79657
4727,4218,1127837819,2701411313,267962,571241,0,240,320,240,0,4395,13481,51774,66737
4728,4220,1128050463,2701982550,212644,571237,0,0,320,240,1,4397,18968,72491,93537
4729,4220,1128296952,2702553786,246489,571236,0,0,320,240,0,4397,18978,72966,94008
4730,4222,1128526426,2703125022,229474,571236,0,240,320,240,1,4399,12719,48381,62442
4731,4222,1128784502,2703696260,258076,571238,0,240,320,240,0,4399,20166,77548,100109
4732,4224,1129017708,2704267496,233206,571236,0,0,320,240,1,4401,10956,41592,53733
4733,4224,1129264925,2704838732,247217,571236,0,0,320,240,0,4401,22532,86734,112044
4734,4226,1129500208,2705409968,235283,571236,0,240,320,240,1,4403,8645,32656,42228
4735,4226,1129760673,2705981204,260465,571236,0,240,320,240,0,4403,18487,70833,91467
4736,4228,1129994470,2706552440,233797,571236,0,0,320,240,1,4405,10344,39151,50600
4737,4228,1130247800,2707123680,253330,571240,0,0,320,240,0,4405,18949,72673,93757
4738,4230,1130484882,2707694921,237082,571241,0,240,320,240,1,4407,8649,32672,42250
4739,4230,1130745376,2708266157,260494,571236,0,240,320,240,0,4407,18488,70836,91265
4740,4232,1130979183,2708837402,233807,571245,0,0,320,240,1,4409,10341,39140,50623
4741,4232,1131232496,2709408644,253313,571242,0,0,320,240,0,4409,18947,72665,93910
4742,4234,1131469547,2709979881,237051,571237,0,240,320,240,1,4411,8652,32682,42279
4743,4234,1131730152,2710551121,260605,571240,0,240,320,240,0,4411,18499,70883,91479
4744,4236,1131963956,2711122357,233804,571236,0,0,320,240,1,4413,10334,39110,50502
4745,4236,1132217227,2711693595,253271,571238,0,0,320,240,0,4413,18924,72581,93723
4746,4238,1132454338,2712264831,237111,571236,0,240,320,240,1,4415,8648,32668,42168
4747,4238,1132714800,2712836068,260462,571237,0,240,320,240,0,4415,18565,71120,91955
4748,4240,1132948915,2713407307,234115,571239,0,0,320,240,1,4417,10249,38797,50143
4749,4240,1133202211,2713978549,253296,571242,0,0,320,240,0,4417,18936,72627,93767
4750,4242,1133439353,2714549788,237142,571239,0,240,320,240,1,4419,8652,32682,42234
4751,4242,1133699843,2715121027,260490,571239,0,240,320,240,0,4419,18562,71108,91951
4752,4244,1133933649,2715692270,233806,571243,0,0,320,240,1,4421,10265,38860,50272
4753,4244,1134186900,2716263511,253251,571241,0,0,320,240,0,4421,18946,72659,93777
4754,4246,1134424032,2716834756,237132,571245,0,240,320,240,1,4423,8649,32672,42168
4755,4246,1134684466,2717405992,260434,571236,0,240,320,240,0,4423,18554,71078,91793
4756,4248,1134918346,2717977229,233880,571237,0,0,320,240,1,4425,10274,38888,50235
4757,4248,1135171556,2718548465,253210,571236,0,0,320,240,0,4425,18927,72583,93734
4758,4250,1135408702,2719119705,237146,571240,0,240,320,240,1,4427,8651,32678,42326
4759,4250,1135669132,2719690943,260430,571238,0,240,320,240,0,4427,18559,71087,91717
4760,4252,1135903074,2720262179,233942,571236,0,0,320,240,1,4429,10262,38846,50097
4761,4252,1136156384,2720833415,253310,571236,0,0,320,240,0,4429,18933,72600,93708
4762,4254,1136393525,2721404656,237141,571241,0,240,320,240,1,4431,8653,32686,42294
4763,4254,1136653959,2721975894,260434,571238,0,240,320,240,0,4431,18569,71125,91972
4764,4256,1136887871,2722547132,233912,571238,0,0,320,240,1,4433,10258,38830,50193
4765,4256,1137141166,2723118369,253295,571237,0,0,320,240,0,4433,18945,72646,93814
4766,4258,1137378310,2723689607,237144,571238,0,240,320,240,1,4435,8652,32682,42347
4767,4258,1137638758,2724260847,260448,571240,0,240,320,240,0,4435,18579,71154,91945
4768,4260,1137872701,2724832083,233943,571236,0,0,320,240,1,4437,10265,38858,50279
4769,4260,1138125949,2725403319,253248,571236,0,0,320,240,0,4437,18936,72610,93737
4770,4262,1138363217,2725974556,237268,571237,0,240,320,240,1,4439,8653,32683,42203
4771,4262,1138620888,2726545794,257671,571238,0,240,320,240,0,4439,19916,76554,98785
4772,4264,1138850430,2727117032,229542,571238,0,0,320,240,1,4441,12541,47668,61434
4773,4264,1139100990,2727688269,250560,571237,0,0,320,240,0,4441,20748,79913,103217
4774,4266,1139338782,2728259506,237792,571237,0,240,320,240,1,4443,8676,32769,42307
4775,4266,1139599168,2728830747,260386,571241,0,240,320,240,0,4443,18566,71108,91831
4776,4268,1139833656,2729401984,234488,571237,0,0,320,240,1,4445,10512,39793,51450
4777,4268,1140075509,2729973222,241853,571238,0,0,320,240,0,4445,20916,80537,103731
4778,4270,1140310350,2730544458,234841,571236,0,240,320,240,1,4447,10687,40522,52360
4779,4270,1140588363,2731115727,278013,571269,0,240,320,240,0,4447,12639,48549,62551
4780,4272,1140804495,2731686963,216132,571236,0,0,320,240,1,4449,16027,60861,78690
4781,4272,1141058449,2732258208,253954,571245,0,0,320,240,0,4449,16225,62359,80383
4782,4274,1141277244,2732829446,218795,571238,0,240,320,240,1,4451,17185,65518,84637
4783,4274,1141562620,2733400685,285376,571239,0,240,320,240,0,4451,12795,49116,63447
4784,4275,1141779048,2733971924,216428,571239,0,0,320,240,1,4452,13236,50331,65049
4785,4276,1142041699,2734543160,262651,571236,0,0,320,240,0,4453,16718,64012,82460
4786,4278,1142253337,2735114396,211638,571236,0,240,320,240,1,4455,16972,64893,83851
4787,4278,1142539982,2735685636,286645,571240,0,240,320,240,0,4455,12446,47471,61355
4788,4279,1142751474,2736256873,211492,571237,0,0,320,240,1,4456,19208,73761,95303
4789,4280,1143008195,2736828112,256721,571239,0,0,320,240,0,4457,19281,73941,95501
4790,4282,1143232636,2737399348,224441,571236,0,240,320,240,1,4459,15095,57534,74288
4791,4282,1143515984,2737970590,283348,571242,0,240,320,240,0,4459,13587,52166,67416
4792,4284,1143730504,2738541831,214520,571241,0,0,320,240,1,4461,18252,69690,90117
4793,4284,1143985279,2739113067,254775,571236,0,0,320,240,0,4461,21473,82694,106778
4794,4286,1144221218,2739684303,235939,571236,0,240,320,240,1,4463,9113,34481,44620
4795,4286,1144504773,2740255545,283555,571242,0,240,320,240,0,4463,13538,51984,67168
4796,4288,1144715851,2740826781,211078,571236,0,0,320,240,1,4465,19053,72777,93952
4797,4288,1144972790,2741398023,256939,571242,0,0,320,240,0,4465,19286,73903,95458
4798,4290,1145206579,2741969259,233789,571236,0,240,320,240,1,4467,10365,39275,50627
4799,4290,1145489988,2742540496,283409,571237,0,240,320,240,0,4467,13585,52159,67289
4800,4292,1145704558,2743111742,214570,571246,0,0,320,240,1,4469,18231,69608,89844
4801,4292,1145956274,2743682982,251716,571240,0,0,320,240,0,4469,21597,83120,107288
4802,4294,1146190102,2744254218,233828,571236,0,240,320,240,1,4471,10630,40304,52152
4803,4294,1146474041,2744825455,283939,571237,0,240,320,240,0,4471,13460,51665,66674
4804,4296,1146690581,2745396691,216540,571236,0,0,320,240,1,4473,16398,62268,80435
4805,4296,1146943284,2745967927,252703,571236,0,0,320,240,0,4473,21160,81406,105057
4806,4298,1147174778,2746539163,231494,571236,0,240,320,240,1,4475,11478,43598,56324
4807,4298,1147458609,2747110399,283831,571236,0,240,320,240,0,4475,13489,51759,66921
4808,4300,1147676066,2747681639,217457,571240,0,0,320,240,1,4477,16361,62073,80098
4809,4300,1147932861,2748252876,256795,571237,0,0,320,240,0,4477,19792,75863,97949
4810,4302,1148168592,2748824115,235731,571239,0,240,320,240,1,4479,9114,34502,44606
4811,4302,1148452250,2749395357,283658,571242,0,240,320,240,0,4479,13544,51990,67034
4812,4304,1148663407,2749966593,211157,571236,0,0,320,240,1,4481,18885,72175,93313
4813,4304,1148920213,2750537834,256806,571241,0,0,320,240,0,4481,19287,73878,95377
4814,4306,1149153638,2751109071,233425,571237,0,240,320,240,1,4483,10793,40894,52865
4815,4306,1149434607,2751680308,280969,571237,0,240,320,240,0,4483,14171,54427,70217
4816,4308,1149646395,2752251548,211788,571240,0,0,320,240,1,4485,19134,73086,94374
4817,4308,1149913104,2752822784,266709,571236,0,0,320,240,0,4485,17420,66769,86266
4818,4310,1150147036,2753394020,233932,571236,0,240,320,240,1,4487,8803,33285,42891
4819,4310,1150428485,2753965256,281449,571236,0,240,320,240,0,4487,14904,57190,73747
4820,4312,1150650979,2754536497,222494,571241,0,0,320,240,1,4489,15095,57639,74485
4821,4312,1150916127,2755107737,265148,571240,0,0,320,240,0,4489,17871,68568,88339
4822,4314,1151151900,2755678973,235773,571236,0,240,320,240,1,4491,8801,33274,42991
4823,4314,1151433134,2756250211,281234,571238,0,240,320,240,0,4491,14917,57250,74063
4824,4316,1151655790,2756821448,222656,571237,0,0,320,240,1,4493,15223,58117,75030
4825,4316,1151913111,2757392696,257321,571248,0,0,320,240,0,4493,18043,69340,89543
4826,4318,1152132855,2757963936,219744,571240,0,240,320,240,1,4495,15913,60367,77965
4827,4318,1152417147,2758535173,284292,571237,0,240,320,240,0,4495,15265,58483,75487
4828,4318,1152626219,2759106412,209072,571239,0,240,320,240,0,4495,15727,60426,78052
4829,4321,1152879242,2759677648,253023,571236,0,0,320,240,1,4498,12144,45787,59187
4830,4321,1153135639,2760248889,256397,571241,0,0,320,240,0,4498,17131,65802,84778
4831,4323,1153351081,2760820150,215442,571261,0,240,320,240,1,4500,18242,69647,90011
4832,4323,1153637269,2761391396,286188,571246,0,240,320,240,0,4500,13732,52528,67871
4833,4325,1153856815,2761962632,219546,571236,0,0,320,240,1,4502,15698,59901,77052
4834,4325,1154113831,2762533872,257016,571240,0,0,320,240,0,4502,20311,77836,100631
4835,4327,1154343361,2763105110,229530,571238,0,240,320,240,1,4504,12462,47213,61060
4836,4327,1154628023,2763676346,284662,571236,0,240,320,240,0,4504,15439,59193,76475
4837,4328,1154839032,2764247582,211009,571236,0,0,320,240,1,4505,18187,69587,89874
4838,4329,1155097436,2764818818,258404,571236,0,0,320,240,0,4506,19660,75368,97358
4839,4331,1155323263,2765390054,225827,571236,0,240,320,240,1,4508,14076,53330,68855
4840,4331,1155607415,2765961290,284152,571236,0,240,320,240,0,4508,15447,59224,76360
4841,4332,1155817472,2766532527,210057,571237,0,0,320,240,1,4509,18520,70859,91619
4842,4333,1156075405,2767103764,257933,571237,0,0,320,240,0,4510,20013,76667,99004
4843,4335,1156303463,2767675000,228058,571236,0,240,320,240,1,4512,13031,49362,63795
4844,4335,1156587573,2768246236,284110,571236,0,240,320,240,0,4512,15391,59003,76297
4845,4337,1156808031,2768817472,220458,571236,0,0,320,240,1,4514,14536,55291,71600
4846,4337,1157070859,2769388708,262828,571236,0,0,320,240,0,4514,19681,75604,97749
4847,4339,1157304600,2769959944,233741,571236,0,240,320,240,1,4516,9021,34085,43879
4848,4339,1157588735,2770531185,284135,571241,0,240,320,240,0,4516,15391,59003,76189
4849,4341,1157809131,2771102421,220396,571236,0,0,320,240,1,4518,14600,55502,71414
4850,4341,1158072803,2771673662,263672,571241,0,0,320,240,0,4518,19645,75500,97341
4851,4343,1158306244,2772244903,233441,571241,0,240,320,240,1,4520,8856,33435,43108
4852,4343,1158590330,2772816145,284086,571242,0,240,320,240,0,4520,15391,59003,76239
4853,4345,1158810461,2773387381,220131,571236,0,0,320,240,1,4522,14599,55501,71639
4854,4345,1159074567,2773958621,264106,571240,0,0,320,240,0,4522,19527,75036,96713
4855,4347,1159307542,2774529857,232975,571236,0,240,320,240,1,4524,8972,33897,43777
4856,4347,1159591673,2775101093,284131,571236,0,240,320,240,0,4524,15391,59003,76255
4857,4349,1159811678,2775672329,220005,571236,0,0,320,240,1,4526,14599,55501,71810
4858,4349,1160075883,2776243565,264205,571236,0,0,320,240,0,4526,19512,74978,96520
4859,4351,1160309063,2776814801,233180,571236,0,240,320,240,1,4528,8988,33958,43839
4860,4351,1160593205,2777386038,284142,571237,0,240,320,240,0,4528,15391,59003,76039
4861,4353,1160813326,2777957275,220121,571237,0,0,320,240,1,4530,14598,55500,71653
4862,4353,1161066967,2778528511,253641,571236,0,0,320,240,0,4530,21659,82986,107112
4863,4355,1161303355,2779099749,236388,571238,0,240,320,240,1,4532,9308,35216,45490
4864,4355,1161587479,2779670985,284124,571236,0,240,320,240,0,4532,15437,59190,76585
4865,4357,1161797610,2780242226,210131,571241,0,0,320,240,1,4534,18554,70925,91741
4866,4357,1162054700,2780813467,257090,571241,0,0,320,240,0,4534,20372,78078,100655
4867,4359,1162284191,2781384703,229491,571236,0,240,320,240,1,4536,12395,46932,60594
4868,4359,1162568344,2781955939,284153,571236,0,240,320,240,0,4536,15437,59190,76488
4869,4361,1162778449,2782527175,210105,571236,0,0,320,240,1,4538,18573,71002,91693
4870,4361,1163035577,2783098415,257128,571240,0,0,320,240,0,4538,20375,78091,100932
4871,4363,1163265041,2783669651,229464,571236,0,240,320,240,1,4540,12332,46684,60267
4872,4363,1163549168,2784240889,284127,571238,0,240,320,240,0,4540,15380,58963,76163
4873,4365,1163769319,2784812130,220151,571241,0,0,320,240,1,4542,14600,55501,71800
4874,4365,1164033364,2785383366,264045,571236,0,0,320,240,0,4542,19527,75036,96805
4875,4367,1164266221,2785954608,232857,571242,0,240,320,240,1,4544,8963,33855,43711
4876,4367,1164550722,2786525844,284501,571236,0,240,320,240,0,4544,15470,59317,76599
4877,4369,1164765480,2787097081,214758,571237,0,0,320,240,1,4546,15931,60468,78079
4878,4369,1165020143,2787668320,254663,571239,0,0,320,240,0,4546,21469,82484,106462
4879,4371,1165245998,2788239562,225855,571242,0,240,320,240,1,4548,13998,53245,68819
4880,4371,1165530100,2788810802,284102,571240,0,240,320,240,0,4548,15433,59175,76298
4881,4373,1165745605,2789382040,215505,571238,0,0,320,240,1,4550,16233,61646,79615
4882,4373,1166007367,2789953285,261762,571245,0,0,320,240,0,4550,15986,61300,79156
4883,4374,1166217475,2790524524,210108,571239,0,240,320,240,1,4551,18582,71066,91665
4884,4375,1166503761,2791095765,286286,571241,0,240,320,240,0,4552,12754,48573,62892
4885,4375,1166729176,2791667007,225415,571242,0,240,320,240,0,4552,16375,62681,80908
4886,4378,1166966509,2792238249,237333,571242,0,0,320,240,1,4555,12373,46621,60264
4887,4378,1167226797,2792809487,260288,571238,0,0,320,240,0,4555,15600,59774,77178
4888,4380,1167438806,2793380728,212009,571241,0,240,320,240,1,4557,19118,73029,94255
4889,4380,1167728021,2793951965,289215,571237,0,240,320,240,0,4557,12427,47417,61269
4890,4380,1167950569,2794523207,222548,571242,0,240,320,240,0,4557,17861,68567,88379
4891,4383,1168188964,2795094443,238395,571236,0,0,320,240,1,4560,12116,45688,58923
4892,4383,1168447255,2795665679,258291,571236,0,0,320,240,0,4560,20430,78289,101083
4893,4385,1168683039,2796236920,235784,571241,0,240,320,240,1,4562,9271,35072,45299
4894,4385,1168972344,2796808156,289305,571236,0,240,320,240,0,4562,14157,54237,70130
4895,4386,1169183713,2797379394,211369,571238,0,0,320,240,1,4563,17929,68608,88659
4896,4387,1169444399,2797950634,260686,571240,0,0,320,240,0,4564,18690,71595,92656
4897,4389,1169670252,2798521870,225853,571236,0,240,320,240,1,4566,13922,52741,68123
4898,4389,1169959898,2799093110,289646,571240,0,240,320,240,0,4566,13832,52963,68566
4899,4391,1170179054,2799664346,219156,571236,0,0,320,240,1,4568,14749,56135,72484
4900,4391,1170442146,2800235582,263092,571236,0,0,320,240,0,4568,18849,72377,93166
4901,4393,1170678542,2800806818,236396,571236,0,240,320,240,1,4570,9046,34197,44079
4902,4393,1170968275,2801378064,289733,571246,0,240,320,240,0,4570,13855,53051,68604
4903,4395,1171187771,2801949301,219496,571237,0,0,320,240,1,4572,14544,55394,71045
4904,4395,1171449923,2802520537,262152,571236,0,0,320,240,0,4572,19032,73033,94433
4905,4397,1171685970,2803091773,236047,571236,0,240,320,240,1,4574,9213,34838,45106
4906,4397,1171975515,2803663015,289545,571242,0,240,320,240,0,4574,14101,54016,69731
4907,4399,1172194897,2804234252,219382,571237,0,0,320,240,1,4576,14400,54786,70208
4908,4399,1172458859,2804805488,263962,571236,0,0,320,240,0,4576,18763,72034,92592
4909,4401,1172694002,2805376724,235143,571236,0,240,320,240,1,4578,9184,34742,44940
4910,4401,1172983646,2805947964,289644,571240,0,240,320,240,0,4578,13822,52925,68444
4911,4403,1173202842,2806519206,219196,571242,0,0,320,240,1,4580,14774,56232,72705
4912,4403,1173465913,2807090447,263071,571241,0,0,320,240,0,4580,18834,72318,93487
4913,4405,1173702111,2807661686,236198,571239,0,240,320,240,1,4582,9046,34197,44239
4914,4405,1173991770,2808232923,289659,571237,0,240,320,240,0,4582,13835,52975,68536
4915,4407,1174211222,2808804173,219452,571250,0,0,320,240,1,4584,14623,55690,71719
4916,4407,1174473835,2809375411,262613,571238,0,0,320,240,0,4584,18978,72831,93770
4917,4409,1174710064,2809946649,236229,571238,0,240,320,240,1,4586,9210,34827,45052
4918,4409,1174999682,2810517885,289618,571236,0,240,320,240,0,4586,14101,54016,69872
4919,4411,1175218878,2811089126,219196,571241,0,0,320,240,1,4588,14460,55017,70972
4920,4411,1175483035,2811660362,264157,571236,0,0,320,240,0,4588,18703,71805,92816
4921,4413,1175718059,2812231598,235024,571236,0,240,320,240,1,4590,9209,34826,44862
4922,4413,1176007521,2812802834,289462,571236,0,240,320,240,0,4590,14101,54016,69865
4923,4415,1176226751,2813374070,219230,571236,0,0,320,240,1,4592,14439,54933,71137
4924,4415,1176490944,2813945312,264193,571242,0,0,320,240,0,4592,18724,71889,92872
4925,4417,1176726106,2814516549,235162,571237,0,240,320,240,1,4594,9201,34800,45002
4926,4417,1177014843,2815087790,288737,571241,0,240,320,240,0,4594,14150,54216,70023
4927,4419,1177230102,2815659032,215259,571242,0,0,320,240,1,4596,15563,59134,76418
4928,4419,1177489942,2816230268,259840,571236,0,0,320,240,0,4596,19533,75002,96746
4929,4421,1177717442,2816801504,227500,571236,0,240,320,240,1,4598,13670,52010,67049
4930,4421,1178006444,2817372740,289002,571236,0,240,320,240,0,4598,13860,53125,68650
4931,4422,1178217457,2817943979,211013,571239,0,0,320,240,1,4599,17852,68270,88113
4932,4423,1178477686,2818515215,260229,571236,0,0,320,240,0,4600,18492,70912,91461
4933,4425,1178695473,2819086451,217787,571236,0,240,320,240,1,4602,17400,66302,85660
4934,4425,1178984528,2819657687,289055,571236,0,240,320,240,0,4602,13622,52202,67411
4935,4426,1179195669,2820228924,211141,571237,0,0,320,240,1,4603,18641,71352,92119
4936,4427,1179456344,2820800161,260675,571237,0,0,320,240,0,4604,19084,73176,94390
4937,4429,1179671367,2821371399,215023,571238,0,240,320,240,1,4606,18280,69728,90185
4938,4429,1179962465,2821942642,291098,571243,0,240,320,240,0,4606,11601,44329,57377
4939,4431,1180180638,2822513878,218173,571236,0,0,320,240,1,4608,16745,64170,82776
4940,4431,1180442090,2823085119,261452,571241,0,0,320,240,0,4608,19052,73285,94546
4941,4433,1180674590,2823656359,232500,571240,0,240,320,240,1,4610,11048,41863,54131
4942,4433,1180963039,2824227598,288449,571239,0,240,320,240,0,4610,13113,50397,65094
4943,4434,1181176622,2824798834,213583,571236,0,240,320,240,0,4611,14042,53763,69495
4944,4436,1181435085,2825370070,258463,571236,0,0,320,240,1,4613,9655,36382,47041
4945,4436,1181696970,2825941306,261885,571236,0,0,320,240,0,4613,15193,58239,75235
4946,4438,1181911383,2826512548,214413,571242,0,240,320,240,1,4615,18143,69319,89502
4947,4438,1182200381,2827083786,288998,571238,0,240,320,240,0,4615,12277,46916,60514
4948,4438,1182425696,2827655027,225315,571241,0,240,320,240,0,4615,15635,59672,77311
4949,4441,1182664480,2828226269,238784,571242,0,0,320,240,1,4618,11899,44814,57947
4950,4441,1182927572,2828797505,263092,571236,0,0,320,240,0,4618,17587,67491,87016
4951,4442,1183138006,2829368744,210434,571239,0,240,320,240,1,4619,17861,68320,88290
4952,4443,1183400333,2829939980,262327,571236,0,240,320,240,0,4620,17080,65358,84437
4953,4444,1183613915,2830511219,213582,571239,0,0,320,240,1,4621,16504,62847,81299
4954,4445,1183862741,2831082458,248826,571239,0,0,320,240,0,4622,16851,64322,82958
4955,4447,1184080487,2831653701,217746,571243,0,240,320,240,1,4624,16504,63054,81421
4956,4447,1184339020,2832224937,258533,571236,0,240,320,240,0,4624,15877,60665,78347
4957,4448,1184551113,2832796176,212093,571239,0,0,320,240,1,4625,16990,64744,83799
4958,4449,1184790264,2833367416,239151,571240,0,0,320,240,0,4626,18627,71246,91842
4959,4451,1185016308,2833938656,226044,571240,0,240,320,240,1,4628,14314,54526,70494
4960,4451,1185280766,2834509892,264458,571236,0,240,320,240,0,4628,13581,52010,67023
4961,4453,1185504823,2835081134,224057,571242,0,0,320,240,1,4630,14405,54524,70531
4962,4453,1185757679,2835652370,252856,571236,0,0,320,240,0,4630,16337,63108,81199
4963,4455,1185990176,2836223606,232497,571236,0,240,320,240,1,4632,10275,38842,50212
4964,4455,1186292890,2836794842,302714,571236,0,240,320,240,0,4632,3388,12803,16510
4965,4455,1186552323,2837366078,259433,571236,0,240,320,240,0,4632,14425,55444,71511
4966,4458,1186776597,2837937315,224274,571237,0,0,320,240,1,4635,13941,52709,68104
4967,4458,1187030743,2838508556,254146,571241,0,0,320,240,0,4635,16881,65033,83915
4968,4460,1187261909,2839079793,231166,571237,0,240,320,240,1,4637,12510,47504,61398
4969,4460,1187564547,2839651034,302638,571241,0,240,320,240,0,4637,3478,13133,17036
4970,4460,1187817786,2840222270,253239,571236,0,240,320,240,0,4637,16832,64806,83569
4971,4463,1188044904,2840793509,227118,571239,0,0,320,240,1,4640,11150,42182,54525
4972,4463,1188302656,2841364745,257752,571236,0,0,320,240,0,4640,15009,57317,74068
4973,4464,1188533086,2841935981,230430,571236,0,240,320,240,1,4641,10076,38248,49449
4974,4465,1188808061,2842507217,274975,571236,0,240,320,240,0,4642,15951,60559,78244
4975,4465,1189033332,2843078455,225271,571238,0,240,320,240,0,4642,17259,66134,85320
4976,4466,1189225812,2843649692,192480,571237,0,0,320,240,1,4643,14826,57337,73715
4977,4468,1189480979,2844220931,255167,571239,0,0,320,240,0,4645,18960,71972,92865
4978,4468,1189708725,2844792172,227746,571241,0,0,320,240,0,4645,20530,78925,101955
4979,4469,1189895853,2845363408,187128,571236,0,0,320,240,0,4646,13827,53715,69267
4980,4472,1190141356,2845934647,245503,571239,0,240,320,240,1,4649,15571,58728,75966
4981,4472,1190433167,2846505884,291811,571237,0,240,320,240,0,4649,11386,43255,56010
4982,4472,1190672331,2847077121,239164,571237,0,240,320,240,0,4649,16698,63886,82554
4983,4472,1190870107,2847661949,197776,584828,0,240,320,240,0,4649,11502,44700,57444
4984,4476,1191113765,2848233189,243658,571240,0,0,320,240,1,4653,15219,57440,74293
4985,4476,1191399063,2848804425,285298,571236,0,0,320,240,0,4653,13589,52126,67427
4986,4476,1191612126,2849375661,213063,571236,0,0,320,240,0,4653,10650,41413,53396
4987,4479,1191836432,2849946898,224306,571237,0,240,320,240,1,4656,13479,51020,65952
4988,4479,1192128143,2850518134,291711,571236,0,240,320,240,0,4656,12325,47012,60694
4989,4479,1192368261,2851089375,240118,571241,0,240,320,240,0,4656,15617,59599,76989
4990,4480,1192565090,2851660613,196829,571238,0,240,320,240,0,4657,8810,34086,43798
4991,4483,1192811377,2852231850,246287,571237,0,0,320,240,1,4660,14130,53425,68980
4992,4483,1193074465,2852803091,263088,571241,0,0,320,240,0,4660,14550,55890,72011
4993,4483,1193314117,2853374329,239652,571238,0,0,320,240,0,4660,15951,61271,79025
4994,4486,1193509817,2853945565,195700,571236,0,240,320,240,1,4663,14423,55047,71013
4995,4486,1193793878,2854516801,284061,571236,0,240,320,240,0,4663,13580,51706,66834
4996,4486,1194044548,2855088037,250670,571236,0,240,320,240,0,4663,13615,52070,67207
4997,4488,1194272059,2855659278,227511,571241,0,0,320,240,1,4665,12906,49077,63444
4998,4489,1194536539,2856230514,264480,571236,0,0,320,240,0,4666,17350,66513,85881
4999,4489,1194795884,2856801755,259345,571241,0,0,320,240,0,4666,11043,42353,54643
5000,4492,1195015850,2857372992,219966,571237,0,240,320,240,1,4669,13187,49870,64519
5001,4492,1195302327,2857944229,286477,571237,0,240,320,240,0,4669,15309,58515,75747
5002,4492,1195555840,2858515468,253513,571239,0,240,320,240,0,4669,13393,51310,66186
5003,4495,1195778293,2859086704,222453,571236,0,0,320,240,1,4672,15231,57838,74731
5004,4495,1196044922,2859657945,266629,571241,0,0,320,240,0,4672,17457,67125,86712
5005,4495,1196287244,2860229181,242322,571236,0,0,320,240,0,4672,12138,46538,60106
5006,4498,1196525699,2860800419,238455,571238,0,240,320,240,1,4675,11643,43944,56731
5007,4498,1196811428,2861371655,285729,571236,0,240,320,240,0,4675,15101,57684,74564
5008,4498,1197058911,2861942891,247483,571236,0,240,320,240,0,4675,13384,51019,66011
5009,4501,1197282387,2862514127,223476,571236,0,0,320,240,1,4678,14307,54175,70152
5010,4501,1197550452,2863085367,268065,571240,0,0,320,240,0,4678,17600,67699,87328
5011,4501,1197794951,2863656603,244499,571236,0,0,320,240,0,4678,11997,46023,59428
5012,4504,1198029600,2864227843,234649,571240,0,240,320,240,1,4681,12041,45445,58708
5013,4504,1198315415,2864799079,285815,571236,0,240,320,240,0,4681,14429,55132,71223
5014,4504,1198566071,2865370315,250656,571236,0,240,320,240,0,4681,12909,49315,63697
5015,4507,1198784834,2865941556,218763,571241,0,0,320,240,1,4684,17274,65772,84986
5016,4507,1199056629,2866512792,271795,571236,0,0,320,240,0,4684,18319,70551,91152
5017,4507,1199302451,2867084031,245822,571239,0,0,320,240,0,4684,11281,43217,55879
5018,4510,1199529373,2867655270,226922,571239,0,240,320,240,1,4687,13341,50464,65400
5019,4510,1199815579,2868226506,286206,571236,0,240,320,240,0,4687,14334,54815,70857
5020,4510,1200066141,2868797747,250562,571241,0,240,320,240,0,4687,12687,48483,62613
5021,4513,1200286370,2869368983,220229,571236,0,0,320,240,1,4690,16092,60910,78846
5022,4513,1200556812,2869940219,270442,571236,0,0,320,240,0,4690,17694,68165,87869
5023,4513,1200801905,2870511456,245093,571237,0,0,320,240,0,4690,11702,44852,57924
5024,4516,1201030138,2871082697,228233,571241,0,240,320,240,1,4693,12758,48227,62297
5025,4516,1201317041,2871653933,286903,571236,0,240,320,240,0,4693,13344,50990,65958
5026,4516,1201566210,2872225169,249169,571236,0,240,320,240,0,4693,13040,49852,64307
5027,4519,1201784961,2872796405,218751,571236,0,0,320,240,1,4696,17170,65361,84427
5028,4519,1202056260,2873367641,271299,571236,0,0,320,240,0,4696,16509,63588,82028
5029,4519,1202302339,2873938877,246079,571236,0,0,320,240,0,4696,11817,45329,58557
5030,4522,1202531169,2874510113,228830,571236,0,240,320,240,1,4699,12666,47830,61845
5031,4522,1202819802,2875081350,288633,571237,0,240,320,240,0,4699,13283,50794,65595
5032,4522,1203069563,2875652591,249761,571241,0,240,320,240,0,4699,13049,49887,64490
5033,4525,1203294010,2876223830,224447,571239,0,0,320,240,1,4702,14738,55724,72017
5034,4525,1203565613,2876795066,271603,571236,0,0,320,240,0,4702,19249,74002,95381
5035,4525,1203810014,2877366302,244401,571236,0,0,320,240,0,4702,12037,46119,59530
5036,4528,1204033741,2877937540,223727,571238,0,240,320,240,1,4705,14057,53078,68589
5037,4528,1204315508,2878508787,281767,571247,0,240,320,240,0,4705,13840,52716,68171
5038,4528,1204571410,2879080023,255902,571236,0,240,320,240,0,4705,14614,55939,72198
5039,4530,1204794006,2879651265,222596,571242,0,0,320,240,1,4707,14304,54607,70511
5040,4531,1205054156,2880222502,260150,571237,0,0,320,240,0,4708,19031,72726,93892
5041,4531,1205305336,2880793739,251180,571237,0,0,320,240,0,4708,13196,50440,65264
5042,4533,1205530897,2881364980,225561,571241,0,240,320,240,1,4710,14551,55426,71679
5043,4534,1205801815,2881936217,270918,571237,0,240,320,240,0,4711,14217,53837,69744
5044,4534,1206056651,2882507459,254836,571242,0,240,320,240,0,4711,17342,66402,85818
5045,4535,1206294297,2883078695,237646,571236,0,0,320,240,1,4712,9701,36803,47584
5046,4537,1206548023,2883649931,253726,571236,0,0,320,240,0,4714,17948,68259,87930
5047,4537,1206806615,2884221167,258592,571236,0,0,320,240,0,4714,17811,68470,88497
5048,4540,1207032672,2884792403,226057,571236,0,240,320,240,1,4717,13399,50614,65368
5049,4540,1207314476,2885363639,281804,571236,0,240,320,240,0,4717,12540,47565,61526
5050,4540,1207566806,2885934875,252330,571236,0,240,320,240,0,4717,18843,72346,93419
5051,4542,1207788801,2886506120,221995,571245,0,0,320,240,1,4719,15442,58633,75839
5052,4543,1208059045,2887077359,270244,571239,0,0,320,240,0,4720,17674,67674,87406
5053,4543,1208300152,2887648597,241107,571238,0,0,320,240,0,4720,17394,66772,86268
5054,4546,1208525447,2888219838,225295,571241,0,240,320,240,1,4723,14018,52914,68340
5055,4546,1208809933,2888791079,284486,571241,0,240,320,240,0,4723,12947,49278,63703
5056,4546,1209068680,2889362317,258747,571238,0,240,320,240,0,4723,16336,62633,81067
5057,4549,1209290172,2889933553,221492,571236,0,0,320,240,1,4726,13870,52327,67717
5058,4549,1209557805,2890504800,267633,571247,0,0,320,240,0,4726,18300,70333,90828
5059,4550,1209792924,2891076039,235119,571239,0,0,320,240,0,4727,11293,43054,55714
5060,4552,1210048139,2891647275,255215,571236,0,240,320,240,1,4729,10873,40997,52979
5061,4552,1210332059,2892218511,283920,571236,0,240,320,240,0,4729,13165,50071,64643
5062,4552,1210576360,2892789747,244301,571236,0,240,320,240,0,4729,20843,80050,103457
5063,4555,1210801119,2893360983,224759,571236,0,0,320,240,1,4732,13997,53005,68485
5064,4555,1211072586,2893932220,271467,571237,0,0,320,240,0,4732,18122,69543,89880
5065,4555,1211312343,2894503456,239757,571236,0,0,320,240,0,4732,16537,63439,81901
5066,4558,1211541211,2895074692,228868,571236,0,240,320,240,1,4735,13511,50999,65974
5067,4558,1211825141,2895645933,283930,571241,0,240,320,240,0,4735,13165,50071,64660
5068,4558,1212075974,2896217172,250833,571239,0,240,320,240,0,4735,18539,70918,91690
5069,4561,1212300594,2896788408,224620,571236,0,0,320,240,1,4738,13275,50140,64788
5070,4561,1212569939,2897359644,269345,571236,0,0,320,240,0,4738,18259,70090,90354
5071,4562,1212803069,2897930880,233130,571236,0,0,320,240,0,4739,11117,42453,54604
5072,4564,1213057061,2898502116,253992,571236,0,240,320,240,1,4741,11645,43891,56602
5073,4564,1213341072,2899073356,284011,571240,0,240,320,240,0,4741,13127,49918,64465
5074,4564,1213599662,2899644592,258590,571236,0,240,320,240,0,4741,16536,63448,81873
5075,4567,1213821716,2900215831,222054,571239,0,0,320,240,1,4744,13506,50960,65863
5076,4567,1214089037,2900787070,267321,571239,0,0,320,240,0,4744,18627,71593,92418
5077,4568,1214323602,2901358307,234565,571237,0,0,320,240,0,4745,11073,42208,54413
5078,4570,1214579457,2901929543,255855,571236,0,240,320,240,1,4747,10729,40411,52227
5079,4570,1214863272,2902500779,283815,571236,0,240,320,240,0,4747,13727,52283,67470
5080,4570,1215121943,2903072015,258671,571236,0,240,320,240,0,4747,15782,60500,78211
5081,4573,1215344223,2903643251,222280,571236,0,0,320,240,1,4750,13653,51528,66457
5082,4573,1215610909,2904214489,266686,571238,0,0,320,240,0,4750,18771,72125,92979
5083,4574,1215845781,2904785725,234872,571236,0,0,320,240,0,4751,11134,42454,54915
5084,4576,1216102031,2905356963,256250,571238,0,240,320,240,1,4753,10560,39782,51393
5085,4576,1216385778,2905928200,283747,571237,0,240,320,240,0,4753,13710,52214,67505
5086,4576,1216644339,2906499441,258561,571241,0,240,320,240,0,4753,15819,60648,78307
5087,4579,1216866699,2907070677,222360,571236,0,0,320,240,1,4756,13707,51748,66873
5088,4579,1217134013,2907641918,267314,571241,0,0,320,240,0,4756,18623,71586,92308
5089,4580,1217368331,2908213161,234318,571243,0,0,320,240,0,4757,11209,42722,55334
5090,4582,1217623347,2908784397,255016,571236,0,240,320,240,1,4759,11154,42079,54324
5091,4582,1217904119,2909355634,280772,571237,0,240,320,240,0,4759,14834,56544,73146
5092,4582,1218159437,2909926870,255318,571236,0,240,320,240,0,4759,12645,48293,62395
5093,4584,1218383984,2910498106,224547,571236,0,0,320,240,1,4761,14144,53745,69591
5094,4585,1218647141,2911069342,263157,571236,0,0,320,240,0,4762,18964,72424,93511
5095,4585,1218900418,2911640580,253277,571238,0,0,320,240,0,4762,12809,48916,63323
5096,4587,1219126829,2912211818,226411,571238,0,240,320,240,1,4764,13634,51676,66783
5097,4588,1219401429,2912783060,274600,571242,0,240,320,240,0,4765,13702,51874,67114
5098,4588,1219665498,2913354296,264069,571236,0,240,320,240,0,4765,16047,61477,79396
5099,4589,1219896886,2913925533,231388,571237,0,0,320,240,1,4766,10893,41507,53664
5100,4591,1220150657,2914496772,253771,571239,0,0,320,240,0,4768,18536,70513,91143
5101,4591,1220417508,2915068012,266851,571240,0,0,320,240,0,4768,13420,51358,66425
5102,4593,1220640301,2915639255,222793,571243,0,240,320,240,1,4770,13738,52251,67674
5103,4594,1220908936,2916210496,268635,571241,0,240,320,240,0,4771,13384,50530,65280
5104,4594,1221167325,2916781732,258389,571236,0,240,320,240,0,4771,17081,65419,84509
5105,4595,1221406654,2917352972,239329,571240,0,0,320,240,1,4772,9995,38162,49207
5106,4597,1221657125,2917924213,250471,571241,0,0,320,240,0,4774,19199,72972,94141
5107,4597,1221923704,2918495454,266579,571241,0,0,320,240,0,4774,12961,49555,64106
5108,4599,1222146532,2919066696,222828,571242,0,240,320,240,1,4776,13847,52657,67998
5109,4600,1222416955,2919637932,270423,571236,0,240,320,240,0,4777,13218,49946,64599
5110,4600,1222664772,2920209168,247817,571236,0,240,320,240,0,4777,18955,72801,94100
5111,4603,1222887827,2920780404,223055,571236,0,0,320,240,1,4780,13879,52489,67817
5112,4603,1223151349,2921351646,263522,571242,0,0,320,240,0,4780,17543,67371,86987
5113,4604,1223361317,2921922882,209968,571236,0,240,320,240,1,4781,17792,68060,87796
5114,4605,1223639005,2922494122,277688,571240,0,240,320,240,0,4782,14743,56221,72665
5115,4605,1223870825,2923065359,231820,571237,0,240,320,240,0,4782,22286,85459,110277
5116,4608,1224092481,2923636599,221656,571240,0,0,320,240,1,4785,14223,53763,69302
5117,4608,1224353843,2924207836,261362,571237,0,0,320,240,0,4785,20058,77070,99521
5118,4609,1224563507,2924779074,209664,571238,0,240,320,240,1,4786,17391,66616,86140
5119,4610,1224836938,2925350314,273431,571240,0,240,320,240,0,4787,15723,59918,77467
5120,4610,1225075746,2925921553,238808,571239,0,240,320,240,0,4787,18277,70004,90482
5121,4613,1225300281,2926492794,224535,571241,0,0,320,240,1,4790,14029,52980,68554
5122,4613,1225555234,2927064036,254953,571242,0,0,320,240,0,4790,18400,70987,91565
5123,4615,1225786805,2927635272,231571,571236,0,240,320,240,1,4792,11756,44630,57769
5124,4615,1226071137,2928206511,284332,571239,0,240,320,240,0,4792,15198,58254,75203
5125,4616,1226289471,2928777753,218334,571242,0,240,320,240,0,4793,14207,54465,70357
5126,4618,1226547674,2929348989,258203,571236,0,0,320,240,1,4795,9369,35325,45652
5127,4618,1226799809,2929920228,252135,571239,0,0,320,240,0,4795,23214,89234,115180
5128,4620,1227034114,2930491464,234305,571236,0,240,320,240,1,4797,10245,38774,50152
5129,4620,1227317672,2931062700,283558,571236,0,240,320,240,0,4797,16911,64977,83918
5130,4622,1227526604,2931633936,208932,571236,0,0,320,240,1,4799,19254,73734,95333
5131,4622,1227781836,2932205172,255232,571236,0,0,320,240,0,4799,21832,83953,108291
5132,4624,1228006576,2932776409,224740,571237,0,240,320,240,1,4801,14480,54851,70981
5133,4624,1228290108,2933347646,283532,571237,0,240,320,240,0,4801,16881,64852,83650
5134,4626,1228501405,2933918882,211297,571236,0,0,320,240,1,4803,18828,72069,93054
5135,4626,1228754537,2934490118,253132,571236,0,0,320,240,0,4803,22654,87205,112412
5136,4628,1228977775,2935061354,223238,571236,0,240,320,240,1,4805,15336,58484,75510
5137,4628,1229261396,2935632590,283621,571236,0,240,320,240,0,4805,15368,58890,75958
5138,4629,1229471908,2936203826,210512,571236,0,240,320,240,0,4806,20405,78297,101051
5139,4631,1229731662,2936775066,259754,571240,0,0,320,240,1,4808,8905,33620,43527
5140,4631,1229984701,2937346302,253039,571236,0,0,320,240,0,4808,22797,87652,113018
5141,4633,1230215193,2937917538,230492,571236,0,240,320,240,1,4810,11820,44777,57817
5142,4633,1230499905,2938488774,284712,571236,0,240,320,240,0,4810,15291,58631,75680
5143,4634,1230718516,2939060011,218611,571237,0,0,320,240,1,4811,16686,63759,82360
5144,4635,1230977415,2939631255,258899,571244,0,0,320,240,0,4812,20832,80091,103203
5145,4637,1231203222,2940202491,225807,571236,0,240,320,240,1,4814,13966,53048,68659
5146,4637,1231487881,2940773727,284659,571236,0,240,320,240,0,4814,15291,58631,75753
5147,4638,1231706352,2941344963,218471,571236,0,0,320,240,1,4815,16690,63773,82387
5148,4639,1231965450,2941916199,259098,571236,0,0,320,240,0,4816,20788,79920,103183
5149,4641,1232190868,2942487435,225418,571236,0,240,320,240,1,4818,14008,53211,68845
5150,4641,1232475625,2943058671,284757,571236,0,240,320,240,0,4818,15293,58639,75701
5151,4642,1232694140,2943629909,218515,571238,0,0,320,240,1,4819,16686,63759,82318
5152,4643,1232957885,2944201146,263745,571237,0,0,320,240,0,4820,18585,71413,92042
5153,4645,1233175498,2944772392,217613,571246,0,240,320,240,1,4822,13864,52804,67910
5154,4645,1233457300,2945343628,281802,571236,0,240,320,240,0,4822,14350,54864,70664
5155,4646,1233679998,2945914864,222698,571236,0,240,320,240,0,4823,13617,52345,67673
5156,4648,1233932266,2946486105,252268,571241,0,0,320,240,1,4825,11953,45113,58264
5157,4648,1234189897,2947057341,257631,571236,0,0,320,240,0,4825,15778,60693,78174
5158,4650,1234418550,2947628577,228653,571236,0,240,320,240,1,4827,13032,49389,63818
5159,4650,1234702680,2948199814,284130,571237,0,240,320,240,0,4827,15973,61617,79477
5160,4651,1234918560,2948771058,215880,571244,0,0,320,240,1,4828,13127,49947,64508
5161,4652,1235178899,2949342296,260339,571238,0,0,320,240,0,4829,18549,71325,91961
5162,4653,1235392236,2949913532,213337,571236,0,240,320,240,1,4830,18130,69366,89501
5163,4654,1235658957,2950484768,266721,571236,0,240,320,240,0,4831,16597,63615,82065
5164,4654,1235879667,2951058954,220710,574186,0,240,320,240,0,4831,11122,42373,54685
5165,4657,1236132725,2951630194,253058,571240,0,0,320,240,1,4834,12316,46535,60051
5166,4657,1236369984,2952201432,237259,571238,0,0,320,240,0,4834,20667,79387,102510
5167,4659,1236600076,2952772673,230092,571241,0,240,320,240,1,4836,10826,41094,52977
5168,4659,1236884542,2953343914,284466,571241,0,240,320,240,0,4836,12996,49813,64356
5169,4660,1237108196,2953915151,223654,571237,0,240,320,240,0,4837,10478,40214,51798
5170,4662,1237363477,2954486397,255281,571246,0,0,320,240,1,4839,11348,42886,55368
5171,4662,1237622652,2955057633,259175,571236,0,0,320,240,0,4839,15868,60737,78432
5172,4664,1237850126,2955628894,227474,571261,0,240,320,240,1,4841,10576,40117,51735
5173,4664,1238135516,2956200131,285390,571237,0,240,320,240,0,4841,13438,51573,66634
5174,4666,1238355495,2956771369,219979,571238,0,0,320,240,1,4843,14975,57223,73823
5175,4666,1238609486,2957342605,253991,571236,0,0,320,240,0,4843,17300,66424,85724
5176,4668,1238841209,2957913848,231723,571243,0,240,320,240,1,4845,12018,45509,58851
5177,4668,1239125301,2958485098,284092,571250,0,240,320,240,0,4845,12607,48425,62650
5178,4670,1239340603,2959056337,215302,571239,0,0,320,240,1,4847,15779,60281,77793
5179,4670,1239594709,2959627574,254106,571237,0,0,320,240,0,4847,17428,67033,86459
5180,4672,1239827258,2960198810,232549,571236,0,240,320,240,1,4849,11268,42703,55077
5181,4672,1240088041,2960770050,260783,571240,0,240,320,240,0,4849,16476,63713,82085
5182,4674,1240320670,2961341290,232629,571240,0,0,320,240,1,4851,10906,41414,53411
5183,4674,1240578242,2961912531,257572,571241,0,0,320,240,0,4851,14518,55924,72221
5184,4676,1240814522,2962483769,236280,571238,0,240,320,240,1,4853,9733,36867,47603
5185,4676,1241077169,2963055007,262647,571238,0,240,320,240,0,4853,16620,64119,82774
5186,4678,1241307435,2963626243,230266,571236,0,0,320,240,1,4855,12164,46317,59764
5187,4678,1241565608,2964197479,258173,571236,0,0,320,240,0,4855,16107,62032,80064
5188,4680,1241800098,2964768716,234490,571237,0,240,320,240,1,4857,9483,35926,46429
5189,4680,1242062999,2965339954,262901,571238,0,240,320,240,0,4857,15673,60622,78136
5190,4682,1242295688,2965911190,232689,571236,0,0,320,240,1,4859,10650,40436,52175
5191,4682,1242554636,2966482428,258948,571238,0,0,320,240,0,4859,14034,54138,69799
5192,4684,1242790748,2967053664,236112,571236,0,240,320,240,1,4861,9486,35934,46482
5193,4684,1243053380,2967624901,262632,571237,0,240,320,240,0,4861,15785,61056,78794
5194,4686,1243286020,2968196141,232640,571240,0,0,320,240,1,4863,10423,39551,51085
5195,4686,1243544538,2968767380,258518,571239,0,0,320,240,0,4863,13957,53824,69408
5196,4688,1243781020,2969338616,236482,571236,0,240,320,240,1,4865,9450,35800,46206
5197,4688,1244043568,2969909852,262548,571236,0,240,320,240,0,4865,15904,61480,79352
5198,4690,1244276510,2970481094,232942,571242,0,0,320,240,1,4867,10485,39797,51382
5199,4690,1244534926,2971052339,258416,571245,0,0,320,240,0,4867,14123,54396,70210
5200,4692,1244771391,2971623575,236465,571236,0,240,320,240,1,4869,9449,35801,46244
5201,4692,1245034120,2972194813,262729,571238,0,240,320,240,0,4869,15990,61757,79705
5202,4694,1245266808,2972766049,232688,571236,0,0,320,240,1,4871,10488,39809,51266
5203,4694,1245525350,2973337291,258542,571242,0,0,320,240,0,4871,14101,54307,70082
5204,4696,1245761869,2973908530,236519,571239,0,240,320,240,1,4873,9456,35817,46373
5205,4696,1246024655,2974479768,262786,571238,0,240,320,240,0,4873,16046,61947,79968
5206,4698,1246257681,2975051008,233026,571240,0,0,320,240,1,4875,10499,39856,51466
5207,4698,1246516228,2975622244,258547,571236,0,0,320,240,0,4875,14312,55063,71088
5208,4700,1246752838,2976193480,236610,571236,0,240,320,240,1,4877,9455,35814,46187
5209,4700,1247016237,2976764719,263399,571239,0,240,320,240,0,4877,15574,60145,77509
5210,4702,1247250524,2977335956,234287,571237,0,0,320,240,1,4879,9859,37368,48351
5211,4702,1247510041,2977907192,259517,571236,0,0,320,240,0,4879,13204,50787,65628
5212,4704,1247747729,2978478431,237688,571239,0,240,320,240,1,4881,9457,35835,46401
5213,4704,1248010903,2979049670,263174,571239,0,240,320,240,0,4881,15653,60407,77954
5214,4706,1248247291,2979620910,236388,571240,0,0,320,240,1,4883,9452,35766,46176
5215,4706,1248501251,2980192150,253960,571240,0,0,320,240,0,4883,17124,65620,84704
5216,4708,1248734924,2980763389,233673,571239,0,240,320,240,1,4885,9197,34751,45000
5217,4708,1248998832,2981334630,263908,571241,0,240,320,240,0,4885,14466,55540,71712
5218,4710,1249219993,2981905866,221161,571236,0,0,320,240,1,4887,16729,63790,82423
5219,4710,1249461364,2982477105,241371,571239,0,0,320,240,0,4887,21084,81089,104644
5220,4712,1249696395,2983048341,235031,571236,0,240,320,240,1,4889,10230,38741,49998
5221,4712,1249960925,2983619581,264530,571240,0,240,320,240,0,4889,14075,54036,69667
5222,4714,1250184075,2984190817,223150,571236,0,0,320,240,1,4891,15167,57465,74349
5223,4714,1250426085,2984762057,242010,571240,0,0,320,240,0,4891,21363,82173,106088
5224,4716,1250658379,2985333293,232294,571236,0,240,320,240,1,4893,11312,42921,55517
5225,4716,1250922315,2985904529,263936,571236,0,240,320,240,0,4893,14831,56962,73387
5226,4718,1251144746,2986475770,222431,571241,0,0,320,240,1,4895,15501,58717,75958
5227,4718,1251387176,2987047006,242430,571236,0,0,320,240,0,4895,20835,80149,103416
5228,4720,1251619710,2987618242,232534,571236,0,240,320,240,1,4897,11180,42416,54692
5229,4720,1251884443,2988189478,264733,571236,0,240,320,240,0,4897,14002,53756,69274
5230,4722,1252117183,2988760715,232740,571237,0,0,320,240,1,4899,11761,44436,57519
5231,4722,1252373369,2989331951,256186,571236,0,0,320,240,0,4899,17014,65623,84527
5232,4724,1252607484,2989903193,234115,571242,0,240,320,240,1,4901,9147,34572,44718
5233,4724,1252872491,2990474429,265007,571236,0,240,320,240,0,4901,13975,53637,68957
5234,4726,1253104664,2991045665,232173,571236,0,0,320,240,1,4903,12003,45369,58554
5235,4726,1253361151,2991616901,256487,571236,0,0,320,240,0,4903,16722,64515,83187
5236,4728,1253595451,2992188137,234300,571236,0,240,320,240,1,4905,9154,34593,44685
5237,4728,1253860375,2992759374,264924,571237,0,240,320,240,0,4905,13721,52687,67833
5238,4730,1254093680,2993330615,233305,571241,0,0,320,240,1,4907,11778,44501,57354
5239,4730,1254350489,2993901856,256809,571241,0,0,320,240,0,4907,16637,64200,82776
5240,4732,1254584790,2994473092,234301,571236,0,240,320,240,1,4909,9151,34583,44635
5241,4732,1254850051,2995044328,265261,571236,0,240,320,240,0,4909,13640,52392,67591
5242,4734,1255083618,2995615564,233567,571236,0,0,320,240,1,4911,11767,44457,57562
5243,4734,1255342325,2996186805,258707,571241,0,0,320,240,0,4911,16665,64274,82825
5244,4736,1255582608,2996758044,240283,571239,0,240,320,240,1,4913,8907,33656,43470
5245,4736,1255856071,2997329290,273463,571246,0,240,320,240,0,4913,15909,60923,78504
5246,4738,1256088406,2997900529,232335,571239,0,0,320,240,1,4915,9223,34852,44993
5247,4738,1256340850,2998471768,252444,571239,0,0,320,240,0,4915,19914,76695,99071
5248,4740,1256577875,2999043005,237025,571237,0,240,320,240,1,4917,9204,34768,44960
5249,4740,1256837677,2999614246,259802,571241,0,240,320,240,0,4917,19218,73861,95251
5250,4742,1257066094,3000185490,228417,571244,0,0,320,240,1,4919,12932,49135,63579
5251,4742,1257314976,3000756727,248882,571237,0,0,320,240,0,4919,21659,83373,107542
5252,4744,1257550771,3001327967,235795,571240,0,240,320,240,1,4921,9007,34003,43932
5253,4744,1257813244,3001899203,262473,571236,0,240,320,240,0,4921,18040,69084,89349
5254,4746,1258046865,3002470442,233621,571239,0,0,320,240,1,4923,10527,39859,51534
5255,4746,1258295805,3003041678,248940,571236,0,0,320,240,0,4923,21626,83259,107416
5256,4748,1258531120,3003612915,235315,571237,0,240,320,240,1,4925,9198,34765,44940
5257,4748,1258798240,3004184154,267120,571239,0,240,320,240,0,4925,17318,66315,85675
5258,4750,1259032649,3004755392,234409,571238,0,0,320,240,1,4927,9455,35752,46206
5259,4750,1259281594,3005326628,248945,571236,0,0,320,240,0,4927,21639,83306,107430
5260,4752,1259516739,3005897868,235145,571240,0,240,320,240,1,4929,9204,34794,44894
5261,4752,1259776483,3006469107,259744,571239,0,240,320,240,0,4929,19216,73874,95334
5262,4754,1260005451,3007040345,228968,571238,0,0,320,240,1,4931,12726,48315,62424
5263,4754,1260260588,3007611585,255137,571240,0,0,320,240,0,4931,18099,69416,89545
5264,4756,1260497868,3008182821,237280,571236,0,240,320,240,1,4933,9200,34778,45013
5265,4756,1260757862,3008754057,259994,571236,0,240,320,240,0,4933,19787,76106,98267
5266,4758,1260991709,3009325293,233847,571236,0,0,320,240,1,4935,10627,40282,52002
5267,4758,1261240688,3009896529,248979,571236,0,0,320,240,0,4935,21697,83542,107867
5268,4760,1261476601,3010467771,235913,571242,0,240,320,240,1,4937,9009,34015,43990
5269,4760,1261739304,3011039007,262703,571236,0,240,320,240,0,4937,18056,69160,89227
5270,4762,1261972904,3011610243,233600,571236,0,0,320,240,1,4939,10557,39979,51642
5271,4762,1262225449,3012181485,252545,571242,0,0,320,240,0,4939,19931,76804,99006
5272,4764,1262462718,3012752722,237269,571237,0,240,320,240,1,4941,9205,34778,45023
5273,4764,1262722347,3013323960,259629,571238,0,240,320,240,0,4941,19244,73995,95511
5274,4766,1262951465,3013895196,229118,571236,0,0,320,240,1,4943,12760,48450,62643
5275,4766,1263206440,3014466432,254975,571236,0,0,320,240,0,4943,18114,69483,89635
5276,4768,1263444301,3015037672,237861,571240,0,240,320,240,1,4945,9013,34029,44038
5277,4768,1263706675,3015608909,262374,571237,0,240,320,240,0,4945,18070,69229,89482
5278,4770,1263937101,3016180147,230426,571238,0,0,320,240,1,4947,11938,45227,58368
5279,4770,1264192707,3016751388,255606,571241,0,0,320,240,0,4947,16683,64540,83325
5280,4772,1264427896,3017322624,235189,571236,0,240,320,240,1,4949,8986,33915,43828
5281,4772,1264692623,3017893860,264727,571236,0,240,320,240,0,4949,13892,53446,68936
5282,4774,1264910334,3018465097,217711,571237,0,0,320,240,1,4951,17940,68401,88252
5283,4774,1265159638,3019036339,249304,571242,0,0,320,240,0,4951,21749,83769,108056
5284,4776,1265395660,3019607579,236022,571240,0,240,320,240,1,4953,9000,33972,43980
5285,4776,1265661318,3020178818,265658,571239,0,240,320,240,0,4953,13697,52693,68045
5286,4778,1265877805,3020750057,216487,571239,0,0,320,240,1,4955,18232,69571,89925
5287,4778,1266122190,3021321294,244385,571237,0,0,320,240,0,4955,19864,76501,98748
5288,4780,1266352459,3021892531,230269,571237,0,240,320,240,1,4957,12024,45621,58880
5289,4780,1266632406,3022463770,279947,571239,0,240,320,240,0,4957,12750,48967,63205
5290,4782,1266849765,3023035006,217359,571236,0,0,320,240,1,4959,14868,56546,73056
5291,4782,1267106629,3023606242,256864,571236,0,0,320,240,0,4959,15316,58763,75726
5292,4784,1267333179,3024177479,226550,571237,0,240,320,240,1,4961,13759,52209,67615
5293,4784,1267620031,3024748715,286852,571236,0,240,320,240,0,4961,12065,46276,59666
5294,4785,1267837593,3025319951,217562,571236,0,240,320,240,0,4962,12279,46765,60154
5295,4787,1268096718,3025891193,259125,571242,0,0,320,240,1,4964,9580,36081,46599
5296,4787,1268352690,3026462431,255972,571238,0,0,320,240,0,4964,15545,59656,77029
5297,4789,1268581719,3027033668,229029,571237,0,240,320,240,1,4966,12961,49162,63775
5298,4789,1268867222,3027604904,285503,571236,0,240,320,240,0,4966,12320,47240,61100
5299,4790,1269080991,3028176142,213769,571238,0,240,320,240,0,4967,13671,51925,66935
5300,4792,1269337750,3028747378,256759,571236,0,0,320,240,1,4969,10541,39701,51208
5301,4792,1269594490,3029318620,256740,571242,0,0,320,240,0,4969,15509,59551,76723
5302,4794,1269818542,3029889856,224052,571236,0,240,320,240,1,4971,14738,55777,72151
5303,4794,1270094427,3030461093,275885,571237,0,240,320,240,0,4971,13278,51014,65915
5304,4796,1270309962,3031032329,215535,571236,0,0,320,240,1,4973,15331,58221,75286
5305,4796,1270562749,3031603567,252787,571238,0,0,320,240,0,4973,15941,61180,78823
5306,4798,1270788574,3032174807,225825,571240,0,240,320,240,1,4975,13889,52592,68089
5307,4798,1271067361,3032746043,278787,571236,0,240,320,240,0,4975,12708,48483,62691
5308,4800,1271280062,3033317279,212701,571236,0,0,320,240,1,4977,17275,66059,85310
5309,4800,1271536818,3033888516,256756,571237,0,0,320,240,0,4977,16934,65126,84037
5310,4802,1271750235,3034459752,213417,571236,0,240,320,240,1,4979,18362,70118,90569
5311,4802,1272033456,3035030988,283221,571236,0,240,320,240,0,4979,13802,52438,67765
5312,4802,1272264921,3035602224,231465,571236,0,240,320,240,0,4979,18234,70304,90770
5313,4805,1272490252,3036173464,225331,571240,0,0,320,240,1,4982,14512,54795,70907
5314,4805,1272758551,3036744701,268299,571237,0,0,320,240,0,4982,14925,57606,74182
5315,4806,1272968944,3037315946,210393,571245,0,240,320,240,1,4983,18003,68829,89077
5316,4807,1273253545,3037887184,284601,571238,0,240,320,240,0,4984,7263,27339,35398
5317,4807,1273524575,3038458420,271030,571236,0,240,320,240,0,4984,11112,42656,54988
5318,4809,1273736652,3039029656,212077,571236,0,0,320,240,1,4986,18607,71106,91880
5319,4810,1273997299,3039600896,260647,571240,0,0,320,240,0,4987,19654,75388,97270
5320,4810,1274210285,3040172136,212986,571240,0,0,320,240,0,4987,13168,50212,64846
5321,4813,1274459438,3040743372,249153,571236,0,240,320,240,1,4990,13819,52179,67484
5322,4813,1274721856,3041314608,262418,571236,0,240,320,240,0,4990,18055,69381,89566
5323,4815,1274942860,3041885844,221004,571236,0,0,320,240,1,4992,16124,61329,79249
5324,4815,1275200814,3042457080,257954,571236,0,0,320,240,0,4992,16823,65240,84160
5325,4817,1275438915,3043028316,238101,571236,0,240,320,240,1,4994,9481,35821,46259
5326,4817,1275704476,3043599552,265561,571236,0,240,320,240,0,4994,16848,64621,83535
5327,4819,1275935895,3044170789,231419,571237,0,0,320,240,1,4996,12555,47873,61768
5328,4819,1276191882,3044742028,255987,571239,0,0,320,240,0,4996,19662,76059,97866
5329,4821,1276423018,3045313270,231136,571242,0,240,320,240,1,4998,10729,40588,52502
5330,4821,1276689307,3045884506,266289,571236,0,240,320,240,0,4998,17067,65752,84904
5331,4823,1276924906,3046455745,235599,571239,0,0,320,240,1,5000,9672,36543,47088
5332,4823,1277181624,3047026987,256718,571242,0,0,320,240,0,5000,18393,71168,91668
5333,4825,1277413491,3047598223,231867,571236,0,240,320,240,1,5002,10731,40596,52386
5334,4825,1277679257,3048169459,265766,571236,0,240,320,240,0,5002,17291,66617,85996
5335,4827,1277914568,3048740697,235311,571238,0,0,320,240,1,5004,10012,37870,48927
5336,4827,1278170871,3049311933,256303,571236,0,0,320,240,0,5004,19113,74002,95295
5337,4829,1278407000,3049883169,236129,571236,0,240,320,240,1,5006,9261,34970,45209
5338,4829,1278672199,3050454405,265199,571236,0,240,320,240,0,5006,16641,63839,82286
5339,4831,1278895506,3051025643,223307,571238,0,0,320,240,1,5008,15264,57800,74820
5340,4831,1279135901,3051596885,240395,571242,0,0,320,240,0,5008,24260,93566,120580
5341,4833,1279371644,3052168123,235743,571238,0,240,320,240,1,5010,9935,37592,48515
5342,4833,1279637105,3052739360,265461,571237,0,240,320,240,0,5010,17192,65895,85043
5343,4835,1279859755,3053310596,222650,571236,0,0,320,240,1,5012,15371,58196,75292
5344,4835,1280107437,3053881838,247682,571242,0,0,320,240,0,5012,22427,86127,111289
5345,4837,1280342197,3054453074,234760,571236,0,240,320,240,1,5014,9537,36048,46576
5346,4837,1280607017,3055024311,264820,571237,0,240,320,240,0,5014,17987,68836,88763
5347,4839,1280830128,3055595547,223111,571236,0,0,320,240,1,5016,15191,57531,74462
5348,4839,1281077742,3056166785,247614,571238,0,0,320,240,0,5016,22522,86447,111501
5349,4841,1281312759,3056738026,235017,571241,0,240,320,240,1,5018,9530,36023,46535
5350,4841,1281578154,3057309262,265395,571236,0,240,320,240,0,5018,17709,67823,87609
5351,4843,1281794673,3057880502,216519,571240,0,0,320,240,1,5020,18147,69255,89603
5352,4843,1282041684,3058451738,247011,571236,0,0,320,240,0,5020,22403,85946,110986
5353,4845,1282276784,3059022980,235100,571242,0,240,320,240,1,5022,9999,37824,48823
5354,4845,1282547612,3059594216,270828,571236,0,240,320,240,0,5022,16521,63212,81594
5355,4846,1282754725,3060165452,207113,571236,0,240,320,240,0,5023,17223,65981,85171
5356,4848,1283010489,3060736699,255764,571247,0,0,320,240,1,5025,10865,40963,52974
5357,4848,1283260901,3061307935,250412,571236,0,0,320,240,0,5025,18793,72216,93176
5358,4850,1283474654,3061879172,213753,571237,0,240,320,240,1,5027,18407,70320,90795
5359,4850,1283739582,3062450408,264928,571236,0,240,320,240,0,5027,19568,74802,96752
5360,4851,1283945821,3063021647,206239,571239,0,240,320,240,0,5028,15884,60873,78675
5361,4853,1284197683,3063592883,251862,571236,0,0,320,240,1,5030,12614,47638,61729
5362,4853,1284442056,3064164125,244373,571242,0,0,320,240,0,5030,21239,81539,105308
5363,4855,1284658154,3064735364,216098,571239,0,240,320,240,1,5032,16382,62228,80398
5364,4855,1284926655,3065306600,268501,571236,0,240,320,240,0,5032,17409,66312,85700
5365,4855,1285152373,3065877836,225718,571236,0,240,320,240,0,5032,19254,73900,95502
5366,4858,1285378110,3066449076,225737,571240,0,0,320,240,1,5035,14600,55145,71377
5367,4858,1285633170,3067020318,255060,571242,0,0,320,240,0,5035,20028,77049,99237
5368,4859,1285848650,3067591556,215480,571238,0,240,320,240,1,5036,14752,56400,72778
5369,4860,1286121596,3068162792,272946,571236,0,240,320,240,0,5037,14261,54046,70013
5370,4860,1286359661,3068734028,238065,571236,0,240,320,240,0,5037,18041,69623,89916
5371,4863,1286584360,3069305264,224699,571236,0,0,320,240,1,5040,14478,54681,70533
5372,4863,1286847411,3069876503,263051,571239,0,0,320,240,0,5040,21078,81256,104651
5373,4864,1287064699,3070447739,217288,571236,0,0,320,240,0,5041,12549,48083,62065
5374,4866,1287321617,3071018979,256918,571240,0,240,320,240,1,5043,10218,38556,49861
5375,4866,1287603361,3071590215,281744,571236,0,240,320,240,0,5043,12817,48462,62776
5376,4866,1287854116,3072161451,250755,571236,0,240,320,240,0,5043,18917,73148,94323
5377,4869,1288074842,3072732692,220726,571241,0,0,320,240,1,5046,14277,53953,69700
5378,4869,1288347426,3073303934,272584,571242,0,0,320,240,0,5046,16272,62493,80519
5379,4869,1288604977,3073875171,257551,571237,0,0,320,240,0,5046,8894,33815,43790
5380,4872,1288827413,3074446408,222436,571237,0,240,320,240,1,5049,14883,56341,72852
5381,4872,1289127678,3075017644,300265,571236,0,240,320,240,0,5049,3813,14160,18345
5382,4872,1289407786,3075588880,280108,571236,0,240,320,240,0,5049,12275,47263,61051
5383,4872,1289644158,3076173913,236372,585033,0,240,320,240,0,5049,11225,43115,55604
5384,4876,1289886746,3076745149,242588,571236,0,0,320,240,1,5053,16303,61662,79773
5385,4876,1290164732,3077316385,277986,571236,0,0,320,240,0,5053,16141,62240,80336
5386,4876,1290411242,3077887621,246510,571236,0,0,320,240,0,5053,11833,45313,58562
5387,4879,1290637493,3078458859,226251,571238,0,240,320,240,1,5056,14006,53032,68478
5388,4879,1290937833,3079030096,300340,571237,0,240,320,240,0,5056,3831,14019,18348
5389,4879,1291221995,3079601332,284162,571236,0,240,320,240,0,5056,13363,50984,65857
5390,4879,1291478149,3080172568,256154,571236,0,240,320,240,0,5056,13291,50684,65465
5391,4881,1291700783,3080743804,222634,571236,0,0,320,240,1,5058,14228,54362,70275
5392,4883,1291958765,3081315044,257982,571240,0,0,320,240,0,5060,17873,68064,88069
5393,4883,1292228692,3081886280,269927,571236,0,0,320,240,0,5060,17761,68397,88353
5394,4883,1292474210,3082457518,245518,571238,0,0,320,240,0,5060,11627,44449,57525
5395,4887,1292691565,3083028754,217355,571236,0,240,320,240,1,5064,17876,67668,87399
5396,4887,1292981782,3083599996,290217,571242,0,240,320,240,0,5064,9765,36332,47273
5397,4887,1293254016,3084171235,272234,571239,0,240,320,240,0,5064,18520,71314,92001
5398,4887,1293501065,3084742471,247049,571236,0,240,320,240,0,5064,13480,51485,66615
5399,4891,1293717792,3085313719,216727,571248,0,0,320,240,1,5068,16265,61524,79541
5400,4891,1293999074,3085884963,281282,571244,0,0,320,240,0,5068,13042,50064,64533
5401,4891,1294254717,3086456200,255643,571237,0,0,320,240,0,5068,14893,56968,73648
5402,4892,1294488861,3087027438,234144,571238,0,0,320,240,0,5069,12037,46122,59663
5403,4895,1294734698,3087598674,245837,571236,0,240,320,240,1,5072,14760,55856,72093
5404,4895,1295025957,3088169916,291259,571242,0,240,320,240,0,5072,8780,32479,42317
5405,4895,1295302069,3088741158,276112,571242,0,240,320,240,0,5072,16591,63722,82309
5406,4895,1295549507,3089312394,247438,571236,0,240,320,240,0,5072,12410,47441,61173
5407,4899,1295762670,3089883630,213163,571236,0,0,320,240,1,5076,17604,66635,86069
5408,4899,1296048157,3090454872,285487,571242,0,0,320,240,0,5076,11760,45145,58350
5409,4899,1296301537,3091026113,253380,571241,0,0,320,240,0,5076,14865,56517,73115
5410,4900,1296536011,3091597351,234474,571238,0,0,320,240,0,5077,11824,45312,58493
5411,4903,1296786826,3092168587,250815,571236,0,240,320,240,1,5080,12423,46988,60713
5412,4903,1297088385,3092739825,301559,571238,0,240,320,240,0,5080,3684,13438,17478
5413,4903,1297379792,3093311061,291407,571236,0,240,320,240,0,5080,9197,34589,44935
5414,4903,1297636287,3093882298,256495,571237,0,240,320,240,0,5080,15324,58607,75723
5415,4904,1297870420,3094453539,234133,571241,0,240,320,240,0,5081,12145,46521,60047
5416,4908,1298106375,3095024776,235955,571237,0,0,320,240,1,5085,18502,69957,90466
5417,4908,1298391293,3095596012,284918,571236,0,0,320,240,0,5085,13321,51080,66005
5418,4908,1298649336,3096167248,258043,571236,0,0,320,240,0,5085,13317,50532,65423
5419,4910,1298880028,3096738487,230692,571239,0,0,320,240,0,5087,12009,45982,59379
5420,4912,1299132575,3097309726,252547,571239,0,240,320,240,1,5089,12089,45766,59190
5421,4912,1299426020,3097880964,293445,571238,0,240,320,240,0,5089,8474,31158,40609
5422,4912,1299707345,3098452200,281325,571236,0,240,320,240,0,5089,14773,56551,73079
5423,4912,1299952479,3099023439,245134,571239,0,240,320,240,0,5089,11929,45568,58918
5424,4916,1300166859,3099594677,214380,571238,0,0,320,240,1,5093,18056,68347,88190
5425,4916,1300451165,3100165913,284306,571236,0,0,320,240,0,5093,14199,54464,70256
5426,4916,1300716828,3100737152,265663,571239,0,0,320,240,0,5093,10336,39087,50642
5427,4918,1300937831,3101308388,221003,571236,0,240,320,240,1,5095,14413,55023,71016
5428,4919,1301218264,3101879629,280433,571241,0,240,320,240,0,5096,11155,41368,53745
5429,4919,1301499696,3102450870,281432,571241,0,240,320,240,0,5096,11707,44744,57906
5430,4919,1301745577,3103022111,245881,571241,0,240,320,240,0,5096,12091,46281,59934
5431,4923,1301964625,3103593351,219048,571240,0,0,320,240,1,5100,17459,66050,85356
5432,4923,1302255417,3104164588,290792,571237,0,0,320,240,0,5100,11782,45131,58285
5433,4923,1302511820,3104735825,256403,571237,0,0,320,240,0,5100,12982,49678,64141
5434,4926,1302734993,3105307071,223173,571246,0,240,320,240,1,5103,14432,54678,70671
5435,4926,1303030765,3105878311,295772,571240,0,240,320,240,0,5103,9113,33974,44069
5436,4926,1303286322,3106449547,255557,571236,0,240,320,240,0,5103,15260,58596,75629
5437,4929,1303506829,3107020790,220507,571243,0,0,320,240,1,5106,14263,54073,69837
5438,4929,1303798148,3107592030,291319,571240,0,0,320,240,0,5106,12921,49621,63919
5439,4930,1304016091,3108163271,217943,571241,0,0,320,240,0,5107,12677,48106,62086
5440,4932,1304277304,3108734516,261213,571245,0,240,320,240,1,5109,8550,32346,41822
5441,4932,1304565745,3109305752,288441,571236,0,240,320,240,0,5109,12944,48863,63361
5442,4932,1304806055,3109880294,240310,574542,0,240,320,240,0,5109,13132,50564,65377
5443,4935,1305057550,3110451535,251495,571241,0,0,320,240,1,5112,12027,45503,58827
5444,4935,1305342321,3111022772,284771,571237,0,0,320,240,0,5112,13960,53589,69249
5445,4937,1305560668,3111594011,218347,571239,0,240,320,240,1,5114,17033,65120,83927
5446,4937,1305850010,3112165248,289342,571237,0,240,320,240,0,5114,12986,49001,63429
5447,4938,1306091217,3112736485,241207,571237,0,240,320,240,0,5115,11386,43392,56061
5448,4940,1306345384,3113307727,254167,571242,0,0,320,240,1,5117,11439,43294,55918
5449,4940,1306630118,3113878964,284734,571237,0,0,320,240,0,5117,14589,56078,72419
5450,4942,1306848065,3114450200,217947,571236,0,240,320,240,1,5119,16246,62076,79972
5451,4942,1307138694,3115021436,290629,571236,0,240,320,240,0,5119,12091,45532,58972
5452,4942,1307388476,3115617971,249782,596535,0,240,320,240,0,5119,14320,55136,71128
5453,4945,1307642047,3116189207,253571,571236,0,0,320,240,1,5122,12158,46020,59358
5454,4945,1307920572,3116760449,278525,571242,0,0,320,240,0,5122,12996,49797,64301
5455,4947,1308152478,3117331689,231906,571240,0,240,320,240,1,5124,13219,50068,64610
5456,4947,1308446561,3117902926,294083,571237,0,240,320,240,0,5124,10056,37733,48993
5457,4948,1308682127,3118474162,235566,571236,0,240,320,240,0,5125,12997,49845,64385
5458,4950,1308937862,3119045400,255735,571238,0,0,320,240,1,5127,10579,40070,51656
5459,4950,1309219755,3119616636,281893,571236,0,0,320,240,0,5127,12455,47786,61623
5460,4952,1309446708,3120187872,226953,571236,0,240,320,240,1,5129,15479,59060,76159
5461,4952,1309740348,3120759108,293640,571236,0,240,320,240,0,5129,10878,40975,53018
5462,4953,1309971201,3121330344,230853,571236,0,240,320,240,0,5130,14288,54642,70647
5463,4955,1310225085,3121901581,253884,571237,0,0,320,240,1,5132,11871,44962,58088
5464,4955,1310502192,3122472817,277107,571236,0,0,320,240,0,5132,14371,55183,71201
5465,4957,1310722943,3123044053,220751,571236,0,240,320,240,1,5134,17637,67317,87081
5466,4957,1311014667,3123615294,291724,571241,0,240,320,240,0,5134,12031,45432,58915
5467,4958,1311245514,3124186531,230847,571237,0,240,320,240,0,5135,14185,54272,70059
5468,4960,1311497666,3124757767,252152,571236,0,0,320,240,1,5137,12251,46373,59858
5469,4960,1311775069,3125329017,277403,571250,0,0,320,240,0,5137,14444,55445,71705
5470,4962,1311994093,3125900253,219024,571236,0,240,320,240,1,5139,18485,70332,90950
5471,4962,1312285805,3126471489,291712,571236,0,240,320,240,0,5139,12102,45682,59187
5472,4963,1312521529,3127042730,235724,571241,0,240,320,240,0,5140,12394,47544,61417
5473,4965,1312779742,3127613966,258213,571236,0,0,320,240,1,5142,10293,38948,50341
5474,4965,1313055499,3128185208,275757,571242,0,0,320,240,0,5142,14678,56310,72667
5475,4967,1313285752,3128756444,230253,571236,0,240,320,240,1,5144,14957,56942,73560
5476,4967,1313575685,3129327684,289933,571240,0,240,320,240,0,5144,13052,49449,64061
5477,4968,1313806860,3129898922,231175,571238,0,240,320,240,0,5145,13159,50410,65129
5478,4970,1314064796,3130470158,257936,571236,0,0,320,240,1,5147,9967,37716,48742
5479,4970,1314344973,3131041396,280177,571238,0,0,320,240,0,5147,15255,58554,75659
5480,4972,1314566268,3131612632,221295,571236,0,240,320,240,1,5149,16592,63289,81787
5481,4972,1314856026,3132183868,289758,571236,0,240,320,240,0,5149,12996,49152,63685
5482,4973,1315094750,3132755105,238724,571237,0,240,320,240,0,5150,11374,43256,55812
5483,4975,1315352013,3133326341,257263,571236,0,0,320,240,1,5152,10521,39834,51405
5484,4975,1315629249,3133897588,277236,571247,0,0,320,240,0,5152,15602,59934,77239
5485,4977,1315854041,3134468824,224792,571236,0,240,320,240,1,5154,16132,61479,79344
5486,4977,1316142392,3135040060,288351,571236,0,240,320,240,0,5154,13871,52591,68111
5487,4977,1316374011,3135613994,231619,573934,0,240,320,240,0,5154,14522,55588,71894
5488,4980,1316626980,3136185233,252969,571239,0,0,320,240,1,5157,12678,47885,61950
5489,4980,1316906415,3136756472,279435,571239,0,0,320,240,0,5157,15706,60365,78005
5490,4982,1317129464,3137327708,223049,571236,0,240,320,240,1,5159,15604,59065,76372
5491,4982,1317417755,3137898944,288291,571236,0,240,320,240,0,5159,13773,52181,67642
5492,4982,1317654450,3138481660,236695,582716,0,240,320,240,0,5159,14739,56438,73020
5493,4985,1317909700,3139052896,255250,571236,0,0,320,240,1,5162,12440,46995,60690
5494,4985,1318183817,3139624135,274117,571239,0,0,320,240,0,5162,15798,60677,78449
5495,4987,1318415972,3140195377,232155,571242,0,240,320,240,1,5164,13843,52282,67565
5496,4987,1318707604,3140766613,291632,571236,0,240,320,240,0,5164,12021,45443,58995
5497,4988,1318940665,3141337854,233061,571241,0,240,320,240,0,5165,12887,48973,63192
5498,4990,1319204266,3141909090,263601,571236,0,0,320,240,1,5167,8673,32777,42335
5499,4990,1319481658,3142480331,277392,571241,0,0,320,240,0,5167,14300,54834,70699
5500,4992,1319714891,3143051567,233233,571236,0,240,320,240,1,5169,12880,48679,62994
5501,4992,1320007224,3143622809,292333,571242,0,240,320,240,0,5169,11468,43279,56121
5502,4994,1320242413,3144194045,235189,571236,0,240,320,240,0,5171,12327,46827,60539
5503,4995,1320509115,3144765284,266702,571239,0,0,320,240,1,5172,8139,30797,39800
5504,4995,1320782561,3145336521,273446,571237,0,0,320,240,0,5172,15918,60927,78823
5505,4997,1321018147,3145907757,235586,571236,0,240,320,240,1,5174,11708,44245,57121
5506,4997,1321311132,3146478994,292985,571237,0,240,320,240,0,5174,11285,42625,55097
5507,4999,1321544164,3147050230,233032,571236,0,240,320,240,0,5176,12897,48978,63353
5508,5000,1321809862,3147621468,265698,571238,0,0,320,240,1,5177,7772,29402,37995
5509,5000,1322086888,3148192704,277026,571236,0,0,320,240,0,5177,14348,55015,71016
5510,5002,1322322981,3148763940,236093,571236,0,240,320,240,1,5179,12418,46868,60538
5511,5002,1322614761,3149335180,291780,571240,0,240,320,240,0,5179,11810,44682,57960
5512,5004,1322846846,3149906420,232085,571240,0,240,320,240,0,5181,13341,50652,65414
5513,5005,1323114752,3150477656,267906,571236,0,0,320,240,1,5182,6948,26295,34011
5514,5005,1323390344,3151048896,275592,571240,0,0,320,240,0,5182,15126,57989,74911
5515,5007,1323626025,3151620132,235681,571236,0,240,320,240,1,5184,11991,45291,58580
5516,5007,1323917947,3152191372,291922,571240,0,240,320,240,0,5184,11883,44937,58116
5517,5009,1324151177,3152762609,233230,571237,0,240,320,240,0,5186,12735,48359,62564
5518,5010,1324418952,3153333848,267775,571239,0,0,320,240,1,5187,7464,28246,36652
5519,5010,1324692675,3153905090,273723,571242,0,0,320,240,0,5187,15823,60637,78431
5520,5012,1324928522,3154476326,235847,571236,0,240,320,240,1,5189,11404,43118,55777
5521,5012,1325218857,3155047562,290335,571236,0,240,320,240,0,5189,12266,46386,60149
5522,5014,1325454129,3155618818,235272,571256,0,240,320,240,0,5191,12545,47635,61586
5523,5015,1325723860,3156190054,269731,571236,0,0,320,240,1,5192,6672,25268,32639
5524,5015,1325996999,3156761290,273139,571236,0,0,320,240,0,5192,16230,62162,80250
5525,5017,1326235745,3157332529,238746,571239,0,240,320,240,1,5194,10695,40345,52376
5526,5017,1326526899,3157903765,291154,571236,0,240,320,240,0,5194,12267,46511,60220
5527,5019,1326755938,3158475003,229039,571238,0,240,320,240,0,5196,14027,53196,68839
5528,5020,1327028809,3159046240,272871,571237,0,0,320,240,1,5197,5198,19716,25473
5529,5020,1327302588,3159617484,273779,571244,0,0,320,240,0,5197,15847,60732,78446
5530,5022,1327540500,3160188720,237912,571236,0,240,320,240,1,5199,11044,41686,53945
5531,5022,1327831937,3160759961,291437,571241,0,240,320,240,0,5199,12064,45696,59142
5532,5024,1328062120,3161331199,230183,571238,0,240,320,240,0,5201,13734,52110,67235
5533,5025,1328332711,3161902435,270591,571236,0,0,320,240,1,5202,5878,22271,28799
5534,5025,1328607138,3162473671,274427,571236,0,0,320,240,0,5202,15749,60462,78154
5535,5027,1328844124,3163044913,236986,571242,0,240,320,240,1,5204,12102,45624,59076
5536,5027,1329134076,3163616149,289952,571236,0,240,320,240,0,5204,12764,48451,62656
5537,5029,1329364129,3164187385,230053,571236,0,240,320,240,0,5206,13940,52878,68353
5538,5030,1329635838,3164758621,271709,571236,0,0,320,240,1,5207,5575,21136,27313
5539,5030,1329908722,3165329857,272884,571236,0,0,320,240,0,5207,16362,62754,80905
5540,5032,1330146177,3165901093,237455,571236,0,240,320,240,1,5209,11312,42696,55330
5541,5032,1330436582,3166472334,290405,571241,0,240,320,240,0,5209,12775,48454,62756
5542,5034,1330666892,3167043572,230310,571238,0,240,320,240,0,5211,13625,51702,66877
5543,5035,1330939325,3167614810,272433,571238,0,0,320,240,1,5212,5648,21414,27631
5544,5035,1331211390,3168186048,272065,571238,0,0,320,240,0,5212,16718,64087,82875
5545,5037,1331449865,3168757289,238475,571241,0,240,320,240,1,5214,10952,41313,53420
5546,5037,1331739918,3169328525,290053,571236,0,240,320,240,0,5214,12761,48439,62611
5547,5039,1331968374,3169899761,228456,571236,0,240,320,240,0,5216,13897,52828,68336
5548,5040,1332237139,3170470997,268765,571236,0,0,320,240,1,5217,6856,25924,33496
5549,5040,1332508278,3171042234,271139,571237,0,0,320,240,0,5217,16540,63502,82029
5550,5042,1332738042,3171613475,229764,571241,0,240,320,240,1,5219,14226,53779,69613
5551,5042,1333028354,3172184711,290312,571236,0,240,320,240,0,5219,12745,48351,62591
5552,5043,1333255195,3172755948,226841,571237,0,240,320,240,0,5220,14605,55610,71930
5553,5045,1333522485,3173327185,267290,571237,0,0,320,240,1,5222,7553,28553,36882
5554,5045,1333793133,3173898426,270648,571241,0,0,320,240,0,5222,16823,64626,83267
5555,5047,1334029760,3174469665,236627,571239,0,240,320,240,1,5224,11615,43869,56887
5556,5047,1334319841,3175040905,290081,571240,0,240,320,240,0,5224,12857,48813,63170
5557,5049,1334548883,3175612142,229042,571237,0,240,320,240,0,5226,13498,51430,66357
5558,5050,1334818597,3176183378,269714,571236,0,0,320,240,1,5227,6432,24351,31536
5559,5050,1335090451,3176754616,271854,571238,0,0,320,240,0,5227,16434,63135,81694
5560,5052,1335325673,3177325852,235222,571236,0,240,320,240,1,5229,11970,45261,58578
5561,5052,1335615965,3177897088,290292,571236,0,240,320,240,0,5229,12733,48310,62520
5562,5054,1335846033,3178468329,230068,571241,0,240,320,240,0,5231,13298,50718,65501
5563,5055,1336116028,3179039567,269995,571238,0,0,320,240,1,5232,6495,24555,31812
5564,5055,1336386739,3179610809,270711,571242,0,0,320,240,0,5232,16835,64671,83536
5565,5057,1336623527,3180182047,236788,571238,0,240,320,240,1,5234,11603,43824,56823
5566,5057,1336913613,3180753287,290086,571240,0,240,320,240,0,5234,12857,48813,63149
5567,5059,1337142684,3181324523,229071,571236,0,240,320,240,0,5236,13470,51337,66304
5568,5060,1337412335,3181895759,269651,571236,0,0,320,240,1,5237,6460,24444,31613
5569,5060,1337684188,3182466996,271853,571237,0,0,320,240,0,5237,16433,63131,81532
5570,5062,1337919771,3183038232,235583,571236,0,240,320,240,1,5239,11971,45265,58600
5571,5062,1338210019,3183609471,290248,571239,0,240,320,240,0,5239,12733,48310,62428
5572,5064,1338439932,3184180711,229913,571240,0,240,320,240,0,5241,13294,50703,65408
5573,5065,1338709941,3184751948,270009,571237,0,0,320,240,1,5242,6499,24570,31775
5574,5065,1338980562,3185323187,270621,571239,0,0,320,240,0,5242,16823,64626,83334
5575,5067,1339217116,3185894425,236554,571238,0,240,320,240,1,5244,11615,43869,56839
5576,5067,1339507197,3186465665,290081,571240,0,240,320,240,0,5244,12857,48813,63170
5577,5069,1339736328,3187036906,229131,571241,0,240,320,240,0,5246,13442,51236,66158
5578,5070,1340005964,3187608145,269636,571239,0,0,320,240,1,5247,6488,24545,31676
5579,5070,1340277839,3188179389,271875,571244,0,0,320,240,0,5247,16448,63188,81451
5580,5072,1340513352,3188750625,235513,571236,0,240,320,240,1,5249,11956,45208,58489
5581,5072,1340803615,3189321861,290263,571236,0,240,320,240,0,5249,12733,48310,62505
5582,5074,1341033649,3189893098,230034,571237,0,240,320,240,0,5251,13337,50858,65750
