guest_frame,cpu_tick,bus_cycles,resident_mask,active_mask,drawn_mask,visible_mask,cam_x_biased,cam_y_biased,cam_z_biased,current_room,player_x_biased,player_z_biased,player_facing_yaw_q12,view_yaw_q12,cam_local_x_biased,cam_local_z_biased,render_fwd_x_q12_biased,render_fwd_z_q12_biased,player_anim_action,player_y_biased,cam_local_y_biased,view_sin_yaw,view_cos_yaw,view_sin_pitch,view_cos_pitch,player_anim_phase_q12,player_attack_starts_total,player_melee_hits_total
1,1602336,2642605,0,0,0,0,0,0,0,0,0,0,0,0,0,0,0,0,0,0,0,0,0,0,0,0,0,0
2,1665433,2840403,0,0,0,0,0,0,0,0,0,0,0,0,0,0,0,0,0,0,0,0,0,0,0,0,0,0
3,1857678,3384419,0,0,0,0,0,0,0,0,0,0,0,0,0,0,0,0,0,0,0,0,0,0,0,0,0,0
4,12379654,30212707,0,0,0,0,0,0,0,0,0,0,0,0,0,0,0,0,0,0,0,0,0,0,0,0,0,0
5,12392212,30239090,0,0,0,0,0,0,0,0,0,0,0,0,0,0,0,0,0,0,0,0,0,0,0,0,0,0
6,12404752,30265023,0,0,0,0,0,0,0,0,0,0,0,0,0,0,0,0,0,0,0,0,0,0,0,0,0,0
7,12417278,30290885,0,0,0,0,0,0,0,0,0,0,0,0,0,0,0,0,0,0,0,0,0,0,0,0,0,0
8,12429818,30316816,0,0,0,0,0,0,0,0,0,0,0,0,0,0,0,0,0,0,0,0,0,0,0,0,0,0
9,12442344,30342693,0,0,0,0,0,0,0,0,0,0,0,0,0,0,0,0,0,0,0,0,0,0,0,0,0,0
10,12454884,30368634,0,0,0,0,0,0,0,0,0,0,0,0,0,0,0,0,0,0,0,0,0,0,0,0,0,0
11,12467410,30394495,0,0,0,0,0,0,0,0,0,0,0,0,0,0,0,0,0,0,0,0,0,0,0,0,0,0
12,12479950,30420411,0,0,0,0,0,0,0,0,0,0,0,0,0,0,0,0,0,0,0,0,0,0,0,0,0,0
13,12492476,30446279,0,0,0,0,0,0,0,0,0,0,0,0,0,0,0,0,0,0,0,0,0,0,0,0,0,0
14,12505016,30472211,0,0,0,0,0,0,0,0,0,0,0,0,0,0,0,0,0,0,0,0,0,0,0,0,0,0
15,12517542,30498072,0,0,0,0,0,0,0,0,0,0,0,0,0,0,0,0,0,0,0,0,0,0,0,0,0,0
16,12530082,30524012,0,0,0,0,0,0,0,0,0,0,0,0,0,0,0,0,0,0,0,0,0,0,0,0,0,0
17,12542608,30549890,0,0,0,0,0,0,0,0,0,0,0,0,0,0,0,0,0,0,0,0,0,0,0,0,0,0
18,12555148,30575832,0,0,0,0,0,0,0,0,0,0,0,0,0,0,0,0,0,0,0,0,0,0,0,0,0,0
19,12567674,30601693,0,0,0,0,0,0,0,0,0,0,0,0,0,0,0,0,0,0,0,0,0,0,0,0,0,0
20,12580214,30627640,0,0,0,0,0,0,0,0,0,0,0,0,0,0,0,0,0,0,0,0,0,0,0,0,0,0
21,12602013,30677282,0,0,0,0,0,0,0,0,0,0,0,0,0,0,0,0,0,0,0,0,0,0,0,0,0,0
22,12611852,30698833,0,0,0,0,0,0,0,0,0,0,0,0,0,0,0,0,0,0,0,0,0,0,0,0,0,0
23,12629640,30739876,0,0,0,0,0,0,0,0,0,0,0,0,0,0,0,0,0,0,0,0,0,0,0,0,0,0
24,12639479,30761360,0,0,0,0,0,0,0,0,0,0,0,0,0,0,0,0,0,0,0,0,0,0,0,0,0,0
25,12657295,30802525,0,0,0,0,0,0,0,0,0,0,0,0,0,0,0,0,0,0,0,0,0,0,0,0,0,0
26,12667170,30824145,0,0,0,0,0,0,0,0,0,0,0,0,0,0,0,0,0,0,0,0,0,0,0,0,0,0
27,12676999,30845507,0,0,0,0,0,0,0,0,0,0,0,0,0,0,0,0,0,0,0,0,0,0,0,0,0,0
28,12686842,30866925,0,0,0,0,0,0,0,0,0,0,0,0,0,0,0,0,0,0,0,0,0,0,0,0,0,0
29,12696671,30888306,0,0,0,0,0,0,0,0,0,0,0,0,0,0,0,0,0,0,0,0,0,0,0,0,0,0
30,12706514,30909724,0,0,0,0,0,0,0,0,0,0,0,0,0,0,0,0,0,0,0,0,0,0,0,0,0,0
31,12716343,30931103,0,0,0,0,0,0,0,0,0,0,0,0,0,0,0,0,0,0,0,0,0,0,0,0,0,0
32,12726186,30952518,0,0,0,0,0,0,0,0,0,0,0,0,0,0,0,0,0,0,0,0,0,0,0,0,0,0
33,12736015,30973881,0,0,0,0,0,0,0,0,0,0,0,0,0,0,0,0,0,0,0,0,0,0,0,0,0,0
34,12745858,30995313,0,0,0,0,0,0,0,0,0,0,0,0,0,0,0,0,0,0,0,0,0,0,0,0,0,0
35,12755687,31016684,0,0,0,0,0,0,0,0,0,0,0,0,0,0,0,0,0,0,0,0,0,0,0,0,0,0
36,12765530,31038096,0,0,0,0,0,0,0,0,0,0,0,0,0,0,0,0,0,0,0,0,0,0,0,0,0,0
37,12775359,31059453,0,0,0,0,0,0,0,0,0,0,0,0,0,0,0,0,0,0,0,0,0,0,0,0,0,0
38,12785202,31080893,0,0,0,0,0,0,0,0,0,0,0,0,0,0,0,0,0,0,0,0,0,0,0,0,0,0
39,12795031,31102259,0,0,0,0,0,0,0,0,0,0,0,0,0,0,0,0,0,0,0,0,0,0,0,0,0,0
40,12804874,31123691,0,0,0,0,0,0,0,0,0,0,0,0,0,0,0,0,0,0,0,0,0,0,0,0,0,0
41,12814703,31145037,0,0,0,0,0,0,0,0,0,0,0,0,0,0,0,0,0,0,0,0,0,0,0,0,0,0
42,12824546,31166477,0,0,0,0,0,0,0,0,0,0,0,0,0,0,0,0,0,0,0,0,0,0,0,0,0,0
43,12834375,31187832,0,0,0,0,0,0,0,0,0,0,0,0,0,0,0,0,0,0,0,0,0,0,0,0,0,0
44,12844218,31209256,0,0,0,0,0,0,0,0,0,0,0,0,0,0,0,0,0,0,0,0,0,0,0,0,0,0
45,12854047,31230602,0,0,0,0,0,0,0,0,0,0,0,0,0,0,0,0,0,0,0,0,0,0,0,0,0,0
46,12863890,31252017,0,0,0,0,0,0,0,0,0,0,0,0,0,0,0,0,0,0,0,0,0,0,0,0,0,0
47,12873719,31273348,0,0,0,0,0,0,0,0,0,0,0,0,0,0,0,0,0,0,0,0,0,0,0,0,0,0
48,12883562,31294780,0,0,0,0,0,0,0,0,0,0,0,0,0,0,0,0,0,0,0,0,0,0,0,0,0,0
49,12893391,31316126,0,0,0,0,0,0,0,0,0,0,0,0,0,0,0,0,0,0,0,0,0,0,0,0,0,0
50,12903234,31337523,0,0,0,0,0,0,0,0,0,0,0,0,0,0,0,0,0,0,0,0,0,0,0,0,0,0
51,12913063,31358886,0,0,0,0,0,0,0,0,0,0,0,0,0,0,0,0,0,0,0,0,0,0,0,0,0,0
52,12922938,31380424,0,0,0,0,0,0,0,0,0,0,0,0,0,0,0,0,0,0,0,0,0,0,0,0,0,0
53,12965829,32104494,0,0,0,0,0,0,0,0,0,0,0,0,0,0,0,0,0,0,0,0,0,0,0,0,0,0
54,13009085,32891768,0,0,0,0,0,0,0,0,0,0,0,0,0,0,0,0,0,0,0,0,0,0,0,0,0,0
55,13075774,33088687,0,0,0,0,0,0,0,0,0,0,0,0,0,0,0,0,0,0,0,0,0,0,0,0,0,0
56,13118679,33813131,0,0,0,0,0,0,0,0,0,0,0,0,0,0,0,0,0,0,0,0,0,0,0,0,0,0
57,13272211,34231163,0,0,0,0,0,0,0,0,0,0,0,0,0,0,0,0,0,0,0,0,0,0,0,0,0,0
58,13315115,34955556,0,0,0,0,0,0,0,0,0,0,0,0,0,0,0,0,0,0,0,0,0,0,0,0,0,0
59,13468665,35373630,0,0,0,0,0,0,0,0,0,0,0,0,0,0,0,0,0,0,0,0,0,0,0,0,0,0
60,13511570,36098024,0,0,0,0,0,0,0,0,0,0,0,0,0,0,0,0,0,0,0,0,0,0,0,0,0,0
61,13665130,36516106,0,0,0,0,0,0,0,0,0,0,0,0,0,0,0,0,0,0,0,0,0,0,0,0,0,0
62,13708034,37240475,0,0,0,0,0,0,0,0,0,0,0,0,0,0,0,0,0,0,0,0,0,0,0,0,0,0
63,13861596,37658578,0,0,0,0,0,0,0,0,0,0,0,0,0,0,0,0,0,0,0,0,0,0,0,0,0,0
64,13904501,38382948,0,0,0,0,0,0,0,0,0,0,0,0,0,0,0,0,0,0,0,0,0,0,0,0,0,0
65,14058061,38801044,0,0,0,0,0,0,0,0,0,0,0,0,0,0,0,0,0,0,0,0,0,0,0,0,0,0
66,14100965,39525435,0,0,0,0,0,0,0,0,0,0,0,0,0,0,0,0,0,0,0,0,0,0,0,0,0,0
67,14254519,39943522,0,0,0,0,0,0,0,0,0,0,0,0,0,0,0,0,0,0,0,0,0,0,0,0,0,0
68,14297424,40667935,0,0,0,0,0,0,0,0,0,0,0,0,0,0,0,0,0,0,0,0,0,0,0,0,0,0
69,14450968,41085993,0,0,0,0,0,0,0,0,0,0,0,0,0,0,0,0,0,0,0,0,0,0,0,0,0,0
70,14493872,41810388,0,0,0,0,0,0,0,0,0,0,0,0,0,0,0,0,0,0,0,0,0,0,0,0,0,0
71,14647422,42228454,0,0,0,0,0,0,0,0,0,0,0,0,0,0,0,0,0,0,0,0,0,0,0,0,0,0
72,14690327,42952830,0,0,0,0,0,0,0,0,0,0,0,0,0,0,0,0,0,0,0,0,0,0,0,0,0,0
73,14843899,43370937,0,0,0,0,0,0,0,0,0,0,0,0,0,0,0,0,0,0,0,0,0,0,0,0,0,0
74,14886803,44095354,0,0,0,0,0,0,0,0,0,0,0,0,0,0,0,0,0,0,0,0,0,0,0,0,0,0
75,15040345,44513404,0,0,0,0,0,0,0,0,0,0,0,0,0,0,0,0,0,0,0,0,0,0,0,0,0,0
76,15083250,45237801,0,0,0,0,0,0,0,0,0,0,0,0,0,0,0,0,0,0,0,0,0,0,0,0,0,0
77,15236802,45655883,0,0,0,0,0,0,0,0,0,0,0,0,0,0,0,0,0,0,0,0,0,0,0,0,0,0
78,15279706,46380314,0,0,0,0,0,0,0,0,0,0,0,0,0,0,0,0,0,0,0,0,0,0,0,0,0,0
79,15433240,46798348,0,0,0,0,0,0,0,0,0,0,0,0,0,0,0,0,0,0,0,0,0,0,0,0,0,0
80,15476145,47522724,0,0,0,0,0,0,0,0,0,0,0,0,0,0,0,0,0,0,0,0,0,0,0,0,0,0
81,15629717,47940820,0,0,0,0,0,0,0,0,0,0,0,0,0,0,0,0,0,0,0,0,0,0,0,0,0,0
82,15672779,48665705,0,0,0,0,0,0,0,0,0,0,0,0,0,0,0,0,0,0,0,0,0,0,0,0,0,0
83,15826145,49083295,0,0,0,0,0,0,0,0,0,0,0,0,0,0,0,0,0,0,0,0,0,0,0,0,0,0
84,15869208,49808190,0,0,0,0,0,0,0,0,0,0,0,0,0,0,0,0,0,0,0,0,0,0,0,0,0,0
85,16022929,50225771,0,0,0,0,0,0,0,0,0,0,0,0,0,0,0,0,0,0,0,0,0,0,0,0,0,0
86,16065991,50950698,0,0,0,0,0,0,0,0,0,0,0,0,0,0,0,0,0,0,0,0,0,0,0,0,0,0
87,16219341,51368240,0,0,0,0,0,0,0,0,0,0,0,0,0,0,0,0,0,0,0,0,0,0,0,0,0,0
88,16262444,52093131,0,0,0,0,0,0,0,0,0,0,0,0,0,0,0,0,0,0,0,0,0,0,0,0,0,0
89,16415804,52510711,0,0,0,0,0,0,0,0,0,0,0,0,0,0,0,0,0,0,0,0,0,0,0,0,0,0
90,16458906,53235677,0,0,0,0,0,0,0,0,0,0,0,0,0,0,0,0,0,0,0,0,0,0,0,0,0,0
91,16612232,53653173,0,0,0,0,0,0,0,0,0,0,0,0,0,0,0,0,0,0,0,0,0,0,0,0,0,0
92,16655534,54378641,0,0,0,0,0,0,0,0,0,0,0,0,0,0,0,0,0,0,0,0,0,0,0,0,0,0
93,16808662,54795656,0,0,0,0,0,0,0,0,0,0,0,0,0,0,0,0,0,0,0,0,0,0,0,0,0,0
94,16852243,55521747,0,0,0,0,0,0,0,0,0,0,0,0,0,0,0,0,0,0,0,0,0,0,0,0,0,0
95,17005121,55938123,0,0,0,0,0,0,0,0,0,0,0,0,0,0,0,0,0,0,0,0,0,0,0,0,0,0
96,17048545,56663744,0,0,0,0,0,0,0,0,0,0,0,0,0,0,0,0,0,0,0,0,0,0,0,0,0,0
97,17201613,57080599,0,0,0,0,0,0,0,0,0,0,0,0,0,0,0,0,0,0,0,0,0,0,0,0,0,0
98,17245235,57806774,0,0,0,0,0,0,0,0,0,0,0,0,0,0,0,0,0,0,0,0,0,0,0,0,0,0
99,17398085,58223073,0,0,0,0,0,0,0,0,0,0,0,0,0,0,0,0,0,0,0,0,0,0,0,0,0,0
100,17441631,58948962,0,0,0,0,0,0,0,0,0,0,0,0,0,0,0,0,0,0,0,0,0,0,0,0,0,0
101,17594603,59365541,0,0,0,0,0,0,0,0,0,0,0,0,0,0,0,0,0,0,0,0,0,0,0,0,0,0
102,17638306,60091901,0,0,0,0,0,0,0,0,0,0,0,0,0,0,0,0,0,0,0,0,0,0,0,0,0,0
103,17791084,60508011,0,0,0,0,0,0,0,0,0,0,0,0,0,0,0,0,0,0,0,0,0,0,0,0,0,0
104,17834829,61234405,0,0,0,0,0,0,0,0,0,0,0,0,0,0,0,0,0,0,0,0,0,0,0,0,0,0
105,17987589,61650492,0,0,0,0,0,0,0,0,0,0,0,0,0,0,0,0,0,0,0,0,0,0,0,0,0,0
106,18031256,62376559,0,0,0,0,0,0,0,0,0,0,0,0,0,0,0,0,0,0,0,0,0,0,0,0,0,0
107,18184146,62792961,0,0,0,0,0,0,0,0,0,0,0,0,0,0,0,0,0,0,0,0,0,0,0,0,0,0
108,18227972,63519462,0,0,0,0,0,0,0,0,0,0,0,0,0,0,0,0,0,0,0,0,0,0,0,0,0,0
109,18380688,63935430,0,0,0,0,0,0,0,0,0,0,0,0,0,0,0,0,0,0,0,0,0,0,0,0,0,0
110,18424554,64662013,0,0,0,0,0,0,0,0,0,0,0,0,0,0,0,0,0,0,0,0,0,0,0,0,0,0
111,18577248,65077906,0,0,0,0,0,0,0,0,0,0,0,0,0,0,0,0,0,0,0,0,0,0,0,0,0,0
112,18621156,65804545,0,0,0,0,0,0,0,0,0,0,0,0,0,0,0,0,0,0,0,0,0,0,0,0,0,0
113,18773820,66220376,0,0,0,0,0,0,0,0,0,0,0,0,0,0,0,0,0,0,0,0,0,0,0,0,0,0
114,18817767,66947108,0,0,0,0,0,0,0,0,0,0,0,0,0,0,0,0,0,0,0,0,0,0,0,0,0,0
115,18970742,67362849,0,0,0,0,0,0,0,0,0,0,0,0,0,0,0,0,0,0,0,0,0,0,0,0,0,0
116,19014731,68089713,0,0,0,0,0,0,0,0,0,0,0,0,0,0,0,0,0,0,0,0,0,0,0,0,0,0
117,19167323,68505318,0,0,0,0,0,0,0,0,0,0,0,0,0,0,0,0,0,0,0,0,0,0,0,0,0,0
118,19211352,69232167,0,0,0,0,0,0,0,0,0,0,0,0,0,0,0,0,0,0,0,0,0,0,0,0,0,0
119,19363930,69647786,0,0,0,0,0,0,0,0,0,0,0,0,0,0,0,0,0,0,0,0,0,0,0,0,0,0
120,19407842,70374318,0,0,0,0,0,0,0,0,0,0,0,0,0,0,0,0,0,0,0,0,0,0,0,0,0,0
121,19560562,70790255,0,0,0,0,0,0,0,0,0,0,0,0,0,0,0,0,0,0,0,0,0,0,0,0,0,0
122,19604514,71516791,0,0,0,0,0,0,0,0,0,0,0,0,0,0,0,0,0,0,0,0,0,0,0,0,0,0
123,19757232,71932736,0,0,0,0,0,0,0,0,0,0,0,0,0,0,0,0,0,0,0,0,0,0,0,0,0,0
124,19800986,72658739,0,0,0,0,0,0,0,0,0,0,0,0,0,0,0,0,0,0,0,0,0,0,0,0,0,0
125,19953898,73075206,0,0,0,0,0,0,0,0,0,0,0,0,0,0,0,0,0,0,0,0,0,0,0,0,0,0
126,19997891,73801850,0,0,0,0,0,0,0,0,0,0,0,0,0,0,0,0,0,0,0,0,0,0,0,0,0,0
127,20150553,74217669,0,0,0,0,0,0,0,0,0,0,0,0,0,0,0,0,0,0,0,0,0,0,0,0,0,0
128,20194389,74943799,0,0,0,0,0,0,0,0,0,0,0,0,0,0,0,0,0,0,0,0,0,0,0,0,0,0
129,20347261,75360157,0,0,0,0,0,0,0,0,0,0,0,0,0,0,0,0,0,0,0,0,0,0,0,0,0,0
130,20391096,76086261,0,0,0,0,0,0,0,0,0,0,0,0,0,0,0,0,0,0,0,0,0,0,0,0,0,0
131,20543974,76502621,0,0,0,0,0,0,0,0,0,0,0,0,0,0,0,0,0,0,0,0,0,0,0,0,0,0
132,20587611,77228194,0,0,0,0,0,0,0,0,0,0,0,0,0,0,0,0,0,0,0,0,0,0,0,0,0,0
133,20740695,77645099,0,0,0,0,0,0,0,0,0,0,0,0,0,0,0,0,0,0,0,0,0,0,0,0,0,0
134,20784331,78370607,0,0,0,0,0,0,0,0,0,0,0,0,0,0,0,0,0,0,0,0,0,0,0,0,0,0
135,20937437,78787571,0,0,0,0,0,0,0,0,0,0,0,0,0,0,0,0,0,0,0,0,0,0,0,0,0,0
136,20981074,79513170,0,0,0,0,0,0,0,0,0,0,0,0,0,0,0,0,0,0,0,0,0,0,0,0,0,0
137,21134158,79930034,0,0,0,0,0,0,0,0,0,0,0,0,0,0,0,0,0,0,0,0,0,0,0,0,0,0
138,21177794,80655569,0,0,0,0,0,0,0,0,0,0,0,0,0,0,0,0,0,0,0,0,0,0,0,0,0,0
139,21330888,81072510,0,0,0,0,0,0,0,0,0,0,0,0,0,0,0,0,0,0,0,0,0,0,0,0,0,0
140,21374525,81798125,0,0,0,0,0,0,0,0,0,0,0,0,0,0,0,0,0,0,0,0,0,0,0,0,0,0
141,21527601,82214987,0,0,0,0,0,0,0,0,0,0,0,0,0,0,0,0,0,0,0,0,0,0,0,0,0,0
142,21571237,82940567,0,0,0,0,0,0,0,0,0,0,0,0,0,0,0,0,0,0,0,0,0,0,0,0,0,0
143,21724319,83357457,0,0,0,0,0,0,0,0,0,0,0,0,0,0,0,0,0,0,0,0,0,0,0,0,0,0
144,21767956,84082989,0,0,0,0,0,0,0,0,0,0,0,0,0,0,0,0,0,0,0,0,0,0,0,0,0,0
145,21921405,84499928,0,0,0,0,0,0,0,0,0,0,0,0,0,0,0,0,0,0,0,0,0,0,0,0,0,0
146,21965041,85225602,0,0,0,0,0,0,0,0,0,0,0,0,0,0,0,0,0,0,0,0,0,0,0,0,0,0
147,22118087,85642391,0,0,0,0,0,0,0,0,0,0,0,0,0,0,0,0,0,0,0,0,0,0,0,0,0,0
148,22161724,86367984,0,0,0,0,0,0,0,0,0,0,0,0,0,0,0,0,0,0,0,0,0,0,0,0,0,0
149,22314804,86784870,0,0,0,0,0,0,0,0,0,0,0,0,0,0,0,0,0,0,0,0,0,0,0,0,0,0
150,22358440,87510429,0,0,0,0,0,0,0,0,0,0,0,0,0,0,0,0,0,0,0,0,0,0,0,0,0,0
151,22511534,87927345,0,0,0,0,0,0,0,0,0,0,0,0,0,0,0,0,0,0,0,0,0,0,0,0,0,0
152,22555171,88652922,0,0,0,0,0,0,0,0,0,0,0,0,0,0,0,0,0,0,0,0,0,0,0,0,0,0
153,22708259,89069812,0,0,0,0,0,0,0,0,0,0,0,0,0,0,0,0,0,0,0,0,0,0,0,0,0,0
154,22751895,89795330,0,0,0,0,0,0,0,0,0,0,0,0,0,0,0,0,0,0,0,0,0,0,0,0,0,0
155,22905005,90212290,0,0,0,0,0,0,0,0,0,0,0,0,0,0,0,0,0,0,0,0,0,0,0,0,0,0
156,22948642,90937831,0,0,0,0,0,0,0,0,0,0,0,0,0,0,0,0,0,0,0,0,0,0,0,0,0,0
157,23101742,91354759,0,0,0,0,0,0,0,0,0,0,0,0,0,0,0,0,0,0,0,0,0,0,0,0,0,0
158,23145378,92080364,0,0,0,0,0,0,0,0,0,0,0,0,0,0,0,0,0,0,0,0,0,0,0,0,0,0
159,23298444,92497227,0,0,0,0,0,0,0,0,0,0,0,0,0,0,0,0,0,0,0,0,0,0,0,0,0,0
160,23342081,93222793,0,0,0,0,0,0,0,0,0,0,0,0,0,0,0,0,0,0,0,0,0,0,0,0,0,0
161,23495181,93639707,0,0,0,0,0,0,0,0,0,0,0,0,0,0,0,0,0,0,0,0,0,0,0,0,0,0
162,23538817,94365305,0,0,0,0,0,0,0,0,0,0,0,0,0,0,0,0,0,0,0,0,0,0,0,0,0,0
163,23691891,94782171,0,0,0,0,0,0,0,0,0,0,0,0,0,0,0,0,0,0,0,0,0,0,0,0,0,0
164,23735528,95507711,0,0,0,0,0,0,0,0,0,0,0,0,0,0,0,0,0,0,0,0,0,0,0,0,0,0
165,23888632,95924649,0,0,0,0,0,0,0,0,0,0,0,0,0,0,0,0,0,0,0,0,0,0,0,0,0,0
166,23932268,96650211,0,0,0,0,0,0,0,0,0,0,0,0,0,0,0,0,0,0,0,0,0,0,0,0,0,0
167,24085362,97067122,0,0,0,0,0,0,0,0,0,0,0,0,0,0,0,0,0,0,0,0,0,0,0,0,0,0
168,24128999,97792687,0,0,0,0,0,0,0,0,0,0,0,0,0,0,0,0,0,0,0,0,0,0,0,0,0,0
169,24282095,98209596,0,0,0,0,0,0,0,0,0,0,0,0,0,0,0,0,0,0,0,0,0,0,0,0,0,0
170,24325731,98935188,0,0,0,0,0,0,0,0,0,0,0,0,0,0,0,0,0,0,0,0,0,0,0,0,0,0
171,24478813,99352058,0,0,0,0,0,0,0,0,0,0,0,0,0,0,0,0,0,0,0,0,0,0,0,0,0,0
172,24522730,100078312,0,0,0,0,0,0,0,0,0,0,0,0,0,0,0,0,0,0,0,0,0,0,0,0,0,0
173,24675546,100494530,0,0,0,0,0,0,0,0,0,0,0,0,0,0,0,0,0,0,0,0,0,0,0,0,0,0
174,24719462,101220746,0,0,0,0,0,0,0,0,0,0,0,0,0,0,0,0,0,0,0,0,0,0,0,0,0,0
175,24872645,101637002,0,0,0,0,0,0,0,0,0,0,0,0,0,0,0,0,0,0,0,0,0,0,0,0,0,0
176,24916562,102363280,0,0,0,0,0,0,0,0,0,0,0,0,0,0,0,0,0,0,0,0,0,0,0,0,0,0
177,25069382,102779485,0,0,0,0,0,0,0,0,0,0,0,0,0,0,0,0,0,0,0,0,0,0,0,0,0,0
178,25113338,103505748,0,0,0,0,0,0,0,0,0,0,0,0,0,0,0,0,0,0,0,0,0,0,0,0,0,0
179,25266164,103921949,0,0,0,0,0,0,0,0,0,0,0,0,0,0,0,0,0,0,0,0,0,0,0,0,0,0
180,25310121,104648310,0,0,0,0,0,0,0,0,0,0,0,0,0,0,0,0,0,0,0,0,0,0,0,0,0,0
181,25462897,105064428,0,0,0,0,0,0,0,0,0,0,0,0,0,0,0,0,0,0,0,0,0,0,0,0,0,0
182,25507173,105791518,0,0,0,0,0,0,0,0,0,0,0,0,0,0,0,0,0,0,0,0,0,0,0,0,0,0
183,25659659,106206886,0,0,0,0,0,0,0,0,0,0,0,0,0,0,0,0,0,0,0,0,0,0,0,0,0,0
184,25704094,106934397,0,0,0,0,0,0,0,0,0,0,0,0,0,0,0,0,0,0,0,0,0,0,0,0,0,0
185,25856426,107349365,0,0,0,0,0,0,0,0,0,0,0,0,0,0,0,0,0,0,0,0,0,0,0,0,0,0
186,25900580,108076262,0,0,0,0,0,0,0,0,0,0,0,0,0,0,0,0,0,0,0,0,0,0,0,0,0,0
187,26053146,108491841,0,0,0,0,0,0,0,0,0,0,0,0,0,0,0,0,0,0,0,0,0,0,0,0,0,0
188,26097621,109219423,0,0,0,0,0,0,0,0,0,0,0,0,0,0,0,0,0,0,0,0,0,0,0,0,0,0
189,26249913,109634316,0,0,0,0,0,0,0,0,0,0,0,0,0,0,0,0,0,0,0,0,0,0,0,0,0,0
190,26293945,110360918,0,0,0,0,0,0,0,0,0,0,0,0,0,0,0,0,0,0,0,0,0,0,0,0,0,0
191,26446627,110776781,0,0,0,0,0,0,0,0,0,0,0,0,0,0,0,0,0,0,0,0,0,0,0,0,0,0
192,26490940,111504130,0,0,0,0,0,0,0,0,0,0,0,0,0,0,0,0,0,0,0,0,0,0,0,0,0,0
193,26643324,111919251,0,0,0,0,0,0,0,0,0,0,0,0,0,0,0,0,0,0,0,0,0,0,0,0,0,0
194,26687676,112646666,0,0,0,0,0,0,0,0,0,0,0,0,0,0,0,0,0,0,0,0,0,0,0,0,0,0
195,26840042,113061722,0,0,0,0,0,0,0,0,0,0,0,0,0,0,0,0,0,0,0,0,0,0,0,0,0,0
196,26883953,113788206,0,0,0,0,0,0,0,0,0,0,0,0,0,0,0,0,0,0,0,0,0,0,0,0,0,0
197,27036689,114204201,0,0,0,0,0,0,0,0,0,0,0,0,0,0,0,0,0,0,0,0,0,0,0,0,0,0
198,27080879,114931344,0,0,0,0,0,0,0,0,0,0,0,0,0,0,0,0,0,0,0,0,0,0,0,0,0,0
199,27233341,115346673,0,0,0,0,0,0,0,0,0,0,0,0,0,0,0,0,0,0,0,0,0,0,0,0,0,0
200,27277572,116073855,0,0,0,0,0,0,0,0,0,0,0,0,0,0,0,0,0,0,0,0,0,0,0,0,0,0
201,27430040,116489148,0,0,0,0,0,0,0,0,0,0,0,0,0,0,0,0,0,0,0,0,0,0,0,0,0,0
202,27474068,117216031,0,0,0,0,0,0,0,0,0,0,0,0,0,0,0,0,0,0,0,0,0,0,0,0,0,0
203,27626638,117631604,0,0,0,0,0,0,0,0,0,0,0,0,0,0,0,0,0,0,0,0,0,0,0,0,0,0
204,27670707,118358486,0,0,0,0,0,0,0,0,0,0,0,0,0,0,0,0,0,0,0,0,0,0,0,0,0,0
205,27823632,118774093,0,0,0,0,0,0,0,0,0,0,0,0,0,0,0,0,0,0,0,0,0,0,0,0,0,0
206,27867740,119501136,0,0,0,0,0,0,0,0,0,0,0,0,0,0,0,0,0,0,0,0,0,0,0,0,0,0
207,28020250,119916563,0,0,0,0,0,0,0,0,0,0,0,0,0,0,0,0,0,0,0,0,0,0,0,0,0,0
208,28064157,120643203,0,0,0,0,0,0,0,0,0,0,0,0,0,0,0,0,0,0,0,0,0,0,0,0,0,0
209,28216817,121059031,0,0,0,0,0,0,0,0,0,0,0,0,0,0,0,0,0,0,0,0,0,0,0,0,0,0
210,28260483,121785070,0,0,0,0,0,0,0,0,0,0,0,0,0,0,0,0,0,0,0,0,0,0,0,0,0,0
211,28413385,122201499,0,0,0,0,0,0,0,0,0,0,0,0,0,0,0,0,0,0,0,0,0,0,0,0,0,0
212,28457092,122927628,0,0,0,0,0,0,0,0,0,0,0,0,0,0,0,0,0,0,0,0,0,0,0,0,0,0
213,28609960,123343977,0,0,0,0,0,0,0,0,0,0,0,0,0,0,0,0,0,0,0,0,0,0,0,0,0,0
214,28653346,124069326,0,0,0,0,0,0,0,0,0,0,0,0,0,0,0,0,0,0,0,0,0,0,0,0,0,0
215,28806520,124486443,0,0,0,0,0,0,0,0,0,0,0,0,0,0,0,0,0,0,0,0,0,0,0,0,0,0
216,28850025,125212262,0,0,0,0,0,0,0,0,0,0,0,0,0,0,0,0,0,0,0,0,0,0,0,0,0,0
217,29003021,125628922,0,0,0,0,0,0,0,0,0,0,0,0,0,0,0,0,0,0,0,0,0,0,0,0,0,0
218,29046245,126354045,0,0,0,0,0,0,0,0,0,0,0,0,0,0,0,0,0,0,0,0,0,0,0,0,0,0
219,29199511,126771394,0,0,0,0,0,0,0,0,0,0,0,0,0,0,0,0,0,0,0,0,0,0,0,0,0,0
220,29242736,127496531,0,0,0,0,0,0,0,0,0,0,0,0,0,0,0,0,0,0,0,0,0,0,0,0,0,0
221,29395996,127913861,0,0,0,0,0,0,0,0,0,0,0,0,0,0,0,0,0,0,0,0,0,0,0,0,0,0
222,29438900,128638249,0,0,0,0,0,0,0,0,0,0,0,0,0,0,0,0,0,0,0,0,0,0,0,0,0,0
223,29592462,129056330,0,0,0,0,0,0,0,0,0,0,0,0,0,0,0,0,0,0,0,0,0,0,0,0,0,0
224,29635367,129780715,0,0,0,0,0,0,0,0,0,0,0,0,0,0,0,0,0,0,0,0,0,0,0,0,0,0
225,29788931,130198811,0,0,0,0,0,0,0,0,0,0,0,0,0,0,0,0,0,0,0,0,0,0,0,0,0,0
226,29831835,130923230,0,0,0,0,0,0,0,0,0,0,0,0,0,0,0,0,0,0,0,0,0,0,0,0,0,0
227,29985377,131341283,0,0,0,0,0,0,0,0,0,0,0,0,0,0,0,0,0,0,0,0,0,0,0,0,0,0
228,30028282,132065687,0,0,0,0,0,0,0,0,0,0,0,0,0,0,0,0,0,0,0,0,0,0,0,0,0,0
229,30181838,132483743,0,0,0,0,0,0,0,0,0,0,0,0,0,0,0,0,0,0,0,0,0,0,0,0,0,0
230,30224742,133208153,0,0,0,0,0,0,0,0,0,0,0,0,0,0,0,0,0,0,0,0,0,0,0,0,0,0
231,30378292,133626225,0,0,0,0,0,0,0,0,0,0,0,0,0,0,0,0,0,0,0,0,0,0,0,0,0,0
232,30421197,134350645,0,0,0,0,0,0,0,0,0,0,0,0,0,0,0,0,0,0,0,0,0,0,0,0,0,0
233,30574741,134768700,0,0,0,0,0,0,0,0,0,0,0,0,0,0,0,0,0,0,0,0,0,0,0,0,0,0
234,30617645,135493097,0,0,0,0,0,0,0,0,0,0,0,0,0,0,0,0,0,0,0,0,0,0,0,0,0,0
235,30771532,135911167,0,0,0,0,0,0,0,0,0,0,0,0,0,0,0,0,0,0,0,0,0,0,0,0,0,0
236,30814437,136635584,0,0,0,0,0,0,0,0,0,0,0,0,0,0,0,0,0,0,0,0,0,0,0,0,0,0
237,30967977,137053639,0,0,0,0,0,0,0,0,0,0,0,0,0,0,0,0,0,0,0,0,0,0,0,0,0,0
238,31010881,137778068,0,0,0,0,0,0,0,0,0,0,0,0,0,0,0,0,0,0,0,0,0,0,0,0,0,0
239,31164427,138196099,0,0,0,0,0,0,0,0,0,0,0,0,0,0,0,0,0,0,0,0,0,0,0,0,0,0
240,31207332,138920507,0,0,0,0,0,0,0,0,0,0,0,0,0,0,0,0,0,0,0,0,0,0,0,0,0,0
241,31360880,139338589,0,0,0,0,0,0,0,0,0,0,0,0,0,0,0,0,0,0,0,0,0,0,0,0,0,0
242,31403784,140062992,0,0,0,0,0,0,0,0,0,0,0,0,0,0,0,0,0,0,0,0,0,0,0,0,0,0
243,31557334,140481059,0,0,0,0,0,0,0,0,0,0,0,0,0,0,0,0,0,0,0,0,0,0,0,0,0,0
244,31600239,141205452,0,0,0,0,0,0,0,0,0,0,0,0,0,0,0,0,0,0,0,0,0,0,0,0,0,0
245,31753787,141623532,0,0,0,0,0,0,0,0,0,0,0,0,0,0,0,0,0,0,0,0,0,0,0,0,0,0
246,31796691,142347884,0,0,0,0,0,0,0,0,0,0,0,0,0,0,0,0,0,0,0,0,0,0,0,0,0,0
247,31950253,142766002,0,0,0,0,0,0,0,0,0,0,0,0,0,0,0,0,0,0,0,0,0,0,0,0,0,0
248,31993158,143490398,0,0,0,0,0,0,0,0,0,0,0,0,0,0,0,0,0,0,0,0,0,0,0,0,0,0
249,32146714,143908467,0,0,0,0,0,0,0,0,0,0,0,0,0,0,0,0,0,0,0,0,0,0,0,0,0,0
250,32189618,144632865,0,0,0,0,0,0,0,0,0,0,0,0,0,0,0,0,0,0,0,0,0,0,0,0,0,0
251,32343176,145050943,0,0,0,0,0,0,0,0,0,0,0,0,0,0,0,0,0,0,0,0,0,0,0,0,0,0
252,32386081,145775297,0,0,0,0,0,0,0,0,0,0,0,0,0,0,0,0,0,0,0,0,0,0,0,0,0,0
253,32539645,146193417,0,0,0,0,0,0,0,0,0,0,0,0,0,0,0,0,0,0,0,0,0,0,0,0,0,0
254,32582549,146917817,0,0,0,0,0,0,0,0,0,0,0,0,0,0,0,0,0,0,0,0,0,0,0,0,0,0
255,32736095,147335883,0,0,0,0,0,0,0,0,0,0,0,0,0,0,0,0,0,0,0,0,0,0,0,0,0,0
256,32779000,148060264,0,0,0,0,0,0,0,0,0,0,0,0,0,0,0,0,0,0,0,0,0,0,0,0,0,0
257,32932552,148478356,0,0,0,0,0,0,0,0,0,0,0,0,0,0,0,0,0,0,0,0,0,0,0,0,0,0
258,32975456,149202707,0,0,0,0,0,0,0,0,0,0,0,0,0,0,0,0,0,0,0,0,0,0,0,0,0,0
259,33129022,149620827,0,0,0,0,0,0,0,0,0,0,0,0,0,0,0,0,0,0,0,0,0,0,0,0,0,0
260,33171927,150345244,0,0,0,0,0,0,0,0,0,0,0,0,0,0,0,0,0,0,0,0,0,0,0,0,0,0
261,33325475,150763310,0,0,0,0,0,0,0,0,0,0,0,0,0,0,0,0,0,0,0,0,0,0,0,0,0,0
262,33368537,151488155,0,0,0,0,0,0,0,0,0,0,0,0,0,0,0,0,0,0,0,0,0,0,0,0,0,0
263,33521903,151905778,0,0,0,0,0,0,0,0,0,0,0,0,0,0,0,0,0,0,0,0,0,0,0,0,0,0
264,33564966,152630665,0,0,0,0,0,0,0,0,0,0,0,0,0,0,0,0,0,0,0,0,0,0,0,0,0,0
265,33718671,153048252,0,0,0,0,0,0,0,0,0,0,0,0,0,0,0,0,0,0,0,0,0,0,0,0,0,0
266,33761733,153773129,0,0,0,0,0,0,0,0,0,0,0,0,0,0,0,0,0,0,0,0,0,0,0,0,0,0
267,33915087,154190720,0,0,0,0,0,0,0,0,0,0,0,0,0,0,0,0,0,0,0,0,0,0,0,0,0,0
268,33958190,154915653,0,0,0,0,0,0,0,0,0,0,0,0,0,0,0,0,0,0,0,0,0,0,0,0,0,0
269,34111538,155333197,0,0,0,0,0,0,0,0,0,0,0,0,0,0,0,0,0,0,0,0,0,0,0,0,0,0
270,34154640,156058089,0,0,0,0,0,0,0,0,0,0,0,0,0,0,0,0,0,0,0,0,0,0,0,0,0,0
271,34307994,156475665,0,0,0,0,0,0,0,0,0,0,0,0,0,0,0,0,0,0,0,0,0,0,0,0,0,0
272,34351296,157201166,0,0,0,0,0,0,0,0,0,0,0,0,0,0,0,0,0,0,0,0,0,0,0,0,0,0
273,34504416,157618138,0,0,0,0,0,0,0,0,0,0,0,0,0,0,0,0,0,0,0,0,0,0,0,0,0,0
274,34547997,158344293,0,0,0,0,0,0,0,0,0,0,0,0,0,0,0,0,0,0,0,0,0,0,0,0,0,0
275,34700847,158760599,0,0,0,0,0,0,0,0,0,0,0,0,0,0,0,0,0,0,0,0,0,0,0,0,0,0
276,34744271,159486250,0,0,0,0,0,0,0,0,0,0,0,0,0,0,0,0,0,0,0,0,0,0,0,0,0,0
277,34897331,159903080,0,0,0,0,0,0,0,0,0,0,0,0,0,0,0,0,0,0,0,0,0,0,0,0,0,0
278,34940953,160629300,0,0,0,0,0,0,0,0,0,0,0,0,0,0,0,0,0,0,0,0,0,0,0,0,0,0
279,35093791,161045547,0,0,0,0,0,0,0,0,0,0,0,0,0,0,0,0,0,0,0,0,0,0,0,0,0,0
280,35137337,161771400,0,0,0,0,0,0,0,0,0,0,0,0,0,0,0,0,0,0,0,0,0,0,0,0,0,0
281,35290317,162188024,0,0,0,0,0,0,0,0,0,0,0,0,0,0,0,0,0,0,0,0,0,0,0,0,0,0
282,35334020,162914402,0,0,0,0,0,0,0,0,0,0,0,0,0,0,0,0,0,0,0,0,0,0,0,0,0,0
283,35486790,163330496,0,0,0,0,0,0,0,0,0,0,0,0,0,0,0,0,0,0,0,0,0,0,0,0,0,0
284,35530535,164056968,0,0,0,0,0,0,0,0,0,0,0,0,0,0,0,0,0,0,0,0,0,0,0,0,0,0
285,35683271,164472965,0,0,0,0,0,0,0,0,0,0,0,0,0,0,0,0,0,0,0,0,0,0,0,0,0,0
286,35726938,165199031,0,0,0,0,0,0,0,0,0,0,0,0,0,0,0,0,0,0,0,0,0,0,0,0,0,0
287,35879828,165615438,0,0,0,0,0,0,0,0,0,0,0,0,0,0,0,0,0,0,0,0,0,0,0,0,0,0
288,35923654,166341936,0,0,0,0,0,0,0,0,0,0,0,0,0,0,0,0,0,0,0,0,0,0,0,0,0,0
289,36076382,166757909,0,0,0,0,0,0,0,0,0,0,0,0,0,0,0,0,0,0,0,0,0,0,0,0,0,0
290,36120248,167484493,0,0,0,0,0,0,0,0,0,0,0,0,0,0,0,0,0,0,0,0,0,0,0,0,0,0
291,36272930,167900380,0,0,0,0,0,0,0,0,0,0,0,0,0,0,0,0,0,0,0,0,0,0,0,0,0,0
292,36316838,168627036,0,0,0,0,0,0,0,0,0,0,0,0,0,0,0,0,0,0,0,0,0,0,0,0,0,0
293,36469506,169042861,0,0,0,0,0,0,0,0,0,0,0,0,0,0,0,0,0,0,0,0,0,0,0,0,0,0
294,36513453,169769603,0,0,0,0,0,0,0,0,0,0,0,0,0,0,0,0,0,0,0,0,0,0,0,0,0,0
295,36666424,170185320,0,0,0,0,0,0,0,0,0,0,0,0,0,0,0,0,0,0,0,0,0,0,0,0,0,0
296,36710413,170912134,0,0,0,0,0,0,0,0,0,0,0,0,0,0,0,0,0,0,0,0,0,0,0,0,0,0
297,36863017,171327800,0,0,0,0,0,0,0,0,0,0,0,0,0,0,0,0,0,0,0,0,0,0,0,0,0,0
298,36907046,172054682,0,0,0,0,0,0,0,0,0,0,0,0,0,0,0,0,0,0,0,0,0,0,0,0,0,0
299,37059612,172470271,0,0,0,0,0,0,0,0,0,0,0,0,0,0,0,0,0,0,0,0,0,0,0,0,0,0
300,37103524,173196710,0,0,0,0,0,0,0,0,0,0,0,0,0,0,0,0,0,0,0,0,0,0,0,0,0,0
301,37256272,173612750,0,0,0,0,0,0,0,0,0,0,0,0,0,0,0,0,0,0,0,0,0,0,0,0,0,0
302,37300224,174339252,0,0,0,0,0,0,0,0,0,0,0,0,0,0,0,0,0,0,0,0,0,0,0,0,0,0
303,37452938,174755218,0,0,0,0,0,0,0,0,0,0,0,0,0,0,0,0,0,0,0,0,0,0,0,0,0,0
304,37496692,175481125,0,0,0,0,0,0,0,0,0,0,0,0,0,0,0,0,0,0,0,0,0,0,0,0,0,0
305,37649648,175897677,0,0,0,0,0,0,0,0,0,0,0,0,0,0,0,0,0,0,0,0,0,0,0,0,0,0
306,37693641,176624224,0,0,0,0,0,0,0,0,0,0,0,0,0,0,0,0,0,0,0,0,0,0,0,0,0,0
307,37846343,177040161,0,0,0,0,0,0,0,0,0,0,0,0,0,0,0,0,0,0,0,0,0,0,0,0,0,0
308,37890179,177766316,0,0,0,0,0,0,0,0,0,0,0,0,0,0,0,0,0,0,0,0,0,0,0,0,0,0
309,38043043,178182637,0,0,0,0,0,0,0,0,0,0,0,0,0,0,0,0,0,0,0,0,0,0,0,0,0,0
310,38086878,178908742,0,0,0,0,0,0,0,0,0,0,0,0,0,0,0,0,0,0,0,0,0,0,0,0,0,0
311,38239752,179325099,0,0,0,0,0,0,0,0,0,0,0,0,0,0,0,0,0,0,0,0,0,0,0,0,0,0
312,38283389,180050659,0,0,0,0,0,0,0,0,0,0,0,0,0,0,0,0,0,0,0,0,0,0,0,0,0,0
313,38436477,180467574,0,0,0,0,0,0,0,0,0,0,0,0,0,0,0,0,0,0,0,0,0,0,0,0,0,0
314,38480113,181193185,0,0,0,0,0,0,0,0,0,0,0,0,0,0,0,0,0,0,0,0,0,0,0,0,0,0
315,38633195,181610050,0,0,0,0,0,0,0,0,0,0,0,0,0,0,0,0,0,0,0,0,0,0,0,0,0,0
316,38676832,182335575,0,0,0,0,0,0,0,0,0,0,0,0,0,0,0,0,0,0,0,0,0,0,0,0,0,0
317,38829940,182752519,0,0,0,0,0,0,0,0,0,0,0,0,0,0,0,0,0,0,0,0,0,0,0,0,0,0
318,38873576,183478089,0,0,0,0,0,0,0,0,0,0,0,0,0,0,0,0,0,0,0,0,0,0,0,0,0,0
319,39026670,183894988,0,0,0,0,0,0,0,0,0,0,0,0,0,0,0,0,0,0,0,0,0,0,0,0,0,0
320,39070307,184620602,0,0,0,0,0,0,0,0,0,0,0,0,0,0,0,0,0,0,0,0,0,0,0,0,0,0
321,39223379,185037462,0,0,0,0,0,0,0,0,0,0,0,0,0,0,0,0,0,0,0,0,0,0,0,0,0,0
322,39267015,185763005,0,0,0,0,0,0,0,0,0,0,0,0,0,0,0,0,0,0,0,0,0,0,0,0,0,0
323,39420113,186179933,0,0,0,0,0,0,0,0,0,0,0,0,0,0,0,0,0,0,0,0,0,0,0,0,0,0
324,39463750,186905505,0,0,0,0,0,0,0,0,0,0,0,0,0,0,0,0,0,0,0,0,0,0,0,0,0,0
325,39617187,187322398,0,0,0,0,0,0,0,0,0,0,0,0,0,0,0,0,0,0,0,0,0,0,0,0,0,0
326,39660823,188048034,0,0,0,0,0,0,0,0,0,0,0,0,0,0,0,0,0,0,0,0,0,0,0,0,0,0
327,39813877,188464875,0,0,0,0,0,0,0,0,0,0,0,0,0,0,0,0,0,0,0,0,0,0,0,0,0,0
328,39857514,189190487,0,0,0,0,0,0,0,0,0,0,0,0,0,0,0,0,0,0,0,0,0,0,0,0,0,0
329,40010590,189607355,0,0,0,0,0,0,0,0,0,0,0,0,0,0,0,0,0,0,0,0,0,0,0,0,0,0
330,40054226,190332982,0,0,0,0,0,0,0,0,0,0,0,0,0,0,0,0,0,0,0,0,0,0,0,0,0,0
331,40207288,190749810,0,0,0,0,0,0,0,0,0,0,0,0,0,0,0,0,0,0,0,0,0,0,0,0,0,0
332,40250925,191475385,0,0,0,0,0,0,0,0,0,0,0,0,0,0,0,0,0,0,0,0,0,0,0,0,0,0
333,40404017,191892296,0,0,0,0,0,0,0,0,0,0,0,0,0,0,0,0,0,0,0,0,0,0,0,0,0,0
334,40447653,192617878,0,0,0,0,0,0,0,0,0,0,0,0,0,0,0,0,0,0,0,0,0,0,0,0,0,0
335,40600735,193034768,0,0,0,0,0,0,0,0,0,0,0,0,0,0,0,0,0,0,0,0,0,0,0,0,0,0
336,40644372,193760315,0,0,0,0,0,0,0,0,0,0,0,0,0,0,0,0,0,0,0,0,0,0,0,0,0,0
337,40797472,194177245,0,0,0,0,0,0,0,0,0,0,0,0,0,0,0,0,0,0,0,0,0,0,0,0,0,0
338,40841108,194902849,0,0,0,0,0,0,0,0,0,0,0,0,0,0,0,0,0,0,0,0,0,0,0,0,0,0
339,40994132,195319713,0,0,0,0,0,0,0,0,0,0,0,0,0,0,0,0,0,0,0,0,0,0,0,0,0,0
340,41041103,196056627,0,0,0,0,0,0,0,0,0,0,0,0,0,0,0,0,0,0,0,0,0,0,0,0,0,0
341,41189925,196462180,0,0,0,0,0,0,0,0,0,0,0,0,0,0,0,0,0,0,0,0,0,0,0,0,0,0
342,41236754,197196008,0,0,0,0,0,0,0,0,0,0,0,0,0,0,0,0,0,0,0,0,0,0,0,0,0,0
343,41386782,197604659,0,0,0,0,0,0,0,0,0,0,0,0,0,0,0,0,0,0,0,0,0,0,0,0,0,0
344,41432608,198336078,0,0,0,0,0,0,0,0,0,0,0,0,0,0,0,0,0,0,0,0,0,0,0,0,0,0
345,41583586,198747133,0,0,0,0,0,0,0,0,0,0,0,0,0,0,0,0,0,0,0,0,0,0,0,0,0,0
346,41629411,199478499,0,0,0,0,0,0,0,0,0,0,0,0,0,0,0,0,0,0,0,0,0,0,0,0,0,0
347,41780275,199889594,0,0,0,0,0,0,0,0,0,0,0,0,0,0,0,0,0,0,0,0,0,0,0,0,0,0
348,41818628,200603398,0,0,0,0,0,0,0,0,0,0,0,0,0,0,0,0,0,0,0,0,0,0,0,0,0,0
349,41975749,201032070,0,0,0,0,0,0,0,0,0,0,0,0,0,0,0,0,0,0,0,0,0,0,0,0,0,0
350,42014101,201745736,0,0,0,0,0,0,0,0,0,0,0,0,0,0,0,0,0,0,0,0,0,0,0,0,0,0
351,42147057,202174534,0,0,0,0,0,0,0,0,0,0,0,0,0,0,0,0,0,0,0,0,0,0,0,0,0,0
352,42185690,202888856,0,0,0,0,0,0,0,0,0,0,0,0,0,0,0,0,0,0,0,0,0,0,0,0,0,0
353,42294095,203317021,0,0,0,0,0,0,0,0,0,0,0,0,0,0,0,0,0,0,0,0,0,0,0,0,0,0
354,42332727,204031273,0,0,0,0,0,0,0,0,0,0,0,0,0,0,0,0,0,0,0,0,0,0,0,0,0,0
355,42441158,204459483,0,0,0,0,0,0,0,0,0,0,0,0,0,0,0,0,0,0,0,0,0,0,0,0,0,0
356,42479791,205173814,0,0,0,0,0,0,0,0,0,0,0,0,0,0,0,0,0,0,0,0,0,0,0,0,0,0
357,42563884,205601962,0,0,0,0,0,0,0,0,0,0,0,0,0,0,0,0,0,0,0,0,0,0,0,0,0,0
358,42602556,206316326,0,0,0,0,0,0,0,0,0,0,0,0,0,0,0,0,0,0,0,0,0,0,0,0,0,0
359,42773468,206744418,0,0,0,0,0,0,0,0,0,0,0,0,0,0,0,0,0,0,0,0,0,0,0,0,0,0
360,42874320,207315664,0,0,0,0,0,0,0,0,0,0,0,0,0,0,0,0,0,0,0,0,0,0,0,0,0,0
361,56687950,242377792,0,0,0,0,0,0,0,0,0,0,0,0,0,0,0,0,0,0,0,0,0,0,0,0,0,0
362,59447709,247017960,0,0,0,0,0,0,0,0,0,0,0,0,0,0,0,0,0,0,0,0,0,0,0,0,0,0
363,62976386,254728251,0,0,0,0,0,0,0,0,0,0,0,0,0,0,0,0,0,0,0,0,0,0,0,0,0,0
364,63104710,255299495,0,0,0,0,0,0,0,0,0,0,0,0,0,0,0,0,0,0,0,0,0,0,0,0,0,0
365,64123787,257584158,0,0,0,0,0,0,0,0,0,0,0,0,0,0,0,0,0,0,0,0,0,0,0,0,0,0
366,64276621,258155661,0,0,0,0,0,0,0,0,0,0,0,0,0,0,0,0,0,0,0,0,0,0,0,0,0,0
367,65304706,260440344,0,0,0,0,0,0,0,0,0,0,0,0,0,0,0,0,0,0,0,0,0,0,0,0,0,0
368,65457523,261011853,0,0,0,0,0,0,0,0,0,0,0,0,0,0,0,0,0,0,0,0,0,0,0,0,0,0
369,66479858,263296524,0,0,0,0,0,0,0,0,0,0,0,0,0,0,0,0,0,0,0,0,0,0,0,0,0,0
370,66656894,263868033,0,0,0,0,0,0,0,0,0,0,0,0,0,0,0,0,0,0,0,0,0,0,0,0,0,0
371,67689342,266152704,0,0,0,0,0,0,0,0,0,0,0,0,0,0,0,0,0,0,0,0,0,0,0,0,0,0
372,67866421,266724208,0,0,0,0,0,0,0,0,0,0,0,0,0,0,0,0,0,0,0,0,0,0,0,0,0,0
373,68893515,269008890,0,0,0,0,0,0,0,0,0,0,0,0,0,0,0,0,0,0,0,0,0,0,0,0,0,0
374,69070591,269580388,0,0,0,0,0,0,0,0,0,0,0,0,0,0,0,0,0,0,0,0,0,0,0,0,0,0
375,70105527,271865072,0,0,0,0,0,0,0,0,0,0,0,0,0,0,0,0,0,0,0,0,0,0,0,0,0,0
376,70282601,272436569,0,0,0,0,0,0,0,0,0,0,0,0,0,0,0,0,0,0,0,0,0,0,0,0,0,0
377,71302116,274721250,0,0,0,0,0,0,0,0,0,0,0,0,0,0,0,0,0,0,0,0,0,0,0,0,0,0
378,71479195,275292753,0,0,0,0,0,0,0,0,0,0,0,0,0,0,0,0,0,0,0,0,0,0,0,0,0,0
379,72514341,277577426,0,0,0,0,0,0,0,0,0,0,0,0,0,0,0,0,0,0,0,0,0,0,0,0,0,0
380,72691412,278148921,0,0,0,0,0,0,0,0,0,0,0,0,0,0,0,0,0,0,0,0,0,0,0,0,0,0
381,73721776,280433608,0,0,0,0,0,0,0,0,0,0,0,0,0,0,0,0,0,0,0,0,0,0,0,0,0,0
382,73898832,281005101,0,0,0,0,0,0,0,0,0,0,0,0,0,0,0,0,0,0,0,0,0,0,0,0,0,0
383,74928651,283289787,0,0,0,0,0,0,0,0,0,0,0,0,0,0,0,0,0,0,0,0,0,0,0,0,0,0
384,75105725,283861287,0,0,0,0,0,0,0,0,0,0,0,0,0,0,0,0,0,0,0,0,0,0,0,0,0,0
385,76125022,286145964,0,0,0,0,0,0,0,0,0,0,0,0,0,0,0,0,0,0,0,0,0,0,0,0,0,0
386,76302086,286717463,0,0,0,0,0,0,0,0,0,0,0,0,0,0,0,0,0,0,0,0,0,0,0,0,0,0
387,77321637,289002152,0,0,0,0,0,0,0,0,0,0,0,0,0,0,0,0,0,0,0,0,0,0,0,0,0,0
388,77498704,289573645,0,0,0,0,0,0,0,0,0,0,0,0,0,0,0,0,0,0,0,0,0,0,0,0,0,0
389,79629635,294143273,0,0,0,0,0,0,0,0,0,0,0,0,0,0,0,0,0,0,0,0,0,0,0,0,0,0
390,79806695,294714778,0,0,0,0,0,0,0,0,0,0,0,0,0,0,0,0,0,0,0,0,0,0,0,0,0,0
391,80826112,296999440,0,0,0,0,0,0,0,0,0,0,0,0,0,0,0,0,0,0,0,0,0,0,0,0,0,0
392,81003178,297570953,0,0,0,0,0,0,0,0,0,0,0,0,0,0,0,0,0,0,0,0,0,0,0,0,0,0
393,82025267,299855622,0,0,0,0,0,0,0,0,0,0,0,0,0,0,0,0,0,0,0,0,0,0,0,0,0,0
394,82202326,300427135,0,0,0,0,0,0,0,0,0,0,0,0,0,0,0,0,0,0,0,0,0,0,0,0,0,0
395,83224367,302711803,0,0,0,0,0,0,0,0,0,0,0,0,0,0,0,0,0,0,0,0,0,0,0,0,0,0
396,83401418,303283321,0,0,0,0,0,0,0,0,0,0,0,0,0,0,0,0,0,0,0,0,0,0,0,0,0,0
397,84426241,305567985,0,0,0,0,0,0,0,0,0,0,0,0,0,0,0,0,0,0,0,0,0,0,0,0,0,0
398,84603320,306139491,0,0,0,0,0,0,0,0,0,0,0,0,0,0,0,0,0,0,0,0,0,0,0,0,0,0
399,85628074,308424168,0,0,0,0,0,0,0,0,0,0,0,0,0,0,0,0,0,0,0,0,0,0,0,0,0,0
400,85805152,308995676,0,0,0,0,0,0,0,0,0,0,0,0,0,0,0,0,0,0,0,0,0,0,0,0,0,0
401,86831776,311280339,0,0,0,0,0,0,0,0,0,0,0,0,0,0,0,0,0,0,0,0,0,0,0,0,0,0
402,87008819,311851855,0,0,0,0,0,0,0,0,0,0,0,0,0,0,0,0,0,0,0,0,0,0,0,0,0,0
403,88039940,314136524,0,0,0,0,0,0,0,0,0,0,0,0,0,0,0,0,0,0,0,0,0,0,0,0,0,0
404,88216995,314708039,0,0,0,0,0,0,0,0,0,0,0,0,0,0,0,0,0,0,0,0,0,0,0,0,0,0
405,89239712,316992702,0,0,0,0,0,0,0,0,0,0,0,0,0,0,0,0,0,0,0,0,0,0,0,0,0,0
406,89416744,317564210,0,0,0,0,0,0,0,0,0,0,0,0,0,0,0,0,0,0,0,0,0,0,0,0,0,0
407,90447116,319848888,0,0,0,0,0,0,0,0,0,0,0,0,0,0,0,0,0,0,0,0,0,0,0,0,0,0
408,90624154,320420392,0,0,0,0,0,0,0,0,0,0,0,0,0,0,0,0,0,0,0,0,0,0,0,0,0,0
409,91654361,322705060,0,0,0,0,0,0,0,0,0,0,0,0,0,0,0,0,0,0,0,0,0,0,0,0,0,0
410,91831405,323276570,0,0,0,0,0,0,0,0,0,0,0,0,0,0,0,0,0,0,0,0,0,0,0,0,0,0
411,94216445,328417430,0,0,0,0,0,0,0,0,0,0,0,0,0,0,0,0,0,0,0,0,0,0,0,0,0,0
412,94393542,328988936,0,0,0,0,0,0,0,0,0,0,0,0,0,0,0,0,0,0,0,0,0,0,0,0,0,0
413,95431466,331273606,0,0,0,0,0,0,0,0,0,0,0,0,0,0,0,0,0,0,0,0,0,0,0,0,0,0
414,95608510,331845116,0,0,0,0,0,0,0,0,0,0,0,0,0,0,0,0,0,0,0,0,0,0,0,0,0,0
415,96645428,334129781,0,0,0,0,0,0,0,0,0,0,0,0,0,0,0,0,0,0,0,0,0,0,0,0,0,0
416,96822486,334701296,0,0,0,0,0,0,0,0,0,0,0,0,0,0,0,0,0,0,0,0,0,0,0,0,0,0
417,97853303,336985964,0,0,0,0,0,0,0,0,0,0,0,0,0,0,0,0,0,0,0,0,0,0,0,0,0,0
418,98030354,337557479,0,0,0,0,0,0,0,0,0,0,0,0,0,0,0,0,0,0,0,0,0,0,0,0,0,0
419,99049761,339842145,0,0,0,0,0,0,0,0,0,0,0,0,0,0,0,0,0,0,0,0,0,0,0,0,0,0
420,99226804,340413656,0,0,0,0,0,0,0,0,0,0,0,0,0,0,0,0,0,0,0,0,0,0,0,0,0,0
421,100253462,342698324,0,0,0,0,0,0,0,0,0,0,0,0,0,0,0,0,0,0,0,0,0,0,0,0,0,0
422,100430521,343269838,0,0,0,0,0,0,0,0,0,0,0,0,0,0,0,0,0,0,0,0,0,0,0,0,0,0
423,101450153,345554504,0,0,0,0,0,0,0,0,0,0,0,0,0,0,0,0,0,0,0,0,0,0,0,0,0,0
424,101627211,346126020,0,0,0,0,0,0,0,0,0,0,0,0,0,0,0,0,0,0,0,0,0,0,0,0,0,0
425,102650476,348410682,0,0,0,0,0,0,0,0,0,0,0,0,0,0,0,0,0,0,0,0,0,0,0,0,0,0
426,102827524,348982193,0,0,0,0,0,0,0,0,0,0,0,0,0,0,0,0,0,0,0,0,0,0,0,0,0,0
427,103848745,351266864,0,0,0,0,0,0,0,0,0,0,0,0,0,0,0,0,0,0,0,0,0,0,0,0,0,0
428,104025807,351838378,0,0,0,0,0,0,0,0,0,0,0,0,0,0,0,0,0,0,0,0,0,0,0,0,0,0
429,105045576,354123042,0,0,0,0,0,0,0,0,0,0,0,0,0,0,0,0,0,0,0,0,0,0,0,0,0,0
430,105222635,354694556,0,0,0,0,0,0,0,0,0,0,0,0,0,0,0,0,0,0,0,0,0,0,0,0,0,0
431,106248875,356979226,0,0,0,0,0,0,0,0,0,0,0,0,0,0,0,0,0,0,0,0,0,0,0,0,0,0
432,106425925,357550740,0,0,0,0,0,0,0,0,0,0,0,0,0,0,0,0,0,0,0,0,0,0,0,0,0,0
433,107445779,359835406,0,0,0,0,0,0,0,0,0,0,0,0,0,0,0,0,0,0,0,0,0,0,0,0,0,0
434,107622827,360406911,0,0,0,0,0,0,0,0,0,0,0,0,0,0,0,0,0,0,0,0,0,0,0,0,0,0
435,108642562,362691588,0,0,0,0,0,0,0,0,0,0,0,0,0,0,0,0,0,0,0,0,0,0,0,0,0,0
436,108819616,363263097,0,0,0,0,0,0,0,0,0,0,0,0,0,0,0,0,0,0,0,0,0,0,0,0,0,0
437,109849573,365547766,0,0,0,0,0,0,0,0,0,0,0,0,0,0,0,0,0,0,0,0,0,0,0,0,0,0
438,110026628,366119274,0,0,0,0,0,0,0,0,0,0,0,0,0,0,0,0,0,0,0,0,0,0,0,0,0,0
439,111049248,368403948,0,0,0,0,0,0,0,0,0,0,0,0,0,0,0,0,0,0,0,0,0,0,0,0,0,0
440,111226287,368975454,0,0,0,0,0,0,0,0,0,0,0,0,0,0,0,0,0,0,0,0,0,0,0,0,0,0
441,112246069,371260124,0,0,0,0,0,0,0,0,0,0,0,0,0,0,0,0,0,0,0,0,0,0,0,0,0,0
442,112423116,371831631,0,0,0,0,0,0,0,0,0,0,0,0,0,0,0,0,0,0,0,0,0,0,0,0,0,0
443,113463303,374116299,0,0,0,0,0,0,0,0,0,0,0,0,0,0,0,0,0,0,0,0,0,0,0,0,0,0
444,113640346,374687819,0,0,0,0,0,0,0,0,0,0,0,0,0,0,0,0,0,0,0,0,0,0,0,0,0,0
445,114660238,376972479,0,0,0,0,0,0,0,0,0,0,0,0,0,0,0,0,0,0,0,0,0,0,0,0,0,0
446,114837266,377543992,0,0,0,0,0,0,0,0,0,0,0,0,0,0,0,0,0,0,0,0,0,0,0,0,0,0
447,141853438,446663296,0,0,0,0,0,0,0,0,0,0,0,0,0,0,0,0,0,0,0,0,0,0,0,0,0,0
448,142026191,447234790,0,0,0,0,0,0,0,0,0,0,0,0,0,0,0,0,0,0,0,0,0,0,0,0,0,0
449,142253312,447805761,0,0,0,0,0,0,0,0,0,0,0,0,0,0,0,0,0,0,0,0,0,0,0,0,0,0
450,142426182,448377260,0,0,0,0,0,0,0,0,0,0,0,0,0,0,0,0,0,0,0,0,0,0,0,0,0,0
451,142651634,448948226,0,0,0,0,0,0,0,0,0,0,0,0,0,0,0,0,0,0,0,0,0,0,0,0,0,0
452,142824579,449519733,0,0,0,0,0,0,0,0,0,0,0,0,0,0,0,0,0,0,0,0,0,0,0,0,0,0
453,143050023,450090687,0,0,0,0,0,0,0,0,0,0,0,0,0,0,0,0,0,0,0,0,0,0,0,0,0,0
454,143222973,450662203,0,0,0,0,0,0,0,0,0,0,0,0,0,0,0,0,0,0,0,0,0,0,0,0,0,0
455,143448421,451233158,0,0,0,0,0,0,0,0,0,0,0,0,0,0,0,0,0,0,0,0,0,0,0,0,0,0
456,143621366,451804672,0,0,0,0,0,0,0,0,0,0,0,0,0,0,0,0,0,0,0,0,0,0,0,0,0,0
457,143846814,452375627,0,0,0,0,0,0,0,0,0,0,0,0,0,0,0,0,0,0,0,0,0,0,0,0,0,0
458,144019756,452947138,0,0,0,0,0,0,0,0,0,0,0,0,0,0,0,0,0,0,0,0,0,0,0,0,0,0
459,144245208,453518104,0,0,0,0,0,0,0,0,0,0,0,0,0,0,0,0,0,0,0,0,0,0,0,0,0,0
460,144418150,454089624,0,0,0,0,0,0,0,0,0,0,0,0,0,0,0,0,0,0,0,0,0,0,0,0,0,0
461,144643599,454660587,0,0,0,0,0,0,0,0,0,0,0,0,0,0,0,0,0,0,0,0,0,0,0,0,0,0
462,144816505,455232088,0,0,0,0,0,0,0,0,0,0,0,0,0,0,0,0,0,0,0,0,0,0,0,0,0,0
463,145041953,455803049,0,0,0,0,0,0,0,0,0,0,0,0,0,0,0,0,0,0,0,0,0,0,0,0,0,0
464,145214870,456374566,0,0,0,0,0,0,0,0,0,0,0,0,0,0,0,0,0,0,0,0,0,0,0,0,0,0
465,145440318,456945520,0,0,0,0,0,0,0,0,0,0,0,0,0,0,0,0,0,0,0,0,0,0,0,0,0,0
466,145613224,457517031,0,0,0,0,0,0,0,0,0,0,0,0,0,0,0,0,0,0,0,0,0,0,0,0,0,0
467,145838676,458088003,0,0,0,0,0,0,0,0,0,0,0,0,0,0,0,0,0,0,0,0,0,0,0,0,0,0
468,146011589,458659500,0,0,0,0,0,0,0,0,0,0,0,0,0,0,0,0,0,0,0,0,0,0,0,0,0,0
469,146237037,459230461,0,0,0,0,0,0,0,0,0,0,0,0,0,0,0,0,0,0,0,0,0,0,0,0,0,0
470,146409947,459801975,0,0,0,0,0,0,0,0,0,0,0,0,0,0,0,0,0,0,0,0,0,0,0,0,0,0
471,146635399,460372947,0,0,0,0,0,0,0,0,0,0,0,0,0,0,0,0,0,0,0,0,0,0,0,0,0,0
472,146808319,460944457,0,0,0,0,0,0,0,0,0,0,0,0,0,0,0,0,0,0,0,0,0,0,0,0,0,0
473,147033758,461515406,0,0,0,0,0,0,0,0,0,0,0,0,0,0,0,0,0,0,0,0,0,0,0,0,0,0
474,147206671,462086928,0,0,0,0,0,0,0,0,0,0,0,0,0,0,0,0,0,0,0,0,0,0,0,0,0,0
475,147432122,462657882,0,0,0,0,0,0,0,0,0,0,0,0,0,0,0,0,0,0,0,0,0,0,0,0,0,0
476,147605014,463229394,0,0,0,0,0,0,0,0,0,0,0,0,0,0,0,0,0,0,0,0,0,0,0,0,0,0
477,147830465,463800364,0,0,0,0,0,0,0,0,0,0,0,0,0,0,0,0,0,0,0,0,0,0,0,0,0,0
478,148003362,464371862,0,0,0,0,0,0,0,0,0,0,0,0,0,0,0,0,0,0,0,0,0,0,0,0,0,0
479,148228812,464942823,0,0,0,0,0,0,0,0,0,0,0,0,0,0,0,0,0,0,0,0,0,0,0,0,0,0
480,148400064,465514339,0,0,0,0,0,0,0,0,0,0,0,0,0,0,0,0,0,0,0,0,0,0,0,0,0,0
481,148625519,466085293,0,0,0,0,0,0,0,0,0,0,0,0,0,0,0,0,0,0,0,0,0,0,0,0,0,0
482,148794188,466656814,0,0,0,0,0,0,0,0,0,0,0,0,0,0,0,0,0,0,0,0,0,0,0,0,0,0
483,149019635,467227767,0,0,0,0,0,0,0,0,0,0,0,0,0,0,0,0,0,0,0,0,0,0,0,0,0,0
484,149188343,467799287,0,0,0,0,0,0,0,0,0,0,0,0,0,0,0,0,0,0,0,0,0,0,0,0,0,0
485,149413790,468370241,0,0,0,0,0,0,0,0,0,0,0,0,0,0,0,0,0,0,0,0,0,0,0,0,0,0
486,149582455,468941757,0,0,0,0,0,0,0,0,0,0,0,0,0,0,0,0,0,0,0,0,0,0,0,0,0,0
487,149807902,469512711,0,0,0,0,0,0,0,0,0,0,0,0,0,0,0,0,0,0,0,0,0,0,0,0,0,0
488,149976602,470084220,0,0,0,0,0,0,0,0,0,0,0,0,0,0,0,0,0,0,0,0,0,0,0,0,0,0
489,150202049,470655181,0,0,0,0,0,0,0,0,0,0,0,0,0,0,0,0,0,0,0,0,0,0,0,0,0,0
490,150370738,471226696,0,0,0,0,0,0,0,0,0,0,0,0,0,0,0,0,0,0,0,0,0,0,0,0,0,0
491,150596193,471797660,0,0,0,0,0,0,0,0,0,0,0,0,0,0,0,0,0,0,0,0,0,0,0,0,0,0
492,150764877,472369171,0,0,0,0,0,0,0,0,0,0,0,0,0,0,0,0,0,0,0,0,0,0,0,0,0,0
493,150990320,472940123,0,0,0,0,0,0,0,0,0,0,0,0,0,0,0,0,0,0,0,0,0,0,0,0,0,0
494,151159025,473511642,0,0,0,0,0,0,0,0,0,0,0,0,0,0,0,0,0,0,0,0,0,0,0,0,0,0
495,151384476,474082597,0,0,0,0,0,0,0,0,0,0,0,0,0,0,0,0,0,0,0,0,0,0,0,0,0,0
496,151553168,474654116,0,0,0,0,0,0,0,0,0,0,0,0,0,0,0,0,0,0,0,0,0,0,0,0,0,0
497,151778619,475225081,0,0,0,0,0,0,0,0,0,0,0,0,0,0,0,0,0,0,0,0,0,0,0,0,0,0
498,151947312,475796588,0,0,0,0,0,0,0,0,0,0,0,0,0,0,0,0,0,0,0,0,0,0,0,0,0,0
499,152172759,476367542,0,0,0,0,0,0,0,0,0,0,0,0,0,0,0,0,0,0,0,0,0,0,0,0,0,0
500,152340390,476939063,0,0,0,0,0,0,0,0,0,0,0,0,0,0,0,0,0,0,0,0,0,0,0,0,0,0
501,152565899,477509985,0,0,0,0,0,0,0,0,0,0,0,0,0,0,0,0,0,0,0,0,0,0,0,0,0,0
502,152733578,478081535,0,0,0,0,0,0,0,0,0,0,0,0,0,0,0,0,0,0,0,0,0,0,0,0,0,0
503,152959087,478652456,0,0,0,0,0,0,0,0,0,0,0,0,0,0,0,0,0,0,0,0,0,0,0,0,0,0
504,153127771,479224006,0,0,0,0,0,0,0,0,0,0,0,0,0,0,0,0,0,0,0,0,0,0,0,0,0,0
505,153353280,479794928,0,0,0,0,0,0,0,0,0,0,0,0,0,0,0,0,0,0,0,0,0,0,0,0,0,0
506,153521977,480366477,0,0,0,0,0,0,0,0,0,0,0,0,0,0,0,0,0,0,0,0,0,0,0,0,0,0
507,153747486,480937407,0,0,0,0,0,0,0,0,0,0,0,0,0,0,0,0,0,0,0,0,0,0,0,0,0,0
508,153916120,481508950,0,0,0,0,0,0,0,0,0,0,0,0,0,0,0,0,0,0,0,0,0,0,0,0,0,0
509,154141625,482079885,0,0,0,0,0,0,0,0,0,0,0,0,0,0,0,0,0,0,0,0,0,0,0,0,0,0
510,154310292,482651416,0,0,0,0,0,0,0,0,0,0,0,0,0,0,0,0,0,0,0,0,0,0,0,0,0,0
511,154535801,483222353,0,0,0,0,0,0,0,0,0,0,0,0,0,0,0,0,0,0,0,0,0,0,0,0,0,0
512,154680272,483793888,0,0,0,0,0,0,0,0,0,0,0,0,0,0,0,0,0,0,0,0,0,0,0,0,0,0
513,154905781,484364834,0,0,0,0,0,0,0,0,0,0,0,0,0,0,0,0,0,0,0,0,0,0,0,0,0,0
514,155025944,484936356,0,0,0,0,0,0,0,0,0,0,0,0,0,0,0,0,0,0,0,0,0,0,0,0,0,0
515,155251453,485507302,0,0,0,0,0,0,0,0,0,0,0,0,0,0,0,0,0,0,0,0,0,0,0,0,0,0
516,155371623,486078839,0,0,0,0,0,0,0,0,0,0,0,0,0,0,0,0,0,0,0,0,0,0,0,0,0,0
517,155597132,486649776,0,0,0,0,0,0,0,0,0,0,0,0,0,0,0,0,0,0,0,0,0,0,0,0,0,0
518,155693019,487221309,0,0,0,0,0,0,0,0,0,0,0,0,0,0,0,0,0,0,0,0,0,0,0,0,0,0
519,155918520,487792243,0,0,0,0,0,0,0,0,0,0,0,0,0,0,0,0,0,0,0,0,0,0,0,0,0,0
520,160226151,496355653,0,0,0,0,1000000,1000000,1000000,0,999328,998368,0,0,999328,998578,4096,8192,0,1000032,1000162,4096,8192,2988,8041,141406,0,0
521,160549780,496874052,0,0,0,0,1000000,1000000,1000000,0,999328,998368,0,0,999328,998578,4096,8192,0,1000032,1000162,4096,8192,2988,8041,142019,0,0
522,160575382,496939772,0,0,0,0,1000000,1000000,1000000,0,999328,998368,0,0,999328,998578,4096,8192,0,1000032,1000162,4096,8192,2988,8041,142632,0,0
523,160598816,496999608,0,0,0,0,1000000,1000000,1000000,0,999328,998368,0,0,999328,998578,4096,8192,0,1000032,1000162,4096,8192,2988,8041,143245,0,0
524,160624392,497065175,0,0,0,0,1000000,1000000,1000000,0,999328,998368,0,0,999328,998578,4096,8192,0,1000032,1000162,4096,8192,2988,8041,143858,0,0
525,160645958,497120804,0,0,0,0,1000000,1000000,1000000,0,999328,998368,0,0,999328,998578,4096,8192,0,1000032,1000162,4096,8192,2988,8041,144471,0,0
526,160671534,497186430,0,0,0,0,1000000,1000000,1000000,0,999328,998368,0,0,999328,998578,4096,8192,0,1000032,1000162,4096,8192,2988,8041,145084,0,0
527,160693103,497242062,0,0,0,0,1000000,1000000,1000000,0,999328,998368,0,0,999328,998578,4096,8192,0,1000032,1000162,4096,8192,2988,8041,145697,0,0
528,160718667,497307613,0,0,0,0,1000000,1000000,1000000,0,999328,998368,0,0,999328,998578,4096,8192,0,1000032,1000162,4096,8192,2988,8041,146310,0,0
529,160740224,497363243,0,0,0,0,1000000,1000000,1000000,0,999328,998368,0,0,999328,998578,4096,8192,0,1000032,1000162,4096,8192,2988,8041,146923,0,0
530,160765767,497428808,0,0,0,0,1000000,1000000,1000000,0,999328,998368,0,0,999328,998578,4096,8192,0,1000032,1000162,4096,8192,2988,8041,147536,0,0
531,160787303,497484402,0,0,0,0,1000000,1000000,1000000,0,999328,998368,0,0,999328,998578,4096,8192,0,1000032,1000162,4096,8192,2988,8041,148149,0,0
532,160812877,497550070,0,0,0,0,1000000,1000000,1000000,0,999328,998368,0,0,999328,998578,4096,8192,0,1000032,1000162,4096,8192,2988,8041,148762,0,0
533,160834393,497605617,0,0,0,0,1000000,1000000,1000000,0,999328,998368,0,0,999328,998578,4096,8192,0,1000032,1000162,4096,8192,2988,8041,149375,0,0
534,160859916,497671093,0,0,0,0,1000000,1000000,1000000,0,999328,998368,0,0,999328,998578,4096,8192,0,1000032,1000162,4096,8192,2988,8041,149988,0,0
535,160881432,497726638,0,0,0,0,1000000,1000000,1000000,0,999328,998368,0,0,999328,998578,4096,8192,0,1000032,1000162,4096,8192,2988,8041,150601,0,0
536,160906955,497792069,0,0,0,0,1000000,1000000,1000000,0,999328,998368,0,0,999328,998578,4096,8192,0,1000032,1000162,4096,8192,2988,8041,151214,0,0
537,161194926,498523661,0,0,0,0,1000000,1000000,1000000,0,999328,998368,0,0,999328,998578,4096,8192,0,1000032,1000161,4096,8192,2652,7936,151827,0,0
538,161248583,498646657,0,0,0,0,1000000,1000000,1000000,0,999328,998368,0,0,999328,998578,4096,8192,0,1000032,1000161,4096,8192,2652,7936,152440,0,0
539,161531267,499346165,0,0,0,0,1000000,1000000,1000000,0,999328,998368,0,0,999328,998578,4096,8192,0,1000032,1000161,4096,8192,2652,7936,153053,0,0
540,161742873,499789149,0,0,0,0,1000000,1000000,1000000,0,999328,998368,0,0,999328,998578,4096,8192,0,1000032,1000161,4096,8192,2652,7936,153666,0,0
541,162003948,500450394,0,0,0,0,1000000,1000000,1000000,0,999328,998368,0,0,999328,998578,4096,8192,0,1000032,1000161,4096,8192,2652,7936,154279,0,0
542,162234437,500931614,0,0,0,0,1000000,1000000,1000000,0,999328,998368,0,0,999328,998578,4096,8192,0,1000032,1000161,4096,8192,2652,7936,154892,0,0
543,162518053,501633821,0,0,0,0,1000000,1000000,1000000,0,999328,998368,0,0,999328,998578,4096,8192,0,1000032,1000161,4096,8192,2652,7936,155505,0,0
544,162728324,502074090,0,0,0,0,1000000,1000000,1000000,0,999328,998368,0,0,999328,998578,4096,8192,0,1000032,1000161,4096,8192,2652,7936,156118,0,0
545,162990920,502738024,0,0,0,0,1000000,1000000,1000000,0,999328,998368,0,0,999328,998578,4096,8192,0,1000032,1000161,4096,8192,2652,7936,156731,0,0
546,163220089,503216550,0,0,0,0,1000000,1000000,1000000,0,999328,998368,0,0,999328,998578,4096,8192,0,1000032,1000161,4096,8192,2652,7936,157344,0,0
547,163503138,503917707,0,0,0,0,1000000,1000000,1000000,0,999328,998368,0,0,999328,998578,4096,8192,0,1000032,1000161,4096,8192,2652,7936,157957,0,0
548,163713937,504359034,0,0,0,0,1000000,1000000,1000000,0,999328,998368,0,0,999328,998578,4096,8192,0,1000032,1000161,4096,8192,2652,7936,158570,0,0
549,163975381,505021728,0,0,0,0,1000000,1000000,1000000,0,999328,998368,0,0,999328,998578,4096,8192,0,1000032,1000161,4096,8192,2652,7936,159183,0,0
550,164205162,505501502,0,0,0,0,1000000,1000000,1000000,0,999328,998368,0,0,999328,998578,4096,8192,0,1000032,1000161,4096,8192,2652,7936,159796,0,0
551,164487524,506201355,0,0,0,0,1000000,1000000,1000000,0,999328,998368,0,0,999328,998578,4096,8192,0,1000032,1000161,4096,8192,2652,7936,160409,0,0
552,164698959,506643962,0,0,0,0,1000000,1000000,1000000,0,999328,998368,0,0,999328,998578,4096,8192,0,1000032,1000161,4096,8192,2652,7936,161022,0,0
553,164959699,507305233,0,0,0,0,1000000,1000000,1000000,0,999328,998368,0,0,999328,998578,4096,8192,0,1000032,1000161,4096,8192,2652,7936,161635,0,0
554,165190212,507786463,0,0,0,0,1000000,1000000,1000000,0,999328,998368,0,0,999328,998578,4096,8192,0,1000032,1000161,4096,8192,2652,7936,162248,0,0
555,165473248,508488437,0,0,0,0,1000000,1000000,1000000,0,999328,998368,0,0,999328,998578,4096,8192,0,1000032,1000161,4096,8192,2652,7936,162861,0,0
556,165683615,508928919,0,0,0,0,1000000,1000000,1000000,0,999328,998368,0,0,999328,998578,4096,8192,0,1000032,1000161,4096,8192,2652,7936,163474,0,0
557,165944961,509592162,0,0,0,0,1000000,1000000,1000000,0,999328,998368,0,0,999328,998578,4096,8192,0,1000032,1000161,4096,8192,2652,7936,164087,0,0
558,166174454,510071374,0,0,0,0,1000000,1000000,1000000,0,999328,998368,0,0,999328,998578,4096,8192,0,1000032,1000161,4096,8192,2652,7936,164700,0,0
559,166457675,510773781,0,0,0,0,1000000,1000000,1000000,0,999328,998368,0,0,999328,998578,4096,8192,0,1000032,1000161,4096,8192,2652,7936,165313,0,0
560,166667874,511213861,0,0,0,0,1000000,1000000,1000000,0,999328,998368,0,0,999328,998578,4096,8192,0,1000032,1000161,4096,8192,2652,7936,165926,0,0
561,166930086,511877967,0,0,0,0,1000000,1000000,1000000,0,999328,998368,0,0,999328,998578,4096,8192,0,1000032,1000161,4096,8192,2652,7936,166539,0,0
562,167159159,512356339,0,0,0,0,1000000,1000000,1000000,0,999328,998368,0,0,999328,998578,4096,8192,0,1000032,1000161,4096,8192,2652,7936,167152,0,0
563,167441839,513057566,0,0,0,0,1000000,1000000,1000000,0,999328,998368,0,0,999328,998578,4096,8192,0,1000032,1000161,4096,8192,2652,7936,167765,0,0
564,167652602,513498825,0,0,0,0,1000000,1000000,1000000,0,999328,998368,0,0,999328,998578,4096,8192,0,1000032,1000161,4096,8192,2652,7936,168378,0,0
565,167913741,514161451,0,0,0,0,1000000,1000000,1000000,0,999328,998368,0,0,999328,998578,4096,8192,0,1000032,1000161,4096,8192,2652,7936,168991,0,0
566,168143558,514641277,0,0,0,0,1000000,1000000,1000000,0,999328,998368,0,0,999328,998578,4096,8192,0,1000032,1000161,4096,8192,2652,7936,169604,0,0
567,168426379,515343178,0,0,0,0,1000000,1000000,1000000,0,999328,998368,0,0,999328,998578,4096,8192,0,1000032,1000161,4096,8192,2652,7936,170217,0,0
568,168636806,515783743,0,0,0,0,1000000,1000000,1000000,0,999328,998368,0,0,999328,998578,4096,8192,0,1000032,1000161,4096,8192,2652,7936,170830,0,0
569,168898349,516447020,0,0,0,0,1000000,1000000,1000000,0,999328,998368,0,0,999328,998578,4096,8192,0,1000032,1000161,4096,8192,2652,7936,171443,0,0
570,169127854,516926216,0,0,0,0,1000000,1000000,1000000,0,999328,998368,0,0,999328,998578,4096,8192,0,1000032,1000161,4096,8192,2652,7936,172056,0,0
571,169411118,517629306,0,0,0,0,1000000,1000000,1000000,0,999328,998368,0,0,999328,998578,4096,8192,0,1000032,1000161,4096,8192,2652,7936,172669,0,0
572,169620957,518068682,0,0,0,0,1000000,1000000,1000000,0,999328,998368,0,0,999328,998578,4096,8192,0,1000032,1000161,4096,8192,2652,7936,173282,0,0
573,169882715,518733721,0,0,0,0,1000000,1000000,1000000,0,999328,998368,0,0,999328,998578,4096,8192,0,1000032,1000161,4096,8192,2652,7936,173895,0,0
574,170111320,519211158,0,0,0,0,1000000,1000000,1000000,0,999328,998368,0,0,999328,998578,4096,8192,0,1000032,1000161,4096,8192,2652,7936,174508,0,0
575,170394491,519914459,0,0,0,0,1000000,1000000,1000000,0,999328,998368,0,0,999328,998578,4096,8192,0,1000032,1000161,4096,8192,2652,7936,175121,0,0
576,170604246,520353642,0,0,0,0,1000000,1000000,1000000,0,999328,998368,0,0,999328,998578,4096,8192,0,1000032,1000161,4096,8192,2652,7936,175734,0,0
577,170865744,521018498,0,0,0,0,1000000,1000000,1000000,0,999328,998368,0,0,999328,998578,4096,8192,0,1000032,1000161,4096,8192,2652,7936,219,0,0
578,171094445,521496097,0,0,0,0,1000000,1000000,1000000,0,999328,998368,0,0,999328,998578,4096,8192,0,1000032,1000161,4096,8192,2652,7936,832,0,0
579,171378306,522201498,0,0,0,0,1000000,1000000,1000000,0,999328,998368,0,0,999328,998578,4096,8192,0,1000032,1000161,4096,8192,2652,7936,1445,0,0
580,171587029,522638573,0,0,0,0,1000000,1000000,1000000,0,999328,998368,0,0,999328,998578,4096,8192,0,1000032,1000161,4096,8192,2652,7936,2058,0,0
581,171849411,523305463,0,0,0,0,1000000,1000000,1000000,0,999328,998368,0,0,999328,998578,4096,8192,0,1000032,1000161,4096,8192,2652,7936,2671,0,0
582,172077140,523781062,0,0,0,0,1000000,1000000,1000000,0,999328,998368,0,0,999328,998578,4096,8192,0,1000032,1000161,4096,8192,2652,7936,3284,0,0
583,172361690,524488516,0,0,0,0,1000000,1000000,1000000,0,999328,998368,0,0,999328,998578,4096,8192,0,1000032,1000161,4096,8192,2652,7936,3897,0,0
584,172569381,524923529,0,0,0,0,1000000,1000000,1000000,0,999328,998368,0,0,999328,998578,4096,8192,0,1000032,1000161,4096,8192,2652,7936,4510,0,0
585,172832876,525592512,0,0,0,0,1000000,1000000,1000000,0,999328,998368,0,0,999328,998578,4096,8192,0,1000032,1000161,4096,8192,2652,7936,5123,0,0
586,173059549,526065998,0,0,0,0,1000000,1000000,1000000,0,999328,998368,0,0,999328,998578,4096,8192,0,1000032,1000161,4096,8192,2652,7936,5736,0,0
587,173343290,526771823,0,0,0,0,1000000,1000000,1000000,0,999328,998368,0,0,999328,998578,4096,8192,0,1000032,1000161,4096,8192,2652,7936,6349,0,0
588,173551785,527208477,0,0,0,0,1000000,1000000,1000000,0,999328,998368,0,0,999328,998578,4096,8192,0,1000032,1000161,4096,8192,2652,7936,6962,0,0
589,173813989,527875635,0,0,0,0,1000000,1000000,1000000,0,999328,998368,0,0,999328,998578,4096,8192,0,1000032,1000161,4096,8192,2652,7936,7575,0,0
590,174041524,528350946,0,0,0,0,1000000,1000000,1000000,0,999328,998368,0,0,999328,998578,4096,8192,0,1000032,1000161,4096,8192,2652,7936,8188,0,0
591,174325644,529057786,0,0,0,0,1000000,1000000,1000000,0,999328,998368,0,0,999328,998578,4096,8192,0,1000032,1000161,4096,8192,2652,7936,8801,0,0
592,174533584,529493419,0,0,0,0,1000000,1000000,1000000,0,999328,998368,0,0,999328,998578,4096,8192,0,1000032,1000161,4096,8192,2652,7936,9414,0,0
593,174813171,530214339,0,0,0,0,1000000,1000000,1000000,0,999328,998368,0,4070,999317,998577,4096,8192,0,1000032,1000161,3881,8192,2645,7934,10027,0,0
594,175014168,530635877,0,0,0,0,1000000,1000000,1000000,0,999328,998368,0,4070,999317,998577,4096,8192,0,1000032,1000161,3881,8192,2645,7934,10640,0,0
595,175343531,531455587,0,0,0,0,1000000,1000000,1000000,0,999328,998368,0,4037,999304,998576,4096,8192,0,1000032,1000161,3626,8172,2645,7934,11253,0,0
596,175495760,531778354,0,0,0,0,1000000,1000000,1000000,0,999328,998368,0,4037,999304,998576,4096,8192,0,1000032,1000161,3626,8172,2645,7934,11866,0,0
597,175779507,532511726,0,0,0,0,1000000,1000000,1000000,0,999328,998368,0,4000,999289,998574,4096,8192,0,1000032,1000161,3332,8133,2645,7934,12479,0,0
598,175974358,532920816,0,0,0,0,1000000,1000000,1000000,0,999328,998368,0,4000,999289,998574,4096,8192,0,1000032,1000161,3332,8133,2645,7934,13092,0,0
599,176319044,533782557,0,0,0,0,1000000,1000000,1000000,0,999328,998368,0,3957,999273,998570,4096,8192,0,1000032,1000161,3019,8054,2645,7934,13705,0,0
600,176450512,534063306,0,0,0,0,1000000,1000000,1000000,0,999328,998368,0,3957,999273,998570,4096,8192,0,1000032,1000161,3019,8054,2645,7934,14318,0,0
601,176760968,534868454,0,0,0,0,1000000,1000000,1000000,0,999328,998368,0,3909,999256,998565,4096,8192,0,1000032,1000161,2685,7956,2645,7934,14931,0,0
602,176920375,535205774,0,0,0,0,1000000,1000000,1000000,0,999328,998368,0,3909,999256,998565,4096,8192,0,1000032,1000161,2685,7956,2645,7934,15544,0,0
603,177282930,536112251,0,0,0,0,1000000,1000000,1000000,0,999328,998368,0,3850,999237,998557,4096,8192,0,1000032,1000161,2313,7800,2645,7934,16157,0,0
604,177392334,536348251,0,0,0,0,1000000,1000000,1000000,0,999328,998368,0,3850,999237,998557,4096,8192,0,1000032,1000161,2313,7800,2645,7934,16770,0,0
605,177720868,537199255,0,0,0,0,1000000,1000000,1000000,0,999328,998368,0,3785,999219,998547,4096,8192,0,1000032,1000161,1960,7604,2645,7934,17383,0,0
606,177857663,537490711,0,0,0,0,1000000,1000000,1000000,0,999328,998368,0,3785,999219,998547,4096,8192,0,1000032,1000161,1960,7604,2645,7934,17996,0,0
607,178232781,538430866,0,0,0,0,1000000,1000000,1000000,0,999328,998368,0,3712,999202,998536,4096,8192,0,1000032,1000161,1639,7372,2652,7936,18609,0,0
608,178325561,538633200,0,0,0,0,1000000,1000000,1000000,0,999328,998368,0,3712,999202,998536,4096,8192,0,1000032,1000161,1639,7372,2652,7936,19222,0,0
609,178661454,539496819,0,0,0,0,1000000,1000000,1000000,0,999328,998368,0,3625,999186,998522,4096,8192,0,1000032,1000161,1314,7114,2645,7934,19835,0,0
610,178791850,539775649,0,0,0,0,1000000,1000000,1000000,0,999328,998368,0,3625,999186,998522,4096,8192,0,1000032,1000161,1314,7114,2645,7934,20448,0,0
611,179309064,540984879,0,0,0,0,1000000,1000000,1000000,0,999328,998368,0,3526,999177,998502,4096,8192,0,1000032,1000158,1019,6826,2642,7943,21061,0,0
612,179336688,541053425,0,0,0,0,1000000,1000000,1000000,0,999328,998368,0,3526,999177,998502,4096,8192,0,1000032,1000158,1019,6826,2642,7943,21674,0,0
613,179545777,541489362,0,0,0,0,1000000,1000000,1000000,0,999328,998368,0,3526,999177,998502,4096,8192,0,1000032,1000158,1019,6826,2642,7943,22287,0,0
614,179873096,542339197,0,0,0,0,1000000,1000000,1000000,0,999328,998368,0,3403,999178,998465,4096,8192,0,1000032,1000149,645,6328,2652,7933,22900,0,0
615,180011455,542631827,0,0,0,0,1000000,1000000,1000000,0,999328,998368,0,3403,999178,998465,4096,8192,0,1000032,1000149,645,6328,2652,7933,23513,0,0
616,180382824,543564612,0,0,0,0,1000000,1000000,1000000,0,999328,998368,0,3333,999179,998444,4096,8192,0,1000032,1000145,442,5960,2647,7938,24126,0,0
617,180480205,543774299,0,0,0,0,1000000,1000000,1000000,0,999328,998368,0,3333,999179,998444,4096,8192,0,1000032,1000145,442,5960,2647,7938,24739,0,0
618,180802156,544608992,0,0,0,0,1000000,1000000,1000000,0,999328,998368,0,3271,999179,998426,4096,8192,0,1000032,1000142,258,5590,2642,7949,25352,0,0
619,180947972,544916756,0,0,0,0,1000000,1000000,1000000,0,999328,998368,0,3271,999179,998426,4096,8192,0,1000032,1000142,258,5590,2642,7949,25965,0,0
620,181324687,545849603,0,0,0,0,1000000,1000000,1000000,0,999328,998368,0,3212,999179,998409,4096,8192,0,1000032,1000140,133,5186,2648,7942,26578,0,0
621,181422100,546059237,0,0,0,0,1000000,1000000,1000000,0,999328,998368,0,3212,999179,998409,4096,8192,0,1000032,1000140,133,5186,2648,7942,27191,0,0
622,181757748,546908976,0,0,0,0,1000000,1000000,1000000,0,999328,998368,0,3158,999180,998393,4096,8192,0,1000032,1000139,55,4778,2637,7936,27804,0,0
623,181896149,547201700,0,0,0,0,1000000,1000000,1000000,0,999328,998368,0,3158,999180,998393,4096,8192,0,1000032,1000139,55,4778,2637,7936,28417,0,0
624,182432084,548441050,0,0,0,0,1000000,1000000,1000000,0,999328,998368,0,3106,999180,998378,4096,8192,0,1000032,1000138,0,4372,2645,7932,29030,0,0
625,182457760,548504899,0,0,0,0,1000000,1000000,1000000,0,999328,998368,0,3106,999180,998378,4096,8192,0,1000032,1000138,0,4372,2645,7932,29643,0,0
626,182654042,548915437,0,0,0,0,1000000,1000000,1000000,0,999328,998368,0,3106,999180,998378,4096,8192,0,1000032,1000138,0,4372,2645,7932,30256,0,0
627,183004706,549816023,0,0,0,0,1000000,1000000,1000000,0,999328,998368,0,3028,999180,998355,4096,8192,0,1000032,1000138,0,3737,2645,7932,30869,0,0
628,183117724,550057901,0,0,0,0,1000000,1000000,1000000,0,999328,998368,0,3028,999180,998355,4096,8192,0,1000032,1000138,0,3737,2645,7932,31482,0,0
629,183545535,551102055,0,0,0,0,1000000,1000000,1000000,0,999328,998368,0,2975,999181,998340,4096,8192,0,1000032,1000138,55,3327,2654,7934,32095,0,0
630,183587640,551200387,0,0,0,0,1000000,1000000,1000000,0,999328,998368,0,2975,999181,998340,4096,8192,0,1000032,1000138,55,3327,2654,7934,32708,0,0
631,183993942,552214222,0,0,0,0,1000000,1000000,1000000,0,999328,998368,0,2921,999183,998325,4096,8192,0,1000032,1000139,163,2930,2646,7937,33321,0,0
632,184050957,552342855,0,0,0,0,1000000,1000000,1000000,0,999328,998368,0,2921,999183,998325,4096,8192,0,1000032,1000139,163,2930,2646,7937,33934,0,0
633,184714091,553859094,0,0,0,0,1000000,1000000,1000000,0,999328,998368,0,2863,999186,998310,4096,8192,0,1000032,1000140,295,2544,2639,7940,34547,0,0
634,184741729,553927583,0,0,0,0,1000000,1000000,1000000,0,999328,998368,0,2863,999186,998310,4096,8192,0,1000032,1000140,295,2544,2639,7940,35160,0,0
635,184799306,554056550,0,0,0,0,1000000,1000000,1000000,0,999328,998368,0,2863,999186,998310,4096,8192,0,1000032,1000140,295,2544,2639,7940,35773,0,0
636,185282410,555243951,0,0,0,0,1000000,1000000,1000000,0,999328,998368,0,2765,999193,998287,4096,8192,0,1000032,1000141,574,1983,2649,7946,36386,0,0
637,185308913,555309509,0,0,0,0,1000000,1000000,1000000,0,999328,998368,0,2765,999193,998287,4096,8192,0,1000032,1000141,574,1983,2649,7946,36999,0,0
638,185529895,555770266,0,0,0,0,1000000,1000000,1000000,0,999328,998368,0,2765,999193,998287,4096,8192,0,1000032,1000141,574,1983,2649,7946,37612,0,0
639,186184990,557299316,0,0,0,0,1000000,1000000,1000000,0,999328,998368,0,2652,999199,998262,4096,8192,0,1000032,1000145,913,1481,2639,7937,38225,0,0
640,186212626,557367827,0,0,0,0,1000000,1000000,1000000,0,999328,998368,0,2652,999199,998262,4096,8192,0,1000032,1000145,913,1481,2639,7937,38838,0,0
641,186263451,557483991,0,0,0,0,1000000,1000000,1000000,0,999328,998368,0,2652,999199,998262,4096,8192,0,1000032,1000145,913,1481,2639,7937,39451,0,0
642,186862485,558919923,0,0,0,0,1000000,1000000,1000000,0,999328,998368,0,2604,999197,998248,4096,8192,0,1000032,1000149,1065,1320,2644,7931,40064,0,0
643,186884166,558976620,0,0,0,0,1000000,1000000,1000000,0,999328,998368,0,2604,999197,998248,4096,8192,0,1000032,1000149,1065,1320,2644,7931,40677,0,0
644,186986888,559197673,0,0,0,0,1000000,1000000,1000000,0,999328,998368,0,2604,999197,998248,4096,8192,0,1000032,1000149,1065,1320,2644,7931,41290,0,0
645,187657933,560770536,0,0,0,0,1000000,1000000,1000000,0,999328,998368,0,2605,999191,998243,4096,8192,0,1000032,1000152,1063,1329,2641,7942,41903,0,0
646,187685551,560839147,0,0,0,0,1000000,1000000,1000000,0,999328,998368,0,2605,999191,998243,4096,8192,0,1000032,1000152,1063,1329,2641,7942,42516,0,0
647,187714687,560911389,0,0,0,0,1000000,1000000,1000000,0,999328,998368,0,2605,999191,998243,4096,8192,0,1000032,1000152,1063,1329,2641,7942,43129,0,0
648,188313543,562334062,0,0,0,0,1000000,1000000,1000000,0,999328,998368,0,2604,999187,998239,4096,8192,0,1000032,1000154,1073,1330,2651,7930,43742,0,0
649,188335252,562390858,0,0,0,0,1000000,1000000,1000000,0,999328,998368,0,2604,999187,998239,4096,8192,0,1000032,1000154,1073,1330,2651,7930,44355,0,0
650,188444539,562625107,0,0,0,0,1000000,1000000,1000000,0,999328,998368,0,2604,999187,998239,4096,8192,0,1000032,1000154,1073,1330,2651,7930,44968,0,0
651,189114301,564184578,0,0,0,0,1000000,1000000,1000000,0,999328,998368,0,2603,999185,998237,4096,8192,0,1000032,1000155,1062,1316,2645,7933,45581,0,0
652,189141662,564252422,0,0,0,0,1000000,1000000,1000000,0,999328,998368,0,2603,999185,998237,4096,8192,0,1000032,1000155,1062,1316,2645,7933,46194,0,0
653,189177781,564338818,0,0,0,0,1000000,1000000,1000000,0,999328,998368,0,2603,999185,998237,4096,8192,0,1000032,1000155,1062,1316,2645,7933,46807,0,0
654,189777427,565761632,0,0,0,0,1000000,1000000,1000000,0,999328,998368,0,2603,999183,998235,4096,8192,0,1000032,1000156,1066,1317,2646,7937,47420,0,0
655,189799120,565818344,0,0,0,0,1000000,1000000,1000000,0,999328,998368,0,2603,999183,998235,4096,8192,0,1000032,1000156,1066,1317,2646,7937,48033,0,0
656,189908367,566052535,0,0,0,0,1000000,1000000,1000000,0,999328,998368,0,2603,999183,998235,4096,8192,0,1000032,1000156,1066,1317,2646,7937,48646,0,0
657,190575435,567604068,0,0,0,0,1000000,1000000,1000000,0,999328,998368,0,2606,999180,998233,4096,8192,0,1000032,1000157,1065,1332,2654,7942,49259,0,0
658,190602785,567671916,0,0,0,0,1000000,1000000,1000000,0,999328,998368,0,2606,999180,998233,4096,8192,0,1000032,1000157,1065,1332,2654,7942,49872,0,0
659,190642802,567766226,0,0,0,0,1000000,1000000,1000000,0,999328,998368,0,2606,999180,998233,4096,8192,0,1000032,1000157,1065,1332,2654,7942,50485,0,0
660,191240041,569179946,0,0,0,0,1000000,1000000,1000000,0,999328,998368,0,2605,999178,998231,4096,8192,0,1000032,1000158,1070,1332,2655,7945,51098,0,0
661,191261505,569236321,0,0,0,0,1000000,1000000,1000000,0,999328,998368,0,2605,999178,998231,4096,8192,0,1000032,1000158,1070,1332,2655,7945,51711,0,0
662,191375358,569479935,0,0,0,0,1000000,1000000,1000000,0,999328,998368,0,2605,999178,998231,4096,8192,0,1000032,1000158,1070,1332,2655,7945,52324,0,0
663,192041297,571028781,0,0,0,0,1000000,1000000,1000000,0,999328,998368,0,2605,999177,998230,4096,8192,0,1000032,1000159,1065,1326,2650,7928,52937,0,0
664,192068392,571096149,0,0,0,0,1000000,1000000,1000000,0,999328,998368,0,2605,999177,998230,4096,8192,0,1000032,1000159,1065,1326,2650,7928,53550,0,0
665,192109975,571193646,0,0,0,0,1000000,1000000,1000000,0,999328,998368,0,2605,999177,998230,4096,8192,0,1000032,1000159,1065,1326,2650,7928,54163,0,0
666,192653290,572470695,0,0,0,0,1000000,1000000,1000000,0,999328,998368,0,2605,999177,998230,4096,8192,0,1000032,1000159,1065,1326,2650,7928,54776,0,0
667,192674725,572526957,0,0,0,0,1000000,1000000,1000000,0,999328,998368,0,2605,999177,998230,4096,8192,0,1000032,1000159,1065,1326,2650,7928,55389,0,0
668,192856112,572907358,0,0,0,0,1000000,1000000,1000000,0,999328,998368,0,2605,999177,998230,4096,8192,0,1000032,1000159,1065,1326,2650,7928,56002,0,0
669,193469388,574320946,0,0,0,0,1000000,1000000,1000000,0,999328,998368,0,2605,999177,998230,4096,8192,0,1000032,1000159,1065,1326,2650,7928,56615,0,0
670,193496483,574388348,0,0,0,0,1000000,1000000,1000000,0,999328,998368,0,2605,999177,998230,4096,8192,0,1000032,1000159,1065,1326,2650,7928,57228,0,0
671,193604786,574621060,0,0,0,0,1000000,1000000,1000000,0,999328,998368,0,2605,999177,998230,4096,8192,0,1000032,1000159,1065,1326,2650,7928,57841,0,0
672,194147800,575897592,0,0,0,0,1000000,1000000,1000000,0,999328,998368,0,2605,999177,998230,4096,8192,0,1000032,1000159,1065,1326,2650,7928,58454,0,0
673,194169235,575953909,0,0,0,0,1000000,1000000,1000000,0,999328,998368,0,2605,999177,998230,4096,8192,0,1000032,1000159,1065,1326,2650,7928,59067,0,0
674,194350862,576334771,0,0,0,0,1000000,1000000,1000000,0,999328,998368,0,2605,999177,998230,4096,8192,0,1000032,1000159,1065,1326,2650,7928,59680,0,0
675,194964036,577748897,0,0,0,0,1000000,1000000,1000000,0,999328,998368,0,2605,999177,998230,4096,8192,0,1000032,1000159,1065,1326,2650,7928,60293,0,0
676,194991131,577816282,0,0,0,0,1000000,1000000,1000000,0,999328,998368,0,2605,999177,998230,4096,8192,0,1000032,1000159,1065,1326,2650,7928,60906,0,0
677,195099194,578048481,0,0,0,0,1000000,1000000,1000000,0,999328,998368,0,2605,999177,998230,4096,8192,0,1000032,1000159,1065,1326,2650,7928,61519,0,0
678,195722598,579526852,0,0,0,0,1000000,1000000,1000000,0,999328,998368,0,2578,999180,998225,4096,8192,0,1000032,1000158,1139,1239,2669,7947,62132,0,0
679,195746430,579589161,0,0,0,0,1000000,1000000,1000000,0,999328,998368,0,2578,999180,998225,4096,8192,0,1000032,1000158,1139,1239,2669,7947,62745,0,0
680,195825419,579762187,0,0,0,0,1000000,1000000,1000000,0,999328,998368,0,2578,999180,998225,4096,8192,0,1000032,1000158,1139,1239,2669,7947,63358,0,0
681,196538580,581419593,0,0,0,0,1000000,1000000,1000000,0,999328,998368,0,2485,999199,998217,4096,8192,0,1000032,1000151,1428,973,2744,7976,63971,0,0
682,196566483,581489066,0,0,0,0,1000000,1000000,1000000,0,999328,998368,0,2485,999199,998217,4096,8192,0,1000032,1000151,1428,973,2744,7976,64584,0,0
683,196591688,581552001,0,0,0,0,1000000,1000000,1000000,0,999328,998368,0,2485,999199,998217,4096,8192,0,1000032,1000151,1428,973,2744,7976,65197,0,0
684,197238905,583080086,0,0,0,0,1000000,1000000,1000000,0,999328,998368,0,2362,999236,998218,4096,8192,0,1000032,1000133,1943,586,2949,8034,65810,0,0
685,197265413,583145663,0,0,0,0,1000000,1000000,1000000,0,999328,998368,0,2362,999236,998218,4096,8192,0,1000032,1000133,1943,586,2949,8034,66423,0,0
686,197292004,583212482,0,0,0,0,1000000,1000000,1000000,0,999328,998368,0,2362,999236,998218,4096,8192,0,1000032,1000133,1943,586,2949,8034,67036,0,0
687,198008818,584875944,0,0,0,0,1000000,1000000,1000000,0,999328,998368,0,2257,999267,998219,4096,8192,0,1000032,1000122,2545,306,3104,8092,67649,0,0
688,198036723,584945368,0,0,0,0,1000000,1000000,1000000,0,999328,998368,0,2257,999267,998219,4096,8192,0,1000032,1000122,2545,306,3104,8092,68262,0,0
689,198061934,585008249,0,0,0,0,1000000,1000000,1000000,0,999328,998368,0,2257,999267,998219,4096,8192,0,1000032,1000122,2545,306,3104,8092,68875,0,0
690,198689891,586482300,0,0,0,0,1000000,1000000,1000000,0,999328,998368,0,2166,999294,998221,4096,8192,0,1000032,1000112,3168,82,3288,8138,69488,0,0
691,198711679,586539099,0,0,0,0,1000000,1000000,1000000,0,999328,998368,0,2166,999294,998221,4096,8192,0,1000032,1000112,3168,82,3288,8138,70101,0,0
692,198743811,586617004,0,0,0,0,1000000,1000000,1000000,0,999328,998368,0,2166,999294,998221,4096,8192,0,1000032,1000112,3168,82,3288,8138,70714,0,0
693,199401855,588132859,0,0,0,0,1000000,1000000,1000000,0,999328,998368,0,2166,999294,998221,4096,8192,0,1000032,1000112,3168,82,3288,8138,71327,0,0
694,199429203,588200662,0,0,0,0,1000000,1000000,1000000,0,999328,998368,0,2166,999294,998221,4096,8192,0,1000032,1000112,3168,82,3288,8138,71940,0,0
695,199486886,588330715,0,0,0,0,1000000,1000000,1000000,0,999328,998368,0,2166,999294,998221,4096,8192,0,1000032,1000112,3168,82,3288,8138,72553,0,0
696,200080679,589719439,0,0,0,0,1000000,1000000,1000000,0,999328,998368,0,2166,999294,998221,4096,8192,0,1000032,1000112,3168,82,3288,8138,73166,0,0
697,200102350,589776110,0,0,0,0,1000000,1000000,1000000,0,999328,998368,0,2166,999294,998221,4096,8192,0,1000032,1000112,3168,82,3288,8138,73779,0,0
698,200228451,590044419,0,0,0,0,1000000,1000000,1000000,0,999328,998368,0,2166,999294,998221,4096,8192,0,1000032,1000112,3168,82,3288,8138,74392,0,0
699,200896716,591595228,0,0,0,0,1000000,1000000,1000000,0,999328,998368,0,2166,999294,998221,4096,8192,0,1000032,1000112,3168,82,3288,8138,75005,0,0
700,200924066,591663063,0,0,0,0,1000000,1000000,1000000,0,999328,998368,0,2166,999294,998221,4096,8192,0,1000032,1000112,3168,82,3288,8138,75618,0,0
701,200964486,591758141,0,0,0,0,1000000,1000000,1000000,0,999328,998368,0,2166,999294,998221,4096,8192,0,1000032,1000112,3168,82,3288,8138,76231,0,0
702,201567597,593178846,0,0,0,0,1000000,1000000,1000000,0,999328,998368,0,2166,999294,998221,4096,8192,0,1000032,1000112,3168,82,3288,8138,76844,0,0
703,201589273,593235524,0,0,0,0,1000000,1000000,1000000,0,999328,998368,0,2166,999294,998221,4096,8192,0,1000032,1000112,3168,82,3288,8138,77457,0,0
704,201699570,593471841,0,0,0,0,1000000,1000000,1000000,0,999328,998368,0,2166,999294,998221,4096,8192,0,1000032,1000112,3168,82,3288,8138,78070,0,0
705,202367461,595021113,0,0,0,0,1000000,1000000,1000000,0,999328,998368,0,2166,999294,998221,4096,8192,0,1000032,1000112,3168,82,3288,8138,78683,0,0
706,202394806,595088919,0,0,0,0,1000000,1000000,1000000,0,999328,998368,0,2166,999294,998221,4096,8192,0,1000032,1000112,3168,82,3288,8138,79296,0,0
707,202436013,595185573,0,0,0,0,1000000,1000000,1000000,0,999328,998368,0,2166,999294,998221,4096,8192,0,1000032,1000112,3168,82,3288,8138,79909,0,0
708,203039625,596606989,0,0,0,0,1000000,1000000,1000000,0,999328,998368,0,2166,999294,998221,4096,8192,0,1000032,1000112,3168,82,3288,8138,80522,0,0
709,203061296,596663622,0,0,0,0,1000000,1000000,1000000,0,999328,998368,0,2166,999294,998221,4096,8192,0,1000032,1000112,3168,82,3288,8138,81135,0,0
710,203171269,596899258,0,0,0,0,1000000,1000000,1000000,0,999328,998368,0,2166,999294,998221,4096,8192,0,1000032,1000112,3168,82,3288,8138,81748,0,0
711,203840226,598450908,0,0,0,0,1000000,1000000,1000000,0,999328,998368,0,2166,999294,998221,4096,8192,0,1000032,1000112,3168,82,3288,8138,82361,0,0
712,203867571,598518753,0,0,0,0,1000000,1000000,1000000,0,999328,998368,0,2166,999294,998221,4096,8192,0,1000032,1000112,3168,82,3288,8138,82974,0,0
713,203907566,598612978,0,0,0,0,1000000,1000000,1000000,0,999328,998368,0,2166,999294,998221,4096,8192,0,1000032,1000112,3168,82,3288,8138,83587,0,0
714,204511557,600035465,0,0,0,0,1000000,1000000,1000000,0,999328,998368,0,2166,999294,998221,4096,8192,0,1000032,1000112,3168,82,3288,8138,84200,0,0
715,204533228,600092105,0,0,0,0,1000000,1000000,1000000,0,999328,998368,0,2166,999294,998221,4096,8192,0,1000032,1000112,3168,82,3288,8138,84813,0,0
716,204642697,600326665,0,0,0,0,1000000,1000000,1000000,0,999328,998368,0,2166,999294,998221,4096,8192,0,1000032,1000112,3168,82,3288,8138,85426,0,0
717,205310892,601876793,0,0,0,0,1000000,1000000,1000000,0,999328,998368,0,2166,999294,998221,4096,8192,0,1000032,1000112,3168,82,3288,8138,86039,0,0
718,205338237,601944599,0,0,0,0,1000000,1000000,1000000,0,999328,998368,0,2166,999294,998221,4096,8192,0,1000032,1000112,3168,82,3288,8138,86652,0,0
719,205379024,602040397,0,0,0,0,1000000,1000000,1000000,0,999328,998368,0,2166,999294,998221,4096,8192,0,1000032,1000112,3168,82,3288,8138,87265,0,0
720,205983139,603462901,0,0,0,0,1000000,1000000,1000000,0,999328,998368,0,2166,999294,998221,4096,8192,0,1000032,1000112,3168,82,3288,8138,87878,0,0
721,206004810,603519543,0,0,0,0,1000000,1000000,1000000,0,999328,998368,0,2166,999294,998221,4096,8192,0,1000032,1000112,3168,82,3288,8138,88491,0,0
722,206114267,603754105,0,0,0,0,1000000,1000000,1000000,0,999328,998368,0,2166,999294,998221,4096,8192,0,1000032,1000112,3168,82,3288,8138,89104,0,0
723,206783252,605306177,0,0,0,0,1000000,1000000,1000000,0,999328,998368,0,2166,999294,998221,4096,8192,0,1000032,1000112,3168,82,3288,8138,89717,0,0
724,206810597,605373997,0,0,0,0,1000000,1000000,1000000,0,999328,998368,0,2166,999294,998221,4096,8192,0,1000032,1000112,3168,82,3288,8138,90330,0,0
725,206850400,605467812,0,0,0,0,1000000,1000000,1000000,0,999328,998368,0,2166,999294,998221,4096,8192,0,1000032,1000112,3168,82,3288,8138,90943,0,0
726,207454528,606890745,0,0,0,0,1000000,1000000,1000000,0,999328,998368,0,2166,999294,998221,4096,8192,0,1000032,1000112,3168,82,3288,8138,91556,0,0
727,207476199,606947384,0,0,0,0,1000000,1000000,1000000,0,999328,998368,0,2166,999294,998221,4096,8192,0,1000032,1000112,3168,82,3288,8138,92169,0,0
728,207585452,607181512,0,0,0,0,1000000,1000000,1000000,0,999328,998368,0,2166,999294,998221,4096,8192,0,1000032,1000112,3168,82,3288,8138,92782,0,0
729,208254481,608733501,0,0,0,0,1000000,1000000,1000000,0,999328,998368,0,2166,999294,998221,4096,8192,0,1000032,1000112,3168,82,3288,8138,93395,0,0
730,208281826,608801316,0,0,0,0,1000000,1000000,1000000,0,999328,998368,0,2166,999294,998221,4096,8192,0,1000032,1000112,3168,82,3288,8138,94008,0,0
731,208321677,608895214,0,0,0,0,1000000,1000000,1000000,0,999328,998368,0,2166,999294,998221,4096,8192,0,1000032,1000112,3168,82,3288,8138,94621,0,0
732,208926054,610318690,0,0,0,0,1000000,1000000,1000000,0,999328,998368,0,2166,999294,998221,4096,8192,0,1000032,1000112,3168,82,3288,8138,95234,0,0
733,208947718,610375346,0,0,0,0,1000000,1000000,1000000,0,999328,998368,0,2166,999294,998221,4096,8192,0,1000032,1000112,3168,82,3288,8138,95847,0,0
734,209056664,610608931,0,0,0,0,1000000,1000000,1000000,0,999328,998368,0,2166,999294,998221,4096,8192,0,1000032,1000112,3168,82,3288,8138,96460,0,0
735,209725442,612160203,0,0,0,0,1000000,1000000,1000000,0,999328,998368,0,2166,999294,998221,4096,8192,0,1000032,1000112,3168,82,3288,8138,97073,0,0
736,209752780,612228016,0,0,0,0,1000000,1000000,1000000,0,999328,998368,0,2166,999294,998221,4096,8192,0,1000032,1000112,3168,82,3288,8138,97686,0,0
737,209792984,612322659,0,0,0,0,1000000,1000000,1000000,0,999328,998368,0,2166,999294,998221,4096,8192,0,1000032,1000112,3168,82,3288,8138,98299,0,0
738,210396489,613743848,0,0,0,0,1000000,1000000,1000000,0,999328,998368,0,2166,999294,998221,4096,8192,0,1000032,1000112,3168,82,3288,8138,98912,0,0
739,210418153,613800501,0,0,0,0,1000000,1000000,1000000,0,999328,998368,0,2166,999294,998221,4096,8192,0,1000032,1000112,3168,82,3288,8138,99525,0,0
740,210528215,614036329,0,0,0,0,1000000,1000000,1000000,0,999328,998368,0,2166,999294,998221,4096,8192,0,1000032,1000112,3168,82,3288,8138,100138,0,0
741,211196522,615586479,0,0,0,0,1000000,1000000,1000000,0,999328,998368,0,2166,999294,998221,4096,8192,0,1000032,1000112,3168,82,3288,8138,100751,0,0
742,211223860,615654270,0,0,0,0,1000000,1000000,1000000,0,999328,998368,0,2166,999294,998221,4096,8192,0,1000032,1000112,3168,82,3288,8138,101364,0,0
743,211264616,615750043,0,0,0,0,1000000,1000000,1000000,0,999328,998368,0,2166,999294,998221,4096,8192,0,1000032,1000112,3168,82,3288,8138,101977,0,0
744,211868861,617173518,0,0,0,0,1000000,1000000,1000000,0,999328,998368,0,2166,999294,998221,4096,8192,0,1000032,1000112,3168,82,3288,8138,102590,0,0
745,211890525,617230143,0,0,0,0,1000000,1000000,1000000,0,999328,998368,0,2166,999294,998221,4096,8192,0,1000032,1000112,3168,82,3288,8138,103203,0,0
746,211999495,617463766,0,0,0,0,1000000,1000000,1000000,0,999328,998368,0,2166,999294,998221,4096,8192,0,1000032,1000112,3168,82,3288,8138,103816,0,0
747,212668516,619015883,0,0,0,0,1000000,1000000,1000000,0,999328,998368,0,2166,999294,998221,4096,8192,0,1000032,1000112,3168,82,3288,8138,104429,0,0
748,212695854,619083694,0,0,0,0,1000000,1000000,1000000,0,999328,998368,0,2166,999294,998221,4096,8192,0,1000032,1000112,3168,82,3288,8138,105042,0,0
749,212735626,619177464,0,0,0,0,1000000,1000000,1000000,0,999328,998368,0,2166,999294,998221,4096,8192,0,1000032,1000112,3168,82,3288,8138,105655,0,0
750,213339886,620600439,0,0,0,0,1000000,1000000,1000000,0,999328,998368,0,2166,999294,998221,4096,8192,0,1000032,1000112,3168,82,3288,8138,106268,0,0
751,213361911,620658024,0,0,0,0,1000000,1000000,1000000,0,999328,998368,0,2166,999294,998221,4096,8192,0,1000032,1000112,3168,82,3288,8138,106881,0,0
752,213470648,620891178,0,0,0,0,1000000,1000000,1000000,0,999328,998368,0,2166,999294,998221,4096,8192,0,1000032,1000112,3168,82,3288,8138,107494,0,0
753,214108869,622333495,0,0,0,0,1000000,1000000,1000000,0,999328,998368,0,2166,999294,998221,4096,8192,0,1000032,1000112,3168,82,3288,8138,108107,0,0
754,214136214,622401324,0,0,0,0,1000000,1000000,1000000,0,999328,998368,0,2166,999294,998221,4096,8192,0,1000032,1000112,3168,82,3288,8138,108720,0,0
755,214230161,622604880,0,0,0,0,1000000,1000000,1000000,0,999328,998368,0,2166,999294,998221,4096,8192,0,1000032,1000112,3168,82,3288,8138,109333,0,0
756,214803503,623918040,0,0,0,0,1000000,1000000,1000000,0,999328,998368,0,2166,999294,998221,4096,8192,0,1000032,1000112,3168,82,3288,8138,109946,0,0
757,214825169,623974701,0,0,0,0,1000000,1000000,1000000,0,999328,998368,0,2166,999294,998221,4096,8192,0,1000032,1000112,3168,82,3288,8138,110559,0,0
758,214988573,624318592,0,0,0,0,1000000,1000000,1000000,0,999328,998368,0,2166,999294,998221,4096,8192,0,1000032,1000112,3168,82,3288,8138,111172,0,0
759,215626231,625759359,0,0,0,0,1000000,1000000,1000000,0,999328,998368,0,2166,999294,998221,4096,8192,0,1000032,1000112,3168,82,3288,8138,111785,0,0
760,215653571,625827187,0,0,0,0,1000000,1000000,1000000,0,999328,998368,0,2166,999294,998221,4096,8192,0,1000032,1000112,3168,82,3288,8138,112398,0,0
761,215748293,626032295,0,0,0,0,1000000,1000000,1000000,0,999328,998368,0,2166,999294,998221,4096,8192,0,1000032,1000112,3168,82,3288,8138,113011,0,0
762,216320841,627343252,0,0,0,0,1000000,1000000,1000000,0,999328,998368,0,2166,999294,998221,4096,8192,0,1000032,1000112,3168,82,3288,8138,113624,0,0
763,216342507,627399906,0,0,0,0,1000000,1000000,1000000,0,999328,998368,0,2166,999294,998221,4096,8192,0,1000032,1000112,3168,82,3288,8138,114237,0,0
764,216506979,627746005,0,0,0,0,1000000,1000000,1000000,0,999328,998368,0,2166,999294,998221,4096,8192,0,1000032,1000112,3168,82,3288,8138,114850,0,0
765,217144900,629187430,0,0,0,0,1000000,1000000,1000000,0,999328,998368,0,2166,999294,998221,4096,8192,0,1000032,1000112,3168,82,3288,8138,115463,0,0
766,217172240,629255198,0,0,0,0,1000000,1000000,1000000,0,999328,998368,0,2166,999294,998221,4096,8192,0,1000032,1000112,3168,82,3288,8138,116076,0,0
767,217266674,629459719,0,0,0,0,1000000,1000000,1000000,0,999328,998368,0,2166,999294,998221,4096,8192,0,1000032,1000112,3168,82,3288,8138,116689,0,0
768,217839709,630771864,0,0,0,0,1000000,1000000,1000000,0,999328,998368,0,2166,999294,998221,4096,8192,0,1000032,1000112,3168,82,3288,8138,117302,0,0
769,217861375,630828548,0,0,0,0,1000000,1000000,1000000,0,999328,998368,0,2166,999294,998221,4096,8192,0,1000032,1000112,3168,82,3288,8138,117915,0,0
770,218025247,631173415,0,0,0,0,1000000,1000000,1000000,0,999328,998368,0,2166,999294,998221,4096,8192,0,1000032,1000112,3168,82,3288,8138,118528,0,0
771,218662981,632614619,0,0,0,0,1000000,1000000,1000000,0,999328,998368,0,2166,999294,998221,4096,8192,0,1000032,1000112,3168,82,3288,8138,119141,0,0
772,218690321,632682394,0,0,0,0,1000000,1000000,1000000,0,999328,998368,0,2166,999294,998221,4096,8192,0,1000032,1000112,3168,82,3288,8138,119754,0,0
773,218784887,632887150,0,0,0,0,1000000,1000000,1000000,0,999328,998368,0,2166,999294,998221,4096,8192,0,1000032,1000112,3168,82,3288,8138,120367,0,0
774,219357914,634199236,0,0,0,0,1000000,1000000,1000000,0,999328,998368,0,2166,999294,998221,4096,8192,0,1000032,1000112,3168,82,3288,8138,120980,0,0
775,219379580,634255897,0,0,0,0,1000000,1000000,1000000,0,999328,998368,0,2166,999294,998221,4096,8192,0,1000032,1000112,3168,82,3288,8138,121593,0,0
776,219543488,634600824,0,0,0,0,1000000,1000000,1000000,0,999328,998368,0,2166,999294,998221,4096,8192,0,1000032,1000112,3168,82,3288,8138,122206,0,0
777,220181481,636042225,0,0,0,0,1000000,1000000,1000000,0,999328,998368,0,2166,999294,998221,4096,8192,0,1000032,1000112,3168,82,3288,8138,122819,0,0
778,220208821,636110011,0,0,0,0,1000000,1000000,1000000,0,999328,998368,0,2166,999294,998221,4096,8192,0,1000032,1000112,3168,82,3288,8138,123432,0,0
779,220303267,636314559,0,0,0,0,1000000,1000000,1000000,0,999328,998368,0,2166,999294,998221,4096,8192,0,1000032,1000112,3168,82,3288,8138,124045,0,0
780,220876045,637625853,0,0,0,0,1000000,1000000,1000000,0,999328,998368,0,2166,999294,998221,4096,8192,0,1000032,1000112,3168,82,3288,8138,124658,0,0
781,220897711,637682506,0,0,0,0,1000000,1000000,1000000,0,999328,998368,0,2166,999294,998221,4096,8192,0,1000032,1000112,3168,82,3288,8138,125271,0,0
782,221062027,638028256,0,0,0,0,1000000,1000000,1000000,0,999328,998368,0,2166,999294,998221,4096,8192,0,1000032,1000112,3168,82,3288,8138,125884,0,0
783,221699456,639468313,0,0,0,0,1000000,1000000,1000000,0,999328,998368,0,2166,999294,998221,4096,8192,0,1000032,1000112,3168,82,3288,8138,126497,0,0
784,221726796,639536032,0,0,0,0,1000000,1000000,1000000,0,999328,998368,0,2166,999294,998221,4096,8192,0,1000032,1000112,3168,82,3288,8138,127110,0,0
785,221821938,639741967,0,0,0,0,1000000,1000000,1000000,0,999328,998368,0,2166,999294,998221,4096,8192,0,1000032,1000112,3168,82,3288,8138,127723,0,0
786,222394464,641052635,0,0,0,0,1000000,1000000,1000000,0,999328,998368,0,2166,999294,998221,4096,8192,0,1000032,1000112,3168,82,3288,8138,128336,0,0
787,222416130,641109285,0,0,0,0,1000000,1000000,1000000,0,999328,998368,0,2166,999294,998221,4096,8192,0,1000032,1000112,3168,82,3288,8138,128949,0,0
788,222580746,641455657,0,0,0,0,1000000,1000000,1000000,0,999328,998368,0,2166,999294,998221,4096,8192,0,1000032,1000112,3168,82,3288,8138,129562,0,0
789,223219029,642898160,0,0,0,0,1000000,1000000,1000000,0,999328,998368,0,2166,999294,998221,4096,8192,0,1000032,1000112,3168,82,3288,8138,130175,0,0
790,223246369,642965960,0,0,0,0,1000000,1000000,1000000,0,999328,998368,0,2166,999294,998221,4096,8192,0,1000032,1000112,3168,82,3288,8138,130788,0,0
791,223340263,643169393,0,0,0,0,1000000,1000000,1000000,0,999328,998368,0,2166,999294,998221,4096,8192,0,1000032,1000112,3168,82,3288,8138,131401,0,0
792,223912915,644480663,0,0,0,0,1000000,1000000,1000000,0,999328,998368,0,2166,999294,998221,4096,8192,0,1000032,1000112,3168,82,3288,8138,132014,0,0
793,223934581,644537377,0,0,0,0,1000000,1000000,1000000,0,999328,998368,0,2166,999294,998221,4096,8192,0,1000032,1000112,3168,82,3288,8138,132627,0,0
794,224098781,644883093,0,0,0,0,1000000,1000000,1000000,0,999328,998368,0,2166,999294,998221,4096,8192,0,1000032,1000112,3168,82,3288,8138,133240,0,0
795,224736188,646323501,0,0,0,0,1000000,1000000,1000000,0,999328,998368,0,2166,999294,998221,4096,8192,0,1000032,1000112,3168,82,3288,8138,133853,0,0
796,224763533,646391354,0,0,0,0,1000000,1000000,1000000,0,999328,998368,0,2166,999294,998221,4096,8192,0,1000032,1000112,3168,82,3288,8138,134466,0,0
797,224858404,646596793,0,0,0,0,1000000,1000000,1000000,0,999328,998368,0,2166,999294,998221,4096,8192,0,1000032,1000112,3168,82,3288,8138,135079,0,0
798,225431194,647908439,0,0,0,0,1000000,1000000,1000000,0,999328,998368,0,2166,999294,998221,4096,8192,0,1000032,1000112,3168,82,3288,8138,135692,0,0
799,225452865,647965095,0,0,0,0,1000000,1000000,1000000,0,999328,998368,0,2166,999294,998221,4096,8192,0,1000032,1000112,3168,82,3288,8138,136305,0,0
800,225617013,648310505,0,0,0,0,1000000,1000000,1000000,0,999328,998368,0,2166,999294,998221,4096,8192,0,1000032,1000112,3168,82,3288,8138,136918,0,0
801,226254710,649751551,0,0,0,0,1000000,1000000,1000000,0,999328,998368,0,2166,999294,998221,4096,8192,0,1000032,1000112,3168,82,3288,8138,137531,0,0
802,226282050,649819364,0,0,0,0,1000000,1000000,1000000,0,999328,998368,0,2166,999294,998221,4096,8192,0,1000032,1000112,3168,82,3288,8138,138144,0,0
803,226376640,650024212,0,0,0,0,1000000,1000000,1000000,0,999328,998368,0,2166,999294,998221,4096,8192,0,1000032,1000112,3168,82,3288,8138,138757,0,0
804,226949301,651335813,0,0,0,0,1000000,1000000,1000000,0,999328,998368,0,2166,999294,998221,4096,8192,0,1000032,1000112,3168,82,3288,8138,139370,0,0
805,226970967,651392503,0,0,0,0,1000000,1000000,1000000,0,999328,998368,0,2166,999294,998221,4096,8192,0,1000032,1000112,3168,82,3288,8138,139983,0,0
806,227135091,651737905,0,0,0,0,1000000,1000000,1000000,0,999328,998368,0,2166,999294,998221,4096,8192,0,1000032,1000112,3168,82,3288,8138,140596,0,0
807,227773147,653179644,0,0,0,0,1000000,1000000,1000000,0,999328,998368,0,2166,999294,998221,4096,8192,0,1000032,1000112,3168,82,3288,8138,141209,0,0
808,227800487,653247456,0,0,0,0,1000000,1000000,1000000,0,999328,998368,0,2166,999294,998221,4096,8192,0,1000032,1000112,3168,82,3288,8138,141822,0,0
809,227894765,653451647,0,0,0,0,1000000,1000000,1000000,0,999328,998368,0,2166,999294,998221,4096,8192,0,1000032,1000112,3168,82,3288,8138,142435,0,0
810,228467924,654763998,0,0,0,0,1000000,1000000,1000000,0,999328,998368,0,2166,999294,998221,4096,8192,0,1000032,1000112,3168,82,3288,8138,143048,0,0
811,228489590,654820628,0,0,0,0,1000000,1000000,1000000,0,999328,998368,0,2166,999294,998221,4096,8192,0,1000032,1000112,3168,82,3288,8138,143661,0,0
812,228653390,655165326,0,0,0,0,1000000,1000000,1000000,0,999328,998368,0,2166,999294,998221,4096,8192,0,1000032,1000112,3168,82,3288,8138,144274,0,0
813,229291011,656606137,0,0,0,0,1000000,1000000,1000000,0,999328,998368,0,2166,999294,998221,4096,8192,0,1000032,1000112,3168,82,3288,8138,144887,0,0
814,229318351,656673957,0,0,0,0,1000000,1000000,1000000,0,999328,998368,0,2166,999294,998221,4096,8192,0,1000032,1000112,3168,82,3288,8138,145500,0,0
815,229413061,656879040,0,0,0,0,1000000,1000000,1000000,0,999328,998368,0,2166,999294,998221,4096,8192,0,1000032,1000112,3168,82,3288,8138,146113,0,0
816,229986100,658191174,0,0,0,0,1000000,1000000,1000000,0,999328,998368,0,2166,999294,998221,4096,8192,0,1000032,1000112,3168,82,3288,8138,146726,0,0
817,230007766,658247856,0,0,0,0,1000000,1000000,1000000,0,999328,998368,0,2166,999294,998221,4096,8192,0,1000032,1000112,3168,82,3288,8138,147339,0,0
818,230171674,658592751,0,0,0,0,1000000,1000000,1000000,0,999328,998368,0,2166,999294,998221,4096,8192,0,1000032,1000112,3168,82,3288,8138,147952,0,0
819,230809014,660033008,0,0,0,0,1000000,1000000,1000000,0,999328,998368,0,2166,999294,998221,4096,8192,0,1000032,1000112,3168,82,3288,8138,148565,0,0
820,230836354,660100825,0,0,0,0,1000000,1000000,1000000,0,999328,998368,0,2166,999294,998221,4096,8192,0,1000032,1000112,3168,82,3288,8138,149178,0,0
821,230931316,660306459,0,0,0,0,1000000,1000000,1000000,0,999328,998368,0,2166,999294,998221,4096,8192,0,1000032,1000112,3168,82,3288,8138,149791,0,0
822,231503579,661616868,0,0,0,0,1000000,1000000,1000000,0,999328,998368,0,2166,999294,998221,4096,8192,0,1000032,1000112,3168,82,3288,8138,150404,0,0
823,231525245,661673520,0,0,0,0,1000000,1000000,1000000,0,999328,998368,0,2166,999294,998221,4096,8192,0,1000032,1000112,3168,82,3288,8138,151017,0,0
824,231689993,662020175,0,0,0,0,1000000,1000000,1000000,0,999328,998368,0,2166,999294,998221,4096,8192,0,1000032,1000112,3168,82,3288,8138,151630,0,0
825,232327132,663459910,0,0,0,0,1000000,1000000,1000000,0,999328,998368,0,2166,999294,998221,4096,8192,0,1000032,1000112,3168,82,3288,8138,152243,0,0
826,232354472,663527732,0,0,0,0,1000000,1000000,1000000,0,999328,998368,0,2166,999294,998221,4096,8192,0,1000032,1000112,3168,82,3288,8138,152856,0,0
827,232449710,663733879,0,0,0,0,1000000,1000000,1000000,0,999328,998368,0,2166,999294,998221,4096,8192,0,1000032,1000112,3168,82,3288,8138,153469,0,0
828,233022850,665046490,0,0,0,0,1000000,1000000,1000000,0,999328,998368,0,2166,999294,998221,4096,8192,0,1000032,1000112,3168,82,3288,8138,154082,0,0
829,233044516,665103104,0,0,0,0,1000000,1000000,1000000,0,999328,998368,0,2166,999294,998221,4096,8192,0,1000032,1000112,3168,82,3288,8138,154695,0,0
830,233208196,665447575,0,0,0,0,1000000,1000000,1000000,0,999328,998368,0,2166,999294,998221,4096,8192,0,1000032,1000112,3168,82,3288,8138,155308,0,0
831,233845545,666887509,0,0,0,0,1000000,1000000,1000000,0,999328,998368,0,2166,999294,998221,4096,8192,0,1000032,1000112,3168,82,3288,8138,155921,0,0
832,233872885,666955299,0,0,0,0,1000000,1000000,1000000,0,999328,998368,0,2166,999294,998221,4096,8192,0,1000032,1000112,3168,82,3288,8138,156534,0,0
833,233968039,667161305,0,0,0,0,1000000,1000000,1000000,0,999328,998368,0,2166,999294,998221,4096,8192,0,1000032,1000112,3168,82,3288,8138,157147,0,0
834,234540323,668471667,0,0,0,0,1000000,1000000,1000000,0,999328,998368,0,2166,999294,998221,4096,8192,0,1000032,1000112,3168,82,3288,8138,157760,0,0
835,234566788,668537153,0,0,0,0,1000000,1000000,1000000,0,999328,998368,0,2166,999294,998221,4096,8192,0,1000032,1000112,3168,82,3288,8138,158373,0,0
836,234727125,668875006,0,0,0,0,1000000,1000000,1000000,0,999328,998368,0,2166,999294,998221,4096,8192,0,1000032,1000112,3168,82,3288,8138,158986,0,0
837,235420943,670456438,0,0,0,0,1000000,1000000,1000000,0,999328,998368,0,2217,999280,998223,4096,8192,0,1000032,1000112,2803,189,3299,8138,159599,0,0
838,235448606,670525037,0,0,0,0,1000000,1000000,1000000,0,999328,998368,0,2217,999280,998223,4096,8192,0,1000032,1000112,2803,189,3299,8138,160212,0,0
839,235474140,670589084,0,0,0,0,1000000,1000000,1000000,0,999328,998368,0,2217,999280,998223,4096,8192,0,1000032,1000112,2803,189,3299,8138,160825,0,0
840,236109255,672067619,0,0,0,0,1000000,1000000,1000000,0,999328,998368,68,2309,999257,998229,4522,8170,24,1000032,1000113,2232,447,3298,8114,0,0,0
841,236137670,672138706,0,0,0,0,1000000,1000000,1000000,0,999328,998368,68,2309,999257,998229,4522,8170,24,1000032,1000113,2232,447,3298,8114,1024,0,0
842,236211263,672302402,0,0,0,0,1000000,1000000,1000000,0,999328,998368,68,2309,999257,998229,4522,8170,24,1000032,1000113,2232,447,3298,8114,2048,0,0
843,236922903,673950463,0,0,0,0,1000000,1000000,1000000,0,999328,998368,264,2433,999230,998238,5709,7861,24,1000032,1000114,1619,810,3302,8117,3072,0,0
844,236952347,674024185,0,0,0,0,1000000,1000000,1000000,0,999328,998368,264,2433,999230,998238,5709,7861,24,1000032,1000114,1619,810,3302,8117,4096,0,0
845,236974801,674084017,0,0,0,0,1000000,1000000,1000000,0,999328,998368,264,2433,999230,998238,5709,7861,24,1000032,1000114,1619,810,3302,8117,5120,0,0
846,237622835,675604542,0,0,0,0,1000000,1000000,1000000,0,999328,998368,282,2434,999226,998233,5812,7815,24,1000032,1000116,1624,825,3287,8120,6144,0,0
847,237646600,675667009,0,0,0,0,1000000,1000000,1000000,0,999328,998368,282,2434,999226,998233,5812,7815,24,1000032,1000116,1624,825,3287,8120,7168,0,0
848,237674413,675737118,0,0,0,0,1000000,1000000,1000000,0,999328,998368,282,2434,999226,998233,5812,7815,24,1000032,1000116,1624,825,3287,8120,8192,0,0
849,238362202,677306519,0,0,0,0,1000000,1000000,1000000,0,999328,998368,282,2434,999223,998229,5812,7815,24,1000032,1000117,1625,824,3287,8122,9216,0,0
850,238391298,677379091,0,0,0,0,1000000,1000000,1000000,0,999328,998368,282,2434,999223,998229,5812,7815,24,1000032,1000117,1625,824,3287,8122,10240,0,0
851,238416012,677443536,0,0,0,0,1000000,1000000,1000000,0,999328,998368,282,2434,999223,998229,5812,7815,24,1000032,1000117,1625,824,3287,8122,11264,0,0
852,239033225,678864266,0,0,0,0,1000000,1000000,1000000,0,999328,998368,309,2433,999221,998226,5965,7741,24,1000032,1000117,1620,810,3300,8123,12288,0,0
853,239065023,678945868,0,0,0,0,1000000,1000000,1000000,0,999328,998368,309,2433,999221,998226,5965,7741,24,1000032,1000117,1620,810,3300,8123,13312,0,0
854,239162394,679157244,0,0,0,0,1000000,1000000,1000000,0,999328,998368,309,2433,999221,998226,5965,7741,24,1000032,1000117,1620,810,3300,8123,14336,0,0
855,239846514,680717031,0,0,0,0,1000000,1000000,1000000,0,999328,998369,385,2435,999219,998225,6377,7499,24,1000032,1000118,1616,820,3291,8124,15360,0,0
856,239883759,680809021,0,0,0,0,1000000,1000000,1000000,0,999328,998369,385,2435,999219,998225,6377,7499,24,1000032,1000118,1616,820,3291,8124,16384,0,0
857,239907199,680870959,0,0,0,0,1000000,1000000,1000000,0,999328,998369,385,2435,999219,998225,6377,7499,24,1000032,1000118,1616,820,3291,8124,17408,0,0
858,240543760,682342466,0,0,0,0,1000000,1000000,1000000,0,999329,998371,439,2434,999218,998224,6650,7298,24,1000032,1000118,1626,824,3308,8126,18432,0,0
859,240575333,682423760,0,0,0,0,1000000,1000000,1000000,0,999329,998371,439,2434,999218,998224,6650,7298,24,1000032,1000118,1626,824,3308,8126,19456,0,0
860,240646240,682584663,0,0,0,0,1000000,1000000,1000000,0,999329,998371,439,2434,999218,998224,6650,7298,24,1000032,1000118,1626,824,3308,8126,20480,0,0
861,241340224,684169227,0,0,0,0,1000000,1000000,1000000,0,999331,998373,452,2432,999219,998224,6713,7246,24,1000032,1000119,1630,815,3295,8126,21504,0,0
862,241377504,684261709,0,0,0,0,1000000,1000000,1000000,0,999331,998373,452,2432,999219,998224,6713,7246,24,1000032,1000119,1630,815,3295,8126,22528,0,0
863,241408929,684343144,0,0,0,0,1000000,1000000,1000000,0,999331,998373,452,2432,999219,998224,6713,7246,24,1000032,1000119,1630,815,3295,8126,23552,0,0
864,242035480,685785348,0,0,0,0,1000000,1000000,1000000,0,999333,998376,452,2434,999219,998225,6713,7246,24,1000032,1000120,1626,824,3286,8128,24576,0,0
865,242067068,685866307,0,0,0,0,1000000,1000000,1000000,0,999333,998376,452,2434,999219,998225,6713,7246,24,1000032,1000120,1626,824,3286,8128,24576,0,0
866,242130583,686012071,0,0,0,0,1000000,1000000,1000000,0,999333,998376,452,2434,999219,998225,6713,7246,24,1000032,1000120,1626,824,3286,8128,24576,0,0
867,242816419,687572976,0,0,0,0,1000000,1000000,1000000,0,999336,998379,411,2433,999220,998225,6510,7405,24,1000032,1000120,1622,811,3298,8128,24576,0,0
868,242855225,687670064,0,0,0,0,1000000,1000000,1000000,0,999336,998379,411,2433,999220,998225,6510,7405,1,1000032,1000120,1622,811,3298,8128,0,0,0
869,242887145,687753319,0,0,0,0,1000000,1000000,1000000,0,999336,998379,411,2433,999220,998225,6510,7405,1,1000032,1000120,1622,811,3298,8128,1024,0,0
870,243530329,689253936,0,0,0,0,1000000,1000000,1000000,0,999338,998382,349,2435,999220,998226,6185,7619,1,1000032,1000121,1618,820,3290,8129,2048,0,0
871,243562424,689337027,0,0,0,0,1000000,1000000,1000000,0,999338,998382,349,2435,999220,998226,6185,7619,1,1000032,1000121,1618,820,3290,8129,3072,0,0
872,243606167,689444727,0,0,0,0,1000000,1000000,1000000,0,999338,998382,349,2435,999220,998226,6185,7619,2,1000032,1000121,1618,820,3290,8129,1024,0,0
873,244317721,691078409,0,0,0,0,1000000,1000000,1000000,0,999344,998391,349,2434,999221,998226,6185,7619,2,1000032,1000121,1627,824,3306,8131,2048,0,0
874,244356136,691174351,0,0,0,0,1000000,1000000,1000000,0,999344,998391,349,2434,999221,998226,6185,7619,2,1000032,1000121,1627,824,3306,8131,3072,0,0
875,244387857,691256462,0,0,0,0,1000000,1000000,1000000,0,999344,998391,349,2434,999221,998226,6185,7619,2,1000032,1000121,1627,824,3306,8131,4096,0,0
876,245035564,692769483,0,0,0,0,1000000,1000000,1000000,0,999350,998404,314,2433,999222,998231,5993,7726,2,1000032,1000122,1623,812,3297,8132,5120,0,0
877,245067992,692853275,0,0,0,0,1000000,1000000,1000000,0,999350,998404,314,2433,999222,998231,5993,7726,2,1000032,1000122,1623,812,3297,8132,6144,0,0
878,245103616,692945728,0,0,0,0,1000000,1000000,1000000,0,999350,998404,314,2433,999222,998231,5993,7726,2,1000032,1000122,1623,812,3297,8132,7168,0,0
879,245818853,694589789,0,0,0,0,1000000,1000000,1000000,0,999357,998416,304,2435,999226,998240,5938,7755,2,1000032,1000123,1619,820,3293,8113,8192,0,0
880,245854353,694681654,0,0,0,0,1000000,1000000,1000000,0,999357,998416,304,2435,999226,998240,5938,7755,2,1000032,1000123,1619,820,3293,8113,9216,0,0
881,245885939,694763890,0,0,0,0,1000000,1000000,1000000,0,999357,998416,304,2435,999226,998240,5938,7755,2,1000032,1000123,1619,820,3293,8113,10240,0,0
882,246067533,695151857,0,0,0,0,1000000,1000000,1000000,0,999357,998416,304,2435,999226,998240,5938,7755,2,1000032,1000123,1619,820,3293,8113,11264,0,0
883,246678308,696556731,0,0,0,0,1000000,1000000,1000000,0,999365,998433,326,2434,999232,998253,6060,7690,2,1000032,1000124,1627,824,3289,8115,12288,0,0
884,246713550,696647605,0,0,0,0,1000000,1000000,1000000,0,999365,998433,326,2434,999232,998253,6060,7690,2,1000032,1000124,1627,824,3289,8115,13312,0,0
885,246812101,696865571,0,0,0,0,1000000,1000000,1000000,0,999365,998433,326,2434,999232,998253,6060,7690,2,1000032,1000124,1627,824,3289,8115,14336,0,0
886,247501734,698438826,0,0,0,0,1000000,1000000,1000000,0,999372,998445,326,2433,999236,998262,6060,7690,2,1000032,1000124,1623,812,3300,8116,15360,0,0
887,247533434,698520621,0,0,0,0,1000000,1000000,1000000,0,999372,998445,326,2433,999236,998262,6060,7690,2,1000032,1000124,1623,812,3300,8116,16384,0,0
888,247568473,698611516,0,0,0,0,1000000,1000000,1000000,0,999372,998445,326,2433,999236,998262,6060,7690,2,1000032,1000124,1623,812,3300,8116,17408,0,0
889,248185108,700036399,0,0,0,0,1000000,1000000,1000000,0,999379,998457,392,2434,999240,998272,6413,7474,2,1000032,1000125,1620,820,3292,8117,18432,0,0
890,248220358,700127262,0,0,0,0,1000000,1000000,1000000,0,999379,998457,392,2434,999240,998272,6413,7474,2,1000032,1000125,1620,820,3292,8117,19456,0,0
891,248293337,700292971,0,0,0,0,1000000,1000000,1000000,0,999379,998457,392,2434,999240,998272,6413,7474,2,1000032,1000125,1620,820,3292,8117,20480,0,0
892,248979052,701857906,0,0,0,0,1000000,1000000,1000000,0,999388,998469,418,2433,999248,998282,6546,7379,2,1000032,1000125,1624,812,3300,8117,21504,0,0
893,249010819,701940070,0,0,0,0,1000000,1000000,1000000,0,999388,998469,418,2433,999248,998282,6546,7379,2,1000032,1000125,1624,812,3300,8117,22528,0,0
894,249045837,702031029,0,0,0,0,1000000,1000000,1000000,0,999388,998469,418,2433,999248,998282,6546,7379,2,1000032,1000125,1624,812,3300,8117,23552,0,0
895,249608121,703316373,0,0,0,0,1000000,1000000,1000000,0,999396,998480,418,2433,999256,998294,6546,7379,2,1000032,1000125,1624,812,3300,8117,24576,0,0
896,249643341,703407262,0,0,0,0,1000000,1000000,1000000,0,999396,998480,418,2433,999256,998294,6546,7379,2,1000032,1000125,1624,812,3300,8117,25600,0,0
897,249788907,703720396,0,0,0,0,1000000,1000000,1000000,0,999396,998480,418,2433,999256,998294,6546,7379,2,1000032,1000125,1624,812,3300,8117,26624,0,0
898,250430388,705174090,0,0,0,0,1000000,1000000,1000000,0,999404,998491,425,2433,999264,998305,6581,7352,2,1000032,1000125,1624,812,3300,8117,27648,0,0
899,250461916,705255401,0,0,0,0,1000000,1000000,1000000,0,999404,998491,425,2433,999264,998305,6581,7352,2,1000032,1000125,1624,812,3300,8117,28672,0,0
900,250540264,705434106,0,0,0,0,1000000,1000000,1000000,0,999404,998491,425,2433,999264,998305,6581,7352,2,1000032,1000125,1624,812,3300,8117,29696,0,0
901,251109531,706742946,0,0,0,0,1000000,1000000,1000000,0,999413,998502,425,2433,999273,998316,6581,7352,2,1000032,1000125,1624,812,3300,8117,30720,0,0
902,251144763,706833766,0,0,0,0,1000000,1000000,1000000,0,999413,998502,425,2433,999273,998316,6581,7352,2,1000032,1000125,1624,812,3300,8117,31744,0,0
903,251290832,707147813,0,0,0,0,1000000,1000000,1000000,0,999413,998502,425,2433,999273,998316,6581,7352,2,1000032,1000125,1624,812,3300,8117,0,0,0
904,251946085,708633252,0,0,0,0,1000000,1000000,1000000,0,999422,998514,425,2433,999282,998328,6581,7352,2,1000032,1000125,1624,812,3300,8117,1024,0,0
905,251978978,708717564,0,0,0,0,1000000,1000000,1000000,0,999422,998514,425,2433,999282,998328,6581,7352,2,1000032,1000125,1624,812,3300,8117,2048,0,0
906,252040190,708861519,0,0,0,0,1000000,1000000,1000000,0,999422,998514,425,2433,999282,998328,6581,7352,2,1000032,1000125,1624,812,3300,8117,3072,0,0
907,252619101,710182546,0,0,0,0,1000000,1000000,1000000,0,999430,998525,452,2433,999290,998339,6713,7246,2,1000032,1000125,1624,812,3300,8117,4096,0,0
908,252656959,710278772,0,0,0,0,1000000,1000000,1000000,0,999430,998525,452,2433,999290,998339,6713,7246,2,1000032,1000125,1624,812,3300,8117,5120,0,0
909,252794577,710575233,0,0,0,0,1000000,1000000,1000000,0,999430,998525,452,2433,999290,998339,6713,7246,2,1000032,1000125,1624,812,3300,8117,6144,0,0
910,253586428,712319238,0,0,0,0,1000000,1000000,1000000,0,999440,998535,520,2433,999299,998349,7027,6956,2,1000032,1000125,1624,812,3300,8117,7168,0,0
911,253619433,712403388,0,0,0,0,1000000,1000000,1000000,0,999440,998535,520,2433,999299,998349,7027,6956,2,1000032,1000125,1624,812,3300,8117,8192,0,0
912,253664063,712512925,0,0,0,0,1000000,1000000,1000000,0,999440,998535,520,2433,999299,998349,7027,6956,2,1000032,1000125,1624,812,3300,8117,9216,0,0
913,253826523,712860179,0,0,0,0,1000000,1000000,1000000,0,999440,998535,520,2433,999299,998349,7027,6956,2,1000032,1000125,1624,812,3300,8117,10240,0,0
914,254388705,714146976,0,0,0,0,1000000,1000000,1000000,0,999453,998548,529,2433,999311,998362,7067,6916,2,1000032,1000125,1624,812,3300,8117,11264,0,0
915,254421324,714230390,0,0,0,0,1000000,1000000,1000000,0,999453,998548,529,2433,999311,998362,7067,6916,2,1000032,1000125,1624,812,3300,8117,12288,0,0
916,254581025,714573895,0,0,0,0,1000000,1000000,1000000,0,999453,998548,529,2433,999311,998362,7067,6916,2,1000032,1000125,1624,812,3300,8117,13312,0,0
917,255210798,715995301,0,0,0,0,1000000,1000000,1000000,0,999464,998557,579,2433,999321,998371,7273,6680,2,1000032,1000125,1624,812,3300,8117,14336,0,0
918,255247563,716089147,0,0,0,0,1000000,1000000,1000000,0,999464,998557,579,2433,999321,998371,7273,6680,2,1000032,1000125,1624,812,3300,8117,15360,0,0
919,255336654,716287601,0,0,0,0,1000000,1000000,1000000,0,999464,998557,579,2433,999321,998371,7273,6680,2,1000032,1000125,1624,812,3300,8117,16384,0,0
920,255890061,717553760,0,0,0,0,1000000,1000000,1000000,0,999475,998566,593,2433,999332,998380,7328,6611,2,1000032,1000125,1624,812,3300,8117,17408,0,0
921,255922927,717637978,0,0,0,0,1000000,1000000,1000000,0,999475,998566,593,2433,999332,998380,7328,6611,2,1000032,1000125,1624,812,3300,8117,18432,0,0
922,256092442,718001302,0,0,0,0,1000000,1000000,1000000,0,999475,998566,593,2433,999332,998380,7328,6611,2,1000032,1000125,1624,812,3300,8117,19456,0,0
923,256694937,719348470,0,0,0,0,1000000,1000000,1000000,0,999486,998574,593,2433,999343,998389,7328,6611,2,1000032,1000125,1624,812,3300,8117,20480,0,0
924,256731709,719442276,0,0,0,0,1000000,1000000,1000000,0,999486,998574,593,2433,999343,998389,7328,6611,2,1000032,1000125,1624,812,3300,8117,21504,0,0
925,256857370,719714998,0,0,0,0,1000000,1000000,1000000,0,999486,998574,593,2433,999343,998389,7328,6611,2,1000032,1000125,1624,812,3300,8117,22528,0,0
926,257401252,720960081,0,0,0,0,1000000,1000000,1000000,0,999497,998583,593,2433,999354,998398,7328,6611,2,1000032,1000125,1624,812,3300,8117,23552,0,0
927,257433827,721043407,0,0,0,0,1000000,1000000,1000000,0,999497,998583,593,2433,999354,998398,7328,6611,2,1000032,1000125,1624,812,3300,8117,24576,0,0
928,257614200,721428710,0,0,0,0,1000000,1000000,1000000,0,999497,998583,593,2433,999354,998398,7328,6611,2,1000032,1000125,1624,812,3300,8117,25600,0,0
929,258398812,723141848,0,0,0,0,1000000,1000000,1000000,0,999508,998592,551,2433,999365,998407,7160,6814,2,1000032,1000125,1624,812,3300,8117,26624,0,0
930,258436583,723237789,0,0,0,0,1000000,1000000,1000000,0,999508,998592,551,2433,999365,998407,7160,6814,2,1000032,1000125,1624,812,3300,8117,27648,0,0
931,258468666,723320253,0,0,0,0,1000000,1000000,1000000,0,999508,998592,551,2433,999365,998407,7160,6814,2,1000032,1000125,1624,812,3300,8117,28672,0,0
932,258653020,723713654,0,0,0,0,1000000,1000000,1000000,0,999508,998592,551,2433,999365,998407,7160,6814,2,1000032,1000125,1624,812,3300,8117,29696,0,0
933,259194579,724955412,0,0,0,0,1000000,1000000,1000000,0,999521,998605,467,2433,999378,998419,6785,7186,2,1000032,1000125,1624,812,3300,8117,30720,0,0
934,259230815,725048146,0,0,0,0,1000000,1000000,1000000,0,999521,998605,467,2433,999378,998419,6785,7186,2,1000032,1000125,1624,812,3300,8117,31744,0,0
935,259409100,725427360,0,0,0,0,1000000,1000000,1000000,0,999521,998605,467,2433,999378,998419,6785,7186,2,1000032,1000125,1624,812,3300,8117,0,0,0
936,260037488,726856322,0,0,0,0,1000000,1000000,1000000,0,999531,998616,467,2433,999388,998430,6785,7186,2,1000032,1000125,1624,812,3300,8117,1024,0,0
937,260070331,726940299,0,0,0,0,1000000,1000000,1000000,0,999531,998616,467,2433,999388,998430,6785,7186,2,1000032,1000125,1624,812,3300,8117,2048,0,0
938,260159681,727141084,0,0,0,0,1000000,1000000,1000000,0,999531,998616,467,2433,999388,998430,6785,7186,2,1000032,1000125,1624,812,3300,8117,3072,0,0
939,260702174,728392222,0,0,0,0,1000000,1000000,1000000,0,999539,998627,398,2433,999397,998441,6444,7453,2,1000032,1000125,1624,812,3300,8117,4096,0,0
940,260738573,728485158,0,0,0,0,1000000,1000000,1000000,0,999539,998627,398,2433,999397,998441,6444,7453,2,1000032,1000125,1624,812,3300,8117,5120,0,0
941,260912113,728854769,0,0,0,0,1000000,1000000,1000000,0,999539,998627,398,2433,999397,998441,6444,7453,2,1000032,1000125,1624,812,3300,8117,6144,0,0
942,261538467,730274632,0,0,0,0,1000000,1000000,1000000,0,999546,998639,309,2433,999406,998453,5965,7741,2,1000032,1000125,1624,812,3300,8117,7168,0,0
943,261581694,730379089,0,0,0,0,1000000,1000000,1000000,0,999546,998639,309,2433,999406,998453,5965,7741,2,1000032,1000125,1624,812,3300,8117,8192,0,0
944,261665440,730568497,0,0,0,0,1000000,1000000,1000000,0,999546,998639,309,2433,999406,998453,5965,7741,2,1000032,1000125,1624,812,3300,8117,9216,0,0
945,262204249,731811836,0,0,0,0,1000000,1000000,1000000,0,999552,998652,298,2433,999412,998465,5903,7772,2,1000032,1000125,1624,812,3300,8117,10240,0,0
946,262241498,731906524,0,0,0,0,1000000,1000000,1000000,0,999552,998652,298,2433,999412,998465,5903,7772,2,1000032,1000125,1624,812,3300,8117,11264,0,0
947,262418342,732282197,0,0,0,0,1000000,1000000,1000000,0,999552,998652,298,2433,999412,998465,5903,7772,2,1000032,1000125,1624,812,3300,8117,12288,0,0
948,263036221,733680100,0,0,0,0,1000000,1000000,1000000,0,999558,998664,288,2433,999418,998477,5847,7799,2,1000032,1000125,1624,812,3300,8117,13312,0,0
949,263070112,733766262,0,0,0,0,1000000,1000000,1000000,0,999558,998664,288,2433,999418,998477,5847,7799,2,1000032,1000125,1624,812,3300,8117,14336,0,0
950,263173716,733995891,0,0,0,0,1000000,1000000,1000000,0,999558,998664,288,2433,999418,998477,5847,7799,2,1000032,1000125,1624,812,3300,8117,15360,0,0
951,263715185,735251692,0,0,0,0,1000000,1000000,1000000,0,999564,998677,277,2433,999424,998489,5784,7828,2,1000032,1000125,1624,812,3300,8117,16384,0,0
952,263760710,735365405,0,0,0,0,1000000,1000000,1000000,0,999564,998677,277,2433,999424,998489,5784,7828,2,1000032,1000125,1624,812,3300,8117,17408,0,0
953,263920682,735709622,0,0,0,0,1000000,1000000,1000000,0,999564,998677,277,2433,999424,998489,5784,7828,2,1000032,1000125,1624,812,3300,8117,18432,0,0
954,264553540,737152920,0,0,0,0,1000000,1000000,1000000,0,999570,998690,277,2433,999430,998501,5784,7828,2,1000032,1000125,1624,812,3300,8117,19456,0,0
955,264594849,737255952,0,0,0,0,1000000,1000000,1000000,0,999570,998690,277,2433,999430,998501,5784,7828,2,1000032,1000125,1624,812,3300,8117,20480,0,0
956,264666599,737423311,0,0,0,0,1000000,1000000,1000000,0,999570,998690,277,2433,999430,998501,5784,7828,2,1000032,1000125,1624,812,3300,8117,21504,0,0
957,265214453,738699614,0,0,0,0,1000000,1000000,1000000,0,999575,998703,248,2433,999436,998514,5616,7899,2,1000032,1000125,1624,812,3300,8117,22528,0,0
958,265272795,738838296,0,0,0,0,1000000,1000000,1000000,0,999575,998703,248,2433,999436,998514,5616,7899,2,1000032,1000125,1624,812,3300,8117,23552,0,0
959,265410621,739137038,0,0,0,0,1000000,1000000,1000000,0,999575,998703,248,2433,999436,998514,5616,7899,2,1000032,1000125,1624,812,3300,8117,24576,0,0
960,266033258,740547130,0,0,0,0,1000000,1000000,1000000,0,999580,998716,224,2433,999442,998527,5476,7953,2,1000032,1000125,1624,812,3300,8117,25600,0,0
961,266076525,740651487,0,0,0,0,1000000,1000000,1000000,0,999580,998716,224,2433,999442,998527,5476,7953,2,1000032,1000125,1624,812,3300,8117,26624,0,0
962,266164193,740850741,0,0,0,0,1000000,1000000,1000000,0,999580,998716,224,2433,999442,998527,5476,7953,2,1000032,1000125,1624,812,3300,8117,27648,0,0
963,266805189,742311449,0,0,0,0,1000000,1000000,1000000,0,999585,998729,224,2433,999448,998540,5476,7953,2,1000032,1000125,1624,812,3300,8117,28672,0,0
964,266866236,742455355,0,0,0,0,1000000,1000000,1000000,0,999585,998729,224,2433,999448,998540,5476,7953,2,1000032,1000125,1624,812,3300,8117,29696,0,0
965,266910103,742564446,0,0,0,0,1000000,1000000,1000000,0,999585,998729,224,2433,999448,998540,5476,7953,2,1000032,1000125,1624,812,3300,8117,30720,0,0
966,267784891,744485966,0,0,0,0,1000000,1000000,1000000,0,999590,998742,211,2433,999453,998553,5398,7979,2,1000032,1000125,1624,812,3300,8117,31744,0,0
967,267821839,744580249,0,0,0,0,1000000,1000000,1000000,0,999590,998742,211,2433,999453,998553,5398,7979,2,1000032,1000125,1624,812,3300,8117,0,0,0
968,267862056,744683646,0,0,0,0,1000000,1000000,1000000,0,999590,998742,211,2433,999453,998553,5398,7979,2,1000032,1000125,1624,812,3300,8117,1024,0,0
969,267933876,744849379,0,0,0,0,1000000,1000000,1000000,0,999590,998742,211,2433,999453,998553,5398,7979,2,1000032,1000125,1624,812,3300,8117,2048,0,0
970,268569761,746307963,0,0,0,0,1000000,1000000,1000000,0,999596,998760,211,2433,999459,998571,5398,7979,2,1000032,1000125,1624,812,3300,8117,3072,0,0
971,268606573,746401844,0,0,0,0,1000000,1000000,1000000,0,999596,998760,211,2433,999459,998571,5398,7979,2,1000032,1000125,1624,812,3300,8117,4096,0,0
972,268675122,746563094,0,0,0,0,1000000,1000000,1000000,0,999596,998760,211,2433,999459,998571,5398,7979,2,1000032,1000125,1624,812,3300,8117,5120,0,0
973,269397799,748190291,0,0,0,0,1000000,1000000,1000000,0,999600,998774,211,2433,999463,998585,5398,7979,2,1000032,1000125,1624,812,3300,8117,6144,0,0
974,269439405,748296569,0,0,0,0,1000000,1000000,1000000,0,999600,998774,211,2433,999463,998585,5398,7979,2,1000032,1000125,1624,812,3300,8117,7168,0,0
975,269475749,748389809,0,0,0,0,1000000,1000000,1000000,0,999600,998774,211,2433,999463,998585,5398,7979,2,1000032,1000125,1624,812,3300,8117,8192,0,0
976,270113881,749852955,0,0,0,0,1000000,1000000,1000000,0,999605,998787,211,2433,999468,998598,5398,7979,2,1000032,1000125,1624,812,3300,8117,9216,0,0
977,270151273,749948176,0,0,0,0,1000000,1000000,1000000,0,999605,998787,211,2433,999468,998598,5398,7979,2,1000032,1000125,1624,812,3300,8117,10240,0,0
978,270192078,750053026,0,0,0,0,1000000,1000000,1000000,0,999605,998787,211,2433,999468,998598,5398,7979,2,1000032,1000125,1624,812,3300,8117,11264,0,0
979,270903247,751648895,0,0,0,0,1000000,1000000,1000000,0,999609,998800,211,2433,999472,998611,5398,7979,2,1000032,1000125,1624,812,3300,8117,12288,0,0
980,270944759,751755063,0,0,0,0,1000000,1000000,1000000,0,999609,998800,211,2433,999472,998611,5398,7979,2,1000032,1000125,1624,812,3300,8117,13312,0,0
981,270983863,751854064,0,0,0,0,1000000,1000000,1000000,0,999609,998800,211,2433,999472,998611,5398,7979,2,1000032,1000125,1624,812,3300,8117,14336,0,0
982,271616957,753297746,0,0,0,0,1000000,1000000,1000000,0,999614,998814,211,2433,999477,998625,5398,7979,2,1000032,1000125,1624,812,3300,8117,15360,0,0
983,271654050,753392294,0,0,0,0,1000000,1000000,1000000,0,999614,998814,211,2433,999477,998625,5398,7979,2,1000032,1000125,1624,812,3300,8117,16384,0,0
984,271694666,753496876,0,0,0,0,1000000,1000000,1000000,0,999614,998814,211,2433,999477,998625,5398,7979,2,1000032,1000125,1624,812,3300,8117,17408,0,0
985,272404076,755084728,0,0,0,0,1000000,1000000,1000000,0,999618,998827,211,2433,999481,998638,5398,7979,2,1000032,1000125,1624,812,3300,8117,18432,0,0
986,272445499,755190663,0,0,0,0,1000000,1000000,1000000,0,999618,998827,211,2433,999481,998638,5398,7979,2,1000032,1000125,1624,812,3300,8117,19456,0,0
987,272511904,755342709,0,0,0,0,1000000,1000000,1000000,0,999618,998827,211,2433,999481,998638,5398,7979,2,1000032,1000125,1624,812,3300,8117,20480,0,0
988,273038972,756558682,0,0,0,0,1000000,1000000,1000000,0,999622,998840,211,2433,999485,998651,5398,7979,2,1000032,1000125,1624,812,3300,8117,21504,0,0
989,273083331,756667896,0,0,0,0,1000000,1000000,1000000,0,999622,998840,211,2433,999485,998651,5398,7979,2,1000032,1000125,1624,812,3300,8117,22528,0,0
990,273159980,756845336,0,0,0,0,1000000,1000000,1000000,0,999622,998840,211,2433,999485,998651,5398,7979,2,1000032,1000125,1624,812,3300,8117,23552,0,0
991,273934463,758521099,0,0,0,0,1000000,1000000,1000000,0,999627,998853,211,2433,999490,998664,5398,7979,2,1000032,1000125,1624,812,3300,8117,24576,0,0
992,273979674,758631611,0,0,0,0,1000000,1000000,1000000,0,999627,998853,211,2433,999490,998664,5398,7979,2,1000032,1000125,1624,812,3300,8117,25600,0,0
993,274042268,758773801,0,0,0,0,1000000,1000000,1000000,0,999627,998853,211,2433,999490,998664,5398,7979,2,1000032,1000125,1624,812,3300,8117,26624,0,0
994,274570997,759987486,0,0,0,0,1000000,1000000,1000000,0,999631,998867,211,2433,999494,998678,5398,7979,2,1000032,1000125,1624,812,3300,8117,27648,0,0
995,274612005,760087372,0,0,0,0,1000000,1000000,1000000,0,999631,998867,211,2433,999494,998678,5398,7979,2,1000032,1000125,1624,812,3300,8117,28672,0,0
996,274693990,760272762,0,0,0,0,1000000,1000000,1000000,0,999631,998867,211,2433,999494,998678,5398,7979,2,1000032,1000125,1624,812,3300,8117,29696,0,0
997,275304582,761645318,0,0,0,0,1000000,1000000,1000000,0,999636,998880,211,2433,999499,998691,5398,7979,2,1000032,1000125,1624,812,3300,8117,30720,0,0
998,275346064,761748190,0,0,0,0,1000000,1000000,1000000,0,999636,998880,211,2433,999499,998691,5398,7979,2,1000032,1000125,1624,812,3300,8117,31744,0,0
999,275455049,761986472,0,0,0,0,1000000,1000000,1000000,0,999636,998880,211,2433,999499,998691,5398,7979,2,1000032,1000125,1624,812,3300,8117,0,0,0
1000,275987726,763214476,0,0,0,0,1000000,1000000,1000000,0,999640,998893,211,2433,999503,998704,5398,7979,2,1000032,1000125,1624,812,3300,8117,1024,0,0
1001,276030951,763318909,0,0,0,0,1000000,1000000,1000000,0,999640,998893,211,2433,999503,998704,5398,7979,2,1000032,1000125,1624,812,3300,8117,2048,0,0
1002,276209596,763700164,0,0,0,0,1000000,1000000,1000000,0,999640,998893,211,2433,999503,998704,5398,7979,2,1000032,1000125,1624,812,3300,8117,3072,0,0
1003,276832909,765104725,0,0,0,0,1000000,1000000,1000000,0,999645,998907,211,2433,999508,998718,5398,7979,2,1000032,1000125,1624,812,3300,8117,4096,0,0
1004,276874078,765206930,0,0,0,0,1000000,1000000,1000000,0,999645,998907,211,2433,999508,998718,5398,7979,2,1000032,1000125,1624,812,3300,8117,5120,0,0
1005,276967595,765413896,0,0,0,0,1000000,1000000,1000000,0,999645,998907,211,2433,999508,998718,5398,7979,2,1000032,1000125,1624,812,3300,8117,6144,0,0
1006,277532241,766717177,0,0,0,0,1000000,1000000,1000000,0,999649,998920,211,2433,999512,998731,5398,7979,2,1000032,1000125,1624,812,3300,8117,7168,0,0
1007,277572089,766814467,0,0,0,0,1000000,1000000,1000000,0,999649,998920,211,2433,999512,998731,5398,7979,2,1000032,1000125,1624,812,3300,8117,8192,0,0
1008,277717714,767127589,0,0,0,0,1000000,1000000,1000000,0,999649,998920,211,2433,999512,998731,5398,7979,2,1000032,1000125,1624,812,3300,8117,9216,0,0
1009,278564459,768960875,0,0,0,0,1000000,1000000,1000000,0,999654,998933,211,2433,999517,998744,5398,7979,2,1000032,1000125,1624,812,3300,8117,10240,0,0
1010,278608702,769069281,0,0,0,0,1000000,1000000,1000000,0,999654,998933,211,2433,999517,998744,5398,7979,2,1000032,1000125,1624,812,3300,8117,11264,0,0
1011,278644782,769159184,0,0,0,0,1000000,1000000,1000000,0,999654,998933,211,2433,999517,998744,5398,7979,2,1000032,1000125,1624,812,3300,8117,12288,0,0
1012,278760205,769412539,0,0,0,0,1000000,1000000,1000000,0,999654,998933,211,2433,999517,998744,5398,7979,2,1000032,1000125,1624,812,3300,8117,13312,0,0
1013,279404591,770908529,0,0,0,0,1000000,1000000,1000000,0,999660,998951,211,2433,999523,998762,5398,7979,2,1000048,1000141,1624,812,3141,8081,14336,0,0
1014,279447584,771017011,0,0,0,0,1000000,1000000,1000000,0,999660,998951,211,2433,999523,998762,5398,7979,2,1000048,1000141,1624,812,3141,8081,15360,0,0
1015,279491667,771126232,0,0,0,0,1000000,1000000,1000000,0,999660,998951,211,2433,999523,998762,5398,7979,2,1000048,1000141,1624,812,3141,8081,16384,0,0
1016,280248491,772844062,0,0,0,0,1000000,1000000,1000000,0,999664,998965,211,2433,999527,998776,5398,7979,2,1000048,1000141,1624,812,3211,8099,17408,0,0
1017,280287607,772942572,0,0,0,0,1000000,1000000,1000000,0,999664,998965,211,2433,999527,998776,5398,7979,2,1000048,1000141,1624,812,3211,8099,18432,0,0
1018,280329830,773049735,0,0,0,0,1000000,1000000,1000000,0,999664,998965,211,2433,999527,998776,5398,7979,2,1000048,1000141,1624,812,3211,8099,19456,0,0
1019,280499200,773411181,0,0,0,0,1000000,1000000,1000000,0,999664,998965,211,2433,999527,998776,5398,7979,2,1000048,1000141,1624,812,3211,8099,20480,0,0
1020,281130462,774873183,0,0,0,0,1000000,1000000,1000000,0,999670,998982,211,2433,999533,998793,5398,7979,2,1000064,1000156,1624,812,3105,8081,21504,0,0
1021,281168698,774970052,0,0,0,0,1000000,1000000,1000000,0,999670,998982,211,2433,999533,998793,5398,7979,2,1000064,1000156,1624,812,3105,8081,22528,0,0
1022,281234160,775124894,0,0,0,0,1000000,1000000,1000000,0,999670,998982,211,2433,999533,998793,5398,7979,2,1000064,1000156,1624,812,3105,8081,23552,0,0
1023,281957824,776755183,0,0,0,0,1000000,1000000,1000000,0,999675,998996,211,2433,999538,998807,5398,7979,2,1000064,1000157,1624,812,3192,8099,24576,0,0
1024,282000866,776864364,0,0,0,0,1000000,1000000,1000000,0,999675,998996,211,2433,999538,998807,5398,7979,2,1000064,1000157,1624,812,3192,8099,25600,0,0
1025,282038279,776959822,0,0,0,0,1000000,1000000,1000000,0,999675,998996,211,2433,999538,998807,5398,7979,2,1000064,1000157,1624,812,3192,8099,26624,0,0
1026,282658030,778401784,0,0,0,0,1000000,1000000,1000000,0,999679,999009,211,2433,999542,998820,5398,7979,2,1000064,1000157,1624,812,3244,8117,27648,0,0
1027,282712155,778530838,0,0,0,0,1000000,1000000,1000000,0,999679,999009,211,2433,999542,998820,5398,7979,2,1000064,1000157,1624,812,3244,8117,28672,0,0
1028,282759638,778649569,0,0,0,0,1000000,1000000,1000000,0,999679,999009,211,2433,999542,998820,5398,7979,2,1000064,1000157,1624,812,3244,8117,29696,0,0
1029,283468453,780246197,0,0,0,0,1000000,1000000,1000000,0,999683,999022,211,2433,999546,998833,5398,7979,2,1000080,1000173,1624,812,3141,8081,30720,0,0
1030,283517232,780366190,0,0,0,0,1000000,1000000,1000000,0,999683,999022,211,2433,999546,998833,5398,7979,2,1000080,1000173,1624,812,3141,8081,31744,0,0
1031,283554982,780461619,0,0,0,0,1000000,1000000,1000000,0,999683,999022,211,2433,999546,998833,5398,7979,2,1000080,1000173,1624,812,3141,8081,0,0,0
1032,284139562,781816082,0,0,0,0,1000000,1000000,1000000,0,999689,999035,252,2433,999552,998846,5639,7890,2,1000080,1000173,1624,812,3211,8099,1024,0,0
1033,284183351,781924006,0,0,0,0,1000000,1000000,1000000,0,999689,999035,252,2433,999552,998846,5639,7890,2,1000080,1000173,1624,812,3211,8099,2048,0,0
1034,284247546,782072859,0,0,0,0,1000000,1000000,1000000,0,999689,999035,252,2433,999552,998846,5639,7890,2,1000080,1000173,1624,812,3211,8099,3072,0,0
1035,285098686,783900885,0,0,0,0,1000000,1000000,1000000,0,999694,999048,298,2433,999557,998859,5903,7772,2,1000096,1000188,1624,812,3105,8081,4096,0,0
1036,285142746,784008039,0,0,0,0,1000000,1000000,1000000,0,999694,999048,298,2433,999557,998859,5903,7772,2,1000096,1000188,1624,812,3105,8081,5120,0,0
1037,285182365,784105462,0,0,0,0,1000000,1000000,1000000,0,999694,999048,298,2433,999557,998859,5903,7772,2,1000096,1000188,1624,812,3105,8081,6144,0,0
1038,285250288,784264681,0,0,0,0,1000000,1000000,1000000,0,999694,999048,298,2433,999557,998859,5903,7772,2,1000096,1000188,1624,812,3105,8081,7168,0,0
1039,285808691,785545814,0,0,0,0,1000000,1000000,1000000,0,999703,999065,314,2433,999565,998876,5993,7726,2,1000096,1000189,1624,812,3211,8099,8192,0,0
1040,285851153,785653378,0,0,0,0,1000000,1000000,1000000,0,999703,999065,314,2433,999565,998876,5993,7726,2,1000096,1000189,1624,812,3211,8099,9216,0,0
1041,286002069,785978377,0,0,0,0,1000000,1000000,1000000,0,999703,999065,314,2433,999565,998876,5993,7726,2,1000096,1000189,1624,812,3211,8099,10240,0,0
1042,286861028,787840060,0,0,0,0,1000000,1000000,1000000,0,999709,999077,320,2433,999571,998888,6027,7708,2,1000096,1000189,1624,812,3262,8117,11264,0,0
1043,286901610,787941171,0,0,0,0,1000000,1000000,1000000,0,999709,999077,320,2433,999571,998888,6027,7708,2,1000096,1000189,1624,812,3262,8117,12288,0,0
1044,286943957,788048367,0,0,0,0,1000000,1000000,1000000,0,999709,999077,320,2433,999571,998888,6027,7708,2,1000096,1000189,1624,812,3262,8117,13312,0,0
1045,287040378,788263320,0,0,0,0,1000000,1000000,1000000,0,999709,999077,320,2433,999571,998888,6027,7708,2,1000096,1000189,1624,812,3262,8117,14336,0,0
1046,287607875,789567203,0,0,0,0,1000000,1000000,1000000,0,999718,999094,331,2433,999579,998905,6087,7675,2,1000112,1000205,1624,812,3141,8081,15360,0,0
1047,287647958,789666753,0,0,0,0,1000000,1000000,1000000,0,999718,999094,331,2433,999579,998905,6087,7675,2,1000112,1000205,1624,812,3141,8081,16384,0,0
1048,287788578,789977036,0,0,0,0,1000000,1000000,1000000,0,999718,999094,331,2433,999579,998905,6087,7675,2,1000112,1000205,1624,812,3141,8081,17408,0,0
1049,288444756,791448611,0,0,0,0,1000000,1000000,1000000,0,999725,999106,331,2433,999585,998917,6087,7675,2,1000112,1000205,1624,812,3211,8099,18432,0,0
1050,288503285,791591093,0,0,0,0,1000000,1000000,1000000,0,999725,999106,331,2433,999585,998917,6087,7675,2,1000112,1000205,1624,812,3211,8099,19456,0,0
1051,288543787,791692296,0,0,0,0,1000000,1000000,1000000,0,999725,999106,331,2433,999585,998917,6087,7675,2,1000112,1000205,1624,812,3211,8099,20480,0,0
1052,289096465,792966202,0,0,0,0,1000000,1000000,1000000,0,999732,999118,331,2433,999592,998929,6087,7675,2,1000112,1000205,1624,812,3262,8117,21504,0,0
1053,289137270,793068090,0,0,0,0,1000000,1000000,1000000,0,999732,999118,331,2433,999592,998929,6087,7675,2,1000112,1000205,1624,812,3262,8117,22528,0,0
1054,289290820,793404440,0,0,0,0,1000000,1000000,1000000,0,999732,999118,331,2433,999592,998929,6087,7675,2,1000112,1000205,1624,812,3262,8117,23552,0,0
1055,289934636,794840378,0,0,0,0,1000000,1000000,1000000,0,999739,999131,331,2433,999599,998942,6087,7675,2,1000112,1000205,1624,812,3300,8117,24576,0,0
1056,289987355,794971954,0,0,0,0,1000000,1000000,1000000,0,999739,999131,331,2433,999599,998942,6087,7675,2,1000112,1000205,1624,812,3300,8117,25600,0,0
1057,290049817,795118154,0,0,0,0,1000000,1000000,1000000,0,999739,999131,331,2433,999599,998942,6087,7675,2,1000112,1000205,1624,812,3300,8117,26624,0,0
1058,290555054,796276088,0,0,0,0,1000000,1000000,1000000,0,999746,999143,331,2433,999606,998954,6087,7675,2,1000112,1000205,1624,812,3300,8117,27648,0,0
1059,290601633,796390327,0,0,0,0,1000000,1000000,1000000,0,999746,999143,331,2433,999606,998954,6087,7675,1,1000112,1000205,1624,812,3300,8117,74752,0,0
1060,290806830,796831848,0,0,0,0,1000000,1000000,1000000,0,999746,999143,331,2433,999606,998954,6087,7675,1,1000112,1000205,1624,812,3300,8117,75776,0,0
1061,291416860,798195781,0,0,0,0,1000000,1000000,1000000,0,999748,999146,331,2433,999611,998963,6087,7675,1,1000112,1000205,1624,812,3300,8117,76800,0,0
1062,291473969,798335859,0,0,0,0,1000000,1000000,1000000,0,999748,999146,331,2433,999611,998963,6087,7675,1,1000112,1000205,1624,812,3300,8117,77824,0,0
1063,291567625,798545584,0,0,0,0,1000000,1000000,1000000,0,999748,999146,331,2433,999611,998963,6087,7675,1,1000112,1000205,1624,812,3300,8117,78848,0,0
1064,292074626,799722167,0,0,0,0,1000000,1000000,1000000,0,999750,999150,331,2433,999614,998969,6087,7675,1,1000112,1000205,1624,812,3300,8117,79872,0,0
1065,292113729,799820959,0,0,0,0,1000000,1000000,1000000,0,999750,999150,331,2433,999614,998969,6087,7675,1,1000112,1000205,1624,812,3300,8117,80896,0,0
1066,292317616,800259273,0,0,0,0,1000000,1000000,1000000,0,999750,999150,331,2433,999614,998969,6087,7675,1,1000112,1000205,1624,812,3300,8117,81920,0,0
1067,292936637,801644710,0,0,0,0,1000000,1000000,1000000,0,999752,999154,331,2433,999617,998974,6087,7675,1,1000112,1000205,1624,812,3300,8117,82944,0,0
1068,292988441,801774702,0,0,0,0,1000000,1000000,1000000,0,999752,999154,331,2433,999617,998974,6087,7675,1,1000112,1000205,1624,812,3300,8117,83968,0,0
1069,293076483,801973006,0,0,0,0,1000000,1000000,1000000,0,999752,999154,331,2433,999617,998974,6087,7675,1,1000112,1000205,1624,812,3300,8117,84992,0,0
1070,293558028,803078733,0,0,0,0,1000000,1000000,1000000,0,999754,999158,331,2433,999620,998978,6087,7675,1,1000112,1000205,1624,812,3300,8117,0,0,0
1071,293597558,803177900,0,0,0,0,1000000,1000000,1000000,0,999754,999158,331,2433,999620,998978,6087,7675,1,1000112,1000205,1624,812,3300,8117,1024,0,0
1072,294185135,804492570,0,0,0,0,1000000,1000000,1000000,0,999755,999160,331,2433,999622,998980,6087,7675,1,1000112,1000205,1624,812,3300,8117,2048,0,0
1073,294229142,804600450,0,0,0,0,1000000,1000000,1000000,0,999755,999160,331,2433,999622,998980,6087,7675,1,1000112,1000205,1624,812,3300,8117,3072,0,0
1074,294329877,804829164,0,0,0,0,1000000,1000000,1000000,0,999755,999160,331,2433,999622,998980,6087,7675,1,1000112,1000205,1624,812,3300,8117,4096,0,0
1075,294796056,805904600,0,0,0,0,1000000,1000000,1000000,0,999757,999164,331,2433,999625,998984,6087,7675,1,1000112,1000205,1624,812,3300,8117,5120,0,0
1076,294854001,806046880,0,0,0,0,1000000,1000000,1000000,0,999757,999164,331,2433,999625,998984,6087,7675,1,1000112,1000205,1624,812,3300,8117,6144,0,0
1077,295427621,807327223,0,0,0,0,1000000,1000000,1000000,0,999759,999166,331,2433,999627,998986,6087,7675,1,1000112,1000205,1624,812,3300,8117,7168,0,0
1078,295478697,807454773,0,0,0,0,1000000,1000000,1000000,0,999759,999166,331,2433,999627,998986,6087,7675,1,1000112,1000205,1624,812,3300,8117,8192,0,0
1079,295582875,807685357,0,0,0,0,1000000,1000000,1000000,0,999759,999166,331,2433,999627,998986,6087,7675,1,1000112,1000205,1624,812,3300,8117,9216,0,0
1080,296047838,808750547,0,0,0,0,1000000,1000000,1000000,0,999761,999170,331,2433,999630,998990,6087,7675,1,1000112,1000205,1624,812,3300,8117,10240,0,0
1081,296084867,808841995,0,0,0,0,1000000,1000000,1000000,0,999761,999170,331,2433,999630,998990,6087,7675,1,1000112,1000205,1624,812,3300,8117,11264,0,0
1082,296642241,810077953,0,0,0,0,1000000,1000000,1000000,0,999762,999172,336,2433,999631,998992,6115,7660,1,1000112,1000205,1624,812,3300,8117,12288,0,0
1083,296678770,810167910,0,0,0,0,1000000,1000000,1000000,0,999762,999172,336,2433,999631,998992,6115,7660,1,1000112,1000205,1624,812,3300,8117,13312,0,0
1084,296853978,810541550,0,0,0,0,1000000,1000000,1000000,0,999762,999172,336,2433,999631,998992,6115,7660,1,1000112,1000205,1624,812,3300,8117,14336,0,0
1085,297294432,811559426,0,0,0,0,1000000,1000000,1000000,0,999763,999174,336,2433,999632,998995,6115,7660,1,1000112,1000205,1624,812,3300,8117,15360,0,0
1086,297346797,811683992,0,0,0,0,1000000,1000000,1000000,0,999763,999174,336,2433,999632,998995,6115,7660,1,1000112,1000205,1624,812,3300,8117,16384,0,0
1087,297906543,812930652,0,0,0,0,1000000,1000000,1000000,0,999765,999177,336,2433,999634,998997,6115,7660,1,1000112,1000205,1624,812,3300,8117,17408,0,0
1088,297948139,813033260,0,0,0,0,1000000,1000000,1000000,0,999765,999177,336,2433,999634,998997,6115,7660,1,1000112,1000205,1624,812,3300,8117,18432,0,0
1089,298119498,813397712,0,0,0,0,1000000,1000000,1000000,0,999765,999177,336,2433,999634,998997,6115,7660,1,1000112,1000205,1624,812,3300,8117,19456,0,0
1090,298562232,814414671,0,0,0,0,1000000,1000000,1000000,0,999767,999180,336,2433,999636,999000,6115,7660,1,1000112,1000205,1624,812,3300,8117,20480,0,0
1091,298615905,814540163,0,0,0,0,1000000,1000000,1000000,0,999767,999180,336,2433,999636,999000,6115,7660,1,1000112,1000205,1624,812,3300,8117,21504,0,0
1092,299172355,815778119,0,0,0,0,1000000,1000000,1000000,0,999768,999183,336,2433,999637,999003,6115,7660,1,1000112,1000205,1624,812,3300,8117,22528,0,0
1093,299208875,815868580,0,0,0,0,1000000,1000000,1000000,0,999768,999183,336,2433,999637,999003,6115,7660,1,1000112,1000205,1624,812,3300,8117,23552,0,0
1094,299389759,816253883,0,0,0,0,1000000,1000000,1000000,0,999768,999183,336,2433,999637,999003,6115,7660,1,1000112,1000205,1624,812,3300,8117,24576,0,0
1095,299833649,817276649,0,0,0,0,1000000,1000000,1000000,0,999770,999186,336,2433,999639,999006,6115,7660,1,1000112,1000205,1624,812,3300,8117,25600,0,0
1096,299883473,817396361,0,0,0,0,1000000,1000000,1000000,0,999770,999186,336,2433,999639,999006,6115,7660,1,1000112,1000205,1624,812,3300,8117,26624,0,0
1097,300435760,818628423,0,0,0,0,1000000,1000000,1000000,0,999771,999189,336,2433,999640,999009,6115,7660,1,1000112,1000205,1624,812,3300,8117,27648,0,0
1098,300477039,818730119,0,0,0,0,1000000,1000000,1000000,0,999771,999189,336,2433,999640,999009,6115,7660,1,1000112,1000205,1624,812,3300,8117,28672,0,0
1099,300656042,819110066,0,0,0,0,1000000,1000000,1000000,0,999771,999189,336,2433,999640,999009,6115,7660,1,1000112,1000205,1624,812,3300,8117,29696,0,0
1100,301104885,820147786,0,0,0,0,1000000,1000000,1000000,0,999773,999192,336,2433,999642,999012,6115,7660,1,1000112,1000205,1624,812,3300,8117,30720,0,0
1101,301148172,820252519,0,0,0,0,1000000,1000000,1000000,0,999773,999192,336,2433,999642,999012,6115,7660,1,1000112,1000205,1624,812,3300,8117,31744,0,0
1102,301693433,821467144,0,0,0,0,1000000,1000000,1000000,0,999775,999194,336,2433,999644,999014,6115,7660,1,1000112,1000205,1624,812,3300,8117,32768,0,0
1103,301729771,821557264,0,0,0,0,1000000,1000000,1000000,0,999775,999194,336,2433,999644,999014,6115,7660,1,1000112,1000205,1624,812,3300,8117,33792,0,0
1104,301922186,821966250,0,0,0,0,1000000,1000000,1000000,0,999775,999194,336,2433,999644,999014,6115,7660,1,1000112,1000205,1624,812,3300,8117,34816,0,0
1105,302359688,822978206,0,0,0,0,1000000,1000000,1000000,0,999777,999198,336,2433,999646,999018,6115,7660,1,1000112,1000205,1624,812,3300,8117,35840,0,0
1106,302414968,823108721,0,0,0,0,1000000,1000000,1000000,0,999777,999198,336,2433,999646,999018,6115,7660,1,1000112,1000205,1624,812,3300,8117,36864,0,0
1107,302961088,824327942,0,0,0,0,1000000,1000000,1000000,0,999778,999200,336,2433,999647,999020,6115,7660,1,1000112,1000205,1624,812,3300,8117,37888,0,0
1108,303002444,824430119,0,0,0,0,1000000,1000000,1000000,0,999778,999200,336,2433,999647,999020,6115,7660,1,1000112,1000205,1624,812,3300,8117,38912,0,0
1109,303187540,824822418,0,0,0,0,1000000,1000000,1000000,0,999778,999200,336,2433,999647,999020,6115,7660,1,1000112,1000205,1624,812,3300,8117,39936,0,0
1110,303621180,825821197,0,0,0,0,1000000,1000000,1000000,0,999780,999204,336,2433,999649,999024,6115,7660,1,1000112,1000205,1624,812,3300,8117,40960,0,0
1111,303683939,825964865,0,0,0,0,1000000,1000000,1000000,0,999780,999204,336,2433,999649,999024,6115,7660,26,1000112,1000205,1624,812,3300,8117,0,0,0
1112,304227612,827174535,0,0,0,0,1000000,1000000,1000000,0,999781,999205,404,2433,999650,999026,6475,7431,1,1000112,1000205,1624,812,3300,8117,0,0,0
1113,304252016,827236836,0,0,0,0,1000000,1000000,1000000,0,999781,999205,404,2433,999650,999026,6475,7431,1,1000112,1000205,1624,812,3300,8117,1024,0,0
1114,304462419,827678614,0,0,0,0,1000000,1000000,1000000,0,999781,999205,404,2433,999650,999026,6475,7431,1,1000112,1000205,1624,812,3300,8117,2048,0,0
1115,304898658,828702223,0,0,0,0,1000000,1000000,1000000,0,999781,999205,608,2433,999650,999029,7386,6536,1,1000112,1000205,1624,812,3300,8117,3072,0,0
1116,304947942,828821087,0,0,0,0,1000000,1000000,1000000,0,999781,999205,608,2433,999650,999029,7386,6536,1,1000112,1000205,1624,812,3300,8117,4096,0,0
1117,305508377,830088435,0,0,0,0,1000000,1000000,1000000,0,999783,999206,744,2433,999652,999031,7820,5802,1,1000112,1000205,1624,812,3300,8117,5120,0,0
1118,305548904,830189251,0,0,0,0,1000000,1000000,1000000,0,999783,999206,744,2433,999652,999031,7820,5802,1,1000112,1000205,1624,812,3300,8117,6144,0,0
1119,305710740,830534777,0,0,0,0,1000000,1000000,1000000,0,999783,999206,744,2433,999652,999031,7820,5802,1,1000112,1000205,1624,812,3300,8117,7168,0,0
1120,306150480,831548592,0,0,0,0,1000000,1000000,1000000,0,999787,999207,948,2433,999655,999033,8163,4572,1,1000112,1000205,1624,812,3300,8117,8192,0,0
1121,306205594,831677245,0,0,0,0,1000000,1000000,1000000,0,999787,999207,948,2433,999655,999033,8163,4572,1,1000112,1000205,1624,812,3300,8117,9216,0,0
1122,306758766,832915357,0,0,0,0,1000000,1000000,1000000,0,999789,999207,1044,2433,999657,999033,8190,3970,1,1000112,1000205,1624,812,3300,8117,10240,0,0
1123,306794006,833003295,0,0,0,0,1000000,1000000,1000000,0,999789,999207,1044,2433,999657,999033,8190,3970,1,1000112,1000205,1624,812,3300,8117,11264,0,0
1124,306975978,833390962,0,0,0,0,1000000,1000000,1000000,0,999789,999207,1044,2433,999657,999033,8190,3970,1,1000112,1000205,1624,812,3300,8117,12288,0,0
1125,307414505,834407466,0,0,0,0,1000000,1000000,1000000,0,999793,999207,1112,2433,999660,999033,8155,3545,1,1000112,1000205,1624,812,3300,8117,13312,0,0
1126,307467428,834533442,0,0,0,0,1000000,1000000,1000000,0,999793,999207,1112,2433,999660,999033,8155,3545,1,1000112,1000205,1624,812,3300,8117,14336,0,0
1127,308015897,835760314,0,0,0,0,1000000,1000000,1000000,0,999796,999206,1248,2433,999662,999032,7953,2716,1,1000112,1000205,1624,812,3300,8117,15360,0,0
1128,308055932,835859591,0,0,0,0,1000000,1000000,1000000,0,999796,999206,1248,2433,999662,999032,7953,2716,1,1000112,1000205,1624,812,3300,8117,16384,0,0
1129,308238690,836247157,0,0,0,0,1000000,1000000,1000000,0,999796,999206,1248,2433,999662,999032,7953,2716,1,1000112,1000205,1624,812,3300,8117,17408,0,0
1130,308683285,837278451,0,0,0,0,1000000,1000000,1000000,0,999800,999204,1367,2433,999665,999030,7638,2039,1,1000112,1000205,1624,812,3300,8117,18432,0,0
1131,308731808,837389606,0,0,0,0,1000000,1000000,1000000,0,999800,999204,1367,2433,999665,999030,7638,2039,1,1000112,1000205,1624,812,3300,8117,19456,0,0
1132,309264519,838575839,0,0,0,0,1000000,1000000,1000000,0,999800,999204,1503,2433,999667,999030,7136,1350,1,1000112,1000205,1624,812,3300,8117,20480,0,0
1133,309288673,838637231,0,0,0,0,1000000,1000000,1000000,0,999800,999204,1503,2433,999667,999030,7136,1350,1,1000112,1000205,1624,812,3300,8117,21504,0,0
1134,309511256,839103328,0,0,0,0,1000000,1000000,1000000,0,999800,999204,1503,2433,999667,999030,7136,1350,1,1000112,1000205,1624,812,3300,8117,22528,0,0
1135,309929780,840069205,0,0,0,0,1000000,1000000,1000000,0,999800,999204,1639,2433,999669,999030,6501,781,1,1000112,1000205,1624,812,3300,8117,23552,0,0
1136,310009473,840245808,0,0,0,0,1000000,1000000,1000000,0,999800,999204,1639,2433,999669,999030,6501,781,1,1000112,1000205,1624,812,3300,8117,24576,0,0
1137,310537845,841422183,0,0,0,0,1000000,1000000,1000000,0,999800,999204,1775,2433,999669,999030,5762,354,1,1000112,1000205,1624,812,3300,8117,25600,0,0
1138,310567074,841496385,0,0,0,0,1000000,1000000,1000000,0,999800,999204,1775,2433,999669,999030,5762,354,1,1000112,1000205,1624,812,3300,8117,26624,0,0
1139,310788826,841959510,0,0,0,0,1000000,1000000,1000000,0,999800,999204,1775,2433,999669,999030,5762,354,1,1000112,1000205,1624,812,3300,8117,27648,0,0
1140,311217968,842953934,0,0,0,0,1000000,1000000,1000000,0,999800,999204,1979,2433,999669,999030,4529,24,1,1000112,1000205,1624,812,3300,8117,28672,0,0
1141,311284349,843101953,0,0,0,0,1000000,1000000,1000000,0,999800,999204,1979,2433,999669,999030,4529,24,1,1000112,1000205,1624,812,3300,8117,29696,0,0
1142,311829795,844326101,0,0,0,0,1000000,1000000,1000000,0,999800,999204,2115,2433,999669,999030,3677,22,1,1000112,1000205,1624,812,3300,8117,30720,0,0
1143,311854032,844388297,0,0,0,0,1000000,1000000,1000000,0,999800,999204,2115,2433,999669,999030,3677,22,1,1000112,1000205,1624,812,3300,8117,31744,0,0
1144,312057322,844815698,0,0,0,0,1000000,1000000,1000000,0,999800,999204,2115,2433,999669,999030,3677,22,1,1000112,1000205,1624,812,3300,8117,32768,0,0
1145,312498181,845839909,0,0,0,0,1000000,1000000,1000000,0,999800,999203,2319,2433,999669,999029,2442,348,1,1000112,1000205,1624,812,3300,8117,33792,0,0
1146,312548945,845958149,0,0,0,0,1000000,1000000,1000000,0,999800,999203,2319,2433,999669,999029,2442,348,1,1000112,1000205,1624,812,3300,8117,34816,0,0
1147,313087035,847162452,0,0,0,0,1000000,1000000,1000000,0,999800,999203,2455,2433,999669,999029,1702,772,1,1000112,1000205,1624,812,3300,8117,35840,0,0
1148,313116024,847235881,0,0,0,0,1000000,1000000,1000000,0,999800,999203,2455,2433,999669,999029,1702,772,1,1000112,1000205,1624,812,3300,8117,36864,0,0
1149,313324381,847671862,0,0,0,0,1000000,1000000,1000000,0,999800,999203,2455,2433,999669,999029,1702,772,1,1000112,1000205,1624,812,3300,8117,37888,0,0
1150,313759034,848681609,0,0,0,0,1000000,1000000,1000000,0,999800,999203,2659,2433,999669,999029,795,1671,1,1000112,1000205,1624,812,3300,8117,38912,0,0
1151,313817871,848814317,0,0,0,0,1000000,1000000,1000000,0,999800,999203,2659,2433,999669,999029,795,1671,1,1000112,1000205,1624,812,3300,8117,39936,0,0
1152,314354190,850010194,0,0,0,0,1000000,1000000,1000000,0,999800,999203,2795,2433,999669,999029,365,2407,1,1000112,1000205,1624,812,3300,8117,40960,0,0
1153,314378691,850073187,0,0,0,0,1000000,1000000,1000000,0,999800,999203,2795,2433,999669,999029,365,2407,26,1000112,1000205,1624,812,3300,8117,0,0,0
1154,314595211,850528054,0,0,0,0,1000000,1000000,1000000,0,999800,999203,2795,2433,999669,999029,365,2407,26,1000112,1000205,1624,812,3300,8117,0,0,0
1155,315036198,851566585,0,0,0,0,1000000,1000000,1000000,0,999800,999203,2856,2433,999669,999029,223,2763,26,1000112,1000205,1624,812,3300,8117,0,0,0
1156,315079664,851670523,0,0,0,0,1000000,1000000,1000000,0,999800,999203,2856,2433,999669,999029,223,2763,26,1000112,1000205,1624,812,3300,8117,0,0,0
1157,315628631,852914352,0,0,0,0,1000000,1000000,1000000,0,999800,999203,2856,2433,999669,999029,223,2763,26,1000112,1000205,1624,812,3300,8117,0,0,0
1158,315658297,852989921,0,0,0,0,1000000,1000000,1000000,0,999800,999203,2856,2433,999669,999029,223,2763,26,1000112,1000205,1624,812,3300,8117,0,0,0
1159,315844606,853384223,0,0,0,0,1000000,1000000,1000000,0,999800,999203,2856,2433,999669,999029,223,2763,26,1000112,1000205,1624,812,3300,8117,0,0,0
1160,316285033,854404169,0,0,0,0,1000000,1000000,1000000,0,999799,999203,2856,2433,999668,999029,223,2763,26,1000112,1000205,1624,812,3300,8117,0,0,0
1161,316338846,854526675,0,0,0,0,1000000,1000000,1000000,0,999799,999203,2856,2433,999668,999029,223,2763,26,1000112,1000205,1624,812,3300,8117,0,0,0
1162,316875080,855722927,0,0,0,0,1000000,1000000,1000000,0,999799,999203,2855,2433,999668,999029,225,2757,26,1000112,1000205,1624,812,3300,8117,0,0,0
1163,316899490,855785487,0,0,0,0,1000000,1000000,1000000,0,999799,999203,2855,2433,999668,999029,225,2757,26,1000112,1000205,1624,812,3300,8117,0,0,0
1164,317116224,856240414,0,0,0,0,1000000,1000000,1000000,0,999799,999203,2855,2433,999668,999029,225,2757,26,1000112,1000205,1624,812,3300,8117,0,0,0
1165,317539254,857218442,0,0,0,0,1000000,1000000,1000000,0,999799,999203,2856,2433,999668,999029,223,2763,26,1000112,1000205,1624,812,3300,8117,0,0,0
1166,317612782,857382887,0,0,0,0,1000000,1000000,1000000,0,999799,999203,2856,2433,999668,999029,223,2763,26,1000112,1000205,1624,812,3300,8117,0,0,0
1167,318144026,858567272,0,0,0,0,1000000,1000000,1000000,0,999799,999203,2855,2433,999668,999029,225,2757,26,1000112,1000205,1624,812,3300,8117,0,0,0
1168,318173440,858641931,0,0,0,0,1000000,1000000,1000000,0,999799,999203,2855,2433,999668,999029,225,2757,26,1000112,1000205,1624,812,3300,8117,0,0,0
1169,318391002,859096594,0,0,0,0,1000000,1000000,1000000,0,999799,999203,2855,2433,999668,999029,225,2757,26,1000112,1000205,1624,812,3300,8117,0,0,0
1170,318819026,860086855,0,0,0,0,1000000,1000000,1000000,0,999799,999203,2856,2433,999668,999029,223,2763,26,1000112,1000205,1624,812,3300,8117,0,0,0
1171,318887463,860239053,0,0,0,0,1000000,1000000,1000000,0,999799,999203,2856,2433,999668,999029,223,2763,26,1000112,1000205,1624,812,3300,8117,0,0,0
1172,319423693,861435478,0,0,0,0,1000000,1000000,1000000,0,999799,999203,2856,2433,999668,999029,223,2763,26,1000112,1000205,1624,812,3300,8117,0,0,0
1173,319448107,861497966,0,0,0,0,1000000,1000000,1000000,0,999799,999203,2856,2433,999668,999029,223,2763,26,1000112,1000205,1624,812,3300,8117,0,0,0
1174,319664775,861952766,0,0,0,0,1000000,1000000,1000000,0,999799,999203,2856,2433,999668,999029,223,2763,26,1000112,1000205,1624,812,3300,8117,0,0,0
1175,320076770,862897760,0,0,0,0,1000000,1000000,1000000,0,999799,999203,2856,2433,999668,999029,223,2763,26,1000112,1000205,1624,812,3300,8117,0,0,0
1176,320166614,863095225,0,0,0,0,1000000,1000000,1000000,0,999799,999203,2856,2433,999668,999029,223,2763,26,1000112,1000205,1624,812,3300,8117,0,0,0
1177,320686826,864246556,0,0,0,0,1000000,1000000,1000000,0,999799,999203,2855,2433,999668,999029,225,2757,26,1000112,1000205,1624,812,3300,8117,0,0,0
1178,320716230,864321191,0,0,0,0,1000000,1000000,1000000,0,999799,999203,2855,2433,999668,999029,225,2757,26,1000112,1000205,1624,812,3300,8117,0,0,0
1179,320950126,864808956,0,0,0,0,1000000,1000000,1000000,0,999799,999203,2855,2433,999668,999029,225,2757,26,1000112,1000205,1624,812,3300,8117,0,0,0
1180,321367111,865765976,0,0,0,0,1000000,1000000,1000000,0,999799,999203,2855,2433,999668,999029,225,2757,26,1000112,1000205,1624,812,3300,8117,0,0,0
1181,321451848,865951392,0,0,0,0,1000000,1000000,1000000,0,999799,999203,2855,2433,999668,999029,225,2757,26,1000112,1000205,1624,812,3300,8117,0,0,0
1182,321977052,867114494,0,0,0,0,1000000,1000000,1000000,0,999799,999203,2856,2433,999668,999029,223,2763,26,1000112,1000205,1624,812,3300,8117,0,0,0
1183,322001468,867177092,0,0,0,0,1000000,1000000,1000000,0,999799,999203,2856,2433,999668,999029,223,2763,26,1000112,1000205,1624,812,3300,8117,0,0,0
1184,322234524,867665122,0,0,0,0,1000000,1000000,1000000,0,999799,999203,2856,2433,999668,999029,223,2763,26,1000112,1000205,1624,812,3300,8117,0,0,0
1185,322646521,868610098,0,0,0,0,1000000,1000000,1000000,0,999799,999203,2855,2433,999668,999029,225,2757,26,1000112,1000205,1624,812,3300,8117,0,0,0
1186,322736362,868807610,0,0,0,0,1000000,1000000,1000000,0,999799,999203,2855,2433,999668,999029,225,2757,26,1000112,1000205,1624,812,3300,8117,0,0,0
1187,323256578,869958839,0,0,0,0,1000000,1000000,1000000,0,999799,999203,2855,2433,999668,999029,225,2757,26,1000112,1000205,1624,812,3300,8117,0,0,0
1188,323285986,870033501,0,0,0,0,1000000,1000000,1000000,0,999799,999203,2855,2433,999668,999029,225,2757,26,1000112,1000205,1624,812,3300,8117,0,0,0
1189,323519894,870521310,0,0,0,0,1000000,1000000,1000000,0,999799,999203,2855,2433,999668,999029,225,2757,26,1000112,1000205,1624,812,3300,8117,0,0,0
1190,323936871,871478425,0,0,0,0,1000000,1000000,1000000,0,999799,999203,2855,2433,999668,999029,225,2757,26,1000112,1000205,1624,812,3300,8117,0,0,0
1191,324021660,871663749,0,0,0,0,1000000,1000000,1000000,0,999799,999203,2855,2433,999668,999029,225,2757,26,1000112,1000205,1624,812,3300,8117,0,0,0
1192,324546852,872826967,0,0,0,0,1000000,1000000,1000000,0,999799,999203,2855,2433,999668,999029,225,2757,26,1000112,1000205,1624,812,3300,8117,0,0,0
1193,324571250,872889506,0,0,0,0,1000000,1000000,1000000,0,999799,999203,2855,2433,999668,999029,225,2757,26,1000112,1000205,1624,812,3300,8117,0,0,0
1194,324804294,873377486,0,0,0,0,1000000,1000000,1000000,0,999799,999203,2855,2433,999668,999029,225,2757,26,1000112,1000205,1624,812,3300,8117,0,0,0
1195,325216273,874322583,0,0,0,0,1000000,1000000,1000000,0,999799,999203,2855,2433,999668,999029,225,2757,26,1000112,1000205,1624,812,3300,8117,0,0,0
1196,325306031,874519958,0,0,0,0,1000000,1000000,1000000,0,999799,999203,2855,2433,999668,999029,225,2757,26,1000112,1000205,1624,812,3300,8117,0,0,0
1197,325826221,875671310,0,0,0,0,1000000,1000000,1000000,0,999799,999203,2854,2433,999668,999029,227,2751,26,1000112,1000205,1624,812,3300,8117,0,0,0
1198,325855611,875745933,0,0,0,0,1000000,1000000,1000000,0,999799,999203,2854,2433,999668,999029,227,2751,26,1000112,1000205,1624,812,3300,8117,0,0,0
1199,326089483,876233668,0,0,0,0,1000000,1000000,1000000,0,999799,999203,2854,2433,999668,999029,227,2751,26,1000112,1000205,1624,812,3300,8117,0,0,0
1200,326506448,877190619,0,0,0,0,1000000,1000000,1000000,0,999799,999203,2856,2433,999668,999029,223,2763,26,1000112,1000205,1624,812,3300,8117,0,0,0
1201,326591289,877376112,0,0,0,0,1000000,1000000,1000000,0,999799,999203,2856,2433,999668,999029,223,2763,26,1000112,1000205,1624,812,3300,8117,0,0,0
1202,327116466,878539274,0,0,0,0,1000000,1000000,1000000,0,999799,999203,2856,2433,999668,999029,223,2763,26,1000112,1000205,1624,812,3300,8117,0,0,0
1203,327140853,878601805,0,0,0,0,1000000,1000000,1000000,0,999799,999203,2856,2433,999668,999029,223,2763,26,1000112,1000205,1624,812,3300,8117,0,0,0
1204,327373906,879089858,0,0,0,0,1000000,1000000,1000000,0,999799,999203,2856,2433,999668,999029,223,2763,26,1000112,1000205,1624,812,3300,8117,0,0,0
1205,327786130,880035564,0,0,0,0,1000000,1000000,1000000,0,999799,999203,2843,2433,999668,999029,250,2686,26,1000112,1000205,1624,812,3300,8117,0,0,0
1206,327875587,880232321,0,0,0,0,1000000,1000000,1000000,0,999799,999203,2843,2433,999668,999029,250,2686,26,1000112,1000205,1624,812,3300,8117,0,0,0
1207,328395268,881382074,0,0,0,0,1000000,1000000,1000000,0,999799,999203,2862,2433,999668,999029,211,2799,26,1000112,1000205,1624,812,3300,8117,0,0,0
1208,328424636,881456690,0,0,0,0,1000000,1000000,1000000,0,999799,999203,2862,2433,999668,999029,211,2799,26,1000112,1000205,1624,812,3300,8117,0,0,0
1209,328659316,881946025,0,0,0,0,1000000,1000000,1000000,0,999799,999203,2862,2433,999668,999029,211,2799,26,1000112,1000205,1624,812,3300,8117,0,0,0
1210,329075718,882901491,0,0,0,0,1000000,1000000,1000000,0,999799,999203,2868,2433,999668,999029,200,2835,26,1000112,1000205,1624,812,3300,8117,0,0,0
1211,329161333,883088470,0,0,0,0,1000000,1000000,1000000,0,999799,999203,2868,2433,999668,999029,200,2835,26,1000112,1000205,1624,812,3300,8117,0,0,0
1212,329686573,884251940,0,0,0,0,1000000,1000000,1000000,0,999799,999203,2834,2433,999668,999029,270,2633,26,1000112,1000205,1624,812,3300,8117,0,0,0
1213,329711014,884314782,0,0,0,0,1000000,1000000,1000000,0,999799,999203,2834,2433,999668,999029,270,2633,0,1000112,1000205,1624,812,3300,8117,0,0,0
1214,329944087,884802199,0,0,0,0,1000000,1000000,1000000,0,999799,999203,2834,2433,999668,999029,270,2633,0,1000112,1000205,1624,812,3300,8117,613,0,0
1215,330374933,885805580,0,0,0,0,1000000,1000000,1000000,0,999799,999203,2834,2433,999668,999029,270,2633,0,1000112,1000205,1624,812,3300,8117,1226,0,0
1216,330436234,885944673,0,0,0,0,1000000,1000000,1000000,0,999799,999203,2834,2433,999668,999029,270,2633,0,1000112,1000205,1624,812,3300,8117,1839,0,0
1217,330975682,887155271,0,0,0,0,1000000,1000000,1000000,0,999799,999203,2834,2433,999668,999029,270,2633,0,1000112,1000205,1624,812,3300,8117,2452,0,0
1218,331004307,887227819,0,0,0,0,1000000,1000000,1000000,0,999799,999203,2834,2433,999668,999029,270,2633,0,1000112,1000205,1624,812,3300,8117,3065,0,0
1219,331210235,887658386,0,0,0,0,1000000,1000000,1000000,0,999799,999203,2834,2433,999668,999029,270,2633,0,1000112,1000205,1624,812,3300,8117,3678,0,0
1220,331646346,888674391,0,0,0,0,1000000,1000000,1000000,0,999799,999203,2834,2433,999668,999029,270,2633,0,1000112,1000205,1624,812,3300,8117,4291,0,0
1221,331702530,888800828,0,0,0,0,1000000,1000000,1000000,0,999799,999203,2834,2433,999668,999029,270,2633,0,1000112,1000205,1624,812,3300,8117,4904,0,0
1222,332236697,889989811,0,0,0,0,1000000,1000000,1000000,0,999799,999203,2834,2433,999668,999029,270,2633,0,1000112,1000205,1624,812,3300,8117,5517,0,0
1223,332260061,890049351,0,0,0,0,1000000,1000000,1000000,0,999799,999203,2834,2433,999668,999029,270,2633,0,1000112,1000205,1624,812,3300,8117,6130,0,0
1224,332482350,890514582,0,0,0,0,1000000,1000000,1000000,0,999799,999203,2834,2433,999668,999029,270,2633,0,1000112,1000205,1624,812,3300,8117,6743,0,0
1225,332913724,891516983,0,0,0,0,1000000,1000000,1000000,0,999799,999203,2834,2433,999668,999029,270,2633,0,1000112,1000205,1624,812,3300,8117,7356,0,0
1226,332975653,891657017,0,0,0,0,1000000,1000000,1000000,0,999799,999203,2834,2433,999668,999029,270,2633,0,1000112,1000205,1624,812,3300,8117,7969,0,0
1227,333515609,892866644,0,0,0,0,1000000,1000000,1000000,0,999799,999203,2834,2433,999668,999029,270,2633,0,1000112,1000205,1624,812,3300,8117,8582,0,0
1228,333543974,892938269,0,0,0,0,1000000,1000000,1000000,0,999799,999203,2834,2433,999668,999029,270,2633,0,1000112,1000205,1624,812,3300,8117,9195,0,0
1229,333751022,893370745,0,0,0,0,1000000,1000000,1000000,0,999799,999203,2834,2433,999668,999029,270,2633,0,1000112,1000205,1624,812,3300,8117,9808,0,0
1230,334187389,894385191,0,0,0,0,1000000,1000000,1000000,0,999799,999203,2834,2433,999668,999029,270,2633,0,1000112,1000205,1624,812,3300,8117,10421,0,0
1231,334244341,894513203,0,0,0,0,1000000,1000000,1000000,0,999799,999203,2834,2433,999668,999029,270,2633,0,1000112,1000205,1624,812,3300,8117,11034,0,0
1232,334788680,895733134,0,0,0,0,1000000,1000000,1000000,0,999799,999203,2834,2433,999668,999029,270,2633,0,1000112,1000205,1624,812,3300,8117,11647,0,0
1233,334812044,895792664,0,0,0,0,1000000,1000000,1000000,0,999799,999203,2834,2433,999668,999029,270,2633,0,1000112,1000205,1624,812,3300,8117,12260,0,0
1234,335019045,896226927,0,0,0,0,1000000,1000000,1000000,0,999799,999203,2834,2433,999668,999029,270,2633,0,1000112,1000205,1624,812,3300,8117,12873,0,0
1235,335450173,897228603,0,0,0,0,1000000,1000000,1000000,0,999799,999203,2834,2433,999668,999029,270,2633,0,1000112,1000205,1624,812,3300,8117,13486,0,0
1236,335512486,897369397,0,0,0,0,1000000,1000000,1000000,0,999799,999203,2834,2433,999668,999029,270,2633,0,1000112,1000205,1624,812,3300,8117,14099,0,0
1237,336051696,898577143,0,0,0,0,1000000,1000000,1000000,0,999799,999203,2834,2433,999668,999029,270,2633,0,1000112,1000205,1624,812,3300,8117,14712,0,0
1238,336080061,898648774,0,0,0,0,1000000,1000000,1000000,0,999799,999203,2834,2433,999668,999029,270,2633,0,1000112,1000205,1624,812,3300,8117,15325,0,0
1239,336288021,899083099,0,0,0,0,1000000,1000000,1000000,0,999799,999203,2834,2433,999668,999029,270,2633,0,1000112,1000205,1624,812,3300,8117,15938,0,0
1240,336723814,900096192,0,0,0,0,1000000,1000000,1000000,0,999799,999203,2834,2433,999668,999029,270,2633,0,1000112,1000205,1624,812,3300,8117,16551,0,0
1241,336781443,900225556,0,0,0,0,1000000,1000000,1000000,0,999799,999203,2834,2433,999668,999029,270,2633,0,1000112,1000205,1624,812,3300,8117,17164,0,0
1242,337325252,901444227,0,0,0,0,1000000,1000000,1000000,0,999799,999203,2834,2433,999668,999029,270,2633,0,1000112,1000205,1624,812,3300,8117,17777,0,0
1243,337348621,901503807,0,0,0,0,1000000,1000000,1000000,0,999799,999203,2834,2433,999668,999029,270,2633,0,1000112,1000205,1624,812,3300,8117,18390,0,0
1244,337556210,901939284,0,0,0,0,1000000,1000000,1000000,0,999799,999203,2834,2433,999668,999029,270,2633,0,1000112,1000205,1624,812,3300,8117,19003,0,0
1245,337986824,902939642,0,0,0,0,1000000,1000000,1000000,0,999799,999203,2834,2433,999668,999029,270,2633,0,1000112,1000205,1624,812,3300,8117,19616,0,0
1246,338049785,903081745,0,0,0,0,1000000,1000000,1000000,0,999799,999203,2834,2433,999668,999029,270,2633,0,1000112,1000205,1624,812,3300,8117,20229,0,0
1247,338587996,904286898,0,0,0,0,1000000,1000000,1000000,0,999799,999203,2834,2433,999668,999029,270,2633,0,1000112,1000205,1624,812,3300,8117,20842,0,0
1248,338616361,904358478,0,0,0,0,1000000,1000000,1000000,0,999799,999203,2834,2433,999668,999029,270,2633,0,1000112,1000205,1624,812,3300,8117,21455,0,0
1249,338825641,904795472,0,0,0,0,1000000,1000000,1000000,0,999799,999203,2834,2433,999668,999029,270,2633,0,1000112,1000205,1624,812,3300,8117,22068,0,0
1250,339261124,905807926,0,0,0,0,1000000,1000000,1000000,0,999799,999203,2834,2433,999668,999029,270,2633,0,1000112,1000205,1624,812,3300,8117,22681,0,0
1251,339319060,905937916,0,0,0,0,1000000,1000000,1000000,0,999799,999203,2834,2433,999668,999029,270,2633,0,1000112,1000205,1624,812,3300,8117,23294,0,0
1252,339863375,907157892,0,0,0,0,1000000,1000000,1000000,0,999799,999203,2834,2433,999668,999029,270,2633,0,1000112,1000205,1624,812,3300,8117,23907,0,0
1253,339886739,907217414,0,0,0,0,1000000,1000000,1000000,0,999799,999203,2834,2433,999668,999029,270,2633,0,1000112,1000205,1624,812,3300,8117,24520,0,0
1254,340093740,907651661,0,0,0,0,1000000,1000000,1000000,0,999799,999203,2834,2433,999668,999029,270,2633,0,1000112,1000205,1624,812,3300,8117,25133,0,0
1255,340524608,908652751,0,0,0,0,1000000,1000000,1000000,0,999799,999203,2834,2433,999668,999029,270,2633,0,1000112,1000205,1624,812,3300,8117,25746,0,0
1256,340587221,908794125,0,0,0,0,1000000,1000000,1000000,0,999799,999203,2834,2433,999668,999029,270,2633,0,1000112,1000205,1624,812,3300,8117,26359,0,0
1257,341125970,910000692,0,0,0,0,1000000,1000000,1000000,0,999799,999203,2834,2433,999668,999029,270,2633,0,1000112,1000205,1624,812,3300,8117,26972,0,0
1258,341154335,910072272,0,0,0,0,1000000,1000000,1000000,0,999799,999203,2834,2433,999668,999029,270,2633,0,1000112,1000205,1624,812,3300,8117,27585,0,0
1259,341362907,910507827,0,0,0,0,1000000,1000000,1000000,0,999799,999203,2834,2433,999668,999029,270,2633,0,1000112,1000205,1624,812,3300,8117,28198,0,0
1260,341799812,911523526,0,0,0,0,1000000,1000000,1000000,0,999799,999203,2834,2433,999668,999029,270,2633,0,1000112,1000205,1624,812,3300,8117,28811,0,0
1261,341856152,911650276,0,0,0,0,1000000,1000000,1000000,0,999799,999203,2834,2433,999668,999029,270,2633,0,1000112,1000205,1624,812,3300,8117,29424,0,0
1262,342400895,912871306,0,0,0,0,1000000,1000000,1000000,0,999799,999203,2834,2433,999668,999029,270,2633,0,1000112,1000205,1624,812,3300,8117,30037,0,0
1263,342424259,912930829,0,0,0,0,1000000,1000000,1000000,0,999799,999203,2834,2433,999668,999029,270,2633,0,1000112,1000205,1624,812,3300,8117,30650,0,0
1264,342630708,913364000,0,0,0,0,1000000,1000000,1000000,0,999799,999203,2834,2433,999668,999029,270,2633,0,1000112,1000205,1624,812,3300,8117,31263,0,0
1265,343061986,914366113,0,0,0,0,1000000,1000000,1000000,0,999799,999203,2834,2433,999668,999029,270,2633,0,1000112,1000205,1624,812,3300,8117,31876,0,0
1266,343124083,914506473,0,0,0,0,1000000,1000000,1000000,0,999799,999203,2834,2433,999668,999029,270,2633,0,1000112,1000205,1624,812,3300,8117,32489,0,0
1267,343653012,915682569,0,0,0,0,1000000,1000000,1000000,0,999799,999203,2834,2433,999668,999029,270,2633,0,1000112,1000205,1624,812,3300,8117,33102,0,0
1268,343681377,915754171,0,0,0,0,1000000,1000000,1000000,0,999799,999203,2834,2433,999668,999029,270,2633,0,1000112,1000205,1624,812,3300,8117,33715,0,0
1269,343904997,916220189,0,0,0,0,1000000,1000000,1000000,0,999799,999203,2834,2433,999668,999029,270,2633,0,1000112,1000205,1624,812,3300,8117,34328,0,0
1270,344330199,917201399,0,0,0,0,1000000,1000000,1000000,0,999799,999203,2834,2433,999668,999029,270,2633,0,1000112,1000205,1624,812,3300,8117,34941,0,0
1271,344403543,917362642,0,0,0,0,1000000,1000000,1000000,0,999799,999203,2834,2433,999668,999029,270,2633,0,1000112,1000205,1624,812,3300,8117,35554,0,0
1272,344936090,918547432,0,0,0,0,1000000,1000000,1000000,0,999799,999203,2834,2433,999668,999029,270,2633,0,1000112,1000205,1624,812,3300,8117,36167,0,0
1273,344959454,918606957,0,0,0,0,1000000,1000000,1000000,0,999799,999203,2834,2433,999668,999029,270,2633,0,1000112,1000205,1624,812,3300,8117,36780,0,0
1274,345183783,919076359,0,0,0,0,1000000,1000000,1000000,0,999799,999203,2834,2433,999668,999029,270,2633,0,1000112,1000205,1624,812,3300,8117,37393,0,0
1275,345604367,920046096,0,0,0,0,1000000,1000000,1000000,0,999799,999203,2834,2433,999668,999029,270,2633,0,1000112,1000205,1624,812,3300,8117,38006,0,0
1276,345682460,920218842,0,0,0,0,1000000,1000000,1000000,0,999799,999203,2834,2433,999668,999029,270,2633,0,1000112,1000205,1624,812,3300,8117,38619,0,0
1277,346211396,921395355,0,0,0,0,1000000,1000000,1000000,0,999799,999203,2834,2433,999668,999029,270,2633,0,1000112,1000205,1624,812,3300,8117,39232,0,0
1278,346239761,921466911,0,0,0,0,1000000,1000000,1000000,0,999799,999203,2834,2433,999668,999029,270,2633,0,1000112,1000205,1624,812,3300,8117,39845,0,0
1279,346463165,921932543,0,0,0,0,1000000,1000000,1000000,0,999799,999203,2834,2433,999668,999029,270,2633,0,1000112,1000205,1624,812,3300,8117,40458,0,0
1280,346888884,922914493,0,0,0,0,1000000,1000000,1000000,0,999799,999203,2834,2433,999668,999029,270,2633,0,1000112,1000205,1624,812,3300,8117,41071,0,0
1281,346961868,923075001,0,0,0,0,1000000,1000000,1000000,0,999799,999203,2834,2433,999668,999029,270,2633,0,1000112,1000205,1624,812,3300,8117,41684,0,0
1282,347495546,924262722,0,0,0,0,1000000,1000000,1000000,0,999799,999203,2834,2433,999668,999029,270,2633,0,1000112,1000205,1624,812,3300,8117,42297,0,0
1283,347518910,924322296,0,0,0,0,1000000,1000000,1000000,0,999799,999203,2834,2433,999668,999029,270,2633,0,1000112,1000205,1624,812,3300,8117,42910,0,0
1284,347741775,924788737,0,0,0,0,1000000,1000000,1000000,0,999799,999203,2834,2433,999668,999029,270,2633,0,1000112,1000205,1624,812,3300,8117,43523,0,0
1285,348162864,925759754,0,0,0,0,1000000,1000000,1000000,0,999799,999203,2834,2433,999668,999029,270,2633,0,1000112,1000205,1624,812,3300,8117,44136,0,0
1286,348240309,925931191,0,0,0,0,1000000,1000000,1000000,0,999799,999203,2834,2433,999668,999029,270,2633,0,1000112,1000205,1624,812,3300,8117,44749,0,0
1287,348769101,927107053,0,0,0,0,1000000,1000000,1000000,0,999799,999203,2834,2433,999668,999029,270,2633,0,1000112,1000205,1624,812,3300,8117,45362,0,0
1288,348797466,927178601,0,0,0,0,1000000,1000000,1000000,0,999799,999203,2834,2433,999668,999029,270,2633,0,1000112,1000205,1624,812,3300,8117,45975,0,0
1289,349021206,927644901,0,0,0,0,1000000,1000000,1000000,0,999799,999203,2834,2433,999668,999029,270,2633,0,1000112,1000205,1624,812,3300,8117,46588,0,0
1290,349446779,928626607,0,0,0,0,1000000,1000000,1000000,0,999799,999203,2834,2433,999668,999029,270,2633,0,1000112,1000205,1624,812,3300,8117,47201,0,0
1291,349519883,928787344,0,0,0,0,1000000,1000000,1000000,0,999799,999203,2834,2433,999668,999029,270,2633,0,1000112,1000205,1624,812,3300,8117,47814,0,0
1292,350054172,929976670,0,0,0,0,1000000,1000000,1000000,0,999799,999203,2834,2433,999668,999029,270,2633,0,1000112,1000205,1624,812,3300,8117,48427,0,0
1293,350077536,930036224,0,0,0,0,1000000,1000000,1000000,0,999799,999203,2834,2433,999668,999029,270,2633,0,1000112,1000205,1624,812,3300,8117,49040,0,0
1294,350299645,930501088,0,0,0,0,1000000,1000000,1000000,0,999799,999203,2834,2433,999668,999029,270,2633,0,1000112,1000205,1624,812,3300,8117,49653,0,0
1295,350719349,931468754,0,0,0,0,1000000,1000000,1000000,0,999799,999203,2834,2433,999668,999029,270,2633,0,1000112,1000205,1624,812,3300,8117,50266,0,0
1296,350798462,931643549,0,0,0,0,1000000,1000000,1000000,0,999799,999203,2834,2433,999668,999029,270,2633,0,1000112,1000205,1624,812,3300,8117,50879,0,0
1297,351326855,932818298,0,0,0,0,1000000,1000000,1000000,0,999799,999203,2834,2433,999668,999029,270,2633,0,1000112,1000205,1624,812,3300,8117,51492,0,0
1298,351355220,932889868,0,0,0,0,1000000,1000000,1000000,0,999799,999203,2834,2433,999668,999029,270,2633,0,1000112,1000205,1624,812,3300,8117,52105,0,0
1299,351579512,933357276,0,0,0,0,1000000,1000000,1000000,0,999799,999203,2834,2433,999668,999029,270,2633,0,1000112,1000205,1624,812,3300,8117,52718,0,0
1300,352004681,934337973,0,0,0,0,1000000,1000000,1000000,0,999799,999203,2834,2433,999668,999029,270,2633,0,1000112,1000205,1624,812,3300,8117,53331,0,0
1301,352078277,934499716,0,0,0,0,1000000,1000000,1000000,0,999799,999203,2834,2433,999668,999029,270,2633,0,1000112,1000205,1624,812,3300,8117,53944,0,0
1302,352612056,935687751,0,0,0,0,1000000,1000000,1000000,0,999799,999203,2834,2433,999668,999029,270,2633,0,1000112,1000205,1624,812,3300,8117,54557,0,0
1303,352635420,935747280,0,0,0,0,1000000,1000000,1000000,0,999799,999203,2834,2433,999668,999029,270,2633,0,1000112,1000205,1624,812,3300,8117,55170,0,0
1304,352858177,936213456,0,0,0,0,1000000,1000000,1000000,0,999799,999203,2834,2433,999668,999029,270,2633,0,1000112,1000205,1624,812,3300,8117,55783,0,0
1305,353278321,937182145,0,0,0,0,1000000,1000000,1000000,0,999799,999203,2834,2433,999668,999029,270,2633,0,1000112,1000205,1624,812,3300,8117,56396,0,0
1306,353356923,937355920,0,0,0,0,1000000,1000000,1000000,0,999799,999203,2834,2433,999668,999029,270,2633,0,1000112,1000205,1624,812,3300,8117,57009,0,0
1307,353885598,938531851,0,0,0,0,1000000,1000000,1000000,0,999799,999203,2834,2433,999668,999029,270,2633,0,1000112,1000205,1624,812,3300,8117,57622,0,0
1308,353913968,938603454,0,0,0,0,1000000,1000000,1000000,0,999799,999203,2834,2433,999668,999029,270,2633,0,1000112,1000205,1624,812,3300,8117,58235,0,0
1309,354137629,939069634,0,0,0,0,1000000,1000000,1000000,0,999799,999203,2834,2433,999668,999029,270,2633,0,1000112,1000205,1624,812,3300,8117,58848,0,0
1310,354562931,940050770,0,0,0,0,1000000,1000000,1000000,0,999799,999203,2834,2433,999668,999029,270,2633,0,1000112,1000205,1624,812,3300,8117,59461,0,0
1311,354636299,940212076,0,0,0,0,1000000,1000000,1000000,0,999799,999203,2834,2433,999668,999029,270,2633,0,1000112,1000205,1624,812,3300,8117,60074,0,0
1312,355168831,941397054,0,0,0,0,1000000,1000000,1000000,0,999799,999203,2834,2433,999668,999029,270,2633,0,1000112,1000205,1624,812,3300,8117,60687,0,0
1313,355192195,941456611,0,0,0,0,1000000,1000000,1000000,0,999799,999203,2834,2433,999668,999029,270,2633,0,1000112,1000205,1624,812,3300,8117,61300,0,0
1314,355416440,941925800,0,0,0,0,1000000,1000000,1000000,0,999799,999203,2834,2433,999668,999029,270,2633,0,1000112,1000205,1624,812,3300,8117,61913,0,0
1315,355846818,942925692,0,0,0,0,1000000,1000000,1000000,0,999799,999203,2834,2433,999668,999029,270,2633,0,1000112,1000205,1624,812,3300,8117,62526,0,0
1316,355910007,943068283,0,0,0,0,1000000,1000000,1000000,0,999799,999203,2834,2433,999668,999029,270,2633,0,1000112,1000205,1624,812,3300,8117,63139,0,0
1317,356448961,944275090,0,0,0,0,1000000,1000000,1000000,0,999799,999203,2834,2433,999668,999029,270,2633,0,1000112,1000205,1624,812,3300,8117,63752,0,0
1318,356477326,944346684,0,0,0,0,1000000,1000000,1000000,0,999799,999203,2834,2433,999668,999029,270,2633,0,1000112,1000205,1624,812,3300,8117,64365,0,0
1319,356685766,944781993,0,0,0,0,1000000,1000000,1000000,0,999799,999203,2834,2433,999668,999029,270,2633,0,1000112,1000205,1624,812,3300,8117,64978,0,0
1320,357121624,945795047,0,0,0,0,1000000,1000000,1000000,0,999799,999203,2834,2433,999668,999029,270,2633,0,1000112,1000205,1624,812,3300,8117,65591,0,0
1321,357179248,945924436,0,0,0,0,1000000,1000000,1000000,0,999799,999203,2834,2433,999668,999029,270,2633,0,1000112,1000205,1624,812,3300,8117,66204,0,0
1322,357723463,947144171,0,0,0,0,1000000,1000000,1000000,0,999799,999203,2834,2433,999668,999029,270,2633,0,1000112,1000205,1624,812,3300,8117,66817,0,0
1323,357746827,947203736,0,0,0,0,1000000,1000000,1000000,0,999799,999203,2834,2433,999668,999029,270,2633,0,1000112,1000205,1624,812,3300,8117,67430,0,0
1324,357953912,947638182,0,0,0,0,1000000,1000000,1000000,0,999799,999203,2834,2433,999668,999029,270,2633,0,1000112,1000205,1624,812,3300,8117,68043,0,0
1325,358384505,948638672,0,0,0,0,1000000,1000000,1000000,0,999799,999203,2834,2433,999668,999029,270,2633,0,1000112,1000205,1624,812,3300,8117,68656,0,0
1326,358447430,948780640,0,0,0,0,1000000,1000000,1000000,0,999799,999203,2834,2433,999668,999029,270,2633,0,1000112,1000205,1624,812,3300,8117,69269,0,0
1327,358985997,949986345,0,0,0,0,1000000,1000000,1000000,0,999799,999203,2834,2433,999668,999029,270,2633,0,1000112,1000205,1624,812,3300,8117,69882,0,0
1328,359014362,950057931,0,0,0,0,1000000,1000000,1000000,0,999799,999203,2834,2433,999668,999029,270,2633,0,1000112,1000205,1624,812,3300,8117,70495,0,0
1329,359223366,950494346,0,0,0,0,1000000,1000000,1000000,0,999799,999203,2834,2433,999668,999029,270,2633,0,1000112,1000205,1624,812,3300,8117,71108,0,0
1330,359658945,951506664,0,0,0,0,1000000,1000000,1000000,0,999799,999203,2834,2433,999668,999029,270,2633,0,1000112,1000205,1624,812,3300,8117,71721,0,0
1331,359716929,951636792,0,0,0,0,1000000,1000000,1000000,0,999799,999203,2834,2433,999668,999029,270,2633,0,1000112,1000205,1624,812,3300,8117,72334,0,0
1332,360261220,952856553,0,0,0,0,1000000,1000000,1000000,0,999799,999203,2834,2433,999668,999029,270,2633,0,1000112,1000205,1624,812,3300,8117,72947,0,0
1333,360284584,952916099,0,0,0,0,1000000,1000000,1000000,0,999799,999203,2834,2433,999668,999029,270,2633,0,1000112,1000205,1624,812,3300,8117,73560,0,0
1334,360491645,953350533,0,0,0,0,1000000,1000000,1000000,0,999799,999203,2834,2433,999668,999029,270,2633,0,1000112,1000205,1624,812,3300,8117,74173,0,0
1335,360922600,954351978,0,0,0,0,1000000,1000000,1000000,0,999799,999203,2834,2433,999668,999029,270,2633,0,1000112,1000205,1624,812,3300,8117,74786,0,0
1336,360985009,954492992,0,0,0,0,1000000,1000000,1000000,0,999799,999203,2834,2433,999668,999029,270,2633,0,1000112,1000205,1624,812,3300,8117,75399,0,0
1337,361523937,955699808,0,0,0,0,1000000,1000000,1000000,0,999799,999203,2834,2433,999668,999029,270,2633,0,1000112,1000205,1624,812,3300,8117,76012,0,0
1338,361552302,955771362,0,0,0,0,1000000,1000000,1000000,0,999799,999203,2834,2433,999668,999029,270,2633,0,1000112,1000205,1624,812,3300,8117,76625,0,0
1339,361760766,956206706,0,0,0,0,1000000,1000000,1000000,0,999799,999203,2834,2433,999668,999029,270,2633,0,1000112,1000205,1624,812,3300,8117,77238,0,0
1340,362195835,957217728,0,0,0,0,1000000,1000000,1000000,0,999799,999203,2834,2433,999668,999029,270,2633,0,1000112,1000205,1624,812,3300,8117,77851,0,0
1341,362254455,957349159,0,0,0,0,1000000,1000000,1000000,0,999799,999203,2834,2433,999668,999029,270,2633,0,1000112,1000205,1624,812,3300,8117,78464,0,0
1342,362798745,958569273,0,0,0,0,1000000,1000000,1000000,0,999799,999203,2834,2433,999668,999029,270,2633,0,1000112,1000205,1624,812,3300,8117,79077,0,0
1343,362822185,958629152,0,0,0,0,1000000,1000000,1000000,0,999799,999203,2834,2433,999668,999029,270,2633,0,1000112,1000205,1624,812,3300,8117,79690,0,0
1344,363028903,959062895,0,0,0,0,1000000,1000000,1000000,0,999799,999203,2834,2433,999668,999029,270,2633,0,1000112,1000205,1624,812,3300,8117,80303,0,0
1345,363459766,960063988,0,0,0,0,1000000,1000000,1000000,0,999799,999203,2834,2433,999668,999029,270,2633,0,1000112,1000205,1624,812,3300,8117,80916,0,0
1346,363522372,960205345,0,0,0,0,1000000,1000000,1000000,0,999799,999203,2834,2433,999668,999029,270,2633,0,1000112,1000205,1624,812,3300,8117,81529,0,0
1347,364060699,961410475,0,0,0,0,1000000,1000000,1000000,0,999799,999203,2834,2433,999668,999029,270,2633,0,1000112,1000205,1624,812,3300,8117,82142,0,0
1348,364089064,961482070,0,0,0,0,1000000,1000000,1000000,0,999799,999203,2834,2433,999668,999029,270,2633,0,1000112,1000205,1624,812,3300,8117,82755,0,0
1349,364298368,961919078,0,0,0,0,1000000,1000000,1000000,0,999799,999203,2834,2433,999668,999029,270,2633,0,1000112,1000205,1624,812,3300,8117,83368,0,0
1350,364734684,962933302,0,0,0,0,1000000,1000000,1000000,0,999799,999203,2834,2433,999668,999029,270,2633,0,1000112,1000205,1624,812,3300,8117,83981,0,0
1351,364791732,963061504,0,0,0,0,1000000,1000000,1000000,0,999799,999203,2834,2433,999668,999029,270,2633,0,1000112,1000205,1624,812,3300,8117,84594,0,0
1352,365336020,964281594,0,0,0,0,1000000,1000000,1000000,0,999799,999203,2834,2433,999668,999029,270,2633,0,1000112,1000205,1624,812,3300,8117,85207,0,0
1353,365359384,964341154,0,0,0,0,1000000,1000000,1000000,0,999799,999203,2834,2433,999668,999029,270,2633,0,1000112,1000205,1624,812,3300,8117,85820,0,0
1354,365566325,964775249,0,0,0,0,1000000,1000000,1000000,0,999799,999203,2834,2433,999668,999029,270,2633,0,1000112,1000205,1624,812,3300,8117,86433,0,0
1355,365984906,965740115,0,0,0,0,1000000,1000000,1000000,0,999799,999203,2834,2433,999668,999029,270,2633,0,1000112,1000205,1624,812,3300,8117,87046,0,0
1356,366065351,965917713,0,0,0,0,1000000,1000000,1000000,0,999799,999203,2834,2433,999668,999029,270,2633,0,1000112,1000205,1624,812,3300,8117,87659,0,0
1357,366593003,967090821,0,0,0,0,1000000,1000000,1000000,0,999799,999203,2834,2433,999668,999029,270,2633,0,1000112,1000205,1624,812,3300,8117,88272,0,0
1358,366621368,967162367,0,0,0,0,1000000,1000000,1000000,0,999799,999203,2834,2433,999668,999029,270,2633,0,1000112,1000205,1624,812,3300,8117,88885,0,0
1359,366846464,967631415,0,0,0,0,1000000,1000000,1000000,0,999799,999203,2834,2433,999668,999029,270,2633,0,1000112,1000205,1624,812,3300,8117,89498,0,0
1360,367328114,968759009,0,0,0,0,1000000,1000000,1000000,0,999799,999203,2834,2394,999677,999023,270,2633,0,1000112,1000203,1794,699,3333,8136,90111,0,0
1361,367356937,968830916,0,0,0,0,1000000,1000000,1000000,0,999799,999203,2834,2394,999677,999023,270,2633,0,1000112,1000203,1794,699,3333,8136,90724,0,0
1362,367931976,970147835,0,0,0,0,1000000,1000000,1000000,0,999799,999203,2834,2321,999696,999010,270,2633,0,1000112,1000199,2161,470,3411,8136,91337,0,0
1363,367960531,970218752,0,0,0,0,1000000,1000000,1000000,0,999799,999203,2834,2321,999696,999010,270,2633,0,1000112,1000199,2161,470,3411,8136,91950,0,0
1364,368086065,970487603,0,0,0,0,1000000,1000000,1000000,0,999799,999203,2834,2321,999696,999010,270,2633,0,1000112,1000199,2161,470,3411,8136,92563,0,0
1365,368580131,971653139,0,0,0,0,1000000,1000000,1000000,0,999799,999203,2834,2226,999727,998996,270,2633,0,1000112,1000192,2750,225,3540,8154,93176,0,0
1366,368609254,971726431,0,0,0,0,1000000,1000000,1000000,0,999799,999203,2834,2226,999727,998996,270,2633,0,1000112,1000192,2750,225,3540,8154,93789,0,0
1367,368837670,972201317,0,0,0,0,1000000,1000000,1000000,0,999799,999203,2834,2226,999727,998996,270,2633,0,1000112,1000192,2750,225,3540,8154,94402,0,0
1368,369523517,973702174,0,0,0,0,1000000,1000000,1000000,0,999799,999203,2834,2139,999775,999069,270,2633,0,1000112,1000173,3374,61,3765,8192,95015,0,0
1369,369554139,973775576,0,0,0,0,1000000,1000000,1000000,0,999799,999203,2834,2139,999775,999069,270,2633,0,1000112,1000173,3374,61,3765,8192,95628,0,0
1370,369616714,973915023,0,0,0,0,1000000,1000000,1000000,0,999799,999203,2834,2139,999775,999069,270,2633,0,1000112,1000173,3374,61,3765,8192,96241,0,0
1371,370042903,974936856,0,0,0,0,1000000,1000000,1000000,0,999799,999203,2834,2059,999796,999069,270,2633,0,1000112,1000167,4005,0,3944,8192,96854,0,0
1372,370096356,975057508,0,0,0,0,1000000,1000000,1000000,0,999799,999203,2834,2059,999796,999069,270,2633,0,1000112,1000167,4005,0,3944,8192,97467,0,0
1373,370621417,976271846,0,0,0,0,1000000,1000000,1000000,0,999799,999203,2834,2006,999810,999069,270,2633,0,1000112,1000162,4432,0,4096,8192,98080,0,0
1374,370651587,976344936,0,0,0,0,1000000,1000000,1000000,0,999799,999203,2834,2006,999810,999069,270,2633,0,1000112,1000162,4432,0,4096,8192,98693,0,0
1375,370856017,976771219,0,0,0,0,1000000,1000000,1000000,0,999799,999203,2834,2006,999810,999069,270,2633,0,1000112,1000162,4432,0,4096,8192,99306,0,0
1376,371278693,977771619,0,0,0,0,1000000,1000000,1000000,0,999799,999203,2834,1924,999831,999071,270,2633,0,1000112,1000156,5066,92,4278,8192,99919,0,0
1377,371342988,977913650,0,0,0,0,1000000,1000000,1000000,0,999799,999203,2834,1924,999831,999071,270,2633,0,1000112,1000156,5066,92,4278,8192,100532,0,0
1378,371859931,979106583,0,0,0,0,1000000,1000000,1000000,0,999799,999203,2834,1862,999846,999074,270,2633,0,1000112,1000153,5501,240,4365,8192,101145,0,0
1379,371888765,979176421,0,0,0,0,1000000,1000000,1000000,0,999799,999203,2834,1862,999846,999074,270,2633,0,1000112,1000153,5501,240,4365,8192,101758,0,0
1380,372104839,979627400,0,0,0,0,1000000,1000000,1000000,0,999799,999203,2834,1862,999846,999074,270,2633,0,1000112,1000153,5501,240,4365,8192,102371,0,0
1381,372529667,980641580,0,0,0,0,1000000,1000000,1000000,0,999799,999203,2834,1795,999861,999078,270,2633,0,1000112,1000150,5922,413,4449,8192,102984,0,0
1382,372586648,980769846,0,0,0,0,1000000,1000000,1000000,0,999799,999203,2834,1795,999861,999078,270,2633,0,1000112,1000150,5922,413,4449,8192,103597,0,0
1383,373115729,982007478,0,0,0,0,1000000,1000000,1000000,0,999798,999203,2902,1792,999861,999077,139,3040,24,1000112,1000150,5939,410,4447,8192,0,0,0
1384,373147540,982085347,0,0,0,0,1000000,1000000,1000000,0,999798,999203,2902,1792,999861,999077,139,3040,24,1000112,1000150,5939,410,4447,8192,1024,0,0
1385,373336895,982483567,0,0,0,0,1000000,1000000,1000000,0,999798,999203,2902,1792,999861,999077,139,3040,24,1000112,1000150,5939,410,4447,8192,2048,0,0
1386,373802022,983613192,0,0,0,0,1000000,1000000,1000000,0,999798,999203,3106,1795,999862,999074,5,4309,24,1000112,1000150,5916,427,4437,8192,3072,0,0
1387,373827202,983678137,0,0,0,0,1000000,1000000,1000000,0,999798,999203,3106,1795,999862,999074,5,4309,24,1000112,1000150,5916,427,4437,8192,4096,0,0
1388,374377359,984973837,0,0,0,0,1000000,1000000,1000000,0,999797,999203,3242,1795,999862,999072,138,5151,24,1000112,1000150,5919,421,4432,8192,5120,0,0
1389,374402529,985038615,0,0,0,0,1000000,1000000,1000000,0,999797,999203,3242,1795,999862,999072,138,5151,24,1000112,1000150,5919,421,4432,8192,6144,0,0
1390,374544131,985339744,0,0,0,0,1000000,1000000,1000000,0,999797,999203,3242,1795,999862,999072,138,5151,24,1000112,1000150,5919,421,4432,8192,7168,0,0
1391,374981077,986380420,0,0,0,0,1000000,1000000,1000000,0,999797,999203,3446,1793,999864,999069,655,6318,24,1000112,1000149,5937,413,4453,8192,8192,0,0
1392,375024660,986482218,0,0,0,0,1000000,1000000,1000000,0,999797,999203,3446,1793,999864,999069,655,6318,24,1000112,1000149,5937,413,4453,8192,9216,0,0
1393,375547818,987696743,0,0,0,0,1000000,1000000,1000000,0,999797,999203,3582,1794,999864,999068,1191,6983,24,1000112,1000149,5925,410,4450,8192,10240,0,0
1394,375579417,987773868,0,0,0,0,1000000,1000000,1000000,0,999797,999203,3582,1794,999864,999068,1191,6983,24,1000112,1000149,5925,410,4450,8192,11264,0,0
1395,375780866,988195926,0,0,0,0,1000000,1000000,1000000,0,999797,999203,3582,1794,999864,999068,1191,6983,24,1000112,1000149,5925,410,4450,8192,12288,0,0
1396,376230786,989268830,0,0,0,0,1000000,1000000,1000000,0,999797,999203,3784,1792,999865,999067,2209,7731,24,1000112,1000149,5928,432,4446,8192,13312,0,0
1397,376266157,989357041,0,0,0,0,1000000,1000000,1000000,0,999797,999203,3784,1792,999865,999067,2209,7731,24,1000112,1000149,5928,432,4446,8192,14336,0,0
1398,376798288,990590527,0,0,0,0,1000000,1000000,1000000,0,999797,999204,3920,1794,999865,999067,3004,8044,24,1000112,1000149,5928,405,4446,8192,15360,0,0
1399,376833138,990676941,0,0,0,0,1000000,1000000,1000000,0,999797,999204,3920,1794,999865,999067,3004,8044,24,1000112,1000149,5928,405,4446,8192,16384,0,0
1400,377010191,991052111,0,0,0,0,1000000,1000000,1000000,0,999797,999204,3920,1794,999865,999067,3004,8044,24,1000112,1000149,5928,405,4446,8192,17408,0,0
1401,377467928,992145005,0,0,0,0,1000000,1000000,1000000,0,999796,999206,4034,1792,999865,999068,3707,8173,24,1000112,1000149,5931,426,4441,8192,18432,0,0
1402,377509969,992246363,0,0,0,0,1000000,1000000,1000000,0,999796,999206,4034,1792,999865,999068,3707,8173,24,1000112,1000149,5931,426,4441,8192,19456,0,0
1403,378039471,993471780,0,0,0,0,1000000,1000000,1000000,0,999796,999208,0,1793,999866,999068,4096,8192,24,1000112,1000149,5933,421,4437,8192,20480,0,0
1404,378080855,993571928,0,0,0,0,1000000,1000000,1000000,0,999796,999208,0,1793,999866,999068,4096,8192,24,1000112,1000149,5933,421,4437,8192,21504,0,0
1405,378238351,993908291,0,0,0,0,1000000,1000000,1000000,0,999796,999208,0,1793,999866,999068,4096,8192,27,1000112,1000149,5933,421,4437,8192,0,0,0
1406,378706744,995032075,0,0,0,0,1000000,1000000,1000000,0,999796,999212,0,1794,999866,999070,4096,8192,27,1000112,1000149,5922,418,4435,8192,1024,0,0
1407,378732217,995097851,0,0,0,0,1000000,1000000,1000000,0,999796,999212,0,1794,999866,999070,4096,8192,27,1000112,1000149,5922,418,4435,8192,2048,0,0
1408,379225080,996245584,0,0,0,0,1000000,1000000,1000000,0,999796,999212,32,1794,999866,999071,4297,8187,27,1000112,1000149,5922,418,4435,8192,3072,0,0
1409,379250016,996309595,0,0,0,0,1000000,1000000,1000000,0,999796,999212,32,1794,999866,999071,4297,8187,27,1000112,1000149,5922,418,4435,8192,4096,0,0
1410,379467254,996764456,0,0,0,0,1000000,1000000,1000000,0,999796,999212,32,1794,999866,999071,4297,8187,27,1000112,1000149,5922,418,4435,8192,5120,0,0
1411,379876433,997750150,0,0,0,0,1000000,1000000,1000000,0,999796,999212,46,1794,999866,999071,4384,8182,27,1000112,1000149,5922,418,4435,8192,6144,0,0
1412,379946712,997906939,0,0,0,0,1000000,1000000,1000000,0,999796,999212,46,1794,999866,999071,4384,8182,27,1000112,1000149,5922,418,4435,8192,7168,0,0
1413,380424978,999003011,0,0,0,0,1000000,1000000,1000000,0,999796,999213,65,1794,999866,999072,4503,8172,27,1000112,1000149,5922,418,4435,8192,8192,0,0
1414,380456450,999080718,0,0,0,0,1000000,1000000,1000000,0,999796,999213,65,1794,999866,999072,4503,8172,27,1000112,1000149,5922,418,4435,8192,9216,0,0
1415,380862576,1000045415,0,0,0,0,1000000,1000000,1000000,0,999797,999213,65,1794,999867,999072,4503,8172,27,1000112,1000149,5922,418,4435,8192,10240,0,0
1416,380926585,1000191872,0,0,0,0,1000000,1000000,1000000,0,999797,999213,65,1794,999867,999072,4503,8172,27,1000112,1000149,5922,418,4435,8192,11264,0,0
1417,381445937,1001392865,0,0,0,0,1000000,1000000,1000000,0,999797,999215,96,1792,999866,999077,4697,8148,27,1000112,1000149,5931,426,4441,8192,12288,0,0
1418,381477156,1001469680,0,0,0,0,1000000,1000000,1000000,0,999797,999215,96,1792,999866,999077,4697,8148,27,1000112,1000149,5931,426,4441,8192,13312,0,0
1419,381683938,1001905579,0,0,0,0,1000000,1000000,1000000,0,999797,999215,96,1792,999866,999077,4697,8148,27,1000112,1000149,5931,426,4441,8192,14336,0,0
1420,382109155,1002906386,0,0,0,0,1000000,1000000,1000000,0,999797,999218,103,1792,999866,999079,4740,8141,27,1000112,1000149,5931,426,4441,8192,15360,0,0
1421,382171054,1003048043,0,0,0,0,1000000,1000000,1000000,0,999797,999218,103,1792,999866,999079,4740,8141,27,1000112,1000149,5931,426,4441,8192,16384,0,0
1422,382694510,1004257158,0,0,0,0,1000000,1000000,1000000,0,999798,999222,108,1792,999866,999083,4771,8136,27,1000112,1000149,5928,432,4446,8192,17408,0,0
1423,382730112,1004345389,0,0,0,0,1000000,1000000,1000000,0,999798,999222,108,1792,999866,999083,4771,8136,27,1000112,1000149,5928,432,4446,8192,18432,0,0
1424,382927214,1004761761,0,0,0,0,1000000,1000000,1000000,0,999798,999222,108,1792,999866,999083,4771,8136,27,1000112,1000149,5928,432,4446,8192,19456,0,0
1425,383366919,1005807321,0,0,0,0,1000000,1000000,1000000,0,999799,999230,108,1793,999866,999089,4771,8136,27,1000112,1000149,5937,413,4453,8192,20480,0,0
1426,383409092,1005909417,0,0,0,0,1000000,1000000,1000000,0,999799,999230,108,1793,999866,999089,4771,8136,27,1000112,1000149,5937,413,4453,8192,21504,0,0
1427,383940019,1007135957,0,0,0,0,1000000,1000000,1000000,0,999800,999237,77,1792,999866,999096,4578,8164,27,1000112,1000150,5935,418,4430,8192,22528,0,0
1428,383982021,1007237296,0,0,0,0,1000000,1000000,1000000,0,999800,999237,77,1792,999866,999096,4578,8164,27,1000112,1000150,5935,418,4430,8192,23552,0,0
1429,384161622,1007617939,0,0,0,0,1000000,1000000,1000000,0,999800,999237,77,1792,999866,999096,4578,8164,27,1000112,1000150,5935,418,4430,8192,24576,0,0
1430,384634570,1008722835,0,0,0,0,1000000,1000000,1000000,0,999802,999249,77,1792,999866,999109,4578,8164,27,1000112,1000150,5929,430,4439,8192,24576,0,0
1431,384670875,1008812950,0,0,0,0,1000000,1000000,1000000,0,999802,999249,77,1792,999866,999109,4578,8164,27,1000112,1000150,5929,430,4439,8192,24576,0,0
1432,385312228,1010199870,0,0,0,0,1000000,1000000,1000000,0,999802,999258,44,1792,999866,999117,4372,8183,27,1000112,1000150,5929,430,4439,8192,24576,0,0
1433,385348539,1010291363,0,0,0,0,1000000,1000000,1000000,0,999802,999258,44,1792,999866,999117,4372,8183,2,1000112,1000150,5929,430,4439,8192,0,0,0
1434,385429800,1010474140,0,0,0,0,1000000,1000000,1000000,0,999802,999258,44,1792,999866,999117,4372,8183,2,1000112,1000150,5929,430,4439,8192,1024,0,0
1435,385870147,1011535951,0,0,0,0,1000000,1000000,1000000,0,999803,999272,13,1792,999866,999131,4178,8192,2,1000112,1000150,5939,410,4447,8192,2048,0,0
1436,385911759,1011637977,0,0,0,0,1000000,1000000,1000000,0,999803,999272,13,1792,999866,999131,4178,8192,2,1000112,1000150,5939,410,4447,8192,3072,0,0
1437,386392936,1012728736,0,0,0,0,1000000,1000000,1000000,0,999803,999282,13,1792,999866,999141,4178,8192,2,1000112,1000150,5939,410,4447,8192,4096,0,0
1438,386435203,1012831998,0,0,0,0,1000000,1000000,1000000,0,999803,999282,13,1792,999866,999141,4178,8192,2,1000112,1000150,5939,410,4447,8192,5120,0,0
1439,386822967,1013759194,0,0,0,0,1000000,1000000,1000000,0,999803,999291,4057,1792,999866,999150,3851,8184,2,1000112,1000150,5939,410,4447,8192,6144,0,0
1440,386884553,1013901550,0,0,0,0,1000000,1000000,1000000,0,999803,999291,4057,1792,999866,999150,3851,8184,2,1000112,1000150,5939,410,4447,8192,7168,0,0
1441,387343226,1014937409,0,0,0,0,1000000,1000000,1000000,0,999802,999301,4057,1792,999865,999160,3851,8184,2,1000112,1000150,5939,410,4447,8192,8192,0,0
1442,387387297,1015044025,0,0,0,0,1000000,1000000,1000000,0,999802,999301,4057,1792,999865,999160,3851,8184,2,1000112,1000150,5939,410,4447,8192,9216,0,0
1443,387816282,1016057142,0,0,0,0,1000000,1000000,1000000,0,999801,999310,4017,1792,999865,999167,3601,8161,2,1000112,1000150,5929,430,4439,8192,10240,0,0
1444,387871522,1016186487,0,0,0,0,1000000,1000000,1000000,0,999801,999310,4017,1792,999865,999167,3601,8161,2,1000112,1000150,5929,430,4439,8192,11264,0,0
1445,388548117,1017646910,0,0,0,0,1000000,1000000,1000000,0,999800,999319,4017,1792,999865,999174,3601,8161,2,1000112,1000150,5932,424,4434,8192,12288,0,0
1446,388592906,1017754643,0,0,0,0,1000000,1000000,1000000,0,999800,999319,4017,1792,999865,999174,3601,8161,2,1000112,1000150,5932,424,4434,8192,13312,0,0
1447,388656115,1017900189,0,0,0,0,1000000,1000000,1000000,0,999800,999319,4017,1792,999865,999174,3601,8161,2,1000112,1000150,5932,424,4434,8192,14336,0,0
1448,389079537,1018890595,0,0,0,0,1000000,1000000,1000000,0,999798,999333,3998,1794,999864,999185,3482,8146,2,1000112,1000149,5922,416,4455,8192,15360,0,0
1449,389146254,1019042636,0,0,0,0,1000000,1000000,1000000,0,999798,999333,3998,1794,999864,999185,3482,8146,2,1000112,1000149,5922,416,4455,8192,16384,0,0
1450,389665893,1020231364,0,0,0,0,1000000,1000000,1000000,0,999797,999342,3974,1794,999864,999192,3334,8120,2,1000112,1000149,5925,410,4450,8192,17408,0,0
1451,389707069,1020331386,0,0,0,0,1000000,1000000,1000000,0,999797,999342,3974,1794,999864,999192,3334,8120,2,1000112,1000149,5925,410,4450,8192,18432,0,0
1452,389908349,1020756380,0,0,0,0,1000000,1000000,1000000,0,999797,999342,3974,1794,999864,999192,3334,8120,2,1000112,1000149,5925,410,4450,8192,19456,0,0
1453,390323460,1021730855,0,0,0,0,1000000,1000000,1000000,0,999794,999356,3974,1794,999864,999200,3334,8120,2,1000112,1000149,5922,418,4435,8192,20480,0,0
1454,390397985,1021898847,0,0,0,0,1000000,1000000,1000000,0,999794,999356,3974,1794,999864,999200,3334,8120,2,1000112,1000149,5922,418,4435,8192,21504,0,0
1455,390911597,1023076188,0,0,0,0,1000000,1000000,1000000,0,999792,999365,3932,1792,999865,999204,3076,8062,2,1000112,1000148,5930,428,4447,8192,22528,0,0
1456,390964036,1023205519,0,0,0,0,1000000,1000000,1000000,0,999792,999365,3932,1792,999865,999204,3076,8062,2,1000112,1000148,5930,428,4447,8192,23552,0,0
1457,391155804,1023612545,0,0,0,0,1000000,1000000,1000000,0,999792,999365,3932,1792,999865,999204,3076,8062,2,1000112,1000148,5930,428,4447,8192,24576,0,0
1458,391595964,1024654019,0,0,0,0,1000000,1000000,1000000,0,999787,999379,3878,1792,999867,999208,2751,7965,2,1000112,1000147,5932,424,4449,8192,25600,0,0
1459,391636039,1024755013,0,0,0,0,1000000,1000000,1000000,0,999787,999379,3878,1792,999867,999208,2751,7965,2,1000112,1000147,5932,424,4449,8192,26624,0,0
1460,392153606,1025948877,0,0,0,0,1000000,1000000,1000000,0,999784,999387,3849,1794,999868,999209,2581,7901,2,1000112,1000146,5918,428,4456,8192,27648,0,0
1461,392191331,1026044734,0,0,0,0,1000000,1000000,1000000,0,999784,999387,3849,1794,999868,999209,2581,7901,2,1000112,1000146,5918,428,4456,8192,28672,0,0
1462,392387916,1026468745,0,0,0,0,1000000,1000000,1000000,0,999784,999387,3849,1794,999868,999209,2581,7901,2,1000112,1000146,5918,428,4456,8192,29696,0,0
1463,392814420,1027483026,0,0,0,0,1000000,1000000,1000000,0,999778,999400,3808,1793,999867,999213,2345,7799,2,1000112,1000146,5930,427,4437,8192,30720,0,0
1464,392864978,1027611207,0,0,0,0,1000000,1000000,1000000,0,999778,999400,3808,1793,999867,999213,2345,7799,2,1000112,1000146,5930,427,4437,8192,31744,0,0
1465,393351529,1028729576,0,0,0,0,1000000,1000000,1000000,0,999774,999408,3786,1828,999855,999212,2220,7737,2,1000112,1000147,5717,333,4407,8192,0,0,0
1466,393409257,1028871854,0,0,0,0,1000000,1000000,1000000,0,999774,999408,3786,1828,999855,999212,2220,7737,2,1000112,1000147,5717,333,4407,8192,1024,0,0
1467,393806078,1029816036,0,0,0,0,1000000,1000000,1000000,0,999770,999417,3859,1892,999832,999209,2639,7924,2,1000112,1000151,5298,164,4320,8192,2048,0,0
1468,393862615,1029956281,0,0,0,0,1000000,1000000,1000000,0,999770,999417,3859,1892,999832,999209,2639,7924,2,1000112,1000151,5298,164,4320,8192,3072,0,0
1469,394328857,1031027985,0,0,0,0,1000000,1000000,1000000,0,999768,999426,3925,1952,999809,999210,3034,8051,2,1000112,1000155,4858,61,4236,8192,4096,0,0
1470,394379064,1031155266,0,0,0,0,1000000,1000000,1000000,0,999768,999426,3925,1952,999809,999210,3034,8051,2,1000112,1000155,4858,61,4236,8192,5120,0,0
1471,394775662,1032102129,0,0,0,0,1000000,1000000,1000000,0,999766,999435,3985,2009,999785,999214,3402,8133,2,1000112,1000160,4414,0,4135,8192,6144,0,0
1472,394826078,1032230127,0,0,0,0,1000000,1000000,1000000,0,999766,999435,3985,2009,999785,999214,3402,8133,2,1000112,1000160,4414,0,4135,8192,7168,0,0
1473,395246847,1033222323,0,0,0,0,1000000,1000000,1000000,0,999765,999445,4040,2065,999760,999221,3745,8176,2,1000112,1000164,3959,0,4057,8192,8192,0,0
1474,395296803,1033349265,0,0,0,0,1000000,1000000,1000000,0,999765,999445,4040,2065,999760,999221,3745,8176,2,1000112,1000164,3959,0,4057,8192,9216,0,0
1475,395663042,1034237813,0,0,0,0,1000000,1000000,1000000,0,999765,999454,0,2111,999739,999229,4096,8192,2,1000112,1000169,3592,20,3961,8192,10240,0,0
1476,395762883,1034466044,0,0,0,0,1000000,1000000,1000000,0,999765,999454,0,2111,999739,999229,4096,8192,2,1000112,1000169,3592,20,3961,8192,11264,0,0
1477,396406101,1035862674,0,0,0,0,1000000,1000000,1000000,0,999765,999463,35,2147,999724,999238,4315,8186,2,1000112,1000174,3308,58,3866,8192,12288,0,0
1478,396457889,1035992679,0,0,0,0,1000000,1000000,1000000,0,999765,999463,35,2147,999724,999238,4315,8186,2,1000112,1000174,3308,58,3866,8192,13312,0,0
1479,396540246,1036179752,0,0,0,0,1000000,1000000,1000000,0,999765,999463,35,2147,999724,999238,4315,8186,2,1000112,1000174,3308,58,3866,8192,14336,0,0
1480,396922473,1037094511,0,0,0,0,1000000,1000000,1000000,0,999766,999477,62,2148,999724,999249,4484,8174,2,1000112,1000174,3304,76,3870,8192,15360,0,0
1481,397025133,1037322207,0,0,0,0,1000000,1000000,1000000,0,999766,999477,62,2148,999724,999249,4484,8174,2,1000112,1000174,3304,76,3870,8192,16384,0,0
1482,397478973,1038380670,0,0,0,0,1000000,1000000,1000000,0,999767,999487,70,2147,999725,999257,4534,8168,2,1000112,1000174,3311,75,3872,8192,17408,0,0
1483,397522465,1038488147,0,0,0,0,1000000,1000000,1000000,0,999767,999487,70,2147,999725,999257,4534,8168,2,1000112,1000174,3311,75,3872,8192,18432,0,0
1484,397870864,1039324914,0,0,0,0,1000000,1000000,1000000,0,999768,999496,70,2147,999726,999266,4534,8168,2,1000112,1000174,3311,75,3872,8192,19456,0,0
1485,398000318,1039607138,0,0,0,0,1000000,1000000,1000000,0,999768,999496,70,2147,999726,999266,4534,8168,2,1000112,1000174,3311,75,3872,8192,20480,0,0
1486,398409780,1040561004,0,0,0,0,1000000,1000000,1000000,0,999770,999505,78,2147,999728,999275,4584,8163,2,1000112,1000174,3311,75,3872,8192,21504,0,0
1487,398492566,1040749614,0,0,0,0,1000000,1000000,1000000,0,999770,999505,78,2147,999728,999275,4584,8163,2,1000112,1000174,3311,75,3872,8192,22528,0,0
1488,398843770,1041603554,0,0,0,0,1000000,1000000,1000000,0,999771,999515,91,2147,999729,999285,4665,8153,2,1000112,1000174,3311,75,3872,8192,23552,0,0
1489,398975294,1041892073,0,0,0,0,1000000,1000000,1000000,0,999771,999515,91,2147,999729,999285,4665,8153,2,1000112,1000174,3311,75,3872,8192,24576,0,0
1490,399406231,1042901904,0,0,0,0,1000000,1000000,1000000,0,999772,999524,103,2147,999730,999294,4740,8141,2,1000112,1000174,3311,75,3872,8192,25600,0,0
1491,399461292,1043034566,0,0,0,0,1000000,1000000,1000000,0,999772,999524,103,2147,999730,999294,4740,8141,2,1000112,1000174,3311,75,3872,8192,26624,0,0
1492,399835606,1043936990,0,0,0,0,1000000,1000000,1000000,0,999774,999533,103,2147,999732,999303,4740,8141,2,1000112,1000174,3311,75,3872,8192,27648,0,0
1493,399943254,1044177024,0,0,0,0,1000000,1000000,1000000,0,999774,999533,103,2147,999732,999303,4740,8141,2,1000112,1000174,3311,75,3872,8192,28672,0,0
1494,400537278,1045475690,0,0,0,0,1000000,1000000,1000000,0,999775,999542,111,2147,999733,999312,4789,8133,2,1000112,1000174,3311,75,3872,8192,29696,0,0
1495,400575948,1045573408,0,0,0,0,1000000,1000000,1000000,0,999775,999542,111,2147,999733,999312,4789,8133,2,1000112,1000174,3311,75,3872,8192,30720,0,0
1496,400720342,1045890753,0,0,0,0,1000000,1000000,1000000,0,999775,999542,111,2147,999733,999312,4789,8133,2,1000112,1000174,3311,75,3872,8192,31744,0,0
1497,401086969,1046774302,0,0,0,0,1000000,1000000,1000000,0,999778,999556,120,2147,999736,999326,4845,8123,2,1000096,1000158,3311,75,4040,8192,0,0,0
1498,401202133,1047033224,0,0,0,0,1000000,1000000,1000000,0,999778,999556,120,2147,999736,999326,4845,8123,2,1000096,1000158,3311,75,4040,8192,1024,0,0
1499,401618496,1048029035,0,0,0,0,1000000,1000000,1000000,0,999780,999565,120,2138,999742,999335,4845,8123,2,1000096,1000158,3383,57,3946,8192,2048,0,0
1500,401678095,1048175694,0,0,0,0,1000000,1000000,1000000,0,999780,999565,120,2138,999742,999335,4845,8123,2,1000096,1000158,3383,57,3946,8192,3072,0,0
1501,402039459,1049066429,0,0,0,0,1000000,1000000,1000000,0,999781,999575,100,2119,999751,999344,4721,8144,2,1000096,1000158,3533,38,3909,8192,4096,0,0
1502,402150968,1049318184,0,0,0,0,1000000,1000000,1000000,0,999781,999575,100,2119,999751,999344,4721,8144,2,1000096,1000158,3533,38,3909,8192,5120,0,0
1503,402569711,1050326581,0,0,0,0,1000000,1000000,1000000,0,999783,999584,96,2073,999772,999351,4697,8148,2,1000096,1000158,3890,0,3871,8192,6144,0,0
1504,402622988,1050460654,0,0,0,0,1000000,1000000,1000000,0,999783,999584,96,2073,999772,999351,4697,8148,2,1000096,1000158,3890,0,3871,8192,7168,0,0
1505,402994080,1051361004,0,0,0,0,1000000,1000000,1000000,0,999784,999593,140,2027,999793,999360,4968,8098,2,1000096,1000158,4265,0,3871,8192,8192,0,0
1506,403100782,1051603105,0,0,0,0,1000000,1000000,1000000,0,999784,999593,140,2027,999793,999360,4968,8098,2,1000096,1000158,4265,0,3871,8192,9216,0,0
1507,403699853,1052933681,0,0,0,0,1000000,1000000,1000000,0,999786,999602,153,1980,999815,999371,5048,8080,2,1000096,1000159,4643,19,3851,8192,10240,0,0
1508,403750151,1053061228,0,0,0,0,1000000,1000000,1000000,0,999786,999602,153,1980,999815,999371,5048,8080,2,1000096,1000159,4643,19,3851,8192,11264,0,0
1509,403865537,1053316836,0,0,0,0,1000000,1000000,1000000,0,999786,999602,153,1980,999815,999371,5048,8080,2,1000096,1000159,4643,19,3851,8192,12288,0,0
1510,404229386,1054210074,0,0,0,0,1000000,1000000,1000000,0,999790,999616,134,1902,999849,999391,4931,8106,2,1000096,1000161,5223,151,3815,8192,13312,0,0
1511,404341896,1054459283,0,0,0,0,1000000,1000000,1000000,0,999790,999616,134,1902,999849,999391,4931,8106,2,1000096,1000161,5223,151,3815,8192,14336,0,0
1512,404769045,1055485541,0,0,0,0,1000000,1000000,1000000,0,999792,999625,113,1844,999872,999407,4802,8131,2,1000096,1000163,5617,282,3777,8192,15360,0,0
1513,404815916,1055601764,0,0,0,0,1000000,1000000,1000000,0,999792,999625,113,1844,999872,999407,4802,8131,2,1000096,1000163,5617,282,3777,8192,16384,0,0
1514,405185652,1056510768,0,0,0,0,1000000,1000000,1000000,0,999793,999634,63,1779,999895,999425,4490,8173,2,1000096,1000164,6003,468,3760,8192,17408,0,0
1515,405289721,1056744212,0,0,0,0,1000000,1000000,1000000,0,999793,999634,63,1779,999895,999425,4490,8173,2,1000096,1000164,6003,468,3760,8192,18432,0,0
1516,405724204,1057796168,0,0,0,0,1000000,1000000,1000000,0,999793,999644,10,1710,999914,999446,4159,8192,2,1000096,1000166,6359,674,3722,8192,19456,0,0
1517,405763752,1057898481,0,0,0,0,1000000,1000000,1000000,0,999793,999644,10,1710,999914,999446,4159,8192,2,1000096,1000166,6359,674,3722,8192,20480,0,0
1518,406092178,1058720096,0,0,0,0,1000000,1000000,1000000,0,999793,999653,4072,1710,999914,999455,3945,8189,2,1000096,1000166,6359,674,3722,8192,21504,0,0
1519,406233975,1059029156,0,0,0,0,1000000,1000000,1000000,0,999793,999653,4072,1710,999914,999455,3945,8189,2,1000096,1000166,6359,674,3722,8192,22528,0,0
1520,406623022,1059972915,0,0,0,0,1000000,1000000,1000000,0,999792,999662,4072,1710,999913,999464,3945,8189,2,1000096,1000166,6359,674,3722,8192,23552,0,0
1521,406710122,1060171637,0,0,0,0,1000000,1000000,1000000,0,999792,999662,4072,1710,999913,999464,3945,8189,2,1000096,1000166,6359,674,3722,8192,24576,0,0
1522,407041082,1061000565,0,0,0,0,1000000,1000000,1000000,0,999792,999672,4068,1710,999913,999474,3920,8188,2,1000096,1000166,6359,674,3722,8192,25600,0,0
1523,407185088,1061314109,0,0,0,0,1000000,1000000,1000000,0,999792,999672,4068,1710,999913,999474,3920,8188,2,1000096,1000166,6359,674,3722,8192,26624,0,0
1524,407570211,1062247703,0,0,0,0,1000000,1000000,1000000,0,999792,999681,4075,1710,999913,999483,3963,8189,2,1000096,1000166,6359,674,3722,8192,27648,0,0
1525,407662284,1062456575,0,0,0,0,1000000,1000000,1000000,0,999792,999681,4075,1710,999913,999483,3963,8189,2,1000096,1000166,6359,674,3722,8192,28672,0,0
1526,407995280,1063291054,0,0,0,0,1000000,1000000,1000000,0,999792,999690,0,1710,999913,999492,4096,8192,2,1000096,1000166,6359,674,3722,8192,29696,0,0
1527,408136482,1063599061,0,0,0,0,1000000,1000000,1000000,0,999792,999690,0,1710,999913,999492,4096,8192,2,1000096,1000166,6359,674,3722,8192,30720,0,0
1528,408524813,1064538826,0,0,0,0,1000000,1000000,1000000,0,999792,999700,22,1710,999913,999502,4234,8190,2,1000096,1000166,6359,674,3722,8192,31744,0,0
1529,408614004,1064741535,0,0,0,0,1000000,1000000,1000000,0,999792,999700,22,1710,999913,999502,4234,8190,2,1000096,1000166,6359,674,3722,8192,0,0,0
1530,408968236,1065618303,0,0,0,0,1000000,1000000,1000000,0,999792,999709,22,1710,999913,999511,4234,8190,2,1000096,1000166,6359,674,3722,8192,1024,0,0
1531,409088856,1065883988,0,0,0,0,1000000,1000000,1000000,0,999792,999709,22,1710,999913,999511,4234,8190,2,1000096,1000166,6359,674,3722,8192,2048,0,0
1532,409690915,1067207979,0,0,0,0,1000000,1000000,1000000,0,999793,999718,61,1710,999914,999520,4478,8174,2,1000096,1000166,6359,674,3722,8192,3072,0,0
1533,409732791,1067314210,0,0,0,0,1000000,1000000,1000000,0,999793,999718,61,1710,999914,999520,4478,8174,2,1000096,1000166,6359,674,3722,8192,4096,0,0
1534,409858920,1067597737,0,0,0,0,1000000,1000000,1000000,0,999793,999718,61,1710,999914,999520,4478,8174,2,1000096,1000166,6359,674,3722,8192,5120,0,0
1535,410167785,1068371760,0,0,0,0,1000000,1000000,1000000,0,999795,999732,72,1710,999916,999534,4547,8167,2,1000096,1000166,6359,674,3722,8192,6144,0,0
1536,410334985,1068740206,0,0,0,0,1000000,1000000,1000000,0,999795,999732,72,1710,999916,999534,4547,8167,1,1000096,1000166,6359,674,3722,8192,18432,0,0
1537,410969451,1070171798,0,0,0,0,1000000,1000000,1000000,0,999794,999734,4039,1685,999921,999545,3738,8175,1,1000096,1000166,6471,749,3722,8192,19456,0,0
1538,411009669,1070276477,0,0,0,0,1000000,1000000,1000000,0,999794,999734,4039,1685,999921,999545,3738,8175,1,1000096,1000166,6471,749,3722,8192,20480,0,0
1539,411087604,1070453912,0,0,0,0,1000000,1000000,1000000,0,999794,999734,4039,1685,999921,999545,3738,8175,1,1000096,1000166,6471,749,3722,8192,21504,0,0
1540,411461209,1071400146,0,0,0,0,1000000,1000000,1000000,0,999794,999734,3835,1584,999941,999567,2499,7867,1,1000096,1000166,6857,1053,3721,8192,22528,0,0
1541,411548298,1071596366,0,0,0,0,1000000,1000000,1000000,0,999794,999734,3835,1584,999941,999567,2499,7867,1,1000096,1000166,6857,1053,3721,8192,23552,0,0
1542,412004919,1072700943,0,0,0,0,1000000,1000000,1000000,0,999794,999734,3767,1488,999956,999584,2115,7681,1,1000096,1000166,7139,1335,3721,8192,24576,0,0
1543,412035431,1072782573,0,0,0,0,1000000,1000000,1000000,0,999794,999734,3767,1488,999956,999584,2115,7681,1,1000096,1000166,7139,1335,3721,8192,25600,0,0
1544,412438256,1073786319,0,0,0,0,1000000,1000000,1000000,0,999794,999735,3760,1389,999972,999606,2077,7660,1,1000096,1000166,7440,1710,3721,8192,26624,0,0
1545,412475215,1073881305,0,0,0,0,1000000,1000000,1000000,0,999794,999735,3760,1389,999972,999606,2077,7660,1,1000096,1000166,7440,1710,3721,8192,27648,0,0
1546,412854039,1074818719,0,0,0,0,1000000,1000000,1000000,0,999794,999735,3760,1306,999986,999629,2077,7660,1,1000096,1000166,7687,2114,3722,8192,28672,0,0
1547,412945956,1075023775,0,0,0,0,1000000,1000000,1000000,0,999794,999735,3760,1306,999986,999629,2077,7660,1,1000096,1000166,7687,2114,3722,8192,29696,0,0
1548,413312332,1075946168,0,0,0,0,1000000,1000000,1000000,0,999794,999735,3760,1230,999997,999653,2077,7660,1,1000096,1000166,7910,2556,3721,8192,30720,0,0
1549,413411427,1076166238,0,0,0,0,1000000,1000000,1000000,0,999794,999735,3760,1230,999997,999653,2077,7660,1,1000096,1000166,7910,2556,3721,8192,31744,0,0
1550,414025508,1077513244,0,0,0,0,1000000,1000000,1000000,0,999794,999735,3760,1164,1000005,999677,2077,7660,1,1000096,1000166,8060,3007,3721,8192,32768,0,0
1551,414053027,1077588440,0,0,0,0,1000000,1000000,1000000,0,999794,999735,3760,1164,1000005,999677,2077,7660,1,1000096,1000166,8060,3007,3721,8192,33792,0,0
1552,414186584,1077879973,0,0,0,0,1000000,1000000,1000000,0,999794,999735,3760,1164,1000005,999677,2077,7660,1,1000096,1000166,8060,3007,3721,8192,34816,0,0
1553,414535869,1078744928,0,0,0,0,1000000,1000000,1000000,0,999794,999735,3760,1073,1000012,999714,2077,7660,1,1000096,1000166,8173,3704,3722,8192,35840,0,0
1554,414662611,1079022446,0,0,0,0,1000000,1000000,1000000,0,999794,999735,3760,1073,1000012,999714,2077,7660,1,1000096,1000166,8173,3704,3722,8192,36864,0,0
1555,415070116,1079992155,0,0,0,0,1000000,1000000,1000000,0,999794,999735,3760,1013,1000012,999740,2077,7660,1,1000096,1000166,8192,4189,3721,8192,37888,0,0
1556,415144971,1080164913,0,0,0,0,1000000,1000000,1000000,0,999794,999735,3760,1013,1000012,999740,2077,7660,1,1000096,1000166,8192,4189,3721,8192,38912,0,0
1557,415511036,1081063252,0,0,0,0,1000000,1000000,1000000,0,999794,999735,3760,953,1000010,999765,2077,7660,1,1000096,1000166,8154,4659,3721,8192,39936,0,0
1558,415621342,1081307393,0,0,0,0,1000000,1000000,1000000,0,999794,999735,3760,953,1000010,999765,2077,7660,1,1000096,1000166,8154,4659,3721,8192,40960,0,0
1559,416286782,1082776124,0,0,0,0,1000000,1000000,1000000,0,999794,999735,3760,891,1000005,999790,2077,7660,26,1000096,1000166,8060,5129,3721,8192,0,0,0
1560,416317462,1082859249,0,0,0,0,1000000,1000000,1000000,0,999794,999735,3760,891,1000005,999790,2077,7660,26,1000096,1000166,8060,5129,3721,8192,0,0,0
1561,416387179,1083021108,0,0,0,0,1000000,1000000,1000000,0,999794,999735,3760,891,1000005,999790,2077,7660,26,1000096,1000166,8060,5129,3721,8192,0,0,0
1562,416788962,1084000596,0,0,0,0,1000000,1000000,1000000,0,999794,999735,3759,789,999992,999826,2071,7656,26,1000096,1000166,7833,5813,3719,8192,0,0,0
1563,416859357,1084163551,0,0,0,0,1000000,1000000,1000000,0,999794,999735,3759,789,999992,999826,2071,7656,26,1000096,1000166,7833,5813,3719,8192,0,0,0
1564,417625402,1085851362,0,0,0,0,1000000,1000000,1000000,0,999794,999735,3759,711,999980,999849,2071,7656,26,1000096,1000166,7590,6237,3721,8192,0,0,0
1565,417655232,1085932214,0,0,0,0,1000000,1000000,1000000,0,999794,999735,3759,711,999980,999849,2071,7656,26,1000096,1000166,7590,6237,3721,8192,0,0,0
1566,417684321,1086012509,0,0,0,0,1000000,1000000,1000000,0,999794,999735,3759,711,999980,999849,2071,7656,26,1000096,1000166,7590,6237,3721,8192,0,0,0
1567,418163061,1087159146,0,0,0,0,1000000,1000000,1000000,0,999794,999735,3759,572,999957,999879,2071,7656,26,1000096,1000167,7172,6814,3702,8173,0,0,0
1568,418196459,1087245524,0,0,0,0,1000000,1000000,1000000,0,999794,999735,3759,572,999957,999879,2071,7656,26,1000096,1000167,7172,6814,3702,8173,0,0,0
1569,418357962,1087590977,0,0,0,0,1000000,1000000,1000000,0,999794,999735,3759,572,999957,999879,2071,7656,26,1000096,1000167,7172,6814,3702,8173,0,0,0
1570,418979708,1089026945,0,0,0,0,1000000,1000000,1000000,0,999794,999735,3759,405,999908,999879,2071,7656,26,1000096,1000165,6647,7319,3671,8192,0,0,0
1571,419011956,1089109750,0,0,0,0,1000000,1000000,1000000,0,999794,999735,3759,405,999908,999879,2071,7656,26,1000096,1000165,6647,7319,3671,8192,0,0,0
1572,419098676,1089304696,0,0,0,0,1000000,1000000,1000000,0,999794,999735,3759,405,999908,999879,2071,7656,26,1000096,1000165,6647,7319,3671,8192,0,0,0
1573,419657054,1090621613,0,0,0,0,1000000,1000000,1000000,0,999794,999735,3759,275,999870,999876,2071,7656,26,1000096,1000164,6041,7705,3639,8166,0,0,0
1574,419690918,1090708684,0,0,0,0,1000000,1000000,1000000,0,999794,999735,3759,275,999870,999876,2071,7656,26,1000096,1000164,6041,7705,3639,8166,0,0,0
1575,419834822,1091018399,0,0,0,0,1000000,1000000,1000000,0,999794,999735,3759,275,999870,999876,2071,7656,26,1000096,1000164,6041,7705,3639,8166,0,0,0
1576,420472801,1092496052,0,0,0,0,1000000,1000000,1000000,0,999794,999735,3759,170,999841,999876,2071,7656,26,1000096,1000163,5396,7998,3626,8192,0,0,0
1577,420505269,1092579275,0,0,0,0,1000000,1000000,1000000,0,999794,999735,3759,170,999841,999876,2071,7656,26,1000096,1000163,5396,7998,3626,8192,0,0,0
1578,420571241,1092732107,0,0,0,0,1000000,1000000,1000000,0,999794,999735,3759,170,999841,999876,2071,7656,26,1000096,1000163,5396,7998,3626,8192,0,0,0
1579,421117308,1094020510,0,0,0,0,1000000,1000000,1000000,0,999794,999735,3760,73,999814,999875,2077,7660,26,1000096,1000163,4676,8162,3606,8163,0,0,0
1580,421151158,1094107586,0,0,0,0,1000000,1000000,1000000,0,999794,999735,3760,73,999814,999875,2077,7660,26,1000096,1000163,4676,8162,3606,8163,0,0,0
1581,421307225,1094445823,0,0,0,0,1000000,1000000,1000000,0,999794,999735,3760,73,999814,999875,2077,7660,1,1000096,1000163,4676,8162,3606,8163,0,0,0
1582,422193676,1096411791,0,0,0,0,1000000,1000000,1000000,0,999793,999737,3896,4082,999789,999875,2859,8000,1,1000096,1000162,3978,8192,3622,8192,1024,0,0
1583,422237050,1096521024,0,0,0,0,1000000,1000000,1000000,0,999793,999737,3896,4082,999789,999875,2859,8000,1,1000096,1000162,3978,8192,3622,8192,2048,0,0
1584,422280941,1096632686,0,0,0,0,1000000,1000000,1000000,0,999793,999737,3896,4082,999789,999875,2859,8000,1,1000096,1000162,3978,8192,3622,8192,3072,0,0
1585,422323470,1096740766,0,0,0,0,1000000,1000000,1000000,0,999793,999737,3896,4082,999789,999875,2859,8000,1,1000096,1000162,3978,8192,3622,8192,4096,0,0
1586,423088208,1098477352,0,0,0,0,1000000,1000000,1000000,0,999793,999743,72,3958,999757,999874,4547,8167,1,1000096,1000162,3020,8072,3618,8192,5120,0,0
1587,423131558,1098586655,0,0,0,0,1000000,1000000,1000000,0,999793,999743,72,3958,999757,999874,4547,8167,1,1000096,1000162,3020,8072,3618,8192,6144,0,0
1588,423182114,1098711295,0,0,0,0,1000000,1000000,1000000,0,999793,999743,72,3958,999757,999874,4547,8167,1,1000096,1000162,3020,8072,3618,8192,7168,0,0
1589,423321670,1099015717,0,0,0,0,1000000,1000000,1000000,0,999793,999743,72,3958,999757,999874,4547,8167,1,1000096,1000162,3020,8072,3618,8192,8192,0,0
1590,424426552,1101360213,0,0,0,0,1000000,1000000,1000000,0,999795,999748,344,3818,999727,999870,6158,7635,1,1000096,1000167,2135,7701,3495,8163,9216,0,0
1591,424465445,1101460892,0,0,0,0,1000000,1000000,1000000,0,999795,999748,344,3818,999727,999870,6158,7635,1,1000096,1000167,2135,7701,3495,8163,10240,0,0
1592,424508618,1101570545,0,0,0,0,1000000,1000000,1000000,0,999795,999748,344,3818,999727,999870,6158,7635,1,1000096,1000167,2135,7701,3495,8163,11264,0,0
1593,424544858,1101665939,0,0,0,0,1000000,1000000,1000000,0,999795,999748,344,3818,999727,999870,6158,7635,1,1000096,1000167,2135,7701,3495,8163,12288,0,0
1594,424635379,1101871895,0,0,0,0,1000000,1000000,1000000,0,999795,999748,344,3818,999727,999870,6158,7635,1,1000096,1000167,2135,7701,3495,8163,13312,0,0
1595,425400059,1103586203,0,0,0,0,1000000,1000000,1000000,0,999800,999753,684,3816,999730,999878,7647,6137,1,1000096,1000160,2119,7711,3701,8192,14336,0,0
1596,425445644,1103700506,0,0,0,0,1000000,1000000,1000000,0,999800,999753,684,3816,999730,999878,7647,6137,1,1000096,1000160,2119,7711,3701,8192,15360,0,0
1597,425483598,1103800864,0,0,0,0,1000000,1000000,1000000,0,999800,999753,684,3816,999730,999878,7647,6137,2,1000096,1000160,2119,7711,3701,8192,6144,0,0
1598,425647999,1104156833,0,0,0,0,1000000,1000000,1000000,0,999800,999753,684,3816,999730,999878,7647,6137,2,1000096,1000160,2119,7711,3701,8192,7168,0,0
1599,426756913,1106513979,0,0,0,0,1000000,1000000,1000000,0,999815,999756,956,3820,999739,999878,8169,4522,2,1000096,1000160,2136,7723,3687,8192,8192,0,0
1600,426800544,1106624766,0,0,0,0,1000000,1000000,1000000,0,999815,999756,956,3820,999739,999878,8169,4522,2,1000096,1000160,2136,7723,3687,8192,9216,0,0
1601,426837064,1106721466,0,0,0,0,1000000,1000000,1000000,0,999815,999756,956,3820,999739,999878,8169,4522,2,1000096,1000160,2136,7723,3687,8192,10240,0,0
1602,426879823,1106830782,0,0,0,0,1000000,1000000,1000000,0,999815,999756,956,3820,999739,999878,8169,4522,2,1000096,1000160,2136,7723,3687,8192,11264,0,0
1603,426958457,1107013017,0,0,0,0,1000000,1000000,1000000,0,999815,999756,956,3820,999739,999878,8169,4522,2,1000096,1000160,2136,7723,3687,8192,12288,0,0
1604,427718972,1108718820,0,0,0,0,1000000,1000000,1000000,0,999838,999751,1296,3820,999758,999875,7841,2436,2,1000096,1000159,2138,7717,3711,8192,13312,0,0
1605,427756662,1108817902,0,0,0,0,1000000,1000000,1000000,0,999838,999751,1296,3820,999758,999875,7841,2436,2,1000096,1000159,2138,7717,3711,8192,14336,0,0
1606,427799685,1108927598,0,0,0,0,1000000,1000000,1000000,0,999838,999751,1296,3820,999758,999875,7841,2436,2,1000096,1000159,2138,7717,3711,8192,15360,0,0
1607,428649911,1110780809,0,0,0,0,1000000,1000000,1000000,0,999850,999744,1394,3818,999768,999873,7551,1895,2,1000096,1000160,2135,7701,3693,8192,16384,0,0
1608,428693399,1110890346,0,0,0,0,1000000,1000000,1000000,0,999850,999744,1394,3818,999768,999873,7551,1895,2,1000096,1000160,2135,7701,3693,8192,17408,0,0
1609,428733479,1110992919,0,0,0,0,1000000,1000000,1000000,0,999850,999744,1394,3818,999768,999873,7551,1895,2,1000096,1000160,2135,7701,3693,8192,18432,0,0
1610,428785948,1111125868,0,0,0,0,1000000,1000000,1000000,0,999850,999744,1394,3818,999768,999873,7551,1895,2,1000096,1000160,2135,7701,3693,8192,19456,0,0
1611,429501921,1112724535,0,0,0,0,1000000,1000000,1000000,0,999866,999734,1394,3816,999782,999868,7551,1895,2,1000096,1000160,2119,7711,3701,8192,20480,0,0
1612,429556913,1112861656,0,0,0,0,1000000,1000000,1000000,0,999866,999734,1394,3816,999782,999868,7551,1895,2,1000096,1000160,2119,7711,3701,8192,21504,0,0
1613,429594663,1112959853,0,0,0,0,1000000,1000000,1000000,0,999866,999734,1394,3816,999782,999868,7551,1895,2,1000096,1000160,2119,7711,3701,8192,22528,0,0
1614,430454537,1114850833,0,0,0,0,1000000,1000000,1000000,0,999876,999725,1499,3817,999792,999863,7152,1369,2,1000096,1000160,2130,7700,3714,8192,23552,0,0
1615,430493238,1114951091,0,0,0,0,1000000,1000000,1000000,0,999876,999725,1499,3817,999792,999863,7152,1369,2,1000096,1000160,2130,7700,3714,8192,24576,0,0
1616,430545339,1115082536,0,0,0,0,1000000,1000000,1000000,0,999876,999725,1499,3817,999792,999863,7152,1369,2,1000096,1000160,2130,7700,3714,8192,25600,0,0
1617,430587239,1115188932,0,0,0,0,1000000,1000000,1000000,0,999876,999725,1499,3817,999792,999863,7152,1369,2,1000096,1000160,2130,7700,3714,8192,26624,0,0
1618,431323003,1116845691,0,0,0,0,1000000,1000000,1000000,0,999890,999712,1513,3803,999799,999857,7093,1304,2,1000096,1000161,2061,7651,3710,8192,27648,0,0
1619,431367145,1116956201,0,0,0,0,1000000,1000000,1000000,0,999890,999712,1513,3803,999799,999857,7093,1304,2,1000096,1000161,2061,7651,3710,8192,28672,0,0
1620,431419240,1117087507,0,0,0,0,1000000,1000000,1000000,0,999890,999712,1513,3803,999799,999857,7093,1304,2,1000096,1000161,2061,7651,3710,8192,29696,0,0
1621,431511127,1117295273,0,0,0,0,1000000,1000000,1000000,0,999890,999712,1513,3803,999799,999857,7093,1304,2,1000096,1000161,2061,7651,3710,8192,30720,0,0
1622,432525732,1119507744,0,0,0,0,1000000,1000000,1000000,0,999905,999700,1434,3729,999791,999849,7409,1687,2,1000096,1000164,1695,7438,3673,8192,31744,0,0
1623,432567569,1119616233,0,0,0,0,1000000,1000000,1000000,0,999905,999700,1434,3729,999791,999849,7409,1687,2,1000096,1000164,1695,7438,3673,8192,0,0,0
1624,432618756,1119747861,0,0,0,0,1000000,1000000,1000000,0,999905,999700,1434,3729,999791,999849,7409,1687,2,1000096,1000164,1695,7438,3673,8192,1024,0,0
1625,432658953,1119852543,0,0,0,0,1000000,1000000,1000000,0,999905,999700,1434,3729,999791,999849,7409,1687,2,1000096,1000164,1695,7438,3673,8192,2048,0,0
1626,433530052,1121785474,0,0,0,0,1000000,1000000,1000000,0,999920,999690,1367,3614,999778,999834,7638,2039,2,1000096,1000168,1279,7086,3622,8170,3072,0,0
1627,433571657,1121893426,0,0,0,0,1000000,1000000,1000000,0,999920,999690,1367,3614,999778,999834,7638,2039,2,1000096,1000168,1279,7086,3622,8170,4096,0,0
1628,433620672,1122020256,0,0,0,0,1000000,1000000,1000000,0,999920,999690,1367,3614,999778,999834,7638,2039,2,1000096,1000168,1279,7086,3622,8170,5120,0,0
1629,433658481,1122118532,0,0,0,0,1000000,1000000,1000000,0,999920,999690,1367,3614,999778,999834,7638,2039,2,1000096,1000168,1279,7086,3622,8170,6144,0,0
1630,434789721,1124553897,0,0,0,0,1000000,1000000,1000000,0,999937,999681,1410,3584,999783,999828,7495,1810,2,1000096,1000170,1194,6998,3605,8171,7168,0,0
1631,434828337,1124654008,0,0,0,0,1000000,1000000,1000000,0,999937,999681,1410,3584,999783,999828,7495,1810,2,1000096,1000170,1194,6998,3605,8171,8192,0,0
1632,434877577,1124781779,0,0,0,0,1000000,1000000,1000000,0,999937,999681,1410,3584,999783,999828,7495,1810,2,1000096,1000170,1194,6998,3605,8171,9216,0,0
1633,434919298,1124887821,0,0,0,0,1000000,1000000,1000000,0,999937,999681,1410,3584,999783,999828,7495,1810,2,1000096,1000170,1194,6998,3605,8171,10240,0,0
1634,434973819,1125026431,0,0,0,0,1000000,1000000,1000000,0,999937,999681,1410,3584,999783,999828,7495,1810,2,1000096,1000170,1194,6998,3605,8171,11264,0,0
1635,435949099,1127145046,0,0,0,0,1000000,1000000,1000000,0,999955,999667,1485,3584,999797,999819,7210,1436,2,1000096,1000171,1194,6998,3602,8172,12288,0,0
1636,436000449,1127276449,0,0,0,0,1000000,1000000,1000000,0,999955,999667,1485,3584,999797,999819,7210,1436,2,1000096,1000171,1194,6998,3602,8172,13312,0,0
1637,436038147,1127374556,0,0,0,0,1000000,1000000,1000000,0,999955,999667,1485,3584,999797,999819,7210,1436,2,1000096,1000171,1194,6998,3602,8172,14336,0,0
1638,436087294,1127502290,0,0,0,0,1000000,1000000,1000000,0,999955,999667,1485,3584,999797,999819,7210,1436,2,1000096,1000171,1194,6998,3602,8172,15360,0,0
1639,436125317,1127601917,0,0,0,0,1000000,1000000,1000000,0,999955,999667,1485,3584,999797,999819,7210,1436,2,1000096,1000171,1194,6998,3602,8172,16384,0,0
1640,437476035,1130434253,0,0,0,0,1000000,1000000,1000000,0,999971,999650,1571,3584,999809,999808,6833,1049,2,1000096,1000171,1198,6994,3616,8172,17408,0,0
1641,437514521,1130533607,0,0,0,0,1000000,1000000,1000000,0,999971,999650,1571,3584,999809,999808,6833,1049,2,1000096,1000171,1198,6994,3616,8172,18432,0,0
1642,437563229,1130660347,0,0,0,0,1000000,1000000,1000000,0,999971,999650,1571,3584,999809,999808,6833,1049,2,1000096,1000171,1198,6994,3616,8172,19456,0,0
1643,437600904,1130758876,0,0,0,0,1000000,1000000,1000000,0,999971,999650,1571,3584,999809,999808,6833,1049,2,1000096,1000171,1198,6994,3616,8172,20480,0,0
1644,437649356,1130884543,0,0,0,0,1000000,1000000,1000000,0,999971,999650,1571,3584,999809,999808,6833,1049,2,1000096,1000171,1198,6994,3616,8172,21504,0,0
1645,437697829,1131004930,0,0,0,0,1000000,1000000,1000000,0,999971,999650,1571,3584,999809,999808,6833,1049,2,1000096,1000171,1198,6994,3616,8172,22528,0,0
1646,438676509,1133151017,0,0,0,0,1000000,1000000,1000000,0,999989,999628,1654,3584,999824,999791,6424,726,2,1000096,1000172,1190,7002,3608,8173,23552,0,0
1647,438717924,1133253911,0,0,0,0,1000000,1000000,1000000,0,999989,999628,1654,3584,999824,999791,6424,726,2,1000096,1000172,1190,7002,3608,8173,24576,0,0
1648,438765439,1133375883,0,0,0,0,1000000,1000000,1000000,0,999989,999628,1654,3584,999824,999791,6424,726,2,1000096,1000172,1190,7002,3608,8173,25600,0,0
1649,438805532,1133476639,0,0,0,0,1000000,1000000,1000000,0,999989,999628,1654,3584,999824,999791,6424,726,2,1000096,1000172,1190,7002,3608,8173,26624,0,0
1650,439731658,1135461181,0,0,0,0,1000000,1000000,1000000,0,1000000,999613,1654,3584,999836,999776,6424,726,2,1000096,1000172,1190,7002,3608,8173,27648,0,0
1651,439768464,1135555364,0,0,0,0,1000000,1000000,1000000,0,1000000,999613,1654,3584,999836,999776,6424,726,2,1000096,1000172,1190,7002,3608,8173,28672,0,0
1652,439815968,1135677439,0,0,0,0,1000000,1000000,1000000,0,1000000,999613,1654,3584,999836,999776,6424,726,2,1000096,1000172,1190,7002,3608,8173,29696,0,0
1653,439851954,1135770173,0,0,0,0,1000000,1000000,1000000,0,1000000,999613,1654,3584,999836,999776,6424,726,2,1000096,1000172,1190,7002,3608,8173,30720,0,0
1654,440620734,1137453932,0,0,0,0,1000000,1000000,1000000,0,1000010,999597,1724,3584,999847,999760,6049,496,2,1000096,1000172,1190,7002,3608,8173,31744,0,0
1655,440657665,1137548391,0,0,0,0,1000000,1000000,1000000,0,1000010,999597,1724,3584,999847,999760,6049,496,2,1000096,1000172,1190,7002,3608,8173,0,0,0
1656,440704870,1137669398,0,0,0,0,1000000,1000000,1000000,0,1000010,999597,1724,3584,999847,999760,6049,496,2,1000096,1000172,1190,7002,3608,8173,1024,0,0
1657,440788850,1137859751,0,0,0,0,1000000,1000000,1000000,0,1000010,999597,1724,3584,999847,999760,6049,496,2,1000096,1000172,1190,7002,3608,8173,2048,0,0
1658,441705584,1139824968,0,0,0,0,1000000,1000000,1000000,0,1000018,999580,1792,3584,999855,999744,5663,312,2,1000096,1000172,1190,7002,3608,8173,3072,0,0
1659,441742438,1139919086,0,0,0,0,1000000,1000000,1000000,0,1000018,999580,1792,3584,999855,999744,5663,312,2,1000096,1000172,1190,7002,3608,8173,4096,0,0
1660,441789449,1140039882,0,0,0,0,1000000,1000000,1000000,0,1000018,999580,1792,3584,999855,999744,5663,312,2,1000096,1000172,1190,7002,3608,8173,5120,0,0
1661,441830598,1140144694,0,0,0,0,1000000,1000000,1000000,0,1000018,999580,1792,3584,999855,999744,5663,312,2,1000096,1000172,1190,7002,3608,8173,6144,0,0
1662,442673024,1142006590,0,0,0,0,1000000,1000000,1000000,0,1000022,999562,1919,3551,999857,999723,4902,81,2,1000096,1000172,1095,6908,3608,8173,7168,0,0
1663,442716122,1142114688,0,0,0,0,1000000,1000000,1000000,0,1000022,999562,1919,3551,999857,999723,4902,81,2,1000096,1000172,1095,6908,3608,8173,8192,0,0
1664,442763379,1142235822,0,0,0,0,1000000,1000000,1000000,0,1000022,999562,1919,3551,999857,999723,4902,81,2,1000096,1000172,1095,6908,3608,8173,9216,0,0
1665,442848857,1142429637,0,0,0,0,1000000,1000000,1000000,0,1000022,999562,1919,3551,999857,999723,4902,81,2,1000096,1000172,1095,6908,3608,8173,10240,0,0
1666,444104566,1145068456,0,0,0,0,1000000,1000000,1000000,0,1000025,999543,1967,3501,999853,999695,4604,32,2,1000112,1000189,944,6738,3423,8154,11264,0,0
1667,444144834,1145170739,0,0,0,0,1000000,1000000,1000000,0,1000025,999543,1967,3501,999853,999695,4604,32,2,1000112,1000189,944,6738,3423,8154,12288,0,0
1668,444193296,1145294663,0,0,0,0,1000000,1000000,1000000,0,1000025,999543,1967,3501,999853,999695,4604,32,2,1000112,1000189,944,6738,3423,8154,13312,0,0
1669,444242489,1145416403,0,0,0,0,1000000,1000000,1000000,0,1000025,999543,1967,3501,999853,999695,4604,32,2,1000112,1000189,944,6738,3423,8154,14336,0,0
1670,444292982,1145546790,0,0,0,0,1000000,1000000,1000000,0,1000025,999543,1967,3501,999853,999695,4604,32,2,1000112,1000189,944,6738,3423,8154,15360,0,0
1671,445364905,1147899454,0,0,0,0,1000000,1000000,1000000,0,1000029,999520,1922,3434,999847,999658,4883,77,2,1000112,1000190,752,6463,3519,8154,16384,0,0
1672,445415986,1148030173,0,0,0,0,1000000,1000000,1000000,0,1000029,999520,1922,3434,999847,999658,4883,77,2,1000112,1000190,752,6463,3519,8154,17408,0,0
1673,445462795,1148147541,0,0,0,0,1000000,1000000,1000000,0,1000029,999520,1922,3434,999847,999658,4883,77,2,1000112,1000190,752,6463,3519,8154,18432,0,0
1674,445513588,1148278534,0,0,0,0,1000000,1000000,1000000,0,1000029,999520,1922,3434,999847,999658,4883,77,2,1000112,1000190,752,6463,3519,8154,19456,0,0
1675,445555283,1148386294,0,0,0,0,1000000,1000000,1000000,0,1000029,999520,1922,3434,999847,999658,4883,77,2,1000112,1000190,752,6463,3519,8154,20480,0,0
1676,446778321,1150965203,0,0,0,0,1000000,1000000,1000000,0,1000034,999497,1897,3414,999849,999630,5036,111,2,1000112,1000190,680,6379,3570,8173,21504,0,0
1677,446821259,1151073022,0,0,0,0,1000000,1000000,1000000,0,1000034,999497,1897,3414,999849,999630,5036,111,2,1000112,1000190,680,6379,3570,8173,22528,0,0
1678,446870553,1151198649,0,0,0,0,1000000,1000000,1000000,0,1000034,999497,1897,3414,999849,999630,5036,111,2,1000112,1000190,680,6379,3570,8173,23552,0,0
1679,446910785,1151301212,0,0,0,0,1000000,1000000,1000000,0,1000034,999497,1897,3414,999849,999630,5036,111,2,1000112,1000190,680,6379,3570,8173,24576,0,0
1680,446959643,1151425779,0,0,0,0,1000000,1000000,1000000,0,1000034,999497,1897,3414,999849,999630,5036,111,2,1000112,1000190,680,6379,3570,8173,25600,0,0
1681,447825648,1153329800,0,0,0,0,1000000,1000000,1000000,0,1000042,999475,1717,3381,999849,999600,6088,517,2,1000112,1000191,583,6219,3554,8173,26624,0,0
1682,447881241,1153467872,0,0,0,0,1000000,1000000,1000000,0,1000042,999475,1717,3381,999849,999600,6088,517,2,1000112,1000191,583,6219,3554,8173,27648,0,0
1683,447921644,1153571055,0,0,0,0,1000000,1000000,1000000,0,1000042,999475,1717,3381,999849,999600,6088,517,2,1000112,1000191,583,6219,3554,8173,28672,0,0
1684,447970750,1153696035,0,0,0,0,1000000,1000000,1000000,0,1000042,999475,1717,3381,999849,999600,6088,517,2,1000112,1000191,583,6219,3554,8173,29696,0,0
1685,448038244,1153854372,0,0,0,0,1000000,1000000,1000000,0,1000042,999475,1717,3381,999849,999600,6088,517,2,1000112,1000191,583,6219,3554,8173,30720,0,0
1686,449127296,1156225882,0,0,0,0,1000000,1000000,1000000,0,1000059,999459,1377,3320,999852,999563,7606,1985,2,1000112,1000193,397,5889,3517,8154,31744,0,0
1687,449168702,1156330823,0,0,0,0,1000000,1000000,1000000,0,1000059,999459,1377,3320,999852,999563,7606,1985,2,1000112,1000193,397,5889,3517,8154,0,0,0
1688,449217814,1156455862,0,0,0,0,1000000,1000000,1000000,0,1000059,999459,1377,3320,999852,999563,7606,1985,2,1000112,1000193,397,5889,3517,8154,1024,0,0
1689,449258215,1156558850,0,0,0,0,1000000,1000000,1000000,0,1000059,999459,1377,3320,999852,999563,7606,1985,2,1000112,1000193,397,5889,3517,8154,2048,0,0
1690,449320121,1156710536,0,0,0,0,1000000,1000000,1000000,0,1000059,999459,1377,3320,999852,999563,7606,1985,2,1000112,1000193,397,5889,3517,8154,3072,0,0
1691,450308048,1158886819,0,0,0,0,1000000,1000000,1000000,0,1000082,999454,1037,3261,999862,999533,8192,4014,2,1000112,1000196,245,5523,3463,8154,4096,0,0
1692,450361740,1159020812,0,0,0,0,1000000,1000000,1000000,0,1000082,999454,1037,3261,999862,999533,8192,4014,2,1000112,1000196,245,5523,3463,8154,5120,0,0
1693,450399154,1159116139,0,0,0,0,1000000,1000000,1000000,0,1000082,999454,1037,3261,999862,999533,8192,4014,2,1000112,1000196,245,5523,3463,8154,6144,0,0
1694,450447974,1159240571,0,0,0,0,1000000,1000000,1000000,0,1000082,999454,1037,3261,999862,999533,8192,4014,2,1000112,1000196,245,5523,3463,8154,7168,0,0
1695,451766013,1162017720,0,0,0,0,1000000,1000000,1000000,0,1000100,999455,967,3261,999880,999531,8175,4454,2,1000112,1000196,245,5523,3463,8154,8192,0,0
1696,451816386,1162144673,0,0,0,0,1000000,1000000,1000000,0,1000100,999455,967,3261,999880,999531,8175,4454,2,1000112,1000196,245,5523,3463,8154,9216,0,0
1697,451857792,1162248017,0,0,0,0,1000000,1000000,1000000,0,1000100,999455,967,3261,999880,999531,8175,4454,2,1000112,1000196,245,5523,3463,8154,10240,0,0
1698,451912896,1162385225,0,0,0,0,1000000,1000000,1000000,0,1000100,999455,967,3261,999880,999531,8175,4454,2,1000112,1000196,245,5523,3463,8154,11264,0,0
1699,451950505,1162481607,0,0,0,0,1000000,1000000,1000000,0,1000100,999455,967,3261,999880,999531,8175,4454,2,1000112,1000196,245,5523,3463,8154,12288,0,0
1700,452000611,1162608525,0,0,0,0,1000000,1000000,1000000,0,1000100,999455,967,3261,999880,999531,8175,4454,2,1000112,1000196,245,5523,3463,8154,13312,0,0
1701,452984581,1164768013,0,0,0,0,1000000,1000000,1000000,0,1000129,999457,1025,3261,999909,999533,8192,4090,2,1000112,1000196,245,5523,3463,8154,14336,0,0
1702,453035404,1164896305,0,0,0,0,1000000,1000000,1000000,0,1000129,999457,1025,3261,999909,999533,8192,4090,2,1000112,1000196,245,5523,3463,8154,15360,0,0
1703,453073166,1164992719,0,0,0,0,1000000,1000000,1000000,0,1000129,999457,1025,3261,999909,999533,8192,4090,2,1000112,1000196,245,5523,3463,8154,16384,0,0
1704,453122870,1165118655,0,0,0,0,1000000,1000000,1000000,0,1000129,999457,1025,3261,999909,999533,8192,4090,2,1000112,1000196,245,5523,3463,8154,17408,0,0
1705,453192288,1165279092,0,0,0,0,1000000,1000000,1000000,0,1000129,999457,1025,3261,999909,999533,8192,4090,2,1000112,1000196,245,5523,3463,8154,18432,0,0
1706,454347105,1167791287,0,0,0,0,1000000,1000000,1000000,0,1000152,999457,1036,3261,999932,999533,8192,4021,2,1000112,1000196,245,5523,3463,8154,19456,0,0
1707,454386334,1167890110,0,0,0,0,1000000,1000000,1000000,0,1000152,999457,1036,3261,999932,999533,8192,4021,2,1000112,1000196,245,5523,3463,8154,20480,0,0
1708,454436764,1168017466,0,0,0,0,1000000,1000000,1000000,0,1000152,999457,1036,3261,999932,999533,8192,4021,2,1000112,1000196,245,5523,3463,8154,21504,0,0
1709,454475125,1168114738,0,0,0,0,1000000,1000000,1000000,0,1000152,999457,1036,3261,999932,999533,8192,4021,2,1000112,1000196,245,5523,3463,8154,22528,0,0
1710,454526088,1168243844,0,0,0,0,1000000,1000000,1000000,0,1000152,999457,1036,3261,999932,999533,8192,4021,2,1000112,1000196,245,5523,3463,8154,23552,0,0
1711,455531713,1170458224,0,0,0,0,1000000,1000000,1000000,0,1000175,999457,1047,3261,999955,999533,8190,3952,2,1000112,1000196,245,5523,3463,8154,24576,0,0
1712,455582709,1170586380,0,0,0,0,1000000,1000000,1000000,0,1000175,999457,1047,3261,999955,999533,8190,3952,2,1000112,1000196,245,5523,3463,8154,25600,0,0
1713,455624741,1170690944,0,0,0,0,1000000,1000000,1000000,0,1000175,999457,1047,3261,999955,999533,8190,3952,2,1000112,1000196,245,5523,3463,8154,26624,0,0
1714,455686144,1170840685,0,0,0,0,1000000,1000000,1000000,0,1000175,999457,1047,3261,999955,999533,8190,3952,2,1000112,1000196,245,5523,3463,8154,27648,0,0
1715,455750590,1170991445,0,0,0,0,1000000,1000000,1000000,0,1000175,999457,1047,3261,999955,999533,8190,3952,2,1000112,1000196,245,5523,3463,8154,28672,0,0
1716,456892376,1173469029,0,0,0,0,1000000,1000000,1000000,0,1000199,999456,1058,3261,999979,999532,8187,3883,2,1000112,1000196,245,5523,3463,8154,29696,0,0
1717,456931485,1173567527,0,0,0,0,1000000,1000000,1000000,0,1000199,999456,1058,3261,999979,999532,8187,3883,2,1000112,1000196,245,5523,3463,8154,30720,0,0
1718,456981203,1173693749,0,0,0,0,1000000,1000000,1000000,0,1000199,999456,1058,3261,999979,999532,8187,3883,2,1000112,1000196,245,5523,3463,8154,31744,0,0
1719,457019583,1173791416,0,0,0,0,1000000,1000000,1000000,0,1000199,999456,1058,3261,999979,999532,8187,3883,2,1000112,1000196,245,5523,3463,8154,0,0,0
1720,457069366,1173917796,0,0,0,0,1000000,1000000,1000000,0,1000199,999456,1058,3261,999979,999532,8187,3883,2,1000112,1000196,245,5523,3463,8154,1024,0,0
1721,458035606,1176041472,0,0,0,0,1000000,1000000,1000000,0,1000222,999454,1140,3261,1000002,999530,8128,3372,2,1000112,1000196,245,5523,3463,8154,2048,0,0
1722,458086484,1176170314,0,0,0,0,1000000,1000000,1000000,0,1000222,999454,1140,3261,1000002,999530,8128,3372,2,1000112,1000196,245,5523,3463,8154,3072,0,0
1723,458132539,1176283897,0,0,0,0,1000000,1000000,1000000,0,1000222,999454,1140,3261,1000002,999530,8128,3372,2,1000112,1000196,245,5523,3463,8154,4096,0,0
1724,458181821,1176409063,0,0,0,0,1000000,1000000,1000000,0,1000222,999454,1140,3261,1000002,999530,8128,3372,2,1000112,1000196,245,5523,3463,8154,5120,0,0
1725,459339092,1178927653,0,0,0,0,1000000,1000000,1000000,0,1000240,999447,1284,3270,1000021,999529,7871,2506,2,1000112,1000196,264,5580,3463,8154,6144,0,0
1726,459390088,1179056788,0,0,0,0,1000000,1000000,1000000,0,1000240,999447,1284,3270,1000021,999529,7871,2506,2,1000112,1000196,264,5580,3463,8154,7168,0,0
1727,459431802,1179162577,0,0,0,0,1000000,1000000,1000000,0,1000240,999447,1284,3270,1000021,999529,7871,2506,2,1000112,1000196,264,5580,3463,8154,8192,0,0
1728,459482067,1179289892,0,0,0,0,1000000,1000000,1000000,0,1000240,999447,1284,3270,1000021,999529,7871,2506,2,1000112,1000196,264,5580,3463,8154,9216,0,0
1729,459528211,1179404354,0,0,0,0,1000000,1000000,1000000,0,1000240,999447,1284,3270,1000021,999529,7871,2506,2,1000112,1000196,264,5580,3463,8154,10240,0,0
1730,460401953,1181339411,0,0,0,0,1000000,1000000,1000000,0,1000260,999435,1477,3403,1000109,999528,7242,1474,2,1000112,1000189,637,6334,3418,8141,11264,0,0
1731,460447834,1181451390,0,0,0,0,1000000,1000000,1000000,0,1000260,999435,1477,3403,1000109,999528,7242,1474,2,1000112,1000189,637,6334,3418,8141,12288,0,0
1732,460499980,1181580909,0,0,0,0,1000000,1000000,1000000,0,1000260,999435,1477,3403,1000109,999528,7242,1474,2,1000112,1000189,637,6334,3418,8141,13312,0,0
1733,460543773,1181689195,0,0,0,0,1000000,1000000,1000000,0,1000260,999435,1477,3403,1000109,999528,7242,1474,2,1000112,1000189,637,6334,3418,8141,14336,0,0
1734,460608566,1181844918,0,0,0,0,1000000,1000000,1000000,0,1000260,999435,1477,3403,1000109,999528,7242,1474,2,1000112,1000189,637,6334,3418,8141,15360,0,0
1735,461658570,1184098240,0,0,0,0,1000000,1000000,1000000,0,1000273,999416,1757,3659,1000175,999528,5865,402,2,1000112,1000188,1427,7221,3319,8132,16384,0,0
1736,461707335,1184217127,0,0,0,0,1000000,1000000,1000000,0,1000273,999416,1757,3659,1000175,999528,5865,402,2,1000112,1000188,1427,7221,3319,8132,17408,0,0
1737,461751201,1184325024,0,0,0,0,1000000,1000000,1000000,0,1000273,999416,1757,3659,1000175,999528,5865,402,2,1000112,1000188,1427,7221,3319,8132,18432,0,0
1738,461796441,1184436788,0,0,0,0,1000000,1000000,1000000,0,1000273,999416,1757,3659,1000175,999528,5865,402,2,1000112,1000188,1427,7221,3319,8132,19456,0,0
1739,462447912,1185918076,0,0,0,0,1000000,1000000,1000000,0,1000279,999398,1895,3832,1000210,999529,5049,113,2,1000112,1000192,2215,7736,3206,8102,20480,0,0
1740,462493100,1186029261,0,0,0,0,1000000,1000000,1000000,0,1000279,999398,1895,3832,1000210,999529,5049,113,2,1000112,1000192,2215,7736,3206,8102,21504,0,0
1741,462529252,1186122174,0,0,0,0,1000000,1000000,1000000,0,1000279,999398,1895,3832,1000210,999529,5049,113,2,1000112,1000192,2215,7736,3206,8102,22528,0,0
1742,462663705,1186414814,0,0,0,0,1000000,1000000,1000000,0,1000279,999398,1895,3832,1000210,999529,5049,113,2,1000112,1000192,2215,7736,3206,8102,23552,0,0
1743,463425377,1188105884,0,0,0,0,1000000,1000000,1000000,0,1000282,999380,1949,3865,1000219,999520,4716,47,2,1000112,1000194,2400,7840,3180,8106,24576,0,0
1744,463470610,1188217381,0,0,0,0,1000000,1000000,1000000,0,1000282,999380,1949,3865,1000219,999520,4716,47,2,1000112,1000194,2400,7840,3180,8106,25600,0,0
1745,463535433,1188366673,0,0,0,0,1000000,1000000,1000000,0,1000282,999380,1949,3865,1000219,999520,4716,47,2,1000112,1000194,2400,7840,3180,8106,26624,0,0
1746,464195986,1189877137,0,0,0,0,1000000,1000000,1000000,0,1000284,999366,1937,3867,1000218,999516,4790,59,2,1000112,1000196,2415,7839,3192,8112,27648,0,0
1747,464236417,1189978125,0,0,0,0,1000000,1000000,1000000,0,1000284,999366,1937,3867,1000218,999516,4790,59,2,1000112,1000196,2415,7839,3192,8112,28672,0,0
1748,464283227,1190092903,0,0,0,0,1000000,1000000,1000000,0,1000284,999366,1937,3867,1000218,999516,4790,59,2,1000112,1000196,2415,7839,3192,8112,29696,0,0
1749,464431565,1190413470,0,0,0,0,1000000,1000000,1000000,0,1000284,999366,1937,3867,1000218,999516,4790,59,2,1000112,1000196,2415,7839,3192,8112,30720,0,0
1750,465435201,1192554696,0,0,0,0,1000000,1000000,1000000,0,1000288,999347,1903,3868,1000217,999509,5000,102,2,1000112,1000199,2423,7842,3194,8094,31744,0,0
1751,465479348,1192663111,0,0,0,0,1000000,1000000,1000000,0,1000288,999347,1903,3868,1000217,999509,5000,102,2,1000112,1000199,2423,7842,3194,8094,0,0,0
1752,465525035,1192775788,0,0,0,0,1000000,1000000,1000000,0,1000288,999347,1903,3868,1000217,999509,5000,102,2,1000112,1000199,2423,7842,3194,8094,1024,0,0
1753,465561901,1192870034,0,0,0,0,1000000,1000000,1000000,0,1000288,999347,1903,3868,1000217,999509,5000,102,2,1000112,1000199,2423,7842,3194,8094,2048,0,0
1754,466208461,1194351528,0,0,0,0,1000000,1000000,1000000,0,1000292,999329,1882,3868,1000214,999507,5128,133,2,1000112,1000203,2422,7852,3189,8103,3072,0,0
1755,466246417,1194447985,0,0,0,0,1000000,1000000,1000000,0,1000292,999329,1882,3868,1000214,999507,5128,133,2,1000112,1000203,2422,7852,3189,8103,4096,0,0
1756,466289257,1194556558,0,0,0,0,1000000,1000000,1000000,0,1000292,999329,1882,3868,1000214,999507,5128,133,2,1000112,1000203,2422,7852,3189,8103,5120,0,0
1757,467297481,1196698733,0,0,0,0,1000000,1000000,1000000,0,1000296,999316,1882,3868,1000213,999503,5128,133,2,1000112,1000205,2424,7848,3193,8107,6144,0,0
1758,467344389,1196815226,0,0,0,0,1000000,1000000,1000000,0,1000296,999316,1882,3868,1000213,999503,5128,133,2,1000112,1000205,2424,7848,3193,8107,7168,0,0
1759,467387606,1196922184,0,0,0,0,1000000,1000000,1000000,0,1000296,999316,1882,3868,1000213,999503,5128,133,2,1000112,1000205,2424,7848,3193,8107,8192,0,0
1760,467430539,1197031099,0,0,0,0,1000000,1000000,1000000,0,1000296,999316,1882,3868,1000213,999503,5128,133,2,1000112,1000205,2424,7848,3193,8107,9216,0,0
1761,467537631,1197268294,0,0,0,0,1000000,1000000,1000000,0,1000296,999316,1882,3868,1000213,999503,5128,133,2,1000112,1000205,2424,7848,3193,8107,10240,0,0
1762,468171854,1198715604,0,0,0,0,1000000,1000000,1000000,0,1000302,999293,1864,3868,1000214,999489,5237,162,2,1000112,1000208,2425,7845,3182,8092,11264,0,0
1763,468210562,1198813144,0,0,0,0,1000000,1000000,1000000,0,1000302,999293,1864,3868,1000214,999489,5237,162,2,1000112,1000208,2425,7845,3182,8092,12288,0,0
1764,468282941,1198982009,0,0,0,0,1000000,1000000,1000000,0,1000302,999293,1864,3868,1000214,999489,5237,162,2,1000112,1000208,2425,7845,3182,8092,13312,0,0
1765,469066092,1200705094,0,0,0,0,1000000,1000000,1000000,0,1000306,999279,1864,3867,1000216,999478,5237,162,2,1000112,1000208,2418,7832,3199,8094,14336,0,0
1766,469108233,1200811969,0,0,0,0,1000000,1000000,1000000,0,1000306,999279,1864,3867,1000216,999478,5237,162,2,1000112,1000208,2418,7832,3199,8094,15360,0,0
1767,469145238,1200906630,0,0,0,0,1000000,1000000,1000000,0,1000306,999279,1864,3867,1000216,999478,5237,162,2,1000112,1000208,2418,7832,3199,8094,16384,0,0
1768,469312092,1201266951,0,0,0,0,1000000,1000000,1000000,0,1000306,999279,1864,3867,1000216,999478,5237,162,2,1000112,1000208,2418,7832,3199,8094,17408,0,0
1769,469931102,1202678435,0,0,0,0,1000000,1000000,1000000,0,1000311,999261,1864,3869,1000220,999464,5237,162,2,1000112,1000209,2431,7839,3197,8096,18432,0,0
1770,469973355,1202785700,0,0,0,0,1000000,1000000,1000000,0,1000311,999261,1864,3869,1000220,999464,5237,162,2,1000112,1000209,2431,7839,3197,8096,19456,0,0
1771,470059651,1202980656,0,0,0,0,1000000,1000000,1000000,0,1000311,999261,1864,3869,1000220,999464,5237,162,2,1000112,1000209,2431,7839,3197,8096,20480,0,0
1772,471130409,1205263475,0,0,0,0,1000000,1000000,1000000,0,1000316,999248,1817,3868,1000224,999453,5518,255,2,1000112,1000210,2427,7842,3186,8097,21504,0,0
1773,471195505,1205413538,0,0,0,0,1000000,1000000,1000000,0,1000316,999248,1817,3868,1000224,999453,5518,255,2,1000112,1000210,2427,7842,3186,8097,22528,0,0
1774,471236780,1205518787,0,0,0,0,1000000,1000000,1000000,0,1000316,999248,1817,3868,1000224,999453,5518,255,2,1000112,1000210,2427,7842,3186,8097,23552,0,0
1775,471273809,1205613388,0,0,0,0,1000000,1000000,1000000,0,1000316,999248,1817,3868,1000224,999453,5518,255,2,1000112,1000210,2427,7842,3186,8097,24576,0,0
1776,471969109,1207201133,0,0,0,0,1000000,1000000,1000000,0,1000322,999231,1807,3868,1000228,999440,5576,277,2,1000112,1000211,2420,7849,3184,8098,25600,0,0
1777,472007146,1207297510,0,0,0,0,1000000,1000000,1000000,0,1000322,999231,1807,3868,1000228,999440,5576,277,2,1000112,1000211,2420,7849,3184,8098,26624,0,0
1778,472047629,1207401315,0,0,0,0,1000000,1000000,1000000,0,1000322,999231,1807,3868,1000228,999440,5576,277,2,1000112,1000211,2420,7849,3184,8098,27648,0,0
1779,472111394,1207550558,0,0,0,0,1000000,1000000,1000000,0,1000322,999231,1807,3868,1000228,999440,5576,277,2,1000112,1000211,2420,7849,3184,8098,28672,0,0
1780,472903749,1209280765,0,0,0,0,1000000,1000000,1000000,0,1000329,999213,1787,3868,1000235,999422,5693,325,2,1000112,1000211,2420,7849,3184,8098,29696,0,0
1781,472941211,1209376197,0,0,0,0,1000000,1000000,1000000,0,1000329,999213,1787,3868,1000235,999422,5693,325,2,1000112,1000211,2420,7849,3184,8098,30720,0,0
1782,472980868,1209478225,0,0,0,0,1000000,1000000,1000000,0,1000329,999213,1787,3868,1000235,999422,5693,325,2,1000112,1000211,2420,7849,3184,8098,31744,0,0
1783,473147311,1209835501,0,0,0,0,1000000,1000000,1000000,0,1000329,999213,1787,3868,1000235,999422,5693,325,2,1000112,1000211,2420,7849,3184,8098,0,0,0
1784,473754063,1211201113,0,0,0,0,1000000,1000000,1000000,0,1000337,999196,1782,3868,1000243,999405,5722,337,2,1000112,1000211,2420,7849,3184,8098,1024,0,0
1785,473795650,1211306135,0,0,0,0,1000000,1000000,1000000,0,1000337,999196,1782,3868,1000243,999405,5722,337,2,1000112,1000211,2420,7849,3184,8098,2048,0,0
1786,473904414,1211549190,0,0,0,0,1000000,1000000,1000000,0,1000337,999196,1782,3868,1000243,999405,5722,337,2,1000112,1000211,2420,7849,3184,8098,3072,0,0
1787,474668040,1213226516,0,0,0,0,1000000,1000000,1000000,0,1000342,999183,1772,3852,1000243,999390,5779,362,2,1000112,1000211,2333,7793,3188,8099,4096,0,0
1788,474712436,1213338534,0,0,0,0,1000000,1000000,1000000,0,1000342,999183,1772,3852,1000243,999390,5779,362,2,1000112,1000211,2333,7793,3188,8099,5120,0,0
1789,474747685,1213431239,0,0,0,0,1000000,1000000,1000000,0,1000342,999183,1772,3852,1000243,999390,5779,362,2,1000112,1000211,2333,7793,3188,8099,6144,0,0
1790,475378579,1214869360,0,0,0,0,1000000,1000000,1000000,0,1000348,999170,1753,3832,1000243,999374,5887,413,2,1000112,1000211,2219,7736,3188,8099,7168,0,0
1791,475414649,1214963345,0,0,0,0,1000000,1000000,1000000,0,1000348,999170,1753,3832,1000243,999374,5887,413,2,1000112,1000211,2219,7736,3188,8099,8192,0,0
1792,475458314,1215073676,0,0,0,0,1000000,1000000,1000000,0,1000348,999170,1753,3832,1000243,999374,5887,413,2,1000112,1000211,2219,7736,3188,8099,9216,0,0
1793,476210221,1216746885,0,0,0,0,1000000,1000000,1000000,0,1000355,999158,1714,3787,1000236,999355,6104,526,2,1000112,1000211,1973,7604,3188,8099,10240,0,0
1794,476247938,1216844838,0,0,0,0,1000000,1000000,1000000,0,1000355,999158,1714,3787,1000236,999355,6104,526,2,1000112,1000211,1973,7604,3188,8099,11264,0,0
1795,476285042,1216940970,0,0,0,0,1000000,1000000,1000000,0,1000355,999158,1714,3787,1000236,999355,6104,526,2,1000112,1000211,1973,7604,3188,8099,12288,0,0
1796,476431194,1217261552,0,0,0,0,1000000,1000000,1000000,0,1000355,999158,1714,3787,1000236,999355,6104,526,2,1000112,1000211,1973,7604,3188,8099,13312,0,0
1797,477055959,1218692726,0,0,0,0,1000000,1000000,1000000,0,1000365,999142,1636,3712,1000232,999319,6516,792,2,1000112,1000209,1631,7376,3184,8094,14336,0,0
1798,477105014,1218815314,0,0,0,0,1000000,1000000,1000000,0,1000365,999142,1636,3712,1000232,999319,6516,792,2,1000112,1000209,1631,7376,3184,8094,15360,0,0
1799,477174344,1218975263,0,0,0,0,1000000,1000000,1000000,0,1000365,999142,1636,3712,1000232,999319,6516,792,2,1000112,1000209,1631,7376,3184,8094,16384,0,0
1800,477923616,1220646301,0,0,0,0,1000000,1000000,1000000,0,1000374,999132,1566,3646,1000232,999293,6857,1070,2,1000112,1000207,1386,7173,3197,8112,17408,0,0
1801,477964237,1220748125,0,0,0,0,1000000,1000000,1000000,0,1000374,999132,1566,3646,1000232,999293,6857,1070,2,1000112,1000207,1386,7173,3197,8112,18432,0,0
1802,478012056,1220868709,0,0,0,0,1000000,1000000,1000000,0,1000374,999132,1566,3646,1000232,999293,6857,1070,2,1000112,1000207,1386,7173,3197,8112,19456,0,0
1803,478598802,1222208780,0,0,0,0,1000000,1000000,1000000,0,1000384,999122,1533,3636,1000240,999280,7006,1214,2,1000112,1000207,1352,7147,3197,8092,20480,0,0
1804,478645397,1222329197,0,0,0,0,1000000,1000000,1000000,0,1000384,999122,1533,3636,1000240,999280,7006,1214,2,1000112,1000207,1352,7147,3197,8092,21504,0,0
1805,478690204,1222441760,0,0,0,0,1000000,1000000,1000000,0,1000384,999122,1533,3636,1000240,999280,7006,1214,2,1000112,1000207,1352,7147,3197,8092,22528,0,0
1806,479429593,1224081237,0,0,0,0,1000000,1000000,1000000,0,1000395,999112,1523,3629,1000246,999271,7050,1259,2,1000112,1000208,1332,7122,3191,8093,23552,0,0
1807,479469668,1224181756,0,0,0,0,1000000,1000000,1000000,0,1000395,999112,1523,3629,1000246,999271,7050,1259,2,1000112,1000208,1332,7122,3191,8093,24576,0,0
1808,479521716,1224312882,0,0,0,0,1000000,1000000,1000000,0,1000395,999112,1523,3629,1000246,999271,7050,1259,2,1000112,1000208,1332,7122,3191,8093,25600,0,0
1809,480117544,1225680855,0,0,0,0,1000000,1000000,1000000,0,1000405,999102,1523,3628,1000254,999263,7050,1259,2,1000112,1000209,1319,7133,3180,8094,26624,0,0
1810,480169943,1225811832,0,0,0,0,1000000,1000000,1000000,0,1000405,999102,1523,3628,1000254,999263,7050,1259,2,1000112,1000209,1319,7133,3180,8094,27648,0,0
1811,480204071,1225901128,0,0,0,0,1000000,1000000,1000000,0,1000405,999102,1523,3628,1000254,999263,7050,1259,2,1000112,1000209,1319,7133,3180,8094,28672,0,0
1812,480912046,1227491578,0,0,0,0,1000000,1000000,1000000,0,1000415,999092,1523,3631,1000262,999256,7050,1259,2,1000112,1000209,1333,7133,3197,8096,29696,0,0
1813,480954869,1227598508,0,0,0,0,1000000,1000000,1000000,0,1000415,999092,1523,3631,1000262,999256,7050,1259,2,1000112,1000209,1333,7133,3197,8096,30720,0,0
1814,480999731,1227715067,0,0,0,0,1000000,1000000,1000000,0,1000415,999092,1523,3631,1000262,999256,7050,1259,2,1000112,1000209,1333,7133,3197,8096,31744,0,0
1815,481563710,1229014146,0,0,0,0,1000000,1000000,1000000,0,1000425,999083,1523,3630,1000270,999249,7050,1259,2,1000112,1000210,1334,7129,3190,8097,0,0,0
1816,481609707,1229133113,0,0,0,0,1000000,1000000,1000000,0,1000425,999083,1523,3630,1000270,999249,7050,1259,2,1000112,1000210,1334,7129,3190,8097,1024,0,0
1817,481660783,1229257518,0,0,0,0,1000000,1000000,1000000,0,1000425,999083,1523,3630,1000270,999249,7050,1259,2,1000112,1000210,1334,7129,3190,8097,2048,0,0
1818,482359732,1230823160,0,0,0,0,1000000,1000000,1000000,0,1000435,999073,1523,3630,1000278,999241,7050,1259,2,1000112,1000211,1334,7125,3184,8098,3072,0,0
1819,482393308,1230910620,0,0,0,0,1000000,1000000,1000000,0,1000435,999073,1523,3630,1000278,999241,7050,1259,2,1000112,1000211,1334,7125,3184,8098,4096,0,0
1820,482438592,1231028886,0,0,0,0,1000000,1000000,1000000,0,1000435,999073,1523,3630,1000278,999241,7050,1259,2,1000112,1000211,1334,7125,3184,8098,5120,0,0
1821,483017223,1232369239,0,0,0,0,1000000,1000000,1000000,0,1000445,999063,1523,3633,1000288,999232,7050,1259,2,1000112,1000211,1334,7144,3184,8098,6144,0,0
1822,483068784,1232498923,0,0,0,0,1000000,1000000,1000000,0,1000445,999063,1523,3633,1000288,999232,7050,1259,2,1000112,1000211,1334,7144,3184,8098,7168,0,0
1823,483150731,1232684922,0,0,0,0,1000000,1000000,1000000,0,1000445,999063,1523,3633,1000288,999232,7050,1259,2,1000112,1000211,1334,7144,3184,8098,8192,0,0
1824,483817779,1234169237,0,0,0,0,1000000,1000000,1000000,0,1000455,999053,1523,3633,1000298,999222,7050,1259,2,1000112,1000211,1334,7144,3184,8098,9216,0,0
1825,483854869,1234265810,0,0,0,0,1000000,1000000,1000000,0,1000455,999053,1523,3633,1000298,999222,7050,1259,2,1000112,1000211,1334,7144,3184,8098,10240,0,0
1826,483906844,1234399544,0,0,0,0,1000000,1000000,1000000,0,1000455,999053,1523,3633,1000298,999222,7050,1259,2,1000112,1000211,1334,7144,3184,8098,11264,0,0
1827,484481403,1235735794,0,0,0,0,1000000,1000000,1000000,0,1000466,999044,1482,3567,1000299,999203,7222,1450,2,1000112,1000211,1144,6953,3184,8098,12288,0,0
1828,484534300,1235870973,0,0,0,0,1000000,1000000,1000000,0,1000466,999044,1482,3567,1000299,999203,7222,1450,2,1000112,1000211,1144,6953,3184,8098,13312,0,0
1829,484641399,1236112342,0,0,0,0,1000000,1000000,1000000,0,1000466,999044,1482,3567,1000299,999203,7222,1450,2,1000112,1000211,1144,6953,3184,8098,14336,0,0
1830,485372271,1237761018,0,0,0,0,1000000,1000000,1000000,0,1000477,999036,1388,3500,1000299,999183,7570,1927,2,1000112,1000211,949,6731,3188,8099,15360,0,0
1831,485416509,1237874044,0,0,0,0,1000000,1000000,1000000,0,1000477,999036,1388,3500,1000299,999183,7570,1927,2,1000112,1000211,949,6731,3188,8099,16384,0,0
1832,485468598,1238007830,0,0,0,0,1000000,1000000,1000000,0,1000477,999036,1388,3500,1000299,999183,7570,1927,2,1000112,1000211,949,6731,3188,8099,17408,0,0
1833,486065907,1239389309,0,0,0,0,1000000,1000000,1000000,0,1000490,999029,1325,3430,1000300,999159,7764,2272,2,1000112,1000211,740,6447,3188,8099,18432,0,0
1834,486113852,1239511788,0,0,0,0,1000000,1000000,1000000,0,1000490,999029,1325,3430,1000300,999159,7764,2272,2,1000112,1000211,740,6447,3188,8099,19456,0,0
1835,486149015,1239604674,0,0,0,0,1000000,1000000,1000000,0,1000490,999029,1325,3430,1000300,999159,7764,2272,2,1000112,1000211,740,6447,3188,8099,20480,0,0
1836,487043900,1241539286,0,0,0,0,1000000,1000000,1000000,0,1000503,999025,1180,3363,1000301,999136,8075,3126,2,1000112,1000211,531,6125,3188,8099,21504,0,0
1837,487084695,1241642967,0,0,0,0,1000000,1000000,1000000,0,1000503,999025,1180,3363,1000301,999136,8075,3126,2,1000112,1000211,531,6125,3188,8099,22528,0,0
1838,487134262,1241769084,0,0,0,0,1000000,1000000,1000000,0,1000503,999025,1180,3363,1000301,999136,8075,3126,2,1000112,1000211,531,6125,3188,8099,23552,0,0
1839,487174164,1241871171,0,0,0,0,1000000,1000000,1000000,0,1000503,999025,1180,3363,1000301,999136,8075,3126,2,1000112,1000211,531,6125,3188,8099,24576,0,0
1840,487774685,1243265735,0,0,0,0,1000000,1000000,1000000,0,1000521,999022,1083,3303,1000309,999113,8175,3727,2,1000112,1000211,361,5783,3188,8099,25600,0,0
1841,487808928,1243355053,0,0,0,0,1000000,1000000,1000000,0,1000521,999022,1083,3303,1000309,999113,8175,3727,2,1000112,1000211,361,5783,3188,8099,26624,0,0
1842,487886586,1243538423,0,0,0,0,1000000,1000000,1000000,0,1000521,999022,1083,3303,1000309,999113,8175,3727,2,1000112,1000211,361,5783,3188,8099,27648,0,0
1843,488534684,1244970020,0,0,0,0,1000000,1000000,1000000,0,1000535,999021,1083,3303,1000323,999110,8175,3727,2,1000112,1000211,361,5783,3188,8099,28672,0,0
1844,488579434,1245086238,0,0,0,0,1000000,1000000,1000000,0,1000535,999021,1083,3303,1000323,999110,8175,3727,2,1000112,1000211,361,5783,3188,8099,29696,0,0
1845,488650981,1245252121,0,0,0,0,1000000,1000000,1000000,0,1000535,999021,1083,3303,1000323,999110,8175,3727,2,1000112,1000211,361,5783,3188,8099,30720,0,0
1846,489194054,1246500825,0,0,0,0,1000000,1000000,1000000,0,1000549,999020,1076,3303,1000337,999109,8179,3770,2,1000112,1000211,361,5783,3188,8099,31744,0,0
1847,489227774,1246588662,0,0,0,0,1000000,1000000,1000000,0,1000549,999020,1076,3303,1000337,999109,8179,3770,2,1000112,1000211,361,5783,3188,8099,0,0,0
1848,489400895,1246965817,0,0,0,0,1000000,1000000,1000000,0,1000549,999020,1076,3303,1000337,999109,8179,3770,2,1000112,1000211,361,5783,3188,8099,1024,0,0
1849,490156108,1248647226,0,0,0,0,1000000,1000000,1000000,0,1000564,999018,1076,3303,1000352,999107,8179,3770,2,1000128,1000226,361,5783,2999,8045,2048,0,0
1850,490204483,1248771723,0,0,0,0,1000000,1000000,1000000,0,1000564,999018,1076,3303,1000352,999107,8179,3770,2,1000128,1000226,361,5783,2999,8045,3072,0,0
1851,490237478,1248857912,0,0,0,0,1000000,1000000,1000000,0,1000564,999018,1076,3303,1000352,999107,8179,3770,2,1000128,1000226,361,5783,2999,8045,4096,0,0
1852,490860698,1250275523,0,0,0,0,1000000,1000000,1000000,0,1000578,999018,1043,3303,1000366,999107,8191,3977,2,1000128,1000226,361,5783,3100,8081,5120,0,0
1853,490902559,1250379360,0,0,0,0,1000000,1000000,1000000,0,1000578,999018,1043,3303,1000366,999107,8191,3977,2,1000128,1000226,361,5783,3100,8081,6144,0,0
1854,490952652,1250506442,0,0,0,0,1000000,1000000,1000000,0,1000578,999018,1043,3303,1000366,999107,8191,3977,2,1000128,1000226,361,5783,3100,8081,7168,0,0
1855,491677197,1252098120,0,0,0,0,1000000,1000000,1000000,0,1000592,999018,1029,3303,1000380,999107,8192,4065,2,1000128,1000227,361,5783,3137,8081,8192,0,0
1856,491729114,1252228973,0,0,0,0,1000000,1000000,1000000,0,1000592,999018,1029,3303,1000380,999107,8192,4065,2,1000128,1000227,361,5783,3137,8081,9216,0,0
1857,491762204,1252316193,0,0,0,0,1000000,1000000,1000000,0,1000592,999018,1029,3303,1000380,999107,8192,4065,2,1000128,1000227,361,5783,3137,8081,10240,0,0
1858,492383409,1253725822,0,0,0,0,1000000,1000000,1000000,0,1000606,999018,1029,3303,1000394,999107,8192,4065,2,1000128,1000227,361,5783,3188,8099,11264,0,0
1859,492416889,1253812779,0,0,0,0,1000000,1000000,1000000,0,1000606,999018,1029,3303,1000394,999107,8192,4065,2,1000128,1000227,361,5783,3188,8099,12288,0,0
1860,492461801,1253929966,0,0,0,0,1000000,1000000,1000000,0,1000606,999018,1029,3303,1000394,999107,8192,4065,2,1000128,1000227,361,5783,3188,8099,13312,0,0
1861,493149150,1255438021,0,0,0,0,1000000,1000000,1000000,0,1000620,999017,1025,3303,1000408,999106,8192,4090,2,1000128,1000227,361,5783,3188,8099,14336,0,0
1862,493194659,1255555692,0,0,0,0,1000000,1000000,1000000,0,1000620,999017,1025,3303,1000408,999106,8192,4090,2,1000128,1000227,361,5783,3188,8099,15360,0,0
1863,493236819,1255661470,0,0,0,0,1000000,1000000,1000000,0,1000620,999017,1025,3303,1000408,999106,8192,4090,2,1000128,1000227,361,5783,3188,8099,16384,0,0
1864,493865448,1257089599,0,0,0,0,1000000,1000000,1000000,0,1000634,999017,1024,3303,1000422,999106,8192,4096,2,1000144,1000242,361,5783,3050,8063,17408,0,0
1865,493900246,1257179356,0,0,0,0,1000000,1000000,1000000,0,1000634,999017,1024,3303,1000422,999106,8192,4096,2,1000144,1000242,361,5783,3050,8063,18432,0,0
1866,493945762,1257296904,0,0,0,0,1000000,1000000,1000000,0,1000634,999017,1024,3303,1000422,999106,8192,4096,2,1000144,1000242,361,5783,3050,8063,19456,0,0
1867,494660166,1258870583,0,0,0,0,1000000,1000000,1000000,0,1000648,999017,1024,3303,1000436,999106,8192,4096,2,1000144,1000243,361,5783,3100,8081,20480,0,0
1868,494714847,1259006081,0,0,0,0,1000000,1000000,1000000,0,1000648,999017,1024,3303,1000436,999106,8192,4096,2,1000144,1000243,361,5783,3100,8081,21504,0,0
1869,494761845,1259119851,0,0,0,0,1000000,1000000,1000000,0,1000648,999017,1024,3303,1000436,999106,8192,4096,2,1000144,1000243,361,5783,3100,8081,22528,0,0
1870,495380794,1260519591,0,0,0,0,1000000,1000000,1000000,0,1000662,999017,1024,3303,1000450,999106,8192,4096,2,1000144,1000243,361,5783,3151,8099,23552,0,0
1871,495422930,1260622756,0,0,0,0,1000000,1000000,1000000,0,1000662,999017,1024,3303,1000450,999106,8192,4096,2,1000144,1000243,361,5783,3151,8099,24576,0,0
1872,495477786,1260758908,0,0,0,0,1000000,1000000,1000000,0,1000662,999017,1024,3303,1000450,999106,8192,4096,2,1000144,1000243,361,5783,3151,8099,25600,0,0
1873,496203590,1262363103,0,0,0,0,1000000,1000000,1000000,0,1000676,999017,1038,3303,1000464,999106,8192,4008,2,1000144,1000243,361,5783,3188,8099,26624,0,0
1874,496252958,1262487595,0,0,0,0,1000000,1000000,1000000,0,1000676,999017,1038,3303,1000464,999106,8192,4008,2,1000144,1000243,361,5783,3188,8099,27648,0,0
1875,496289402,1262579973,0,0,0,0,1000000,1000000,1000000,0,1000676,999017,1038,3303,1000464,999106,8192,4008,2,1000144,1000243,361,5783,3188,8099,28672,0,0
1876,496947948,1264069110,0,0,0,0,1000000,1000000,1000000,0,1000690,999017,1051,3303,1000478,999106,8189,3927,2,1000160,1000258,361,5783,2999,8045,29696,0,0
1877,496991713,1264177851,0,0,0,0,1000000,1000000,1000000,0,1000690,999017,1051,3303,1000478,999106,8189,3927,2,1000160,1000258,361,5783,2999,8045,30720,0,0
1878,497040668,1264301438,0,0,0,0,1000000,1000000,1000000,0,1000690,999017,1051,3303,1000478,999106,8189,3927,2,1000160,1000258,361,5783,2999,8045,31744,0,0
1879,497762375,1265889213,0,0,0,0,1000000,1000000,1000000,0,1000704,999016,1074,3303,1000492,999105,8180,3783,2,1000160,1000258,361,5783,3100,8081,0,0,0
1880,497818396,1266026697,0,0,0,0,1000000,1000000,1000000,0,1000704,999016,1074,3303,1000492,999105,8180,3783,2,1000160,1000258,361,5783,3100,8081,1024,0,0
1881,497856127,1266122235,0,0,0,0,1000000,1000000,1000000,0,1000704,999016,1074,3303,1000492,999105,8180,3783,2,1000160,1000258,361,5783,3100,8081,2048,0,0
1882,497975326,1266387864,0,0,0,0,1000000,1000000,1000000,0,1000704,999016,1074,3303,1000492,999105,8180,3783,2,1000160,1000258,361,5783,3100,8081,3072,0,0
1883,498588724,1267764086,0,0,0,0,1000000,1000000,1000000,0,1000723,999014,1082,3303,1000511,999103,8176,3733,2,1000160,1000259,361,5783,3151,8099,4096,0,0
1884,498638479,1267889308,0,0,0,0,1000000,1000000,1000000,0,1000723,999014,1082,3303,1000511,999103,8176,3733,2,1000160,1000259,361,5783,3151,8099,5120,0,0
1885,498733709,1268101568,0,0,0,0,1000000,1000000,1000000,0,1000723,999014,1082,3303,1000511,999103,8176,3733,2,1000160,1000259,361,5783,3151,8099,6144,0,0
1886,499482886,1269750424,0,0,0,0,1000000,1000000,1000000,0,1000737,999013,1082,3303,1000525,999102,8176,3733,2,1000160,1000259,361,5783,3188,8099,7168,0,0
1887,499525318,1269854644,0,0,0,0,1000000,1000000,1000000,0,1000737,999013,1082,3303,1000525,999102,8176,3733,2,1000160,1000259,361,5783,3188,8099,8192,0,0
1888,499580262,1269990451,0,0,0,0,1000000,1000000,1000000,0,1000737,999013,1082,3303,1000525,999102,8176,3733,2,1000160,1000259,361,5783,3188,8099,9216,0,0
1889,500158985,1271285507,0,0,0,0,1000000,1000000,1000000,0,1000751,999011,1101,3303,1000539,999100,8164,3614,2,1000160,1000259,361,5783,3188,8099,10240,0,0
1890,500233815,1271460751,0,0,0,0,1000000,1000000,1000000,0,1000751,999011,1101,3303,1000539,999100,8164,3614,2,1000160,1000259,361,5783,3188,8099,11264,0,0
1891,500276603,1271567441,0,0,0,0,1000000,1000000,1000000,0,1000751,999011,1101,3303,1000539,999100,8164,3614,2,1000160,1000259,361,5783,3188,8099,12288,0,0
1892,501036506,1273246375,0,0,0,0,1000000,1000000,1000000,0,1000765,999010,1101,3303,1000553,999099,8164,3614,2,1000176,1000274,361,5783,3082,8081,13312,0,0
1893,501075364,1273343995,0,0,0,0,1000000,1000000,1000000,0,1000765,999010,1101,3303,1000553,999099,8164,3614,2,1000176,1000274,361,5783,3082,8081,14336,0,0
1894,501131718,1273482181,0,0,0,0,1000000,1000000,1000000,0,1000765,999010,1101,3303,1000553,999099,8164,3614,2,1000176,1000274,361,5783,3082,8081,15360,0,0
1895,501285950,1273813940,0,0,0,0,1000000,1000000,1000000,0,1000765,999010,1101,3303,1000553,999099,8164,3614,2,1000176,1000274,361,5783,3082,8081,16384,0,0
1896,501952431,1275319129,0,0,0,0,1000000,1000000,1000000,0,1000783,999007,1140,3303,1000571,999096,8128,3372,2,1000176,1000275,361,5783,3137,8081,17408,0,0
1897,501989764,1275414022,0,0,0,0,1000000,1000000,1000000,0,1000783,999007,1140,3303,1000571,999096,8128,3372,2,1000176,1000275,361,5783,3137,8081,18432,0,0
1898,502038792,1275538754,0,0,0,0,1000000,1000000,1000000,0,1000783,999007,1140,3303,1000571,999096,8128,3372,2,1000176,1000275,361,5783,3137,8081,19456,0,0
1899,502939264,1277460072,0,0,0,0,1000000,1000000,1000000,0,1000797,999004,1170,3303,1000585,999093,8090,3187,2,1000176,1000275,361,5783,3188,8099,20480,0,0
1900,502990786,1277589342,0,0,0,0,1000000,1000000,1000000,0,1000797,999004,1170,3303,1000585,999093,8090,3187,2,1000176,1000275,361,5783,3188,8099,21504,0,0
1901,503031817,1277691794,0,0,0,0,1000000,1000000,1000000,0,1000797,999004,1170,3303,1000585,999093,8090,3187,2,1000176,1000275,361,5783,3188,8099,22528,0,0
1902,503085485,1277825786,0,0,0,0,1000000,1000000,1000000,0,1000797,999004,1170,3303,1000585,999093,8090,3187,2,1000176,1000275,361,5783,3188,8099,23552,0,0
1903,503636154,1279056424,0,0,0,0,1000000,1000000,1000000,0,1000815,999000,1170,3303,1000603,999089,8090,3187,2,1000176,1000275,361,5783,3188,8099,24576,0,0
1904,503704732,1279220786,0,0,0,0,1000000,1000000,1000000,0,1000815,999000,1170,3303,1000603,999089,8090,3187,2,1000176,1000275,361,5783,3188,8099,25600,0,0
1905,503844501,1279526289,0,0,0,0,1000000,1000000,1000000,0,1000815,999000,1170,3303,1000603,999089,8090,3187,2,1000176,1000275,361,5783,3188,8099,26624,0,0
1906,504556991,1281100899,0,0,0,0,1000000,1000000,1000000,0,1000829,998997,1185,3318,1000619,999091,8068,3095,2,1000192,1000293,399,5878,3031,8063,27648,0,0
1907,504596895,1281201611,0,0,0,0,1000000,1000000,1000000,0,1000829,998997,1185,3318,1000619,999091,8068,3095,2,1000192,1000293,399,5878,3031,8063,28672,0,0
1908,504652396,1281339199,0,0,0,0,1000000,1000000,1000000,0,1000829,998997,1185,3318,1000619,999091,8068,3095,2,1000192,1000293,399,5878,3031,8063,29696,0,0
1909,505246746,1282684328,0,0,0,0,1000000,1000000,1000000,0,1000842,998993,1206,3344,1000637,999095,8034,2968,2,1000192,1000299,477,6020,2976,8045,30720,0,0
1910,505299328,1282815552,0,0,0,0,1000000,1000000,1000000,0,1000842,998993,1206,3344,1000637,999095,8034,2968,2,1000192,1000299,477,6020,2976,8045,31744,0,0
1911,505357209,1282953693,0,0,0,0,1000000,1000000,1000000,0,1000842,998993,1206,3344,1000637,999095,8034,2968,2,1000192,1000299,477,6020,2976,8045,0,0,0
1912,506064191,1284520273,0,0,0,0,1000000,1000000,1000000,0,1000856,998989,1240,3388,1000660,999103,7969,2764,2,1000192,1000308,599,6259,2860,8007,1024,0,0
1913,506105528,1284624802,0,0,0,0,1000000,1000000,1000000,0,1000856,998989,1240,3388,1000660,999103,7969,2764,2,1000192,1000308,599,6259,2860,8007,2048,0,0
1914,506154493,1284749513,0,0,0,0,1000000,1000000,1000000,0,1000856,998989,1240,3388,1000660,999103,7969,2764,2,1000192,1000308,599,6259,2860,8007,3072,0,0
1915,506750803,1286098576,0,0,0,0,1000000,1000000,1000000,0,1000869,998983,1285,3442,1000684,999109,7868,2500,2,1000192,1000319,765,6506,2676,7952,4096,0,0
1916,506802938,1286229142,0,0,0,0,1000000,1000000,1000000,0,1000869,998983,1285,3442,1000684,999109,7868,2500,2,1000192,1000319,765,6506,2676,7952,5120,0,0
1917,506868324,1286381123,0,0,0,0,1000000,1000000,1000000,0,1000869,998983,1285,3442,1000684,999109,7868,2500,2,1000192,1000319,765,6506,2676,7952,6144,0,0
1918,507780564,1288335586,0,0,0,0,1000000,1000000,1000000,0,1000882,998978,1301,3442,1000697,999104,7828,2408,2,1000208,1000335,765,6506,2491,7867,7168,0,0
1919,507826889,1288448834,0,0,0,0,1000000,1000000,1000000,0,1000882,998978,1301,3442,1000697,999104,7828,2408,2,1000208,1000335,765,6506,2491,7867,8192,0,0
1920,507882563,1288586491,0,0,0,0,1000000,1000000,1000000,0,1000882,998978,1301,3442,1000697,999104,7828,2408,2,1000208,1000335,765,6506,2491,7867,9216,0,0
1921,507919546,1288681075,0,0,0,0,1000000,1000000,1000000,0,1000882,998978,1301,3442,1000697,999104,7828,2408,2,1000208,1000335,765,6506,2491,7867,10240,0,0
1922,508527750,1290061250,0,0,0,0,1000000,1000000,1000000,0,1000899,998970,1301,3442,1000714,999096,7828,2408,2,1000208,1000335,765,6506,2597,7917,11264,0,0
1923,508569891,1290165109,0,0,0,0,1000000,1000000,1000000,0,1000899,998970,1301,3442,1000714,999096,7828,2408,2,1000208,1000335,765,6506,2597,7917,12288,0,0
1924,508665061,1290379774,0,0,0,0,1000000,1000000,1000000,0,1000899,998970,1301,3442,1000714,999096,7828,2408,2,1000208,1000335,765,6506,2597,7917,13312,0,0
1925,509525052,1292225607,0,0,0,0,1000000,1000000,1000000,0,1000912,998964,1301,3442,1000727,999090,7828,2408,2,1000208,1000335,765,6506,2645,7934,14336,0,0
1926,509565853,1292329451,0,0,0,0,1000000,1000000,1000000,0,1000912,998964,1301,3442,1000727,999090,7828,2408,2,1000208,1000335,765,6506,2645,7934,15360,0,0
1927,509600977,1292419976,0,0,0,0,1000000,1000000,1000000,0,1000912,998964,1301,3442,1000727,999090,7828,2408,2,1000208,1000335,765,6506,2645,7934,16384,0,0
1928,509710928,1292664709,0,0,0,0,1000000,1000000,1000000,0,1000912,998964,1301,3442,1000727,999090,7828,2408,2,1000208,1000335,765,6506,2645,7934,17408,0,0
1929,510291417,1293991386,0,0,0,0,1000000,1000000,1000000,0,1000929,998956,1301,3442,1000744,999082,7828,2408,2,1000208,1000335,765,6506,2676,7952,18432,0,0
1930,510332428,1294095601,0,0,0,0,1000000,1000000,1000000,0,1000929,998956,1301,3442,1000744,999082,7828,2408,2,1000208,1000335,765,6506,2676,7952,19456,0,0
1931,510462288,1294378408,0,0,0,0,1000000,1000000,1000000,0,1000929,998956,1301,3442,1000744,999082,7828,2408,2,1000208,1000335,765,6506,2676,7952,20480,0,0
1932,511090118,1295754848,0,0,0,0,1000000,1000000,1000000,0,1000941,998950,1301,3442,1000756,999076,7828,2408,2,1000208,1000335,765,6506,2676,7952,21504,0,0
1933,511146157,1295887577,0,0,0,0,1000000,1000000,1000000,0,1000941,998950,1301,3442,1000756,999076,7828,2408,2,1000208,1000335,765,6506,2676,7952,22528,0,0
1934,511235896,1296092126,0,0,0,0,1000000,1000000,1000000,0,1000941,998950,1301,3442,1000756,999076,7828,2408,2,1000208,1000335,765,6506,2676,7952,23552,0,0
1935,511815762,1297404624,0,0,0,0,1000000,1000000,1000000,0,1000954,998945,1301,3442,1000769,999071,7828,2408,2,1000224,1000351,765,6506,2567,7900,24576,0,0
1936,511858175,1297511661,0,0,0,0,1000000,1000000,1000000,0,1000954,998945,1301,3442,1000769,999071,7828,2408,2,1000224,1000351,765,6506,2567,7900,25600,0,0
1937,511993657,1297805836,0,0,0,0,1000000,1000000,1000000,0,1000954,998945,1301,3442,1000769,999071,7828,2408,2,1000224,1000351,765,6506,2567,7900,26624,0,0
1938,512883800,1299701688,0,0,0,0,1000000,1000000,1000000,0,1000967,998939,1301,3442,1000782,999065,7828,2408,2,1000224,1000351,765,6506,2615,7917,27648,0,0
1939,512920803,1299795318,0,0,0,0,1000000,1000000,1000000,0,1000967,998939,1301,3442,1000782,999065,7828,2408,2,1000224,1000351,765,6506,2615,7917,28672,0,0
1940,512972261,1299920312,0,0,0,0,1000000,1000000,1000000,0,1000967,998939,1301,3442,1000782,999065,7828,2408,2,1000224,1000351,765,6506,2615,7917,29696,0,0
1941,513046940,1300090780,0,0,0,0,1000000,1000000,1000000,0,1000967,998939,1301,3442,1000782,999065,7828,2408,2,1000224,1000351,765,6506,2615,7917,30720,0,0
1942,513635119,1301428682,0,0,0,0,1000000,1000000,1000000,0,1000984,998931,1301,3442,1000799,999057,7828,2408,2,1000224,1000351,765,6506,2676,7952,31744,0,0
1943,513670617,1301519594,0,0,0,0,1000000,1000000,1000000,0,1000984,998931,1301,3442,1000799,999057,7828,2408,2,1000224,1000351,765,6506,2676,7952,0,0,0
1944,513800362,1301804486,0,0,0,0,1000000,1000000,1000000,0,1000984,998931,1301,3442,1000799,999057,7828,2408,2,1000224,1000351,765,6506,2676,7952,1024,0,0
1945,514439716,1303195370,0,0,0,0,1000000,1000000,1000000,0,1000997,998925,1301,3442,1000812,999051,7828,2408,2,1000224,1000351,765,6506,2676,7952,2048,0,0
1946,514480980,1303300243,0,0,0,0,1000000,1000000,1000000,0,1000997,998925,1301,3442,1000812,999051,7828,2408,2,1000224,1000351,765,6506,2676,7952,3072,0,0
1947,514578826,1303518208,0,0,0,0,1000000,1000000,1000000,0,1000997,998925,1301,3442,1000812,999051,7828,2408,2,1000224,1000351,765,6506,2676,7952,4096,0,0
1948,515106919,1304704267,0,0,0,0,1000000,1000000,1000000,0,1001010,998920,1301,3442,1000825,999046,7828,2408,2,1000224,1000351,765,6506,2676,7952,5120,0,0
1949,515142543,1304795496,0,0,0,0,1000000,1000000,1000000,0,1001010,998920,1301,3442,1000825,999046,7828,2408,2,1000224,1000351,765,6506,2676,7952,6144,0,0
1950,515347133,1305231889,0,0,0,0,1000000,1000000,1000000,0,1001010,998920,1301,3442,1000825,999046,7828,2408,2,1000224,1000351,765,6506,2676,7952,7168,0,0
1951,516169029,1306948240,0,0,0,0,1000000,1000000,1000000,0,1001023,998914,1301,3442,1000838,999040,7828,2408,2,1000224,1000351,765,6506,2676,7952,8192,0,0
1952,516212959,1307058584,0,0,0,0,1000000,1000000,1000000,0,1001023,998914,1301,3442,1000838,999040,7828,2408,2,1000224,1000351,765,6506,2676,7952,9216,0,0
1953,516247669,1307148160,0,0,0,0,1000000,1000000,1000000,0,1001023,998914,1301,3442,1000838,999040,7828,2408,2,1000224,1000351,765,6506,2676,7952,10240,0,0
1954,516418803,1307516848,0,0,0,0,1000000,1000000,1000000,0,1001023,998914,1301,3442,1000838,999040,7828,2408,2,1000224,1000351,765,6506,2676,7952,11264,0,0
1955,516929794,1308658976,0,0,0,0,1000000,1000000,1000000,0,1001040,998906,1291,3442,1000855,999032,7854,2466,2,1000224,1000351,765,6506,2676,7952,12288,0,0
1956,516970727,1308763132,0,0,0,0,1000000,1000000,1000000,0,1001040,998906,1291,3442,1000855,999032,7854,2466,2,1000224,1000351,765,6506,2676,7952,13312,0,0
1957,517191675,1309230540,0,0,0,0,1000000,1000000,1000000,0,1001040,998906,1291,3442,1000855,999032,7854,2466,2,1000224,1000351,765,6506,2676,7952,14336,0,0
1958,517882453,1310761513,0,0,0,0,1000000,1000000,1000000,0,1001053,998901,1291,3445,1000868,999028,7854,2466,2,1000224,1000351,781,6514,2682,7953,15360,0,0
1959,517922220,1310862357,0,0,0,0,1000000,1000000,1000000,0,1001053,998901,1291,3445,1000868,999028,7854,2466,2,1000224,1000351,781,6514,2682,7953,16384,0,0
1960,517965390,1310972054,0,0,0,0,1000000,1000000,1000000,0,1001053,998901,1291,3445,1000868,999028,7854,2466,2,1000224,1000351,781,6514,2682,7953,17408,0,0
1961,518530701,1312261860,0,0,0,0,1000000,1000000,1000000,0,1001066,998895,1294,3447,1000882,999022,7846,2448,2,1000224,1000351,784,6526,2676,7952,18432,0,0
1962,518571939,1312366763,0,0,0,0,1000000,1000000,1000000,0,1001066,998895,1294,3447,1000882,999022,7846,2448,2,1000224,1000351,784,6526,2676,7952,19456,0,0
1963,518705312,1312657964,0,0,0,0,1000000,1000000,1000000,0,1001066,998895,1294,3447,1000882,999022,7846,2448,2,1000224,1000351,784,6526,2676,7952,20480,0,0
1964,519576963,1314516125,0,0,0,0,1000000,1000000,1000000,0,1001078,998889,1312,3489,1000900,999025,7799,2345,2,1000224,1000351,917,6690,2682,7953,21504,0,0
1965,519619017,1314621666,0,0,0,0,1000000,1000000,1000000,0,1001078,998889,1312,3489,1000900,999025,7799,2345,2,1000224,1000351,917,6690,2682,7953,22528,0,0
1966,519658867,1314724135,0,0,0,0,1000000,1000000,1000000,0,1001078,998889,1312,3489,1000900,999025,7799,2345,2,1000224,1000351,917,6690,2682,7953,23552,0,0
1967,519756902,1314942905,0,0,0,0,1000000,1000000,1000000,0,1001078,998889,1312,3489,1000900,999025,7799,2345,2,1000224,1000351,917,6690,2682,7953,24576,0,0
1968,520330065,1316250502,0,0,0,0,1000000,1000000,1000000,0,1001095,998880,1383,3602,1000934,999035,7587,1953,2,1000224,1000353,1249,7041,2652,7936,25600,0,0
1969,520369766,1316351228,0,0,0,0,1000000,1000000,1000000,0,1001095,998880,1383,3602,1000934,999035,7587,1953,2,1000224,1000353,1249,7041,2652,7936,26624,0,0
1970,520509574,1316656625,0,0,0,0,1000000,1000000,1000000,0,1001095,998880,1383,3602,1000934,999035,7587,1953,2,1000224,1000353,1249,7041,2652,7936,27648,0,0
1971,521321798,1318405718,0,0,0,0,1000000,1000000,1000000,0,1001106,998871,1491,3713,1000967,999044,7186,1407,2,1000224,1000355,1635,7384,2609,7916,28672,0,0
1972,521364436,1318513241,0,0,0,0,1000000,1000000,1000000,0,1001106,998871,1491,3713,1000967,999044,7186,1407,2,1000224,1000355,1635,7384,2609,7916,29696,0,0
1973,521404345,1318615837,0,0,0,0,1000000,1000000,1000000,0,1001106,998871,1491,3713,1000967,999044,7186,1407,2,1000224,1000355,1635,7384,2609,7916,30720,0,0
1974,521554201,1318941572,0,0,0,0,1000000,1000000,1000000,0,1001106,998871,1491,3713,1000967,999044,7186,1407,2,1000224,1000355,1635,7384,2609,7916,31744,0,0
1975,522079397,1320153048,0,0,0,0,1000000,1000000,1000000,0,1001117,998857,1714,3937,1001052,999036,6104,526,2,1000224,1000360,2876,8014,2531,7882,0,0,0
1976,522123026,1320262821,0,0,0,0,1000000,1000000,1000000,0,1001117,998857,1714,3937,1001052,999036,6104,526,2,1000224,1000360,2876,8014,2531,7882,1024,0,0
1977,522306313,1320655280,0,0,0,0,1000000,1000000,1000000,0,1001117,998857,1714,3937,1001052,999036,6104,526,2,1000224,1000360,2876,8014,2531,7882,2048,0,0
1978,522929833,1322057817,0,0,0,0,1000000,1000000,1000000,0,1001122,998844,1833,3994,1001083,999021,5423,221,2,1000224,1000363,3293,8113,2491,7867,3072,0,0
1979,522968707,1322156662,0,0,0,0,1000000,1000000,1000000,0,1001122,998844,1833,3994,1001083,999021,5423,221,2,1000224,1000363,3293,8113,2491,7867,4096,0,0
1980,523062718,1322368976,0,0,0,0,1000000,1000000,1000000,0,1001122,998844,1833,3994,1001083,999021,5423,221,2,1000224,1000363,3293,8113,2491,7867,5120,0,0
1981,523583129,1323569325,0,0,0,0,1000000,1000000,1000000,0,1001128,998831,1792,4002,1001092,999005,5663,312,2,1000224,1000366,3348,8132,2436,7849,6144,0,0
1982,523633426,1323697002,0,0,0,0,1000000,1000000,1000000,0,1001128,998831,1792,4002,1001092,999005,5663,312,2,1000224,1000366,3348,8132,2436,7849,7168,0,0
1983,523813346,1324082696,0,0,0,0,1000000,1000000,1000000,0,1001128,998831,1792,4002,1001092,999005,5663,312,2,1000224,1000366,3348,8132,2436,7849,8192,0,0
1984,524453584,1325520206,0,0,0,0,1000000,1000000,1000000,0,1001136,998820,1520,4012,1001102,998995,7063,1272,2,1000224,1000369,3427,8152,2390,7832,9216,0,0
1985,524494048,1325622325,0,0,0,0,1000000,1000000,1000000,0,1001136,998820,1520,4012,1001102,998995,7063,1272,2,1000224,1000369,3427,8152,2390,7832,10240,0,0
1986,524566859,1325796393,0,0,0,0,1000000,1000000,1000000,0,1001136,998820,1520,4012,1001102,998995,7063,1272,2,1000224,1000369,3427,8152,2390,7832,11264,0,0
1987,525113850,1327051023,0,0,0,0,1000000,1000000,1000000,0,1001146,998810,1521,4035,1001117,998987,7059,1268,2,1000224,1000372,3604,8172,2344,7816,12288,0,0
1988,525166825,1327183754,0,0,0,0,1000000,1000000,1000000,0,1001146,998810,1521,4035,1001117,998987,7059,1268,2,1000224,1000372,3604,8172,2344,7816,13312,0,0
1989,525316954,1327510101,0,0,0,0,1000000,1000000,1000000,0,1001146,998810,1521,4035,1001117,998987,7059,1268,14,1000224,1000372,3604,8172,2344,7816,14336,0,0
1990,526135271,1329289396,0,0,0,0,1000000,1000000,1000000,0,1001151,998805,1677,4045,1001127,998981,6303,646,14,1000224,1000375,3683,8172,2306,7784,15360,0,0
1991,526179915,1329399995,0,0,0,0,1000000,1000000,1000000,0,1001151,998805,1677,4045,1001127,998981,6303,646,14,1000224,1000375,3683,8172,2306,7784,16384,0,0
1992,526233366,1329534330,0,0,0,0,1000000,1000000,1000000,0,1001151,998805,1677,4045,1001127,998981,6303,646,14,1000224,1000375,3683,8172,2306,7784,17408,0,0
1993,526351714,1329795038,0,0,0,0,1000000,1000000,1000000,0,1001151,998805,1677,4045,1001127,998981,6303,646,14,1000224,1000375,3683,8172,2306,7784,18432,0,0
1994,526907350,1331083208,0,0,0,0,1000000,1000000,1000000,0,1001155,998801,1949,4057,1001137,998978,4716,47,14,1000224,1000379,3781,8192,2251,7752,19456,0,0
1995,526952400,1331195104,0,0,0,0,1000000,1000000,1000000,0,1001155,998801,1949,4057,1001137,998978,4716,47,14,1000224,1000379,3781,8192,2251,7752,20480,0,0
1996,527095906,1331508758,0,0,0,0,1000000,1000000,1000000,0,1001155,998801,1949,4057,1001137,998978,4716,47,14,1000224,1000379,3781,8192,2251,7752,21504,0,0
1997,527738157,1332953601,0,0,0,0,1000000,1000000,1000000,0,1001158,998799,2006,4064,1001143,998975,4360,9,14,1000224,1000382,3840,8192,2206,7736,22528,0,0
1998,527784821,1333070167,0,0,0,0,1000000,1000000,1000000,0,1001158,998799,2006,4064,1001143,998975,4360,9,14,1000224,1000382,3840,8192,2206,7736,23552,0,0
1999,527849585,1333222477,0,0,0,0,1000000,1000000,1000000,0,1001158,998799,2006,4064,1001143,998975,4360,9,14,1000224,1000382,3840,8192,2206,7736,24576,0,0
2000,528386728,1334457746,0,0,0,0,1000000,1000000,1000000,0,1001161,998797,2017,4074,1001150,998973,4291,5,14,1000224,1000385,3919,8192,2162,7721,25600,0,0
2001,528431795,1334569402,0,0,0,0,1000000,1000000,1000000,0,1001161,998797,2017,4074,1001150,998973,4291,5,14,1000224,1000385,3919,8192,2162,7721,26624,0,0
2002,528601703,1334936168,0,0,0,0,1000000,1000000,1000000,0,1001161,998797,2017,4074,1001150,998973,4291,5,14,1000224,1000385,3919,8192,2162,7721,27648,0,0
2003,529224928,1336324248,0,0,0,0,1000000,1000000,1000000,0,1001164,998794,2028,4082,1001156,998971,4222,2,14,1000224,1000388,3978,8192,2126,7690,28672,0,0
2004,529271369,1336439996,0,0,0,0,1000000,1000000,1000000,0,1001164,998794,2028,4082,1001156,998971,4222,2,14,1000224,1000388,3978,8192,2126,7690,29696,0,0
2005,529364490,1336649880,0,0,0,0,1000000,1000000,1000000,0,1001164,998794,2028,4082,1001156,998971,4222,2,14,1000224,1000388,3978,8192,2126,7690,30720,0,0
2006,529904133,1337890619,0,0,0,0,1000000,1000000,1000000,0,1001167,998792,2040,4092,1001163,998969,4147,1,14,1000224,1000389,4057,8192,2109,7690,31744,0,0
2007,529949069,1338001918,0,0,0,0,1000000,1000000,1000000,0,1001167,998792,2040,4092,1001163,998969,4147,1,14,1000224,1000389,4057,8192,2109,7690,0,0,0
2008,530116486,1338363583,0,0,0,0,1000000,1000000,1000000,0,1001167,998792,2040,4092,1001163,998969,4147,1,14,1000224,1000389,4057,8192,2109,7690,1024,0,0
2009,530957586,1340165633,0,0,0,0,1000000,1000000,1000000,0,1001169,998789,2052,2,1001169,998968,4071,0,14,1000224,1000389,4115,8192,2117,7692,2048,0,0
2010,531004975,1340283097,0,0,0,0,1000000,1000000,1000000,0,1001169,998789,2052,2,1001169,998968,4071,0,14,1000224,1000389,4115,8192,2117,7692,3072,0,0
2011,531048178,1340391040,0,0,0,0,1000000,1000000,1000000,0,1001169,998789,2052,2,1001169,998968,4071,0,14,1000224,1000389,4115,8192,2117,7692,4096,0,0
2012,531164190,1340648557,0,0,0,0,1000000,1000000,1000000,0,1001169,998789,2052,2,1001169,998968,4071,0,14,1000224,1000389,4115,8192,2117,7692,5120,0,0
2013,531710308,1341899090,0,0,0,0,1000000,1000000,1000000,0,1001173,998786,2065,14,1001178,998965,3989,1,14,1000224,1000389,4214,8192,2109,7690,6144,0,0
2014,531756147,1342013617,0,0,0,0,1000000,1000000,1000000,0,1001173,998786,2065,14,1001178,998965,3989,1,14,1000224,1000389,4214,8192,2109,7690,7168,0,0
2015,531917886,1342362233,0,0,0,0,1000000,1000000,1000000,0,1001173,998786,2065,14,1001178,998965,3989,1,14,1000224,1000389,4214,8192,2109,7690,8192,0,0
2016,532564319,1343805655,0,0,0,0,1000000,1000000,1000000,0,1001176,998783,2078,27,1001185,998962,3908,4,14,1000224,1000389,4312,8192,2109,7690,9216,0,0
2017,532609097,1343916187,0,0,0,0,1000000,1000000,1000000,0,1001176,998783,2078,27,1001185,998962,3908,4,24,1000224,1000389,4312,8192,2109,7690,0,0,0
2018,532678202,1344075966,0,0,0,0,1000000,1000000,1000000,0,1001176,998783,2078,27,1001185,998962,3908,4,24,1000224,1000389,4312,8192,2109,7690,1024,0,0
2019,533220140,1345334236,0,0,0,0,1000000,1000000,1000000,0,1001177,998782,2088,29,1001187,998962,3845,8,24,1000224,1000389,4332,8192,2109,7690,2048,0,0
2020,533257485,1345428639,0,0,0,0,1000000,1000000,1000000,0,1001177,998782,2088,29,1001187,998962,3845,8,24,1000224,1000389,4332,8192,2109,7690,3072,0,0
2021,533426691,1345789654,0,0,0,0,1000000,1000000,1000000,0,1001177,998782,2088,29,1001187,998962,3845,8,24,1000224,1000389,4332,8192,2109,7690,4096,0,0
2022,534033590,1347137730,0,0,0,0,1000000,1000000,1000000,0,1001177,998782,2088,29,1001187,998962,3845,8,24,1000224,1000389,4332,8192,2109,7690,5120,0,0
2023,534069606,1347228206,0,0,0,0,1000000,1000000,1000000,0,1001177,998782,2088,29,1001187,998962,3845,8,24,1000224,1000389,4332,8192,2109,7690,6144,0,0
2024,534193325,1347503356,0,0,0,0,1000000,1000000,1000000,0,1001177,998782,2088,29,1001187,998962,3845,8,24,1000224,1000389,4332,8192,2109,7690,7168,0,0
2025,534669152,1348579846,0,0,0,0,1000000,1000000,1000000,0,1001177,998782,2088,29,1001187,998962,3845,8,24,1000224,1000389,4332,8192,2109,7690,8192,0,0
2026,534706295,1348673557,0,0,0,0,1000000,1000000,1000000,0,1001177,998782,2088,29,1001187,998962,3845,8,24,1000224,1000389,4332,8192,2109,7690,9216,0,0
2027,535287084,1349947819,0,0,0,0,1000000,1000000,1000000,0,1001177,998782,2088,29,1001187,998962,3845,8,24,1000224,1000389,4332,8192,2109,7690,10240,0,0
2028,535323975,1350040649,0,0,0,0,1000000,1000000,1000000,0,1001177,998782,2088,29,1001187,998962,3845,8,24,1000224,1000389,4332,8192,2109,7690,11264,0,0
2029,535472845,1350359530,0,0,0,0,1000000,1000000,1000000,0,1001177,998782,2088,29,1001187,998962,3845,8,24,1000224,1000389,4332,8192,2109,7690,12288,0,0
2030,535958610,1351460008,0,0,0,0,1000000,1000000,1000000,0,1001177,998781,2088,29,1001187,998961,3845,8,24,1000224,1000389,4332,8192,2109,7690,13312,0,0
2031,536003482,1351570806,0,0,0,0,1000000,1000000,1000000,0,1001177,998781,2088,29,1001187,998961,3845,8,24,1000224,1000389,4332,8192,2109,7690,14336,0,0
2032,536651227,1353015541,0,0,0,0,1000000,1000000,1000000,0,1001178,998781,2098,36,1001191,998962,3783,12,24,1000224,1000389,4391,8192,2109,7690,15360,0,0
2033,536691912,1353118020,0,0,0,0,1000000,1000000,1000000,0,1001178,998781,2098,36,1001191,998962,3783,12,24,1000224,1000389,4391,8192,2109,7690,16384,0,0
2034,536729903,1353215720,0,0,0,0,1000000,1000000,1000000,0,1001178,998781,2098,36,1001191,998962,3783,12,24,1000224,1000389,4391,8192,2109,7690,17408,0,0
2035,537260272,1354429904,0,0,0,0,1000000,1000000,1000000,0,1001178,998779,2098,39,1001192,998962,3783,12,24,1000224,1000389,4411,8192,2109,7690,18432,0,0
2036,537301264,1354533930,0,0,0,0,1000000,1000000,1000000,0,1001178,998779,2098,39,1001192,998962,3783,12,24,1000224,1000389,4411,8192,2109,7690,19456,0,0
2037,537486298,1354929425,0,0,0,0,1000000,1000000,1000000,0,1001178,998779,2098,39,1001192,998962,3783,12,24,1000224,1000389,4411,8192,2109,7690,20480,0,0
2038,538130446,1356365305,0,0,0,0,1000000,1000000,1000000,0,1001179,998776,2105,44,1001195,998960,3739,16,24,1000224,1000389,4450,8192,2109,7690,21504,0,0
2039,538170080,1356465595,0,0,0,0,1000000,1000000,1000000,0,1001179,998776,2105,44,1001195,998960,3739,16,24,1000224,1000389,4450,8192,2109,7690,22528,0,0
2040,538246932,1356643131,0,0,0,0,1000000,1000000,1000000,0,1001179,998776,2105,44,1001195,998960,3739,16,24,1000224,1000389,4450,8192,2109,7690,23552,0,0
2041,538779120,1357859248,0,0,0,0,1000000,1000000,1000000,0,1001180,998773,2107,49,1001197,998957,3727,17,24,1000224,1000389,4491,8192,2101,7688,24576,0,0
2042,538819650,1357961767,0,0,0,0,1000000,1000000,1000000,0,1001180,998773,2107,49,1001197,998957,3727,17,24,1000224,1000389,4491,8192,2101,7688,24576,0,0
2043,539004685,1358356862,0,0,0,0,1000000,1000000,1000000,0,1001180,998773,2107,49,1001197,998957,3727,17,24,1000224,1000389,4491,8192,2101,7688,24576,0,0
2044,539645301,1359779570,0,0,0,0,1000000,1000000,1000000,0,1001180,998769,2115,51,1001198,998954,3677,22,24,1000224,1000389,4509,8172,2109,7690,24576,0,0
2045,539686233,1359884196,0,0,0,0,1000000,1000000,1000000,0,1001180,998769,2115,51,1001198,998954,3677,22,1,1000224,1000389,4509,8172,2109,7690,0,0,0
2046,539767056,1360070556,0,0,0,0,1000000,1000000,1000000,0,1001180,998769,2115,51,1001198,998954,3677,22,1,1000224,1000389,4509,8172,2109,7690,1024,0,0
2047,540316213,1361346603,0,0,0,0,1000000,1000000,1000000,0,1001180,998764,2118,56,1001200,998951,3658,24,1,1000224,1000389,4548,8172,2109,7690,2048,0,0
2048,540357201,1361451273,0,0,0,0,1000000,1000000,1000000,0,1001180,998764,2118,56,1001200,998951,3658,24,1,1000224,1000389,4548,8172,2109,7690,3072,0,0
2049,540510940,1361784258,0,0,0,0,1000000,1000000,1000000,0,1001180,998764,2118,56,1001200,998951,3658,24,1,1000224,1000389,4548,8172,2109,7690,4096,0,0
2050,541112433,1363123330,0,0,0,0,1000000,1000000,1000000,0,1001180,998760,2122,56,1001200,998948,3633,26,1,1000224,1000389,4548,8172,2109,7690,5120,0,0
2051,541152044,1363223968,0,0,0,0,1000000,1000000,1000000,0,1001180,998760,2122,56,1001200,998948,3633,26,1,1000224,1000389,4548,8172,2109,7690,6144,0,0
2052,541276276,1363497972,0,0,0,0,1000000,1000000,1000000,0,1001180,998760,2122,56,1001200,998948,3633,26,1,1000224,1000389,4548,8172,2109,7690,7168,0,0
2053,541758494,1364589555,0,0,0,0,1000000,1000000,1000000,0,1001179,998756,2120,56,1001200,998945,3645,25,1,1000224,1000389,4548,8172,2109,7690,8192,0,0
2054,541811082,1364722866,0,0,0,0,1000000,1000000,1000000,0,1001179,998756,2120,56,1001200,998945,3645,25,1,1000224,1000389,4548,8172,2109,7690,9216,0,0
2055,542458333,1366165281,0,0,0,0,1000000,1000000,1000000,0,1001179,998753,2122,59,1001201,998943,3633,26,1,1000224,1000389,4568,8172,2109,7690,10240,0,0
2056,542503542,1366284256,0,0,0,0,1000000,1000000,1000000,0,1001179,998753,2122,59,1001201,998943,3633,26,1,1000224,1000389,4568,8172,2109,7690,11264,0,0
2057,542542325,1366383810,0,0,0,0,1000000,1000000,1000000,0,1001179,998753,2122,59,1001201,998943,3633,26,1,1000224,1000389,4568,8172,2109,7690,12288,0,0
2058,543080324,1367619945,0,0,0,0,1000000,1000000,1000000,0,1001178,998749,2120,56,1001199,998940,3645,25,1,1000224,1000389,4548,8172,2109,7690,13312,0,0
2059,543119702,1367719772,0,0,0,0,1000000,1000000,1000000,0,1001178,998749,2120,56,1001199,998940,3645,25,1,1000224,1000389,4548,8172,2109,7690,14336,0,0
2060,543277631,1368067848,0,0,0,0,1000000,1000000,1000000,0,1001178,998749,2120,56,1001199,998940,3645,25,1,1000224,1000389,4548,8172,2109,7690,15360,0,0
2061,543916265,1369485238,0,0,0,0,1000000,1000000,1000000,0,1001177,998745,2116,54,1001197,998937,3670,22,1,1000224,1000389,4529,8172,2109,7690,16384,0,0
2062,543961464,1369604134,0,0,0,0,1000000,1000000,1000000,0,1001177,998745,2116,54,1001197,998937,3670,22,1,1000224,1000389,4529,8172,2109,7690,17408,0,0
2063,544038501,1369781577,0,0,0,0,1000000,1000000,1000000,0,1001177,998745,2116,54,1001197,998937,3670,22,1,1000224,1000389,4529,8172,2109,7690,18432,0,0
2064,544602139,1371073515,0,0,0,0,1000000,1000000,1000000,0,1001176,998741,2113,51,1001195,998934,3689,20,1,1000224,1000389,4509,8172,2109,7690,19456,0,0
2065,544644102,1371178839,0,0,0,0,1000000,1000000,1000000,0,1001176,998741,2113,51,1001195,998934,3689,20,1,1000224,1000389,4509,8172,2109,7690,20480,0,0
2066,544786408,1371495283,0,0,0,0,1000000,1000000,1000000,0,1001176,998741,2113,51,1001195,998934,3689,20,1,1000224,1000389,4509,8172,2109,7690,21504,0,0
2067,545609704,1373255300,0,0,0,0,1000000,1000000,1000000,0,1001175,998737,2108,46,1001193,998932,3720,17,1,1000224,1000389,4470,8192,2109,7690,22528,0,0
2068,545646761,1373356341,0,0,0,0,1000000,1000000,1000000,0,1001175,998737,2108,46,1001193,998932,3720,17,6,1000224,1000389,4470,8192,2109,7690,0,1,0
2069,545675628,1373432897,0,0,0,0,1000000,1000000,1000000,0,1001175,998737,2108,46,1001193,998932,3720,17,6,1000224,1000389,4470,8192,2109,7690,3072,1,0
2070,545833992,1373780232,0,0,0,0,1000000,1000000,1000000,0,1001175,998737,2108,46,1001193,998932,3720,17,6,1000224,1000389,4470,8192,2109,7690,6144,1,0
2071,546336005,1374929527,0,0,0,0,1000000,1000000,1000000,0,1001175,998737,2108,46,1001193,998931,3720,17,6,1000224,1000389,4470,8192,2109,7690,9216,1,0
2072,546371476,1375025352,0,0,0,0,1000000,1000000,1000000,0,1001175,998737,2108,46,1001193,998931,3720,17,6,1000224,1000389,4470,8192,2109,7690,12288,1,0
2073,546593809,1375493932,0,0,0,0,1000000,1000000,1000000,0,1001175,998737,2108,46,1001193,998931,3720,17,6,1000224,1000389,4470,8192,2109,7690,15360,1,0
2074,547211779,1376866863,0,0,0,0,1000000,1000000,1000000,0,1001175,998737,2108,46,1001193,998931,3720,17,6,1000224,1000389,4470,8192,2109,7690,18432,1,0
2075,547241897,1376944991,0,0,0,0,1000000,1000000,1000000,0,1001175,998737,2108,46,1001193,998931,3720,17,6,1000224,1000389,4470,8192,2109,7690,21504,1,0
2076,547359388,1377207652,0,0,0,0,1000000,1000000,1000000,0,1001175,998737,2108,46,1001193,998931,3720,17,6,1000224,1000389,4470,8192,2109,7690,24576,1,0
2077,547885551,1378421304,0,0,0,0,1000000,1000000,1000000,0,1001175,998737,2108,46,1001193,998931,3720,17,6,1000224,1000389,4470,8192,2109,7690,27648,1,0
2078,547921510,1378518466,0,0,0,0,1000000,1000000,1000000,0,1001175,998737,2108,46,1001193,998931,3720,17,6,1000224,1000389,4470,8192,2109,7690,30720,1,0
2079,548111407,1378921345,0,0,0,0,1000000,1000000,1000000,0,1001175,998737,2108,46,1001193,998931,3720,17,6,1000224,1000389,4470,8192,2109,7690,33792,1,0
2080,548721916,1380273270,0,0,0,0,1000000,1000000,1000000,0,1001175,998737,2108,46,1001193,998931,3720,17,6,1000224,1000389,4470,8192,2109,7690,36864,1,0
2081,548752305,1380352229,0,0,0,0,1000000,1000000,1000000,0,1001175,998737,2108,46,1001193,998931,3720,17,6,1000224,1000389,4470,8192,2109,7690,39936,1,0
2082,548879703,1380635045,0,0,0,0,1000000,1000000,1000000,0,1001175,998737,2108,46,1001193,998931,3720,17,6,1000224,1000389,4470,8192,2109,7690,43008,1,0
2083,549379578,1381772394,0,0,0,0,1000000,1000000,1000000,0,1001175,998737,2108,46,1001193,998931,3720,17,6,1000224,1000389,4470,8192,2109,7690,46080,1,0
2084,549426687,1381897069,0,0,0,0,1000000,1000000,1000000,0,1001175,998737,2108,46,1001193,998931,3720,17,6,1000224,1000389,4470,8192,2109,7690,49152,1,0
2085,550040786,1383256599,0,0,0,0,1000000,1000000,1000000,0,1001175,998737,2108,46,1001193,998931,3720,17,6,1000224,1000389,4470,8192,2109,7690,52224,1,0
2086,550076771,1383353831,0,0,0,0,1000000,1000000,1000000,0,1001175,998737,2108,46,1001193,998931,3720,17,6,1000224,1000389,4470,8192,2109,7690,55296,1,0
2087,550135665,1383491232,0,0,0,0,1000000,1000000,1000000,0,1001175,998737,2108,46,1001193,998931,3720,17,6,1000224,1000389,4470,8192,2109,7690,58368,1,0
2088,550642304,1384651862,0,0,0,0,1000000,1000000,1000000,0,1001175,998737,2108,46,1001193,998931,3720,17,6,1000224,1000389,4470,8192,2109,7690,61440,1,0
2089,550672677,1384730791,0,0,0,0,1000000,1000000,1000000,0,1001175,998737,2108,46,1001193,998931,3720,17,6,1000224,1000389,4470,8192,2109,7690,64512,1,0
2090,550894496,1385204928,0,0,0,0,1000000,1000000,1000000,0,1001175,998737,2108,46,1001193,998931,3720,17,6,1000224,1000389,4470,8192,2109,7690,67584,1,0
2091,551502958,1386547628,0,0,0,0,1000000,1000000,1000000,0,1001175,998737,2108,46,1001193,998931,3720,17,6,1000224,1000389,4470,8192,2109,7690,70656,1,0
2092,551538427,1386643389,0,0,0,0,1000000,1000000,1000000,0,1001175,998737,2108,46,1001193,998931,3720,17,6,1000224,1000389,4470,8192,2109,7690,73728,1,0
2093,551665357,1386918653,0,0,0,0,1000000,1000000,1000000,0,1001175,998737,2108,46,1001193,998931,3720,17,6,1000224,1000389,4470,8192,2109,7690,76800,1,0
2094,552178888,1388100160,0,0,0,0,1000000,1000000,1000000,0,1001175,998737,2108,46,1001193,998931,3720,17,6,1000224,1000389,4470,8192,2109,7690,79872,1,0
2095,552209266,1388179114,0,0,0,0,1000000,1000000,1000000,0,1001175,998737,2108,46,1001193,998931,3720,17,6,1000224,1000389,4470,8192,2109,7690,82944,1,0
2096,552420821,1388632362,0,0,0,0,1000000,1000000,1000000,0,1001175,998737,2108,46,1001193,998931,3720,17,6,1000224,1000389,4470,8192,2109,7690,86016,1,0
2097,553033084,1389987122,0,0,0,0,1000000,1000000,1000000,0,1001175,998737,2108,46,1001193,998931,3720,17,6,1000224,1000389,4470,8192,2109,7690,89088,1,0
2098,553074128,1390100350,0,0,0,0,1000000,1000000,1000000,0,1001175,998737,2108,46,1001193,998931,3720,17,6,1000224,1000389,4470,8192,2109,7690,92160,1,0
2099,553183586,1390346087,0,0,0,0,1000000,1000000,1000000,0,1001175,998737,2108,46,1001193,998931,3720,17,6,1000224,1000389,4470,8192,2109,7690,95232,1,0
2100,553714728,1391591323,0,0,0,0,1000000,1000000,1000000,0,1001175,998737,2108,46,1001193,998931,3720,17,6,1000224,1000389,4470,8192,2109,7690,98304,1,0
2101,553750427,1391687024,0,0,0,0,1000000,1000000,1000000,0,1001175,998737,2108,46,1001193,998931,3720,17,6,1000224,1000389,4470,8192,2109,7690,101376,1,0
2102,553919005,1392059777,0,0,0,0,1000000,1000000,1000000,0,1001175,998737,2108,46,1001193,998931,3720,17,6,1000224,1000389,4470,8192,2109,7690,104448,1,0
2103,554566016,1393528130,0,0,0,0,1000000,1000000,1000000,0,1001175,998737,2108,46,1001193,998931,3720,17,6,1000224,1000389,4470,8192,2109,7690,107520,1,1
2104,554602220,1393625480,0,0,0,0,1000000,1000000,1000000,0,1001175,998737,2108,46,1001193,998931,3720,17,6,1000224,1000389,4470,8192,2109,7690,110592,1,1
2105,554663405,1393773488,0,0,0,0,1000000,1000000,1000000,0,1001175,998737,2108,46,1001193,998931,3720,17,6,1000224,1000389,4470,8192,2109,7690,113664,1,1
2106,555199355,1395027641,0,0,0,0,1000000,1000000,1000000,0,1001175,998737,2108,46,1001193,998931,3720,17,6,1000224,1000389,4470,8192,2109,7690,116736,1,1
2107,555234979,1395123162,0,0,0,0,1000000,1000000,1000000,0,1001175,998737,2108,46,1001193,998931,3720,17,6,1000224,1000389,4470,8192,2109,7690,119808,1,1
2108,555402500,1395487196,0,0,0,0,1000000,1000000,1000000,0,1001175,998737,2108,46,1001193,998931,3720,17,6,1000224,1000389,4470,8192,2109,7690,122880,1,1
2109,556045008,1396943509,0,0,0,0,1000000,1000000,1000000,0,1001175,998737,2108,46,1001193,998931,3720,17,6,1000224,1000389,4470,8192,2109,7690,125952,1,1
2110,556081706,1397041958,0,0,0,0,1000000,1000000,1000000,0,1001175,998737,2108,46,1001193,998931,3720,17,6,1000224,1000389,4470,8192,2109,7690,129024,1,1
2111,556148278,1397200903,0,0,0,0,1000000,1000000,1000000,0,1001175,998737,2108,46,1001193,998931,3720,17,6,1000224,1000389,4470,8192,2109,7690,132096,1,1
2112,556677619,1398437053,0,0,0,0,1000000,1000000,1000000,0,1001175,998737,2108,46,1001193,998931,3720,17,6,1000224,1000389,4470,8192,2109,7690,135168,1,1
2113,556713003,1398532065,0,0,0,0,1000000,1000000,1000000,0,1001175,998737,2108,46,1001193,998931,3720,17,6,1000224,1000389,4470,8192,2109,7690,138240,1,1
2114,556887101,1398914619,0,0,0,0,1000000,1000000,1000000,0,1001175,998737,2108,46,1001193,998931,3720,17,6,1000224,1000389,4470,8192,2109,7690,141312,1,1
2115,557531258,1400374519,0,0,0,0,1000000,1000000,1000000,0,1001175,998737,2108,46,1001193,998931,3720,17,6,1000224,1000389,4470,8192,2109,7690,144384,1,1
2116,557567457,1400471816,0,0,0,0,1000000,1000000,1000000,0,1001175,998737,2108,46,1001193,998931,3720,17,6,1000224,1000389,4470,8192,2109,7690,147456,1,1
2117,557632863,1400628329,0,0,0,0,1000000,1000000,1000000,0,1001175,998737,2108,46,1001193,998931,3720,17,6,1000224,1000389,4470,8192,2109,7690,150528,1,1
2118,558170424,1401888070,0,0,0,0,1000000,1000000,1000000,0,1001175,998737,2108,46,1001193,998931,3720,17,6,1000224,1000389,4470,8192,2109,7690,153600,1,1
2119,558206048,1401983597,0,0,0,0,1000000,1000000,1000000,0,1001175,998737,2108,46,1001193,998931,3720,17,6,1000224,1000389,4470,8192,2109,7690,156672,1,1
2120,558370959,1402342026,0,0,0,0,1000000,1000000,1000000,0,1001175,998737,2108,46,1001193,998931,3720,17,6,1000224,1000389,4470,8192,2109,7690,159744,1,1
2121,559009149,1403784528,0,0,0,0,1000000,1000000,1000000,0,1001175,998737,2108,46,1001193,998931,3720,17,6,1000224,1000389,4470,8192,2109,7690,162816,1,1
2122,559045697,1403882648,0,0,0,0,1000000,1000000,1000000,0,1001175,998737,2108,46,1001193,998931,3720,17,6,1000224,1000389,4470,8192,2109,7690,165888,1,1
2123,559119348,1404055731,0,0,0,0,1000000,1000000,1000000,0,1001175,998737,2108,46,1001193,998931,3720,17,6,1000224,1000389,4470,8192,2109,7690,168960,1,1
2124,559642560,1405273214,0,0,0,0,1000000,1000000,1000000,0,1001175,998737,2108,46,1001193,998931,3720,17,6,1000224,1000389,4470,8192,2109,7690,172032,1,1
2125,559677684,1405367504,0,0,0,0,1000000,1000000,1000000,0,1001175,998737,2108,46,1001193,998931,3720,17,6,1000224,1000389,4470,8192,2109,7690,175104,1,1
2126,559863862,1405769442,0,0,0,0,1000000,1000000,1000000,0,1001175,998737,2108,46,1001193,998931,3720,17,6,1000224,1000389,4470,8192,2109,7690,178176,1,1
2127,560473795,1407117721,0,0,0,0,1000000,1000000,1000000,0,1001175,998737,2108,46,1001193,998931,3720,17,6,1000224,1000389,4470,8192,2109,7690,181248,1,1
2128,560504842,1407198243,0,0,0,0,1000000,1000000,1000000,0,1001175,998737,2108,46,1001193,998931,3720,17,6,1000224,1000389,4470,8192,2109,7690,184320,1,1
2129,560636692,1407483144,0,0,0,0,1000000,1000000,1000000,0,1001175,998737,2108,46,1001193,998931,3720,17,6,1000224,1000389,4470,8192,2109,7690,187392,1,1
2130,561139790,1408630241,0,0,0,0,1000000,1000000,1000000,0,1001175,998737,2108,46,1001193,998931,3720,17,6,1000224,1000389,4470,8192,2109,7690,190464,1,1
2131,561169910,1408708375,0,0,0,0,1000000,1000000,1000000,0,1001175,998737,2108,46,1001193,998931,3720,17,6,1000224,1000389,4470,8192,2109,7690,193536,1,1
2132,561401997,1409196862,0,0,0,0,1000000,1000000,1000000,0,1001175,998737,2108,46,1001193,998931,3720,17,6,1000224,1000389,4470,8192,2109,7690,196608,1,1
2133,562010811,1410541932,0,0,0,0,1000000,1000000,1000000,0,1001175,998737,2108,46,1001193,998931,3720,17,6,1000224,1000389,4470,8192,2109,7690,199680,1,1
2134,562042400,1410624313,0,0,0,0,1000000,1000000,1000000,0,1001175,998737,2108,46,1001193,998931,3720,17,6,1000224,1000389,4470,8192,2109,7690,202752,1,1
2135,562174719,1410910577,0,0,0,0,1000000,1000000,1000000,0,1001175,998737,2108,46,1001193,998931,3720,17,6,1000224,1000389,4470,8192,2109,7690,205824,1,1
2136,562693854,1412104805,0,0,0,0,1000000,1000000,1000000,0,1001175,998737,2108,46,1001193,998931,3720,17,6,1000224,1000389,4470,8192,2109,7690,208896,1,1
2137,562723975,1412182932,0,0,0,0,1000000,1000000,1000000,0,1001175,998737,2108,46,1001193,998931,3720,17,6,1000224,1000389,4470,8192,2109,7690,211968,1,1
2138,562932342,1412624268,0,0,0,0,1000000,1000000,1000000,0,1001175,998737,2108,46,1001193,998931,3720,17,6,1000224,1000389,4470,8192,2109,7690,215040,1,1
2139,563552356,1414002613,0,0,0,0,1000000,1000000,1000000,0,1001175,998737,2108,46,1001193,998931,3720,17,6,1000224,1000389,4470,8192,2109,7690,218112,1,1
2140,563583839,1414084692,0,0,0,0,1000000,1000000,1000000,0,1001175,998737,2108,46,1001193,998931,3720,17,6,1000224,1000389,4470,8192,2109,7690,221184,1,1
2141,563699900,1414337975,0,0,0,0,1000000,1000000,1000000,0,1001175,998737,2108,46,1001193,998931,3720,17,6,1000224,1000389,4470,8192,2109,7690,224256,1,1
2142,564186320,1415445049,0,0,0,0,1000000,1000000,1000000,0,1001175,998737,2108,46,1001193,998931,3720,17,6,1000224,1000389,4470,8192,2109,7690,227328,1,1
2143,564216959,1415524873,0,0,0,0,1000000,1000000,1000000,0,1001175,998737,2108,46,1001193,998931,3720,17,6,1000224,1000389,4470,8192,2109,7690,230400,1,1
2144,564811794,1416831002,0,0,0,0,1000000,1000000,1000000,0,1001175,998737,2108,46,1001193,998931,3720,17,6,1000224,1000389,4470,8192,2109,7690,233472,1,1
2145,564841663,1416908296,0,0,0,0,1000000,1000000,1000000,0,1001175,998737,2108,46,1001193,998931,3720,17,6,1000224,1000389,4470,8192,2109,7690,233472,1,1
2146,564972017,1417194169,0,0,0,0,1000000,1000000,1000000,0,1001175,998737,2108,46,1001193,998931,3720,17,24,1000224,1000389,4470,8192,2109,7690,0,1,1
2147,565520245,1418469311,0,0,0,0,1000000,1000000,1000000,0,1001175,998735,2112,49,1001194,998928,3695,20,24,1000224,1000389,4491,8192,2101,7688,1024,1,1
2148,565551974,1418552382,0,0,0,0,1000000,1000000,1000000,0,1001175,998735,2112,49,1001194,998928,3695,20,24,1000224,1000389,4491,8192,2101,7688,2048,1,1
2149,565718332,1418907872,0,0,0,0,1000000,1000000,1000000,0,1001175,998735,2112,49,1001194,998928,3695,20,24,1000224,1000389,4491,8192,2101,7688,3072,1,1
2150,566318272,1420229640,0,0,0,0,1000000,1000000,1000000,0,1001175,998735,2112,49,1001194,998928,3695,20,24,1000224,1000389,4491,8192,2101,7688,4096,1,1
2151,566348680,1420308971,0,0,0,0,1000000,1000000,1000000,0,1001175,998735,2112,49,1001194,998928,3695,20,24,1000224,1000389,4491,8192,2101,7688,5120,1,1
2152,566493647,1420621585,0,0,0,0,1000000,1000000,1000000,0,1001175,998735,2112,49,1001194,998928,3695,20,24,1000224,1000389,4491,8192,2101,7688,6144,1,1
2153,566984301,1421750221,0,0,0,0,1000000,1000000,1000000,0,1001175,998735,2112,49,1001194,998928,3695,20,24,1000224,1000389,4491,8192,2101,7688,7168,1,1
2154,567015847,1421832839,0,0,0,0,1000000,1000000,1000000,0,1001175,998735,2112,49,1001194,998928,3695,20,24,1000224,1000389,4491,8192,2101,7688,8192,1,1
2155,567619176,1423177874,0,0,0,0,1000000,1000000,1000000,0,1001175,998735,2112,49,1001194,998928,3695,20,24,1000224,1000389,4491,8192,2101,7688,9216,1,1
2156,567650979,1423260995,0,0,0,0,1000000,1000000,1000000,0,1001175,998735,2112,49,1001194,998928,3695,20,24,1000224,1000389,4491,8192,2101,7688,10240,1,1
2157,567748883,1423477752,0,0,0,0,1000000,1000000,1000000,0,1001175,998735,2112,49,1001194,998928,3695,20,24,1000224,1000389,4491,8192,2101,7688,11264,1,1
2158,568244990,1424608687,0,0,0,0,1000000,1000000,1000000,0,1001175,998735,2112,49,1001194,998928,3695,20,24,1000224,1000389,4491,8192,2101,7688,12288,1,1
2159,568284905,1424710482,0,0,0,0,1000000,1000000,1000000,0,1001175,998735,2112,49,1001194,998928,3695,20,24,1000224,1000389,4491,8192,2101,7688,13312,1,1
2160,568935182,1426159543,0,0,0,0,1000000,1000000,1000000,0,1001174,998734,2113,41,1001190,998929,3689,20,24,1000224,1000389,4430,8192,2109,7690,14336,1,1
2161,568965094,1426237129,0,0,0,0,1000000,1000000,1000000,0,1001174,998734,2113,41,1001190,998929,3689,20,24,1000224,1000389,4430,8192,2109,7690,15360,1,1
2162,569008114,1426351622,0,0,0,0,1000000,1000000,1000000,0,1001174,998734,2113,41,1001190,998929,3689,20,24,1000224,1000389,4430,8192,2109,7690,16384,1,1
2163,569493515,1427454689,0,0,0,0,1000000,1000000,1000000,0,1001174,998733,2104,41,1001190,998928,3745,15,24,1000224,1000389,4430,8192,2109,7690,17408,1,1
2164,569538779,1427573884,0,0,0,0,1000000,1000000,1000000,0,1001174,998733,2104,41,1001190,998928,3745,15,24,1000224,1000389,4430,8192,2109,7690,18432,1,1
2165,570189984,1429023738,0,0,0,0,1000000,1000000,1000000,0,1001174,998731,2105,44,1001191,998926,3739,16,24,1000224,1000389,4450,8192,2109,7690,19456,1,1
2166,570234457,1429140528,0,0,0,0,1000000,1000000,1000000,0,1001174,998731,2105,44,1001191,998926,3739,16,24,1000224,1000389,4450,8192,2109,7690,20480,1,1
2167,570273244,1429240071,0,0,0,0,1000000,1000000,1000000,0,1001174,998731,2105,44,1001191,998926,3739,16,24,1000224,1000389,4450,8192,2109,7690,21504,1,1
2168,570818791,1430495469,0,0,0,0,1000000,1000000,1000000,0,1001173,998728,2109,39,1001188,998924,3714,18,24,1000224,1000389,4411,8192,2109,7690,22528,1,1
2169,570856663,1430591975,0,0,0,0,1000000,1000000,1000000,0,1001173,998728,2109,39,1001188,998924,3714,18,24,1000224,1000389,4411,8192,2109,7690,23552,1,1
2170,570997017,1430903829,0,0,0,0,1000000,1000000,1000000,0,1001173,998728,2109,39,1001188,998924,3714,18,24,1000224,1000389,4411,8192,2109,7690,24576,1,1
2171,571637300,1432329411,0,0,0,0,1000000,1000000,1000000,0,1001172,998724,2102,34,1001185,998922,3758,14,24,1000224,1000389,4371,8192,2109,7690,24576,1,1
2172,571680528,1432443711,0,0,0,0,1000000,1000000,1000000,0,1001172,998724,2102,34,1001185,998922,3758,14,24,1000224,1000389,4371,8192,2109,7690,24576,1,1
2173,571756093,1432617526,0,0,0,0,1000000,1000000,1000000,0,1001172,998724,2102,34,1001185,998922,3758,14,24,1000224,1000389,4371,8192,2109,7690,24576,1,1
2174,572352037,1433991667,0,0,0,0,1000000,1000000,1000000,0,1001171,998720,2095,27,1001182,998919,3802,10,1,1000224,1000389,4312,8192,2109,7690,0,1,1
2175,572382553,1434071647,0,0,0,0,1000000,1000000,1000000,0,1001171,998720,2095,27,1001182,998919,3802,10,7,1000224,1000389,4312,8192,2109,7690,0,2,1
2176,572497902,1434331225,0,0,0,0,1000000,1000000,1000000,0,1001171,998720,2095,27,1001182,998919,3802,10,7,1000224,1000389,4312,8192,2109,7690,3072,2,1
2177,573291105,1436027625,0,0,0,0,1000000,1000000,1000000,0,1001171,998720,2095,27,1001182,998918,3802,10,7,1000224,1000389,4312,8192,2109,7690,6144,2,1
2178,573324739,1436121625,0,0,0,0,1000000,1000000,1000000,0,1001171,998720,2095,27,1001182,998918,3802,10,7,1000224,1000389,4312,8192,2109,7690,9216,2,1
2179,573350653,1436191262,0,0,0,0,1000000,1000000,1000000,0,1001171,998720,2095,27,1001182,998918,3802,10,7,1000224,1000389,4312,8192,2109,7690,12288,2,1
2180,573854592,1437347543,0,0,0,0,1000000,1000000,1000000,0,1001171,998720,2095,27,1001182,998918,3802,10,7,1000224,1000389,4312,8192,2109,7690,15360,2,1
2181,573881614,1437419687,0,0,0,0,1000000,1000000,1000000,0,1001171,998720,2095,27,1001182,998918,3802,10,7,1000224,1000389,4312,8192,2109,7690,18432,2,1
2182,574036685,1437758641,0,0,0,0,1000000,1000000,1000000,0,1001171,998720,2095,27,1001182,998918,3802,10,7,1000224,1000389,4312,8192,2109,7690,21504,2,1
2183,574630341,1439067631,0,0,0,0,1000000,1000000,1000000,0,1001171,998720,2095,27,1001182,998918,3802,10,7,1000224,1000389,4312,8192,2109,7690,24576,2,1
2184,574662713,1439157310,0,0,0,0,1000000,1000000,1000000,0,1001171,998720,2095,27,1001182,998918,3802,10,7,1000224,1000389,4312,8192,2109,7690,27648,2,1
2185,574809597,1439472376,0,0,0,0,1000000,1000000,1000000,0,1001171,998720,2095,27,1001182,998918,3802,10,7,1000224,1000389,4312,8192,2109,7690,30720,2,1
2186,575315132,1440632429,0,0,0,0,1000000,1000000,1000000,0,1001171,998720,2095,27,1001182,998918,3802,10,7,1000224,1000389,4312,8192,2109,7690,33792,2,1
2187,575341931,1440703933,0,0,0,0,1000000,1000000,1000000,0,1001171,998720,2095,27,1001182,998918,3802,10,7,1000224,1000389,4312,8192,2109,7690,36864,2,1
2188,575567698,1441186075,0,0,0,0,1000000,1000000,1000000,0,1001171,998720,2095,27,1001182,998918,3802,10,7,1000224,1000389,4312,8192,2109,7690,39936,2,1
2189,576191993,1442576633,0,0,0,0,1000000,1000000,1000000,0,1001171,998720,2095,27,1001182,998918,3802,10,7,1000224,1000389,4312,8192,2109,7690,43008,2,1
2190,576224637,1442667132,0,0,0,0,1000000,1000000,1000000,0,1001171,998720,2095,27,1001182,998918,3802,10,7,1000224,1000389,4312,8192,2109,7690,46080,2,1
2191,576330756,1442899772,0,0,0,0,1000000,1000000,1000000,0,1001171,998720,2095,27,1001182,998918,3802,10,7,1000224,1000389,4312,8192,2109,7690,49152,2,1
2192,576858587,1444119704,0,0,0,0,1000000,1000000,1000000,0,1001171,998720,2095,27,1001182,998918,3802,10,7,1000224,1000389,4312,8192,2109,7690,52224,2,1
2193,576885389,1444191078,0,0,0,0,1000000,1000000,1000000,0,1001171,998720,2095,27,1001182,998918,3802,10,7,1000224,1000389,4312,8192,2109,7690,55296,2,1
2194,577081657,1444613489,0,0,0,0,1000000,1000000,1000000,0,1001171,998720,2095,27,1001182,998918,3802,10,7,1000224,1000389,4312,8192,2109,7690,58368,2,1
2195,577710278,1446017289,0,0,0,0,1000000,1000000,1000000,0,1001171,998720,2095,27,1001182,998918,3802,10,7,1000224,1000389,4312,8192,2109,7690,61440,2,1
2196,577742920,1446107780,0,0,0,0,1000000,1000000,1000000,0,1001171,998720,2095,27,1001182,998918,3802,10,7,1000224,1000389,4312,8192,2109,7690,64512,2,1
2197,577842436,1446327207,0,0,0,0,1000000,1000000,1000000,0,1001171,998720,2095,27,1001182,998918,3802,10,7,1000224,1000389,4312,8192,2109,7690,67584,2,1
2198,578387847,1447600002,0,0,0,0,1000000,1000000,1000000,0,1001171,998720,2095,27,1001182,998918,3802,10,7,1000224,1000389,4312,8192,2109,7690,70656,2,1
2199,578414647,1447671501,0,0,0,0,1000000,1000000,1000000,0,1001171,998720,2095,27,1001182,998918,3802,10,7,1000224,1000389,4312,8192,2109,7690,73728,2,1
2200,578584906,1448040904,0,0,0,0,1000000,1000000,1000000,0,1001171,998720,2095,27,1001182,998918,3802,10,7,1000224,1000389,4312,8192,2109,7690,76800,2,1
2201,579199236,1449404105,0,0,0,0,1000000,1000000,1000000,0,1001171,998720,2095,27,1001182,998918,3802,10,7,1000224,1000389,4312,8192,2109,7690,79872,2,1
2202,579231877,1449494565,0,0,0,0,1000000,1000000,1000000,0,1001171,998720,2095,27,1001182,998918,3802,10,7,1000224,1000389,4312,8192,2109,7690,82944,2,1
2203,579351543,1449754625,0,0,0,0,1000000,1000000,1000000,0,1001171,998720,2095,27,1001182,998918,3802,10,7,1000224,1000389,4312,8192,2109,7690,86016,2,1
2204,579886962,1450994235,0,0,0,0,1000000,1000000,1000000,0,1001171,998720,2095,27,1001182,998918,3802,10,7,1000224,1000389,4312,8192,2109,7690,89088,2,1
2205,579913986,1451066422,0,0,0,0,1000000,1000000,1000000,0,1001171,998720,2095,27,1001182,998918,3802,10,7,1000224,1000389,4312,8192,2109,7690,92160,2,1
2206,580100152,1451468334,0,0,0,0,1000000,1000000,1000000,0,1001171,998720,2095,27,1001182,998918,3802,10,7,1000224,1000389,4312,8192,2109,7690,95232,2,1
2207,580738081,1452892198,0,0,0,0,1000000,1000000,1000000,0,1001171,998720,2095,27,1001182,998918,3802,10,7,1000224,1000389,4312,8192,2109,7690,98304,2,1
2208,580774861,1452996316,0,0,0,0,1000000,1000000,1000000,0,1001171,998720,2095,27,1001182,998918,3802,10,7,1000224,1000389,4312,8192,2109,7690,101376,2,1
2209,580854319,1453182039,0,0,0,0,1000000,1000000,1000000,0,1001171,998720,2095,27,1001182,998918,3802,10,7,1000224,1000389,4312,8192,2109,7690,104448,2,1
2210,581416873,1454496964,0,0,0,0,1000000,1000000,1000000,0,1001171,998720,2095,27,1001182,998918,3802,10,7,1000224,1000389,4312,8192,2109,7690,107520,2,1
2211,581449199,1454586718,0,0,0,0,1000000,1000000,1000000,0,1001171,998720,2095,27,1001182,998918,3802,10,7,1000224,1000389,4312,8192,2109,7690,110592,2,1
2212,581588622,1454895721,0,0,0,0,1000000,1000000,1000000,0,1001171,998720,2095,27,1001182,998918,3802,10,7,1000224,1000389,4312,8192,2109,7690,113664,2,1
2213,582262830,1456428645,0,0,0,0,1000000,1000000,1000000,0,1001171,998720,2095,27,1001182,998918,3802,10,7,1000224,1000389,4312,8192,2109,7690,116736,2,1
2214,582297091,1456524187,0,0,0,0,1000000,1000000,1000000,0,1001171,998720,2095,27,1001182,998918,3802,10,7,1000224,1000389,4312,8192,2109,7690,119808,2,1
2215,582328851,1456613102,0,0,0,0,1000000,1000000,1000000,0,1001171,998720,2095,27,1001182,998918,3802,10,7,1000224,1000389,4312,8192,2109,7690,122880,2,1
2216,582905815,1457969810,0,0,0,0,1000000,1000000,1000000,0,1001171,998720,2095,27,1001182,998918,3802,10,7,1000224,1000389,4312,8192,2109,7690,125952,2,1
2217,582938392,1458060175,0,0,0,0,1000000,1000000,1000000,0,1001171,998720,2095,27,1001182,998918,3802,10,7,1000224,1000389,4312,8192,2109,7690,129024,2,1
2218,583055098,1458323155,0,0,0,0,1000000,1000000,1000000,0,1001171,998720,2095,27,1001182,998918,3802,10,7,1000224,1000389,4312,8192,2109,7690,132096,2,1
2219,583698000,1459764873,0,0,0,0,1000000,1000000,1000000,0,1001171,998720,2095,27,1001182,998918,3802,10,7,1000224,1000389,4312,8192,2109,7690,135168,2,1
2220,583732259,1459860424,0,0,0,0,1000000,1000000,1000000,0,1001171,998720,2095,27,1001182,998918,3802,10,7,1000224,1000389,4312,8192,2109,7690,138240,2,1
2221,583806650,1460036868,0,0,0,0,1000000,1000000,1000000,0,1001171,998720,2095,27,1001182,998918,3802,10,7,1000224,1000389,4312,8192,2109,7690,141312,2,1
2222,584374865,1461335603,0,0,0,0,1000000,1000000,1000000,0,1001171,998720,2095,27,1001182,998918,3802,10,7,1000224,1000389,4312,8192,2109,7690,144384,2,1
2223,584401661,1461407139,0,0,0,0,1000000,1000000,1000000,0,1001171,998720,2095,27,1001182,998918,3802,10,7,1000224,1000389,4312,8192,2109,7690,147456,2,1
2224,584561962,1461750557,0,0,0,0,1000000,1000000,1000000,0,1001171,998720,2095,27,1001182,998918,3802,10,7,1000224,1000389,4312,8192,2109,7690,150528,2,1
2225,585227732,1463225631,0,0,0,0,1000000,1000000,1000000,0,1001171,998720,2095,27,1001182,998918,3802,10,7,1000224,1000389,4312,8192,2109,7690,153600,2,1
2226,585255873,1463300874,0,0,0,0,1000000,1000000,1000000,0,1001171,998720,2095,27,1001182,998918,3802,10,7,1000224,1000389,4312,8192,2109,7690,156672,2,1
2227,585327803,1463464288,0,0,0,0,1000000,1000000,1000000,0,1001171,998720,2095,27,1001182,998918,3802,10,7,1000224,1000389,4312,8192,2109,7690,159744,2,1
2228,585893005,1464751086,0,0,0,0,1000000,1000000,1000000,0,1001171,998720,2095,27,1001182,998918,3802,10,7,1000224,1000389,4312,8192,2109,7690,162816,2,1
2229,585920052,1464823304,0,0,0,0,1000000,1000000,1000000,0,1001171,998720,2095,27,1001182,998918,3802,10,7,1000224,1000389,4312,8192,2109,7690,165888,2,1
2230,586085921,1465177972,0,0,0,0,1000000,1000000,1000000,0,1001171,998720,2095,27,1001182,998918,3802,10,7,1000224,1000389,4312,8192,2109,7690,168960,2,1
2231,586742912,1466627461,0,0,0,0,1000000,1000000,1000000,0,1001171,998720,2095,27,1001182,998918,3802,10,7,1000224,1000389,4312,8192,2109,7690,172032,2,1
2232,586771036,1466702700,0,0,0,0,1000000,1000000,1000000,0,1001171,998720,2095,27,1001182,998918,3802,10,7,1000224,1000389,4312,8192,2109,7690,175104,2,1
2233,586855496,1466891692,0,0,0,0,1000000,1000000,1000000,0,1001171,998720,2095,27,1001182,998918,3802,10,7,1000224,1000389,4312,8192,2109,7690,178176,2,1
2234,587405691,1468161413,0,0,0,0,1000000,1000000,1000000,0,1001171,998720,2095,27,1001182,998918,3802,10,7,1000224,1000389,4312,8192,2109,7690,181248,2,1
2235,587432474,1468232904,0,0,0,0,1000000,1000000,1000000,0,1001171,998720,2095,27,1001182,998918,3802,10,7,1000224,1000389,4312,8192,2109,7690,184320,2,1
2236,587607148,1468605388,0,0,0,0,1000000,1000000,1000000,0,1001171,998720,2095,27,1001182,998918,3802,10,7,1000224,1000389,4312,8192,2109,7690,187392,2,1
2237,588306225,1470234275,0,0,0,0,1000000,1000000,1000000,0,1001171,998720,2095,27,1001182,998918,3802,10,7,1000224,1000389,4312,8192,2109,7690,190464,2,1
2238,588340192,1470327656,0,0,0,0,1000000,1000000,1000000,0,1001171,998720,2095,27,1001182,998918,3802,10,7,1000224,1000389,4312,8192,2109,7690,193536,2,1
2239,588371429,1470414098,0,0,0,0,1000000,1000000,1000000,0,1001171,998720,2095,27,1001182,998918,3802,10,7,1000224,1000389,4312,8192,2109,7690,196608,2,1
2240,588972354,1471864103,0,0,0,0,1000000,1000000,1000000,0,1001171,998720,2095,27,1001182,998918,3802,10,7,1000224,1000389,4312,8192,2109,7690,199680,2,2
2241,589004382,1471952234,0,0,0,0,1000000,1000000,1000000,0,1001171,998720,2095,27,1001182,998918,3802,10,7,1000224,1000389,4312,8192,2109,7690,202752,2,2
2242,589037151,1472043145,0,0,0,0,1000000,1000000,1000000,0,1001171,998720,2095,27,1001182,998918,3802,10,7,1000224,1000389,4312,8192,2109,7690,205824,2,2
2243,589730066,1473652821,0,0,0,0,1000000,1000000,1000000,0,1001171,998720,2095,27,1001182,998918,3802,10,7,1000224,1000389,4312,8192,2109,7690,208896,2,2
2244,589763175,1473743998,0,0,0,0,1000000,1000000,1000000,0,1001171,998720,2095,27,1001182,998918,3802,10,7,1000224,1000389,4312,8192,2109,7690,211968,2,2
2245,589794889,1473831924,0,0,0,0,1000000,1000000,1000000,0,1001171,998720,2095,27,1001182,998918,3802,10,7,1000224,1000389,4312,8192,2109,7690,215040,2,2
2246,590395207,1475280261,0,0,0,0,1000000,1000000,1000000,0,1001171,998720,2095,27,1001182,998918,3802,10,7,1000224,1000389,4312,8192,2109,7690,218112,2,2
2247,590426987,1475367803,0,0,0,0,1000000,1000000,1000000,0,1001171,998720,2095,27,1001182,998918,3802,10,7,1000224,1000389,4312,8192,2109,7690,221184,2,2
2248,590460525,1475460225,0,0,0,0,1000000,1000000,1000000,0,1001171,998720,2095,27,1001182,998918,3802,10,7,1000224,1000389,4312,8192,2109,7690,224256,2,2
2249,591163430,1477100846,0,0,0,0,1000000,1000000,1000000,0,1001171,998720,2095,27,1001182,998918,3802,10,7,1000224,1000389,4312,8192,2109,7690,227328,2,2
2250,591197058,1477193478,0,0,0,0,1000000,1000000,1000000,0,1001171,998720,2095,27,1001182,998918,3802,10,7,1000224,1000389,4312,8192,2109,7690,230400,2,2
2251,591227982,1477279208,0,0,0,0,1000000,1000000,1000000,0,1001171,998720,2095,27,1001182,998918,3802,10,7,1000224,1000389,4312,8192,2109,7690,233472,2,2
2252,591826799,1478723551,0,0,0,0,1000000,1000000,1000000,0,1001171,998720,2095,27,1001182,998918,3802,10,7,1000224,1000389,4312,8192,2109,7690,236544,2,2
2253,591859083,1478812272,0,0,0,0,1000000,1000000,1000000,0,1001171,998720,2095,27,1001182,998918,3802,10,7,1000224,1000389,4312,8192,2109,7690,239616,2,2
2254,591891861,1478903115,0,0,0,0,1000000,1000000,1000000,0,1001171,998720,2095,27,1001182,998918,3802,10,7,1000224,1000389,4312,8192,2109,7690,242688,2,2
2255,592585724,1480516800,0,0,0,0,1000000,1000000,1000000,0,1001171,998720,2095,27,1001182,998918,3802,10,7,1000224,1000389,4312,8192,2109,7690,245760,2,2
2256,592619113,1480608924,0,0,0,0,1000000,1000000,1000000,0,1001171,998720,2095,27,1001182,998918,3802,10,7,1000224,1000389,4312,8192,2109,7690,248832,2,2
2257,592650533,1480695860,0,0,0,0,1000000,1000000,1000000,0,1001171,998720,2095,27,1001182,998918,3802,10,7,1000224,1000389,4312,8192,2109,7690,251904,2,2
2258,593243162,1482122029,0,0,0,0,1000000,1000000,1000000,0,1001171,998720,2095,27,1001182,998918,3802,10,7,1000224,1000389,4312,8192,2109,7690,254976,2,2
2259,593274701,1482208617,0,0,0,0,1000000,1000000,1000000,0,1001171,998720,2095,27,1001182,998918,3802,10,7,1000224,1000389,4312,8192,2109,7690,258048,2,2
2260,593315210,1482315065,0,0,0,0,1000000,1000000,1000000,0,1001171,998720,2095,27,1001182,998918,3802,10,7,1000224,1000389,4312,8192,2109,7690,261120,2,2
2261,594010619,1483934086,0,0,0,0,1000000,1000000,1000000,0,1001171,998720,2095,27,1001182,998918,3802,10,7,1000224,1000389,4312,8192,2109,7690,264192,2,2
2262,594043815,1484025334,0,0,0,0,1000000,1000000,1000000,0,1001171,998720,2095,27,1001182,998918,3802,10,7,1000224,1000389,4312,8192,2109,7690,267264,2,2
2263,594074773,1484111182,0,0,0,0,1000000,1000000,1000000,0,1001171,998720,2095,27,1001182,998918,3802,10,7,1000224,1000389,4312,8192,2109,7690,270336,2,2
2264,594677880,1485563145,0,0,0,0,1000000,1000000,1000000,0,1001171,998720,2095,27,1001182,998918,3802,10,7,1000224,1000389,4312,8192,2109,7690,273408,2,2
2265,594709900,1485651174,0,0,0,0,1000000,1000000,1000000,0,1001171,998720,2095,27,1001182,998918,3802,10,7,1000224,1000389,4312,8192,2109,7690,276480,2,2
2266,594742907,1485742472,0,0,0,0,1000000,1000000,1000000,0,1001171,998720,2095,27,1001182,998918,3802,10,7,1000224,1000389,4312,8192,2109,7690,279552,2,2
2267,595367134,1487128213,0,0,0,0,1000000,1000000,1000000,0,1001171,998720,2095,27,1001182,998918,3802,10,7,1000224,1000389,4312,8192,2109,7690,282624,2,2
2268,595395076,1487202812,0,0,0,0,1000000,1000000,1000000,0,1001171,998720,2095,27,1001182,998918,3802,10,7,1000224,1000389,4312,8192,2109,7690,285696,2,2
2269,595511494,1487456180,0,0,0,0,1000000,1000000,1000000,0,1001171,998720,2095,27,1001182,998918,3802,10,7,1000224,1000389,4312,8192,2109,7690,288768,2,2
2270,596086588,1488802616,0,0,0,0,1000000,1000000,1000000,0,1001171,998720,2095,27,1001182,998918,3802,10,7,1000224,1000389,4312,8192,2109,7690,291840,2,2
2271,596113109,1488873151,0,0,0,0,1000000,1000000,1000000,0,1001171,998720,2095,27,1001182,998918,3802,10,7,1000224,1000389,4312,8192,2109,7690,294912,2,2
2272,596250288,1489169881,0,0,0,0,1000000,1000000,1000000,0,1001171,998720,2095,27,1001182,998918,3802,10,7,1000224,1000389,4312,8192,2109,7690,297984,2,2
2273,596918183,1490680421,0,0,0,0,1000000,1000000,1000000,0,1001171,998720,2095,27,1001182,998918,3802,10,7,1000224,1000389,4312,8192,2109,7690,301056,2,2
2274,596955822,1490779616,0,0,0,0,1000000,1000000,1000000,0,1001171,998720,2095,27,1001182,998918,3802,10,7,1000224,1000389,4312,8192,2109,7690,304128,2,2
2275,596998567,1490883601,0,0,0,0,1000000,1000000,1000000,0,1001171,998720,2095,27,1001182,998918,3802,10,7,1000224,1000389,4312,8192,2109,7690,307200,2,2
2276,597543393,1492141551,0,0,0,0,1000000,1000000,1000000,0,1001171,998720,2095,27,1001182,998921,3802,10,7,1000224,1000389,4312,8192,2109,7690,310272,2,2
2277,597570124,1492212723,0,0,0,0,1000000,1000000,1000000,0,1001171,998720,2095,27,1001182,998921,3802,10,7,1000224,1000389,4312,8192,2109,7690,313344,2,2
2278,597750783,1492597317,0,0,0,0,1000000,1000000,1000000,0,1001171,998720,2095,27,1001182,998921,3802,10,7,1000224,1000389,4312,8192,2109,7690,316416,2,2
2279,598346702,1493911260,0,0,0,0,1000000,1000000,1000000,0,1001171,998720,2095,27,1001182,998921,3802,10,7,1000224,1000389,4312,8192,2109,7690,319488,2,2
2280,598374785,1493986383,0,0,0,0,1000000,1000000,1000000,0,1001171,998720,2095,27,1001182,998921,3802,10,7,1000224,1000389,4312,8192,2109,7690,322560,2,2
2281,598526250,1494311025,0,0,0,0,1000000,1000000,1000000,0,1001171,998720,2095,27,1001182,998921,3802,10,7,1000224,1000389,4312,8192,2109,7690,325632,2,2
2282,599024395,1495447390,0,0,0,0,1000000,1000000,1000000,0,1001171,998720,2095,27,1001182,998921,3802,10,7,1000224,1000389,4312,8192,2109,7690,328704,2,2
2283,599051401,1495519660,0,0,0,0,1000000,1000000,1000000,0,1001171,998720,2095,27,1001182,998921,3802,10,7,1000224,1000389,4312,8192,2109,7690,331776,2,2
2284,599648838,1496837735,0,0,0,0,1000000,1000000,1000000,0,1001171,998720,2095,27,1001182,998921,3802,10,7,1000224,1000389,4312,8192,2109,7690,334848,2,2
2285,599675576,1496908951,0,0,0,0,1000000,1000000,1000000,0,1001171,998720,2095,27,1001182,998921,3802,10,7,1000224,1000389,4312,8192,2109,7690,337920,2,2
2286,599793884,1497167205,0,0,0,0,1000000,1000000,1000000,0,1001171,998720,2095,27,1001182,998921,3802,10,7,1000224,1000389,4312,8192,2109,7690,340992,2,2
2287,600282050,1498275426,0,0,0,0,1000000,1000000,1000000,0,1001171,998720,2095,27,1001182,998921,3802,10,7,1000224,1000389,4312,8192,2109,7690,344064,2,2
2288,600310165,1498350728,0,0,0,0,1000000,1000000,1000000,0,1001171,998720,2095,27,1001182,998921,3802,10,7,1000224,1000389,4312,8192,2109,7690,344064,2,2
2289,600913339,1499687960,0,0,0,0,1000000,1000000,1000000,0,1001171,998720,2100,27,1001182,998921,3770,13,0,1000224,1000389,4312,8192,2109,7690,0,2,2
2290,600939933,1499759223,0,0,0,0,1000000,1000000,1000000,0,1001171,998720,2100,27,1001182,998921,3770,13,0,1000224,1000389,4312,8192,2109,7690,613,2,2
2291,601061915,1500023369,0,0,0,0,1000000,1000000,1000000,0,1001171,998720,2100,27,1001182,998921,3770,13,0,1000224,1000389,4312,8192,2109,7690,1226,2,2
2292,601563378,1501171490,0,0,0,0,1000000,1000000,1000000,0,1001171,998720,2100,27,1001182,998921,3770,13,0,1000224,1000389,4312,8192,2109,7690,1839,2,2
2293,601588624,1501238807,0,0,0,0,1000000,1000000,1000000,0,1001171,998720,2100,27,1001182,998921,3770,13,0,1000224,1000389,4312,8192,2109,7690,2452,2,2
2294,601823284,1501737085,0,0,0,0,1000000,1000000,1000000,0,1001171,998720,2100,27,1001182,998921,3770,13,0,1000224,1000389,4312,8192,2109,7690,3065,2,2
2295,602432605,1503093496,0,0,0,0,1000000,1000000,1000000,0,1001171,998720,2100,27,1001182,998921,3770,13,0,1000224,1000389,4312,8192,2109,7690,3678,2,2
2296,602459354,1503165356,0,0,0,0,1000000,1000000,1000000,0,1001171,998720,2100,27,1001182,998921,3770,13,0,1000224,1000389,4312,8192,2109,7690,4291,2,2
2297,602591802,1503450794,0,0,0,0,1000000,1000000,1000000,0,1001171,998720,2100,27,1001182,998921,3770,13,0,1000224,1000389,4312,8192,2109,7690,4904,2,2
2298,603103373,1504631686,0,0,0,0,1000000,1000000,1000000,0,1001171,998720,2100,27,1001182,998921,3770,13,0,1000224,1000389,4312,8192,2109,7690,5517,2,2
2299,603128759,1504699815,0,0,0,0,1000000,1000000,1000000,0,1001171,998720,2100,27,1001182,998921,3770,13,0,1000224,1000389,4312,8192,2109,7690,6130,2,2
2300,603345962,1505164491,0,0,0,0,1000000,1000000,1000000,0,1001171,998720,2100,27,1001182,998921,3770,13,0,1000224,1000389,4312,8192,2109,7690,6743,2,2
2301,603949722,1506504119,0,0,0,0,1000000,1000000,1000000,0,1001171,998720,2100,27,1001182,998921,3770,13,0,1000224,1000389,4312,8192,2109,7690,7356,2,2
2302,603981633,1506593450,0,0,0,0,1000000,1000000,1000000,0,1001171,998720,2100,27,1001182,998921,3770,13,0,1000224,1000389,4312,8192,2109,7690,7969,2,2
2303,604113960,1506878221,0,0,0,0,1000000,1000000,1000000,0,1001171,998720,2100,27,1001182,998921,3770,13,0,1000224,1000389,4312,8192,2109,7690,8582,2,2
2304,604615219,1508025107,0,0,0,0,1000000,1000000,1000000,0,1001171,998720,2100,27,1001182,998921,3770,13,0,1000224,1000389,4312,8192,2109,7690,9195,2,2
2305,604640338,1508092296,0,0,0,0,1000000,1000000,1000000,0,1001171,998720,2100,27,1001182,998921,3770,13,0,1000224,1000389,4312,8192,2109,7690,9808,2,2
2306,604872759,1508591915,0,0,0,0,1000000,1000000,1000000,0,1001171,998720,2100,27,1001182,998921,3770,13,0,1000224,1000389,4312,8192,2109,7690,10421,2,2
2307,605472096,1509915329,0,0,0,0,1000000,1000000,1000000,0,1001171,998720,2100,27,1001182,998921,3770,13,0,1000224,1000389,4312,8192,2109,7690,11034,2,2
2308,605506423,1510012472,0,0,0,0,1000000,1000000,1000000,0,1001171,998720,2100,27,1001182,998921,3770,13,0,1000224,1000389,4312,8192,2109,7690,11647,2,2
2309,605643099,1510305623,0,0,0,0,1000000,1000000,1000000,0,1001171,998720,2100,27,1001182,998921,3770,13,0,1000224,1000389,4312,8192,2109,7690,12260,2,2
2310,606146618,1511461387,0,0,0,0,1000000,1000000,1000000,0,1001171,998720,2100,27,1001182,998921,3770,13,0,1000224,1000389,4312,8192,2109,7690,12873,2,2
2311,606171738,1511528602,0,0,0,0,1000000,1000000,1000000,0,1001171,998720,2100,27,1001182,998921,3770,13,0,1000224,1000389,4312,8192,2109,7690,13486,2,2
2312,606399767,1512019337,0,0,0,0,1000000,1000000,1000000,0,1001171,998720,2100,27,1001182,998921,3770,13,0,1000224,1000389,4312,8192,2109,7690,14099,2,2
2313,606998142,1513340586,0,0,0,0,1000000,1000000,1000000,0,1001171,998720,2100,27,1001182,998921,3770,13,0,1000224,1000389,4312,8192,2109,7690,14712,2,2
2314,607032965,1513439432,0,0,0,0,1000000,1000000,1000000,0,1001171,998720,2100,27,1001182,998921,3770,13,0,1000224,1000389,4312,8192,2109,7690,15325,2,2
2315,607169648,1513733053,0,0,0,0,1000000,1000000,1000000,0,1001171,998720,2100,27,1001182,998921,3770,13,0,1000224,1000389,4312,8192,2109,7690,15938,2,2
2316,607668176,1514873095,0,0,0,0,1000000,1000000,1000000,0,1001171,998720,2100,27,1001182,998921,3770,13,0,1000224,1000389,4312,8192,2109,7690,16551,2,2
2317,607693324,1514940279,0,0,0,0,1000000,1000000,1000000,0,1001171,998720,2100,27,1001182,998921,3770,13,0,1000224,1000389,4312,8192,2109,7690,17164,2,2
2318,608301638,1516294251,0,0,0,0,1000000,1000000,1000000,0,1001171,998720,2100,27,1001182,998921,3770,13,0,1000224,1000389,4312,8192,2109,7690,17777,2,2
2319,608326758,1516361475,0,0,0,0,1000000,1000000,1000000,0,1001171,998720,2100,27,1001182,998921,3770,13,0,1000224,1000389,4312,8192,2109,7690,18390,2,2
2320,608425001,1516589216,0,0,0,0,1000000,1000000,1000000,0,1001171,998720,2100,27,1001182,998921,3770,13,0,1000224,1000389,4312,8192,2109,7690,19003,2,2
2321,608918158,1517711540,0,0,0,0,1000000,1000000,1000000,0,1001171,998720,2100,27,1001182,998921,3770,13,0,1000224,1000389,4312,8192,2109,7690,19616,2,2
2322,608953253,1517811338,0,0,0,0,1000000,1000000,1000000,0,1001171,998720,2100,27,1001182,998921,3770,13,0,1000224,1000389,4312,8192,2109,7690,20229,2,2
2323,609550548,1519130196,0,0,0,0,1000000,1000000,1000000,0,1001171,998720,2100,27,1001182,998921,3770,13,0,1000224,1000389,4312,8192,2109,7690,20842,2,2
2324,609600979,1519268973,0,0,0,0,1000000,1000000,1000000,0,1001171,998720,2100,27,1001182,998921,3770,13,0,1000224,1000389,4312,8192,2109,7690,21455,2,2
2325,609679966,1519445405,0,0,0,0,1000000,1000000,1000000,0,1001171,998720,2100,27,1001182,998921,3770,13,0,1000224,1000389,4312,8192,2109,7690,0,2,2
2326,610191973,1520626852,0,0,0,0,1000000,1000000,1000000,0,1001171,998720,2100,27,1001182,998921,3770,13,0,1000224,1000389,4312,8192,2109,7690,613,2,2
2327,610217352,1520694962,0,0,0,0,1000000,1000000,1000000,0,1001171,998720,2100,27,1001182,998921,3770,13,0,1000224,1000389,4312,8192,2109,7690,1226,2,2
2328,610434415,1521159126,0,0,0,0,1000000,1000000,1000000,0,1001171,998720,2100,27,1001182,998921,3770,13,0,1000224,1000389,4312,8192,2109,7690,1839,2,2
2329,611047327,1522526373,0,0,0,0,1000000,1000000,1000000,0,1001171,998720,2100,27,1001182,998921,3770,13,0,1000224,1000389,4312,8192,2109,7690,2452,2,2
2330,611078539,1522613555,0,0,0,0,1000000,1000000,1000000,0,1001171,998720,2100,27,1001182,998921,3770,13,0,1000224,1000389,4312,8192,2109,7690,3065,2,2
2331,611198092,1522872824,0,0,0,0,1000000,1000000,1000000,0,1001171,998720,2100,27,1001182,998921,3770,13,0,1000224,1000389,4312,8192,2109,7690,3678,2,2
2332,611705004,1524040939,0,0,0,0,1000000,1000000,1000000,0,1001171,998720,2100,27,1001182,998921,3770,13,0,1000224,1000389,4312,8192,2109,7690,4291,2,2
2333,611729881,1524107198,0,0,0,0,1000000,1000000,1000000,0,1001171,998720,2100,27,1001182,998921,3770,13,0,1000224,1000389,4312,8192,2109,7690,4904,2,2
2334,611954982,1524586515,0,0,0,0,1000000,1000000,1000000,0,1001171,998720,2100,27,1001182,998921,3770,13,0,1000224,1000389,4312,8192,2109,7690,5517,2,2
2335,612555782,1525915592,0,0,0,0,1000000,1000000,1000000,0,1001171,998720,2100,27,1001182,998921,3770,13,0,1000224,1000389,4312,8192,2109,7690,6130,2,2
2336,612586248,1526000198,0,0,0,0,1000000,1000000,1000000,0,1001171,998720,2100,27,1001182,998921,3770,13,0,1000224,1000389,4312,8192,2109,7690,6743,2,2
2337,612726103,1526300241,0,0,0,0,1000000,1000000,1000000,0,1001171,998720,2100,27,1001182,998921,3770,13,0,1000224,1000389,4312,8192,2109,7690,7356,2,2
2338,613228454,1527451449,0,0,0,0,1000000,1000000,1000000,0,1001171,998720,2100,27,1001182,998921,3770,13,0,1000224,1000389,4312,8192,2109,7690,7969,2,2
2339,613253631,1527518778,0,0,0,0,1000000,1000000,1000000,0,1001171,998720,2100,27,1001182,998921,3770,13,0,1000224,1000389,4312,8192,2109,7690,8582,2,2
2340,613486775,1528013948,0,0,0,0,1000000,1000000,1000000,0,1001171,998720,2100,27,1001182,998921,3770,13,0,1000224,1000389,4312,8192,2109,7690,9195,2,2
2341,614097930,1529351308,0,0,0,0,1000000,1000000,1000000,0,1001171,998720,2100,27,1001182,998921,3770,13,0,1000224,1000389,4312,8192,2109,7690,9808,2,2
2342,614128395,1529435903,0,0,0,0,1000000,1000000,1000000,0,1001171,998720,2100,27,1001182,998921,3770,13,0,1000224,1000389,4312,8192,2109,7690,10421,2,2
2343,614264157,1529727644,0,0,0,0,1000000,1000000,1000000,0,1001171,998720,2100,27,1001182,998921,3770,13,0,1000224,1000389,4312,8192,2109,7690,11034,2,2
2344,614765675,1530877215,0,0,0,0,1000000,1000000,1000000,0,1001171,998720,2100,27,1001182,998921,3770,13,0,1000224,1000389,4312,8192,2109,7690,11647,2,2
2345,614790794,1530944408,0,0,0,0,1000000,1000000,1000000,0,1001171,998720,2100,27,1001182,998921,3770,13,0,1000224,1000389,4312,8192,2109,7690,12260,2,2
2346,615024590,1531441368,0,0,0,0,1000000,1000000,1000000,0,1001171,998720,2100,27,1001182,998921,3770,13,0,1000224,1000389,4312,8192,2109,7690,12873,2,2
2347,615623700,1532766409,0,0,0,0,1000000,1000000,1000000,0,1001171,998720,2100,27,1001182,998921,3770,13,0,1000224,1000389,4312,8192,2109,7690,13486,2,2
2348,615653913,1532850044,0,0,0,0,1000000,1000000,1000000,0,1001171,998720,2100,27,1001182,998921,3770,13,0,1000224,1000389,4312,8192,2109,7690,14099,2,2
2349,615796431,1533155074,0,0,0,0,1000000,1000000,1000000,0,1001171,998720,2100,27,1001182,998921,3770,13,0,1000224,1000389,4312,8192,2109,7690,14712,2,2
2350,616298266,1534305155,0,0,0,0,1000000,1000000,1000000,0,1001171,998720,2100,27,1001182,998921,3770,13,0,1000224,1000389,4312,8192,2109,7690,15325,2,2
2351,616323385,1534372311,0,0,0,0,1000000,1000000,1000000,0,1001171,998720,2100,27,1001182,998921,3770,13,0,1000224,1000389,4312,8192,2109,7690,15938,2,2
2352,616556928,1534868779,0,0,0,0,1000000,1000000,1000000,0,1001171,998720,2100,27,1001182,998921,3770,13,0,1000224,1000389,4312,8192,2109,7690,16551,2,2
2353,617157883,1536198692,0,0,0,0,1000000,1000000,1000000,0,1001171,998720,2100,27,1001182,998921,3770,13,0,1000224,1000389,4312,8192,2109,7690,17164,2,2
2354,617199691,1536311242,0,0,0,0,1000000,1000000,1000000,0,1001171,998720,2100,27,1001182,998921,3770,13,0,1000224,1000389,4312,8192,2109,7690,17777,2,2
2355,617325331,1536582471,0,0,0,0,1000000,1000000,1000000,0,1001171,998720,2100,27,1001182,998921,3770,13,0,1000224,1000389,4312,8192,2109,7690,18390,2,2
2356,617821621,1537715765,0,0,0,0,1000000,1000000,1000000,0,1001171,998720,2100,27,1001182,998921,3770,13,0,1000224,1000389,4312,8192,2109,7690,19003,2,2
2357,617846767,1537782945,0,0,0,0,1000000,1000000,1000000,0,1001171,998720,2100,27,1001182,998921,3770,13,0,1000224,1000389,4312,8192,2109,7690,19616,2,2
2358,618451970,1539127881,0,0,0,0,1000000,1000000,1000000,0,1001171,998720,2100,27,1001182,998921,3770,13,0,1000224,1000389,4312,8192,2109,7690,20229,2,2
2359,618477087,1539195055,0,0,0,0,1000000,1000000,1000000,0,1001171,998720,2100,27,1001182,998921,3770,13,0,1000224,1000389,4312,8192,2109,7690,20842,2,2
2360,618585834,1539438658,0,0,0,0,1000000,1000000,1000000,0,1001171,998720,2100,27,1001182,998921,3770,13,0,1000224,1000389,4312,8192,2109,7690,21455,2,2
2361,619081046,1540568297,0,0,0,0,1000000,1000000,1000000,0,1001171,998720,2100,27,1001182,998921,3770,13,0,1000224,1000389,4312,8192,2109,7690,22068,2,2
2362,619111777,1540653816,0,0,0,0,1000000,1000000,1000000,0,1001171,998720,2100,27,1001182,998921,3770,13,0,1000224,1000389,4312,8192,2109,7690,22681,2,2
2363,619711473,1541980905,0,0,0,0,1000000,1000000,1000000,0,1001171,998720,2100,27,1001182,998921,3770,13,0,1000224,1000389,4312,8192,2109,7690,23294,2,2
2364,619741685,1542064564,0,0,0,0,1000000,1000000,1000000,0,1001171,998720,2100,27,1001182,998921,3770,13,0,1000224,1000389,4312,8192,2109,7690,23907,2,2
2365,619847356,1542294843,0,0,0,0,1000000,1000000,1000000,0,1001171,998720,2100,27,1001182,998921,3770,13,0,1000224,1000389,4312,8192,2109,7690,24520,2,2
2366,620347841,1543441524,0,0,0,0,1000000,1000000,1000000,0,1001171,998720,2100,27,1001182,998921,3770,13,0,1000224,1000389,4312,8192,2109,7690,25133,2,2
2367,620373075,1543508847,0,0,0,0,1000000,1000000,1000000,0,1001171,998720,2100,27,1001182,998921,3770,13,0,1000224,1000389,4312,8192,2109,7690,25746,2,2
2368,620608283,1544008547,0,0,0,0,1000000,1000000,1000000,0,1001171,998720,2100,27,1001182,998921,3770,13,0,1000224,1000389,4312,8192,2109,7690,26359,2,2
2369,621207360,1545333857,0,0,0,0,1000000,1000000,1000000,0,1001171,998720,2100,27,1001182,998921,3770,13,0,1000224,1000389,4312,8192,2109,7690,26972,2,2
2370,621249106,1545445900,0,0,0,0,1000000,1000000,1000000,0,1001171,998720,2100,27,1001182,998921,3770,13,24,1000224,1000389,4312,8192,2109,7690,0,2,2
2371,621376552,1545722272,0,0,0,0,1000000,1000000,1000000,0,1001171,998720,2100,27,1001182,998921,3770,13,24,1000224,1000389,4312,8192,2109,7690,1024,2,2
2372,621888747,1546916037,0,0,0,0,1000000,1000000,1000000,0,1001170,998718,2085,27,1001181,998920,3864,6,24,1000224,1000389,4312,8192,2109,7690,2048,2,2
2373,621915485,1546987532,0,0,0,0,1000000,1000000,1000000,0,1001170,998718,2085,27,1001181,998920,3864,6,24,1000224,1000389,4312,8192,2109,7690,3072,2,2
2374,622124292,1547435967,0,0,0,0,1000000,1000000,1000000,0,1001170,998718,2085,27,1001181,998920,3864,6,24,1000224,1000389,4312,8192,2109,7690,4096,2,2
2375,622730815,1548790234,0,0,0,0,1000000,1000000,1000000,0,1001170,998718,2085,27,1001181,998920,3864,6,31,1000224,1000389,4312,8192,2109,7690,0,3,2
2376,622764129,1548882984,0,0,0,0,1000000,1000000,1000000,0,1001170,998718,2085,27,1001181,998920,3864,6,31,1000224,1000389,4312,8192,2109,7690,3072,3,2
2377,622886832,1549149671,0,0,0,0,1000000,1000000,1000000,0,1001170,998718,2085,27,1001181,998920,3864,6,31,1000224,1000389,4312,8192,2109,7690,6144,3,2
2378,623395252,1550327048,0,0,0,0,1000000,1000000,1000000,0,1001170,998718,2085,27,1001181,998920,3864,6,31,1000224,1000389,4312,8192,2109,7690,9216,3,2
2379,623422008,1550398406,0,0,0,0,1000000,1000000,1000000,0,1001170,998718,2085,27,1001181,998920,3864,6,31,1000224,1000389,4312,8192,2109,7690,12288,3,2
2380,623639671,1550863370,0,0,0,0,1000000,1000000,1000000,0,1001170,998718,2085,27,1001181,998920,3864,6,31,1000224,1000389,4312,8192,2109,7690,15360,3,2
2381,624227638,1552155495,0,0,0,0,1000000,1000000,1000000,0,1001170,998718,2085,27,1001181,998920,3864,6,31,1000224,1000389,4312,8192,2109,7690,18432,3,2
2382,624259939,1552244805,0,0,0,0,1000000,1000000,1000000,0,1001170,998718,2085,27,1001181,998920,3864,6,31,1000224,1000389,4312,8192,2109,7690,21504,3,2
2383,624415311,1552577092,0,0,0,0,1000000,1000000,1000000,0,1001170,998718,2085,27,1001181,998920,3864,6,31,1000224,1000389,4312,8192,2109,7690,24576,3,2
2384,624947395,1553802589,0,0,0,0,1000000,1000000,1000000,0,1001170,998718,2085,27,1001181,998920,3864,6,31,1000224,1000389,4312,8192,2109,7690,27648,3,2
2385,624974398,1553874657,0,0,0,0,1000000,1000000,1000000,0,1001170,998718,2085,27,1001181,998920,3864,6,31,1000224,1000389,4312,8192,2109,7690,30720,3,2
2386,625167817,1554290792,0,0,0,0,1000000,1000000,1000000,0,1001170,998718,2085,27,1001181,998920,3864,6,31,1000224,1000389,4312,8192,2109,7690,33792,3,2
2387,625790087,1555675509,0,0,0,0,1000000,1000000,1000000,0,1001170,998718,2085,27,1001181,998920,3864,6,31,1000224,1000389,4312,8192,2109,7690,36864,3,2
2388,625822165,1555764158,0,0,0,0,1000000,1000000,1000000,0,1001170,998718,2085,27,1001181,998920,3864,6,31,1000224,1000389,4312,8192,2109,7690,39936,3,2
2389,625932207,1556004510,0,0,0,0,1000000,1000000,1000000,0,1001170,998718,2085,27,1001181,998920,3864,6,31,1000224,1000389,4312,8192,2109,7690,43008,3,2
2390,626444276,1557176167,0,0,0,0,1000000,1000000,1000000,0,1001170,998718,2085,27,1001181,998920,3864,6,31,1000224,1000389,4312,8192,2109,7690,46080,3,2
2391,626471038,1557247547,0,0,0,0,1000000,1000000,1000000,0,1001170,998718,2085,27,1001181,998920,3864,6,31,1000224,1000389,4312,8192,2109,7690,49152,3,2
2392,626694197,1557718207,0,0,0,0,1000000,1000000,1000000,0,1001170,998718,2085,27,1001181,998920,3864,6,31,1000224,1000389,4312,8192,2109,7690,52224,3,2
2393,627307110,1559077953,0,0,0,0,1000000,1000000,1000000,0,1001170,998718,2085,27,1001181,998920,3864,6,31,1000224,1000389,4312,8192,2109,7690,55296,3,2
2394,627335215,1559153030,0,0,0,0,1000000,1000000,1000000,0,1001170,998718,2085,27,1001181,998920,3864,6,31,1000224,1000389,4312,8192,2109,7690,58368,3,2
2395,627464218,1559431916,0,0,0,0,1000000,1000000,1000000,0,1001170,998718,2085,27,1001181,998920,3864,6,31,1000224,1000389,4312,8192,2109,7690,61440,3,2
2396,627970015,1560584966,0,0,0,0,1000000,1000000,1000000,0,1001170,998718,2085,27,1001181,998920,3864,6,31,1000224,1000389,4312,8192,2109,7690,64512,3,2
2397,627996777,1560656218,0,0,0,0,1000000,1000000,1000000,0,1001170,998718,2085,27,1001181,998920,3864,6,31,1000224,1000389,4312,8192,2109,7690,67584,3,2
2398,628229198,1561145625,0,0,0,0,1000000,1000000,1000000,0,1001170,998718,2085,27,1001181,998920,3864,6,31,1000224,1000389,4312,8192,2109,7690,70656,3,2
2399,628836853,1562489080,0,0,0,0,1000000,1000000,1000000,0,1001170,998718,2085,27,1001181,998920,3864,6,31,1000224,1000389,4312,8192,2109,7690,73728,3,2
2400,628864955,1562564178,0,0,0,0,1000000,1000000,1000000,0,1001170,998718,2085,27,1001181,998920,3864,6,31,1000224,1000389,4312,8192,2109,7690,76800,3,2
2401,629001918,1562859338,0,0,0,0,1000000,1000000,1000000,0,1001170,998718,2085,27,1001181,998920,3864,6,31,1000224,1000389,4312,8192,2109,7690,79872,3,2
2402,629512036,1564026108,0,0,0,0,1000000,1000000,1000000,0,1001170,998718,2085,27,1001181,998920,3864,6,31,1000224,1000389,4312,8192,2109,7690,82944,3,2
2403,629538799,1564097505,0,0,0,0,1000000,1000000,1000000,0,1001170,998718,2085,27,1001181,998920,3864,6,31,1000224,1000389,4312,8192,2109,7690,86016,3,2
2404,629764530,1564573044,0,0,0,0,1000000,1000000,1000000,0,1001170,998718,2085,27,1001181,998920,3864,6,31,1000224,1000389,4312,8192,2109,7690,89088,3,2
2405,630371806,1565915982,0,0,0,0,1000000,1000000,1000000,0,1001170,998718,2085,27,1001181,998920,3864,6,31,1000224,1000389,4312,8192,2109,7690,92160,3,2
2406,630399889,1565991060,0,0,0,0,1000000,1000000,1000000,0,1001170,998718,2085,27,1001181,998920,3864,6,31,1000224,1000389,4312,8192,2109,7690,95232,3,2
2407,630537162,1566286769,0,0,0,0,1000000,1000000,1000000,0,1001170,998718,2085,27,1001181,998920,3864,6,31,1000224,1000389,4312,8192,2109,7690,98304,3,2
2408,631048949,1567457977,0,0,0,0,1000000,1000000,1000000,0,1001170,998718,2085,27,1001181,998920,3864,6,31,1000224,1000389,4312,8192,2109,7690,101376,3,2
2409,631075936,1567530002,0,0,0,0,1000000,1000000,1000000,0,1001170,998718,2085,27,1001181,998920,3864,6,31,1000224,1000389,4312,8192,2109,7690,104448,3,2
2410,631299010,1568000476,0,0,0,0,1000000,1000000,1000000,0,1001170,998718,2085,27,1001181,998920,3864,6,31,1000224,1000389,4312,8192,2109,7690,107520,3,2
2411,631936002,1569421490,0,0,0,0,1000000,1000000,1000000,0,1001170,998718,2085,27,1001181,998920,3864,6,31,1000224,1000389,4312,8192,2109,7690,110592,3,2
2412,631964137,1569496818,0,0,0,0,1000000,1000000,1000000,0,1001170,998718,2085,27,1001181,998920,3864,6,31,1000224,1000389,4312,8192,2109,7690,113664,3,2
2413,632062641,1569714182,0,0,0,0,1000000,1000000,1000000,0,1001170,998718,2085,27,1001181,998920,3864,6,31,1000224,1000389,4312,8192,2109,7690,116736,3,2
2414,632616464,1570996188,0,0,0,0,1000000,1000000,1000000,0,1001170,998718,2085,27,1001181,998920,3864,6,31,1000224,1000389,4312,8192,2109,7690,119808,3,2
2415,632642957,1571066660,0,0,0,0,1000000,1000000,1000000,0,1001170,998718,2085,27,1001181,998920,3864,6,31,1000224,1000389,4312,8192,2109,7690,122880,3,2
2416,632811813,1571427876,0,0,0,0,1000000,1000000,1000000,0,1001170,998718,2085,27,1001181,998920,3864,6,31,1000224,1000389,4312,8192,2109,7690,125952,3,2
2417,633475354,1572927277,0,0,0,0,1000000,1000000,1000000,0,1001170,998718,2085,27,1001181,998920,3864,6,31,1000224,1000389,4312,8192,2109,7690,129024,3,2
2418,633503670,1573003403,0,0,0,0,1000000,1000000,1000000,0,1001170,998718,2085,27,1001181,998920,3864,6,31,1000224,1000389,4312,8192,2109,7690,132096,3,2
2419,633563183,1573141600,0,0,0,0,1000000,1000000,1000000,0,1001170,998718,2085,27,1001181,998920,3864,6,31,1000224,1000389,4312,8192,2109,7690,135168,3,2
2420,634094350,1574362388,0,0,0,0,1000000,1000000,1000000,0,1001170,998718,2085,27,1001181,998920,3864,6,31,1000224,1000389,4312,8192,2109,7690,138240,3,2
2421,634121336,1574434468,0,0,0,0,1000000,1000000,1000000,0,1001170,998718,2085,27,1001181,998920,3864,6,31,1000224,1000389,4312,8192,2109,7690,141312,3,2
2422,634319591,1574855298,0,0,0,0,1000000,1000000,1000000,0,1001170,998718,2085,27,1001181,998920,3864,6,31,1000224,1000389,4312,8192,2109,7690,144384,3,2
2423,634948397,1576252206,0,0,0,0,1000000,1000000,1000000,0,1001170,998718,2085,27,1001181,998920,3864,6,31,1000224,1000389,4312,8192,2109,7690,147456,3,2
2424,634976715,1576328309,0,0,0,0,1000000,1000000,1000000,0,1001170,998718,2085,27,1001181,998920,3864,6,31,1000224,1000389,4312,8192,2109,7690,150528,3,2
2425,635086755,1576569013,0,0,0,0,1000000,1000000,1000000,0,1001170,998718,2085,27,1001181,998920,3864,6,31,1000224,1000389,4312,8192,2109,7690,153600,3,2
2426,635618968,1577792435,0,0,0,0,1000000,1000000,1000000,0,1001170,998718,2085,27,1001181,998920,3864,6,31,1000224,1000389,4312,8192,2109,7690,156672,3,2
2427,635645708,1577863827,0,0,0,0,1000000,1000000,1000000,0,1001170,998718,2085,27,1001181,998920,3864,6,31,1000224,1000389,4312,8192,2109,7690,159744,3,2
2428,635843026,1578282704,0,0,0,0,1000000,1000000,1000000,0,1001170,998718,2085,27,1001181,998920,3864,6,31,1000224,1000389,4312,8192,2109,7690,162816,3,2
2429,636477790,1579698068,0,0,0,0,1000000,1000000,1000000,0,1001170,998718,2085,27,1001181,998920,3864,6,31,1000224,1000389,4312,8192,2109,7690,165888,3,2
2430,636506236,1579774513,0,0,0,0,1000000,1000000,1000000,0,1001170,998718,2085,27,1001181,998920,3864,6,31,1000224,1000389,4312,8192,2109,7690,168960,3,2
2431,636607041,1579996413,0,0,0,0,1000000,1000000,1000000,0,1001170,998718,2085,27,1001181,998920,3864,6,31,1000224,1000389,4312,8192,2109,7690,172032,3,2
2432,637138532,1581218279,0,0,0,0,1000000,1000000,1000000,0,1001170,998718,2085,27,1001181,998920,3864,6,31,1000224,1000389,4312,8192,2109,7690,175104,3,2
2433,637165547,1581290494,0,0,0,0,1000000,1000000,1000000,0,1001170,998718,2085,27,1001181,998920,3864,6,31,1000224,1000389,4312,8192,2109,7690,178176,3,2
2434,637363165,1581710122,0,0,0,0,1000000,1000000,1000000,0,1001170,998718,2085,27,1001181,998920,3864,6,31,1000224,1000389,4312,8192,2109,7690,181248,3,2
2435,637986503,1583093616,0,0,0,0,1000000,1000000,1000000,0,1001170,998718,2085,27,1001181,998920,3864,6,31,1000224,1000389,4312,8192,2109,7690,184320,3,2
2436,638014954,1583170066,0,0,0,0,1000000,1000000,1000000,0,1001170,998718,2085,27,1001181,998920,3864,6,31,1000224,1000389,4312,8192,2109,7690,187392,3,2
2437,638131402,1583423847,0,0,0,0,1000000,1000000,1000000,0,1001170,998718,2085,27,1001181,998920,3864,6,31,1000224,1000389,4312,8192,2109,7690,190464,3,2
2438,638659099,1584636375,0,0,0,0,1000000,1000000,1000000,0,1001170,998718,2085,27,1001181,998920,3864,6,31,1000224,1000389,4312,8192,2109,7690,193536,3,2
2439,638694399,1584734079,0,0,0,0,1000000,1000000,1000000,0,1001170,998718,2085,27,1001181,998920,3864,6,31,1000224,1000389,4312,8192,2109,7690,196608,3,3
2440,638881445,1585137534,0,0,0,0,1000000,1000000,1000000,0,1001170,998718,2085,27,1001181,998920,3864,6,31,1000224,1000389,4312,8192,2109,7690,199680,3,3
2441,639576060,1586752999,0,0,0,0,1000000,1000000,1000000,0,1001170,998718,2085,27,1001181,998920,3864,6,31,1000224,1000389,4312,8192,2109,7690,202752,3,3
2442,639609489,1586844861,0,0,0,0,1000000,1000000,1000000,0,1001170,998718,2085,27,1001181,998920,3864,6,31,1000224,1000389,4312,8192,2109,7690,205824,3,3
2443,639640669,1586931469,0,0,0,0,1000000,1000000,1000000,0,1001170,998718,2085,27,1001181,998920,3864,6,31,1000224,1000389,4312,8192,2109,7690,208896,3,3
2444,640244833,1588387412,0,0,0,0,1000000,1000000,1000000,0,1001170,998718,2085,27,1001181,998920,3864,6,31,1000224,1000389,4312,8192,2109,7690,211968,3,3
2445,640277082,1588476072,0,0,0,0,1000000,1000000,1000000,0,1001170,998718,2085,27,1001181,998920,3864,6,31,1000224,1000389,4312,8192,2109,7690,215040,3,3
2446,640309919,1588567066,0,0,0,0,1000000,1000000,1000000,0,1001170,998718,2085,27,1001181,998920,3864,6,31,1000224,1000389,4312,8192,2109,7690,218112,3,3
2447,641000452,1590171587,0,0,0,0,1000000,1000000,1000000,0,1001170,998718,2085,27,1001181,998920,3864,6,31,1000224,1000389,4312,8192,2109,7690,221184,3,3
2448,641033627,1590262871,0,0,0,0,1000000,1000000,1000000,0,1001170,998718,2085,27,1001181,998920,3864,6,31,1000224,1000389,4312,8192,2109,7690,224256,3,3
2449,641065300,1590350700,0,0,0,0,1000000,1000000,1000000,0,1001170,998718,2085,27,1001181,998920,3864,6,31,1000224,1000389,4312,8192,2109,7690,227328,3,3
2450,641661579,1591787641,0,0,0,0,1000000,1000000,1000000,0,1001170,998718,2085,27,1001181,998920,3864,6,31,1000224,1000389,4312,8192,2109,7690,230400,3,3
2451,641693331,1591875018,0,0,0,0,1000000,1000000,1000000,0,1001170,998718,2085,27,1001181,998920,3864,6,31,1000224,1000389,4312,8192,2109,7690,233472,3,3
2452,641739190,1591992376,0,0,0,0,1000000,1000000,1000000,0,1001170,998718,2085,27,1001181,998920,3864,6,31,1000224,1000389,4312,8192,2109,7690,236544,3,3
2453,642436974,1593619376,0,0,0,0,1000000,1000000,1000000,0,1001170,998718,2085,27,1001181,998920,3864,6,31,1000224,1000389,4312,8192,2109,7690,239616,3,3
2454,642470675,1593712161,0,0,0,0,1000000,1000000,1000000,0,1001170,998718,2085,27,1001181,998920,3864,6,31,1000224,1000389,4312,8192,2109,7690,242688,3,3
2455,642501559,1593797771,0,0,0,0,1000000,1000000,1000000,0,1001170,998718,2085,27,1001181,998920,3864,6,31,1000224,1000389,4312,8192,2109,7690,245760,3,3
2456,643089493,1595211676,0,0,0,0,1000000,1000000,1000000,0,1001170,998718,2085,27,1001181,998920,3864,6,31,1000224,1000389,4312,8192,2109,7690,248832,3,3
2457,643121489,1595299616,0,0,0,0,1000000,1000000,1000000,0,1001170,998718,2085,27,1001181,998920,3864,6,31,1000224,1000389,4312,8192,2109,7690,251904,3,3
2458,643168811,1595419793,0,0,0,0,1000000,1000000,1000000,0,1001170,998718,2085,27,1001181,998920,3864,6,31,1000224,1000389,4312,8192,2109,7690,254976,3,3
2459,643852960,1597005981,0,0,0,0,1000000,1000000,1000000,0,1001170,998718,2085,27,1001181,998920,3864,6,31,1000224,1000389,4312,8192,2109,7690,258048,3,3
2460,643885890,1597096559,0,0,0,0,1000000,1000000,1000000,0,1001170,998718,2085,27,1001181,998920,3864,6,31,1000224,1000389,4312,8192,2109,7690,261120,3,3
2461,643917320,1597183716,0,0,0,0,1000000,1000000,1000000,0,1001170,998718,2085,27,1001181,998920,3864,6,31,1000224,1000389,4312,8192,2109,7690,264192,3,3
2462,644507192,1598602560,0,0,0,0,1000000,1000000,1000000,0,1001170,998718,2085,27,1001181,998920,3864,6,31,1000224,1000389,4312,8192,2109,7690,267264,3,3
2463,644538690,1598689065,0,0,0,0,1000000,1000000,1000000,0,1001170,998718,2085,27,1001181,998920,3864,6,31,1000224,1000389,4312,8192,2109,7690,270336,3,3
2464,644604730,1598847193,0,0,0,0,1000000,1000000,1000000,0,1001170,998718,2085,27,1001181,998920,3864,6,31,1000224,1000389,4312,8192,2109,7690,273408,3,3
2465,645293233,1600448551,0,0,0,0,1000000,1000000,1000000,0,1001170,998718,2085,27,1001181,998920,3864,6,31,1000224,1000389,4312,8192,2109,7690,276480,3,3
2466,645326404,1600539712,0,0,0,0,1000000,1000000,1000000,0,1001170,998718,2085,27,1001181,998920,3864,6,31,1000224,1000389,4312,8192,2109,7690,279552,3,3
2467,645357342,1600625424,0,0,0,0,1000000,1000000,1000000,0,1001170,998718,2085,27,1001181,998920,3864,6,31,1000224,1000389,4312,8192,2109,7690,282624,3,3
2468,645943600,1602035886,0,0,0,0,1000000,1000000,1000000,0,1001170,998718,2085,27,1001181,998920,3864,6,31,1000224,1000389,4312,8192,2109,7690,285696,3,3
2469,645975609,1602123885,0,0,0,0,1000000,1000000,1000000,0,1001170,998718,2085,27,1001181,998920,3864,6,31,1000224,1000389,4312,8192,2109,7690,288768,3,3
2470,646037878,1602274608,0,0,0,0,1000000,1000000,1000000,0,1001170,998718,2085,27,1001181,998920,3864,6,31,1000224,1000389,4312,8192,2109,7690,291840,3,3
2471,646693013,1603750480,0,0,0,0,1000000,1000000,1000000,0,1001170,998718,2085,27,1001181,998920,3864,6,31,1000224,1000389,4312,8192,2109,7690,294912,3,3
2472,646723021,1603831570,0,0,0,0,1000000,1000000,1000000,0,1001170,998718,2085,27,1001181,998920,3864,6,31,1000224,1000389,4312,8192,2109,7690,297984,3,3
2473,646791785,1603988341,0,0,0,0,1000000,1000000,1000000,0,1001170,998718,2085,27,1001181,998920,3864,6,31,1000224,1000389,4312,8192,2109,7690,301056,3,3
2474,647373382,1605349421,0,0,0,0,1000000,1000000,1000000,0,1001170,998718,2085,27,1001181,998920,3864,6,31,1000224,1000389,4312,8192,2109,7690,304128,3,3
2475,647400133,1605420820,0,0,0,0,1000000,1000000,1000000,0,1001170,998718,2085,27,1001181,998920,3864,6,31,1000224,1000389,4312,8192,2109,7690,307200,3,3
2476,647529747,1605702041,0,0,0,0,1000000,1000000,1000000,0,1001170,998718,2085,27,1001181,998920,3864,6,31,1000224,1000389,4312,8192,2109,7690,310272,3,3
2477,648182718,1607169420,0,0,0,0,1000000,1000000,1000000,0,1001170,998718,2085,27,1001181,998920,3864,6,31,1000224,1000389,4312,8192,2109,7690,313344,3,3
2478,648210801,1607244496,0,0,0,0,1000000,1000000,1000000,0,1001170,998718,2085,27,1001181,998920,3864,6,31,1000224,1000389,4312,8192,2109,7690,316416,3,3
2479,648286657,1607415742,0,0,0,0,1000000,1000000,1000000,0,1001170,998718,2085,27,1001181,998920,3864,6,31,1000224,1000389,4312,8192,2109,7690,319488,3,3
2480,648776619,1608529355,0,0,0,0,1000000,1000000,1000000,0,1001170,998718,2085,27,1001181,998920,3864,6,31,1000224,1000389,4312,8192,2109,7690,322560,3,3
2481,648803626,1608601551,0,0,0,0,1000000,1000000,1000000,0,1001170,998718,2085,27,1001181,998920,3864,6,31,1000224,1000389,4312,8192,2109,7690,325632,3,3
2482,649403558,1609928912,0,0,0,0,1000000,1000000,1000000,0,1001170,998718,2085,27,1001181,998920,3864,6,31,1000224,1000389,4312,8192,2109,7690,328704,3,3
2483,649430287,1610000252,0,0,0,0,1000000,1000000,1000000,0,1001170,998718,2085,27,1001181,998920,3864,6,31,1000224,1000389,4312,8192,2109,7690,331776,3,3
2484,649555233,1610271935,0,0,0,0,1000000,1000000,1000000,0,1001170,998718,2085,27,1001181,998920,3864,6,31,1000224,1000389,4312,8192,2109,7690,334848,3,3
2485,650049669,1611399044,0,0,0,0,1000000,1000000,1000000,0,1001170,998718,2085,27,1001181,998920,3864,6,31,1000224,1000389,4312,8192,2109,7690,337920,3,3
2486,650078016,1611474991,0,0,0,0,1000000,1000000,1000000,0,1001170,998718,2085,27,1001181,998920,3864,6,31,1000224,1000389,4312,8192,2109,7690,340992,3,3
2487,650670914,1612781003,0,0,0,0,1000000,1000000,1000000,0,1001170,998718,2085,27,1001181,998920,3864,6,31,1000224,1000389,4312,8192,2109,7690,344064,3,3
2488,650698742,1612855231,0,0,0,0,1000000,1000000,1000000,0,1001170,998718,2085,27,1001181,998920,3864,6,31,1000224,1000389,4312,8192,2109,7690,347136,3,3
2489,650824802,1613128097,0,0,0,0,1000000,1000000,1000000,0,1001170,998718,2085,27,1001181,998920,3864,6,31,1000224,1000389,4312,8192,2109,7690,350208,3,3
2490,651320427,1614256119,0,0,0,0,1000000,1000000,1000000,0,1001170,998718,2085,27,1001181,998920,3864,6,31,1000224,1000389,4312,8192,2109,7690,353280,3,3
2491,651347430,1614328431,0,0,0,0,1000000,1000000,1000000,0,1001170,998718,2085,27,1001181,998920,3864,6,31,1000224,1000389,4312,8192,2109,7690,356352,3,3
2492,651946318,1615650505,0,0,0,0,1000000,1000000,1000000,0,1001170,998718,2085,27,1001181,998920,3864,6,31,1000224,1000389,4312,8192,2109,7690,359424,3,3
2493,651973298,1615722548,0,0,0,0,1000000,1000000,1000000,0,1001170,998718,2085,27,1001181,998920,3864,6,31,1000224,1000389,4312,8192,2109,7690,362496,3,3
2494,652090352,1615984281,0,0,0,0,1000000,1000000,1000000,0,1001170,998718,2085,27,1001181,998920,3864,6,31,1000224,1000389,4312,8192,2109,7690,364544,3,3
2495,652599837,1617142927,0,0,0,0,1000000,1000000,1000000,0,1001171,998717,2085,27,1001182,998919,3864,6,24,1000224,1000389,4312,8192,2109,7690,0,3,3
2496,652633049,1617235638,0,0,0,0,1000000,1000000,1000000,0,1001171,998717,2085,27,1001182,998919,3864,6,24,1000224,1000389,4312,8192,2109,7690,1024,3,3
2497,652852478,1617697986,0,0,0,0,1000000,1000000,1000000,0,1001171,998717,2085,27,1001182,998919,3864,6,24,1000224,1000389,4312,8192,2109,7690,2048,3,3
2498,653472194,1619092011,0,0,0,0,1000000,1000000,1000000,0,1001171,998717,2107,27,1001182,998919,3727,17,24,1000224,1000389,4312,8192,2109,7690,3072,3,3
2499,653498959,1619163756,0,0,0,0,1000000,1000000,1000000,0,1001171,998717,2107,27,1001182,998919,3727,17,24,1000224,1000389,4312,8192,2109,7690,4096,3,3
2500,653608476,1619411703,0,0,0,0,1000000,1000000,1000000,0,1001171,998717,2107,27,1001182,998919,3727,17,24,1000224,1000389,4312,8192,2109,7690,5120,3,3
2501,654116637,1620585543,0,0,0,0,1000000,1000000,1000000,0,1001171,998717,2107,27,1001182,998919,3727,17,24,1000224,1000389,4312,8192,2109,7690,6144,3,3
2502,654150160,1620679096,0,0,0,0,1000000,1000000,1000000,0,1001171,998717,2107,27,1001182,998919,3727,17,24,1000224,1000389,4312,8192,2109,7690,7168,3,3
2503,654361633,1621125405,0,0,0,0,1000000,1000000,1000000,0,1001171,998717,2107,27,1001182,998919,3727,17,24,1000224,1000389,4312,8192,2109,7690,8192,3,3
2504,654990402,1622536385,0,0,0,0,1000000,1000000,1000000,0,1001170,998716,2107,27,1001181,998918,3727,17,24,1000224,1000389,4312,8192,2109,7690,9216,3,3
2505,655017197,1622608000,0,0,0,0,1000000,1000000,1000000,0,1001170,998716,2107,27,1001181,998918,3727,17,24,1000224,1000389,4312,8192,2109,7690,10240,3,3
2506,655118468,1622839128,0,0,0,0,1000000,1000000,1000000,0,1001170,998716,2107,27,1001181,998918,3727,17,24,1000224,1000389,4312,8192,2109,7690,11264,3,3
2507,655616157,1623969058,0,0,0,0,1000000,1000000,1000000,0,1001170,998716,2088,27,1001181,998918,3845,8,24,1000224,1000389,4312,8192,2109,7690,12288,3,3
2508,655649958,1624063551,0,0,0,0,1000000,1000000,1000000,0,1001170,998716,2088,27,1001181,998918,3845,8,24,1000224,1000389,4312,8192,2109,7690,13312,3,3
2509,656255630,1625402627,0,0,0,0,1000000,1000000,1000000,0,1001170,998715,2088,27,1001181,998917,3845,8,24,1000224,1000389,4312,8192,2109,7690,14336,3,3
2510,656288405,1625493597,0,0,0,0,1000000,1000000,1000000,0,1001170,998715,2088,27,1001181,998917,3845,8,24,1000224,1000389,4312,8192,2109,7690,15360,3,3
2511,656377800,1625695289,0,0,0,0,1000000,1000000,1000000,0,1001170,998715,2088,27,1001181,998917,3845,8,24,1000224,1000389,4312,8192,2109,7690,16384,3,3
2512,656870295,1626818298,0,0,0,0,1000000,1000000,1000000,0,1001170,998715,2090,27,1001181,998917,3833,8,24,1000224,1000389,4312,8192,2109,7690,17408,3,3
2513,656921159,1626942254,0,0,0,0,1000000,1000000,1000000,0,1001170,998715,2090,27,1001181,998917,3833,8,24,1000224,1000389,4312,8192,2109,7690,18432,3,3
2514,657547874,1628332380,0,0,0,0,1000000,1000000,1000000,0,1001169,998715,2069,27,1001180,998917,3964,2,24,1000224,1000389,4312,8192,2109,7690,19456,3,3
2515,657574393,1628403208,0,0,0,0,1000000,1000000,1000000,0,1001169,998715,2069,27,1001180,998917,3964,2,24,1000224,1000389,4312,8192,2109,7690,20480,3,3
2516,657651191,1628585948,0,0,0,0,1000000,1000000,1000000,0,1001169,998715,2069,27,1001180,998917,3964,2,24,1000224,1000389,4312,8192,2109,7690,21504,3,3
2517,658166611,1629757461,0,0,0,0,1000000,1000000,1000000,0,1001169,998715,2069,27,1001180,998917,3964,2,24,1000224,1000389,4312,8192,2109,7690,22528,3,3
2518,658243999,1629941062,0,0,0,0,1000000,1000000,1000000,0,1001169,998715,2069,27,1001180,998917,3964,2,24,1000224,1000389,4312,8192,2109,7690,23552,3,3
2519,658393824,1630265185,0,0,0,0,1000000,1000000,1000000,0,1001169,998715,2069,27,1001180,998917,3964,2,24,1000224,1000389,4312,8192,2109,7690,24576,3,3
2520,659024318,1631648229,0,0,0,0,1000000,1000000,1000000,0,1001169,998715,2069,27,1001180,998917,3964,2,24,1000224,1000389,4312,8192,2109,7690,24576,3,3
2521,659073451,1631767536,0,0,0,0,1000000,1000000,1000000,0,1001169,998715,2069,27,1001180,998917,3964,2,24,1000224,1000389,4312,8192,2109,7690,24576,3,3
2522,659164576,1631978890,0,0,0,0,1000000,1000000,1000000,0,1001169,998715,2069,27,1001180,998917,3964,2,24,1000224,1000389,4312,8192,2109,7690,24576,3,3
2523,659703416,1633194768,0,0,0,0,1000000,1000000,1000000,0,1001169,998715,2069,27,1001180,998917,3964,2,1,1000224,1000389,4312,8192,2109,7690,0,3,3
2524,659758810,1633334717,0,0,0,0,1000000,1000000,1000000,0,1001169,998715,2069,27,1001180,998917,3964,2,0,1000224,1000389,4312,8192,2109,7690,0,3,3
2525,659925869,1633692605,0,0,0,0,1000000,1000000,1000000,0,1001169,998715,2069,27,1001180,998917,3964,2,0,1000224,1000389,4312,8192,2109,7690,613,3,3
2526,660590224,1635188634,0,0,0,0,1000000,1000000,1000000,0,1001169,998715,2069,27,1001180,998917,3964,2,0,1000224,1000389,4312,8192,2109,7690,1226,3,3
2527,660639253,1635307824,0,0,0,0,1000000,1000000,1000000,0,1001169,998715,2069,27,1001180,998917,3964,2,0,1000224,1000389,4312,8192,2109,7690,1839,3,3
2528,660716022,1635490666,0,0,0,0,1000000,1000000,1000000,0,1001169,998715,2069,27,1001180,998917,3964,2,0,1000224,1000389,4312,8192,2109,7690,2452,3,3
2529,661213130,1636629818,0,0,0,0,1000000,1000000,1000000,0,1001169,998715,2069,27,1001180,998917,3964,2,31,1000224,1000389,4312,8192,2109,7690,0,4,3
2530,661247253,1636725058,0,0,0,0,1000000,1000000,1000000,0,1001169,998715,2069,27,1001180,998917,3964,2,31,1000224,1000389,4312,8192,2109,7690,3072,4,3
2531,661433227,1637120030,0,0,0,0,1000000,1000000,1000000,0,1001169,998715,2069,27,1001180,998917,3964,2,31,1000224,1000389,4312,8192,2109,7690,6144,4,3
2532,662055471,1638529462,0,0,0,0,1000000,1000000,1000000,0,1001169,998715,2069,27,1001180,998917,3964,2,31,1000224,1000389,4312,8192,2109,7690,9216,4,3
2533,662082222,1638600827,0,0,0,0,1000000,1000000,1000000,0,1001169,998715,2069,27,1001180,998917,3964,2,31,1000224,1000389,4312,8192,2109,7690,12288,4,3
2534,662182408,1638833724,0,0,0,0,1000000,1000000,1000000,0,1001169,998715,2069,27,1001180,998917,3964,2,31,1000224,1000389,4312,8192,2109,7690,15360,4,3
2535,662672519,1639950475,0,0,0,0,1000000,1000000,1000000,0,1001169,998715,2069,27,1001180,998917,3964,2,31,1000224,1000389,4312,8192,2109,7690,18432,4,3
2536,662705550,1640042070,0,0,0,0,1000000,1000000,1000000,0,1001169,998715,2069,27,1001180,998917,3964,2,31,1000224,1000389,4312,8192,2109,7690,21504,4,3
2537,663288413,1641320609,0,0,0,0,1000000,1000000,1000000,0,1001169,998715,2069,27,1001180,998917,3964,2,31,1000224,1000389,4312,8192,2109,7690,24576,4,3
2538,663321418,1641412092,0,0,0,0,1000000,1000000,1000000,0,1001169,998715,2069,27,1001180,998917,3964,2,31,1000224,1000389,4312,8192,2109,7690,27648,4,3
2539,663449751,1641689896,0,0,0,0,1000000,1000000,1000000,0,1001169,998715,2069,27,1001180,998917,3964,2,31,1000224,1000389,4312,8192,2109,7690,30720,4,3
2540,663979939,1642916743,0,0,0,0,1000000,1000000,1000000,0,1001169,998715,2069,27,1001180,998917,3964,2,31,1000224,1000389,4312,8192,2109,7690,33792,4,3
2541,664006690,1642988080,0,0,0,0,1000000,1000000,1000000,0,1001169,998715,2069,27,1001180,998917,3964,2,31,1000224,1000389,4312,8192,2109,7690,36864,4,3
2542,664199447,1643403608,0,0,0,0,1000000,1000000,1000000,0,1001169,998715,2069,27,1001180,998917,3964,2,31,1000224,1000389,4312,8192,2109,7690,39936,4,3
2543,664834512,1644828404,0,0,0,0,1000000,1000000,1000000,0,1001169,998715,2069,27,1001180,998917,3964,2,31,1000224,1000389,4312,8192,2109,7690,43008,4,3
2544,664867267,1644919038,0,0,0,0,1000000,1000000,1000000,0,1001169,998715,2069,27,1001180,998917,3964,2,31,1000224,1000389,4312,8192,2109,7690,46080,4,3
2545,664956706,1645117328,0,0,0,0,1000000,1000000,1000000,0,1001169,998715,2069,27,1001180,998917,3964,2,31,1000224,1000389,4312,8192,2109,7690,49152,4,3
2546,665473545,1646307007,0,0,0,0,1000000,1000000,1000000,0,1001169,998715,2069,27,1001180,998917,3964,2,31,1000224,1000389,4312,8192,2109,7690,52224,4,3
2547,665500540,1646379037,0,0,0,0,1000000,1000000,1000000,0,1001169,998715,2069,27,1001180,998917,3964,2,31,1000224,1000389,4312,8192,2109,7690,55296,4,3
2548,665711293,1646831018,0,0,0,0,1000000,1000000,1000000,0,1001169,998715,2069,27,1001180,998917,3964,2,31,1000224,1000389,4312,8192,2109,7690,58368,4,3
2549,666319919,1648178994,0,0,0,0,1000000,1000000,1000000,0,1001169,998715,2069,27,1001180,998917,3964,2,31,1000224,1000389,4312,8192,2109,7690,61440,4,3
2550,666348015,1648254120,0,0,0,0,1000000,1000000,1000000,0,1001169,998715,2069,27,1001180,998917,3964,2,31,1000224,1000389,4312,8192,2109,7690,64512,4,3
2551,666482679,1648544741,0,0,0,0,1000000,1000000,1000000,0,1001169,998715,2069,27,1001180,998917,3964,2,31,1000224,1000389,4312,8192,2109,7690,67584,4,3
2552,666995550,1649720670,0,0,0,0,1000000,1000000,1000000,0,1001169,998715,2069,27,1001180,998917,3964,2,31,1000224,1000389,4312,8192,2109,7690,70656,4,3
2553,667022303,1649792052,0,0,0,0,1000000,1000000,1000000,0,1001169,998715,2069,27,1001180,998917,3964,2,31,1000224,1000389,4312,8192,2109,7690,73728,4,3
2554,667243340,1650258435,0,0,0,0,1000000,1000000,1000000,0,1001169,998715,2069,27,1001180,998917,3964,2,31,1000224,1000389,4312,8192,2109,7690,76800,4,3
2555,667859355,1651627971,0,0,0,0,1000000,1000000,1000000,0,1001169,998715,2069,27,1001180,998917,3964,2,31,1000224,1000389,4312,8192,2109,7690,79872,4,3
2556,667887449,1651703069,0,0,0,0,1000000,1000000,1000000,0,1001169,998715,2069,27,1001180,998917,3964,2,31,1000224,1000389,4312,8192,2109,7690,82944,4,3
2557,668011605,1651972169,0,0,0,0,1000000,1000000,1000000,0,1001169,998715,2069,27,1001180,998917,3964,2,31,1000224,1000389,4312,8192,2109,7690,86016,4,3
2558,668527130,1653154243,0,0,0,0,1000000,1000000,1000000,0,1001169,998715,2069,27,1001180,998917,3964,2,31,1000224,1000389,4312,8192,2109,7690,89088,4,3
2559,668554130,1653226276,0,0,0,0,1000000,1000000,1000000,0,1001169,998715,2069,27,1001180,998917,3964,2,31,1000224,1000389,4312,8192,2109,7690,92160,4,3
2560,668771820,1653685863,0,0,0,0,1000000,1000000,1000000,0,1001169,998715,2069,27,1001180,998917,3964,2,31,1000224,1000389,4312,8192,2109,7690,95232,4,3
2561,669381308,1655035747,0,0,0,0,1000000,1000000,1000000,0,1001169,998715,2069,27,1001180,998917,3964,2,31,1000224,1000389,4312,8192,2109,7690,98304,4,3
2562,669409403,1655110818,0,0,0,0,1000000,1000000,1000000,0,1001169,998715,2069,27,1001180,998917,3964,2,31,1000224,1000389,4312,8192,2109,7690,101376,4,3
2563,669543166,1655399594,0,0,0,0,1000000,1000000,1000000,0,1001169,998715,2069,27,1001180,998917,3964,2,31,1000224,1000389,4312,8192,2109,7690,104448,4,3
2564,670094365,1656674208,0,0,0,0,1000000,1000000,1000000,0,1001169,998715,2069,27,1001180,998917,3964,2,31,1000224,1000389,4312,8192,2109,7690,107520,4,3
2565,670121122,1656745576,0,0,0,0,1000000,1000000,1000000,0,1001169,998715,2069,27,1001180,998917,3964,2,31,1000224,1000389,4312,8192,2109,7690,110592,4,3
2566,670293478,1657113286,0,0,0,0,1000000,1000000,1000000,0,1001169,998715,2069,27,1001180,998917,3964,2,31,1000224,1000389,4312,8192,2109,7690,113664,4,3
2567,670945654,1658580839,0,0,0,0,1000000,1000000,1000000,0,1001169,998715,2069,27,1001180,998917,3964,2,31,1000224,1000389,4312,8192,2109,7690,116736,4,3
2568,670973753,1658655945,0,0,0,0,1000000,1000000,1000000,0,1001169,998715,2069,27,1001180,998917,3964,2,31,1000224,1000389,4312,8192,2109,7690,119808,4,3
2569,671049530,1658826995,0,0,0,0,1000000,1000000,1000000,0,1001169,998715,2069,27,1001180,998917,3964,2,31,1000224,1000389,4312,8192,2109,7690,122880,4,3
2570,671609523,1660131978,0,0,0,0,1000000,1000000,1000000,0,1001169,998715,2069,27,1001180,998917,3964,2,31,1000224,1000389,4312,8192,2109,7690,125952,4,3
2571,671636527,1660204017,0,0,0,0,1000000,1000000,1000000,0,1001169,998715,2069,27,1001180,998917,3964,2,31,1000224,1000389,4312,8192,2109,7690,129024,4,3
2572,671793486,1660540703,0,0,0,0,1000000,1000000,1000000,0,1001169,998715,2069,27,1001180,998917,3964,2,31,1000224,1000389,4312,8192,2109,7690,132096,4,3
2573,672421313,1661937734,0,0,0,0,1000000,1000000,1000000,0,1001169,998715,2069,27,1001180,998917,3964,2,31,1000224,1000389,4312,8192,2109,7690,135168,4,3
2574,672449395,1662012995,0,0,0,0,1000000,1000000,1000000,0,1001169,998715,2069,27,1001180,998917,3964,2,31,1000224,1000389,4312,8192,2109,7690,138240,4,3
2575,672559924,1662254416,0,0,0,0,1000000,1000000,1000000,0,1001169,998715,2069,27,1001180,998917,3964,2,31,1000224,1000389,4312,8192,2109,7690,141312,4,3
2576,673093439,1663483685,0,0,0,0,1000000,1000000,1000000,0,1001169,998715,2069,27,1001180,998917,3964,2,31,1000224,1000389,4312,8192,2109,7690,144384,4,3
2577,673120202,1663555168,0,0,0,0,1000000,1000000,1000000,0,1001169,998715,2069,27,1001180,998917,3964,2,31,1000224,1000389,4312,8192,2109,7690,147456,4,3
2578,673314580,1663968097,0,0,0,0,1000000,1000000,1000000,0,1001169,998715,2069,27,1001180,998917,3964,2,31,1000224,1000389,4312,8192,2109,7690,150528,4,3
2579,673950585,1665389108,0,0,0,0,1000000,1000000,1000000,0,1001169,998715,2069,27,1001180,998917,3964,2,31,1000224,1000389,4312,8192,2109,7690,153600,4,3
2580,673978921,1665465240,0,0,0,0,1000000,1000000,1000000,0,1001169,998715,2069,27,1001180,998917,3964,2,31,1000224,1000389,4312,8192,2109,7690,156672,4,3
2581,674077141,1665681829,0,0,0,0,1000000,1000000,1000000,0,1001169,998715,2069,27,1001180,998917,3964,2,31,1000224,1000389,4312,8192,2109,7690,159744,4,3
2582,674613110,1666916610,0,0,0,0,1000000,1000000,1000000,0,1001169,998715,2069,27,1001180,998917,3964,2,31,1000224,1000389,4312,8192,2109,7690,162816,4,3
2583,674640118,1666988736,0,0,0,0,1000000,1000000,1000000,0,1001169,998715,2069,27,1001180,998917,3964,2,31,1000224,1000389,4312,8192,2109,7690,165888,4,3
2584,674831457,1667395524,0,0,0,0,1000000,1000000,1000000,0,1001169,998715,2069,27,1001180,998917,3964,2,31,1000224,1000389,4312,8192,2109,7690,168960,4,3
2585,675459172,1668791866,0,0,0,0,1000000,1000000,1000000,0,1001169,998715,2069,27,1001180,998917,3964,2,31,1000224,1000389,4312,8192,2109,7690,172032,4,3
2586,675487508,1668868018,0,0,0,0,1000000,1000000,1000000,0,1001169,998715,2069,27,1001180,998917,3964,2,31,1000224,1000389,4312,8192,2109,7690,175104,4,3
2587,675597760,1669109229,0,0,0,0,1000000,1000000,1000000,0,1001169,998715,2069,27,1001180,998917,3964,2,31,1000224,1000389,4312,8192,2109,7690,178176,4,3
2588,676129206,1670332961,0,0,0,0,1000000,1000000,1000000,0,1001169,998715,2069,27,1001180,998917,3964,2,31,1000224,1000389,4312,8192,2109,7690,181248,4,3
2589,676155967,1670404433,0,0,0,0,1000000,1000000,1000000,0,1001169,998715,2069,27,1001180,998917,3964,2,31,1000224,1000389,4312,8192,2109,7690,184320,4,3
2590,676353051,1670822929,0,0,0,0,1000000,1000000,1000000,0,1001169,998715,2069,27,1001180,998917,3964,2,31,1000224,1000389,4312,8192,2109,7690,187392,4,3
2591,676985704,1672235413,0,0,0,0,1000000,1000000,1000000,0,1001169,998715,2069,27,1001180,998917,3964,2,31,1000224,1000389,4312,8192,2109,7690,190464,4,3
2592,677014142,1672311771,0,0,0,0,1000000,1000000,1000000,0,1001169,998715,2069,27,1001180,998917,3964,2,31,1000224,1000389,4312,8192,2109,7690,193536,4,3
2593,677112022,1672536644,0,0,0,0,1000000,1000000,1000000,0,1001169,998715,2069,27,1001180,998917,3964,2,31,1000224,1000389,4312,8192,2109,7690,196608,4,4
2594,677750936,1674079292,0,0,0,0,1000000,1000000,1000000,0,1001169,998715,2069,27,1001180,998918,3964,2,31,1000224,1000386,4312,8192,2153,7706,199680,4,4
2595,677781471,1674163139,0,0,0,0,1000000,1000000,1000000,0,1001169,998715,2069,27,1001180,998918,3964,2,31,1000224,1000386,4312,8192,2153,7706,202752,4,4
2596,677813941,1674252966,0,0,0,0,1000000,1000000,1000000,0,1001169,998715,2069,27,1001180,998918,3964,2,31,1000224,1000386,4312,8192,2153,7706,205824,4,4
2597,678541699,1675953992,0,0,0,0,1000000,1000000,1000000,0,1001169,998715,2069,27,1001180,998921,3964,2,31,1000224,1000380,4312,8192,2233,7752,208896,4,4
2598,678574783,1676044985,0,0,0,0,1000000,1000000,1000000,0,1001169,998715,2069,27,1001180,998921,3964,2,31,1000224,1000380,4312,8192,2233,7752,211968,4,4
2599,678604456,1676126994,0,0,0,0,1000000,1000000,1000000,0,1001169,998715,2069,27,1001180,998921,3964,2,31,1000224,1000380,4312,8192,2233,7752,215040,4,4
2600,679242912,1677672930,0,0,0,0,1000000,1000000,1000000,0,1001169,998715,2069,27,1001180,998923,3964,2,31,1000224,1000374,4312,8192,2316,7800,218112,4,4
2601,679273201,1677756470,0,0,0,0,1000000,1000000,1000000,0,1001169,998715,2069,27,1001180,998923,3964,2,31,1000224,1000374,4312,8192,2316,7800,221184,4,4
2602,679305101,1677844568,0,0,0,0,1000000,1000000,1000000,0,1001169,998715,2069,27,1001180,998923,3964,2,31,1000224,1000374,4312,8192,2316,7800,224256,4,4
2603,680031677,1679553104,0,0,0,0,1000000,1000000,1000000,0,1001169,998715,2069,27,1001180,998923,3964,2,31,1000224,1000370,4312,8192,2379,7816,227328,4,4
2604,680064703,1679643601,0,0,0,0,1000000,1000000,1000000,0,1001169,998715,2069,27,1001180,998923,3964,2,31,1000224,1000370,4312,8192,2379,7816,230400,4,4
2605,680093876,1679724452,0,0,0,0,1000000,1000000,1000000,0,1001169,998715,2069,27,1001180,998923,3964,2,31,1000224,1000370,4312,8192,2379,7816,233472,4,4
2606,680199648,1679962734,0,0,0,0,1000000,1000000,1000000,0,1001169,998715,2069,27,1001180,998923,3964,2,31,1000224,1000370,4312,8192,2379,7816,236544,4,4
2607,680813747,1681452439,0,0,0,0,1000000,1000000,1000000,0,1001169,998715,2069,27,1001180,998923,3964,2,31,1000224,1000366,4312,8192,2436,7849,239616,4,4
2608,680846786,1681543002,0,0,0,0,1000000,1000000,1000000,0,1001169,998715,2069,27,1001180,998923,3964,2,31,1000224,1000366,4312,8192,2436,7849,242688,4,4
2609,680901713,1681676415,0,0,0,0,1000000,1000000,1000000,0,1001169,998715,2069,27,1001180,998923,3964,2,31,1000224,1000366,4312,8192,2436,7849,245760,4,4
2610,681614854,1683351778,0,0,0,0,1000000,1000000,1000000,0,1001169,998715,2069,27,1001180,998923,3964,2,31,1000224,1000363,4312,8192,2483,7865,248832,4,4
2611,681645641,1683436424,0,0,0,0,1000000,1000000,1000000,0,1001169,998715,2069,27,1001180,998923,3964,2,31,1000224,1000363,4312,8192,2483,7865,251904,4,4
2612,681677787,1683525074,0,0,0,0,1000000,1000000,1000000,0,1001169,998715,2069,27,1001180,998923,3964,2,31,1000224,1000363,4312,8192,2483,7865,254976,4,4
2613,682279269,1684978871,0,0,0,0,1000000,1000000,1000000,0,1001169,998715,2069,27,1001180,998923,3964,2,31,1000224,1000360,4312,8192,2531,7882,258048,4,4
2614,682312045,1685068813,0,0,0,0,1000000,1000000,1000000,0,1001169,998715,2069,27,1001180,998923,3964,2,31,1000224,1000360,4312,8192,2531,7882,261120,4,4
2615,682341982,1685151723,0,0,0,0,1000000,1000000,1000000,0,1001169,998715,2069,27,1001180,998923,3964,2,31,1000224,1000360,4312,8192,2531,7882,264192,4,4
2616,683056306,1686828354,0,0,0,0,1000000,1000000,1000000,0,1001169,998715,2069,27,1001180,998923,3964,2,31,1000224,1000357,4312,8192,2572,7916,267264,4,4
2617,683086324,1686910908,0,0,0,0,1000000,1000000,1000000,0,1001169,998715,2069,27,1001180,998923,3964,2,31,1000224,1000357,4312,8192,2572,7916,270336,4,4
2618,683118233,1686999067,0,0,0,0,1000000,1000000,1000000,0,1001169,998715,2069,27,1001180,998923,3964,2,31,1000224,1000357,4312,8192,2572,7916,273408,4,4
2619,683299550,1687388775,0,0,0,0,1000000,1000000,1000000,0,1001169,998715,2069,27,1001180,998923,3964,2,31,1000224,1000357,4312,8192,2572,7916,276480,4,4
2620,683908858,1688866888,0,0,0,0,1000000,1000000,1000000,0,1001169,998715,2069,27,1001180,998923,3964,2,31,1000224,1000356,4312,8192,2590,7916,279552,4,4
2621,683938861,1688949435,0,0,0,0,1000000,1000000,1000000,0,1001169,998715,2069,27,1001180,998923,3964,2,31,1000224,1000356,4312,8192,2590,7916,282624,4,4
2622,684002592,1689102486,0,0,0,0,1000000,1000000,1000000,0,1001169,998715,2069,27,1001180,998923,3964,2,31,1000224,1000356,4312,8192,2590,7916,285696,4,4
2623,684713535,1690784847,0,0,0,0,1000000,1000000,1000000,0,1001169,998715,2069,27,1001180,998923,3964,2,31,1000224,1000356,4312,8192,2590,7916,288768,4,4
2624,684758184,1690904268,0,0,0,0,1000000,1000000,1000000,0,1001169,998715,2069,27,1001180,998923,3964,2,31,1000224,1000356,4312,8192,2590,7916,291840,4,4
2625,684782316,1690968970,0,0,0,0,1000000,1000000,1000000,0,1001169,998715,2069,27,1001180,998923,3964,2,31,1000224,1000356,4312,8192,2590,7916,294912,4,4
2626,685323321,1692233966,0,0,0,0,1000000,1000000,1000000,0,1001169,998715,2069,27,1001180,998923,3964,2,31,1000224,1000356,4312,8192,2590,7916,297984,4,4
2627,685348568,1692301117,0,0,0,0,1000000,1000000,1000000,0,1001169,998715,2069,27,1001180,998923,3964,2,31,1000224,1000356,4312,8192,2590,7916,301056,4,4
2628,685452545,1692529897,0,0,0,0,1000000,1000000,1000000,0,1001169,998715,2069,27,1001180,998923,3964,2,31,1000224,1000356,4312,8192,2590,7916,304128,4,4
2629,686091734,1693973351,0,0,0,0,1000000,1000000,1000000,0,1001169,998715,2069,27,1001180,998923,3964,2,31,1000224,1000356,4312,8192,2590,7916,307200,4,4
2630,686119504,1694047353,0,0,0,0,1000000,1000000,1000000,0,1001169,998715,2069,27,1001180,998923,3964,2,31,1000224,1000356,4312,8192,2590,7916,310272,4,4
2631,686208267,1694243619,0,0,0,0,1000000,1000000,1000000,0,1001169,998715,2069,27,1001180,998923,3964,2,31,1000224,1000356,4312,8192,2590,7916,313344,4,4
2632,686735813,1695466935,0,0,0,0,1000000,1000000,1000000,0,1001169,998715,2069,27,1001180,998923,3964,2,31,1000224,1000356,4312,8192,2590,7916,316416,4,4
2633,686760813,1695533459,0,0,0,0,1000000,1000000,1000000,0,1001169,998715,2069,27,1001180,998923,3964,2,31,1000224,1000356,4312,8192,2590,7916,319488,4,4
2634,686961042,1695957333,0,0,0,0,1000000,1000000,1000000,0,1001169,998715,2069,27,1001180,998923,3964,2,31,1000224,1000356,4312,8192,2590,7916,322560,4,4
2635,687540981,1697243241,0,0,0,0,1000000,1000000,1000000,0,1001169,998715,2069,27,1001180,998923,3964,2,31,1000224,1000356,4312,8192,2590,7916,325632,4,4
2636,687568751,1697317213,0,0,0,0,1000000,1000000,1000000,0,1001169,998715,2069,27,1001180,998923,3964,2,31,1000224,1000356,4312,8192,2590,7916,328704,4,4
2637,687735350,1697671036,0,0,0,0,1000000,1000000,1000000,0,1001169,998715,2069,27,1001180,998923,3964,2,31,1000224,1000356,4312,8192,2590,7916,331776,4,4
2638,688213768,1698766704,0,0,0,0,1000000,1000000,1000000,0,1001169,998715,2069,27,1001180,998923,3964,2,31,1000224,1000356,4312,8192,2590,7916,334848,4,4
2639,688239292,1698834870,0,0,0,0,1000000,1000000,1000000,0,1001169,998715,2069,27,1001180,998923,3964,2,31,1000224,1000356,4312,8192,2590,7916,337920,4,4
2640,688821206,1700125980,0,0,0,0,1000000,1000000,1000000,0,1001169,998715,2069,27,1001180,998923,3964,2,31,1000224,1000356,4312,8192,2590,7916,340992,4,4
2641,688846205,1700192515,0,0,0,0,1000000,1000000,1000000,0,1001169,998715,2069,27,1001180,998923,3964,2,31,1000224,1000356,4312,8192,2590,7916,344064,4,4
2642,689002481,1700527218,0,0,0,0,1000000,1000000,1000000,0,1001169,998715,2069,27,1001180,998923,3964,2,31,1000224,1000356,4312,8192,2590,7916,347136,4,4
2643,689478134,1701615380,0,0,0,0,1000000,1000000,1000000,0,1001169,998715,2069,27,1001180,998923,3964,2,31,1000224,1000356,4312,8192,2590,7916,350208,4,4
2644,689506169,1701690332,0,0,0,0,1000000,1000000,1000000,0,1001169,998715,2069,27,1001180,998923,3964,2,31,1000224,1000356,4312,8192,2590,7916,353280,4,4
2645,690077367,1702949143,0,0,0,0,1000000,1000000,1000000,0,1001169,998715,2069,27,1001180,998923,3964,2,31,1000224,1000356,4312,8192,2590,7916,356352,4,4
2646,690105130,1703023157,0,0,0,0,1000000,1000000,1000000,0,1001169,998715,2069,27,1001180,998923,3964,2,31,1000224,1000356,4312,8192,2590,7916,359424,4,4
2647,690274799,1703383387,0,0,0,0,1000000,1000000,1000000,0,1001169,998715,2069,27,1001180,998923,3964,2,31,1000224,1000356,4312,8192,2590,7916,362496,4,4
2648,690745518,1704454800,0,0,0,0,1000000,1000000,1000000,0,1001169,998715,2069,27,1001180,998923,3964,2,31,1000224,1000356,4312,8192,2590,7916,364544,4,4
2649,690779497,1704542524,0,0,0,0,1000000,1000000,1000000,0,1001169,998715,2069,27,1001180,998923,3964,2,24,1000224,1000356,4312,8192,2590,7916,0,4,4
2650,691371837,1705870005,0,0,0,0,1000000,1000000,1000000,0,1001169,998714,2205,27,1001180,998922,3120,118,24,1000224,1000356,4312,8192,2590,7916,1024,4,4
2651,691397118,1705937687,0,0,0,0,1000000,1000000,1000000,0,1001169,998714,2205,27,1001180,998922,3120,118,24,1000224,1000356,4312,8192,2590,7916,2048,4,4
2652,691536949,1706239578,0,0,0,0,1000000,1000000,1000000,0,1001169,998714,2205,27,1001180,998922,3120,118,24,1000224,1000356,4312,8192,2590,7916,3072,4,4
2653,692019447,1707339256,0,0,0,0,1000000,1000000,1000000,0,1001169,998714,2341,27,1001180,998922,2317,406,30,1000224,1000356,4312,8192,2590,7916,0,5,4
2654,692059086,1707443052,0,0,0,0,1000000,1000000,1000000,0,1001169,998714,2341,27,1001180,998922,2317,406,30,1000224,1000356,4312,8192,2590,7916,3072,5,4
2655,692655872,1708773354,0,0,0,0,1000000,1000000,1000000,0,1001169,998714,2341,27,1001180,998922,2317,406,30,1000224,1000356,4312,8192,2590,7916,6144,5,4
2656,692683890,1708848237,0,0,0,0,1000000,1000000,1000000,0,1001169,998714,2341,27,1001180,998922,2317,406,30,1000224,1000356,4312,8192,2590,7916,9216,5,4
2657,692798016,1709095762,0,0,0,0,1000000,1000000,1000000,0,1001169,998714,2341,27,1001180,998922,2317,406,30,1000224,1000356,4312,8192,2590,7916,12288,5,4
2658,693276144,1710188390,0,0,0,0,1000000,1000000,1000000,0,1001169,998714,2341,27,1001180,998922,2317,406,30,1000224,1000356,4312,8192,2590,7916,15360,5,4
2659,693301660,1710256523,0,0,0,0,1000000,1000000,1000000,0,1001169,998714,2341,27,1001180,998922,2317,406,30,1000224,1000356,4312,8192,2590,7916,18432,5,4
2660,693881073,1711539103,0,0,0,0,1000000,1000000,1000000,0,1001169,998714,2341,27,1001180,998922,2317,406,30,1000224,1000356,4312,8192,2590,7916,21504,5,4
2661,693906066,1711605606,0,0,0,0,1000000,1000000,1000000,0,1001169,998714,2341,27,1001180,998922,2317,406,30,1000224,1000356,4312,8192,2590,7916,24576,5,4
2662,694068060,1711951941,0,0,0,0,1000000,1000000,1000000,0,1001169,998714,2341,27,1001180,998922,2317,406,30,1000224,1000356,4312,8192,2590,7916,27648,5,4
2663,694543152,1713036468,0,0,0,0,1000000,1000000,1000000,0,1001169,998714,2341,27,1001180,998922,2317,406,30,1000224,1000356,4312,8192,2590,7916,30720,5,4
2664,694571185,1713111379,0,0,0,0,1000000,1000000,1000000,0,1001169,998714,2341,27,1001180,998922,2317,406,30,1000224,1000356,4312,8192,2590,7916,33792,5,4
2665,695143096,1714371625,0,0,0,0,1000000,1000000,1000000,0,1001169,998714,2341,27,1001180,998922,2317,406,30,1000224,1000356,4312,8192,2590,7916,36864,5,4
2666,695170858,1714445609,0,0,0,0,1000000,1000000,1000000,0,1001169,998714,2341,27,1001180,998922,2317,406,30,1000224,1000356,4312,8192,2590,7916,39936,5,4
2667,695341665,1714808122,0,0,0,0,1000000,1000000,1000000,0,1001169,998714,2341,27,1001180,998922,2317,406,30,1000224,1000356,4312,8192,2590,7916,43008,5,4
2668,695847773,1715974099,0,0,0,0,1000000,1000000,1000000,0,1001169,998714,2341,27,1001180,998922,2317,406,30,1000224,1000356,4312,8192,2590,7916,46080,5,4
2669,695872766,1716040633,0,0,0,0,1000000,1000000,1000000,0,1001169,998714,2341,27,1001180,998922,2317,406,30,1000224,1000356,4312,8192,2590,7916,49152,5,4
2670,696101308,1716521827,0,0,0,0,1000000,1000000,1000000,0,1001169,998714,2341,27,1001180,998922,2317,406,30,1000224,1000356,4312,8192,2590,7916,52224,5,4
2671,696717388,1717903358,0,0,0,0,1000000,1000000,1000000,0,1001169,998714,2341,27,1001180,998922,2317,406,30,1000224,1000356,4312,8192,2590,7916,55296,5,4
2672,696745151,1717977408,0,0,0,0,1000000,1000000,1000000,0,1001169,998714,2341,27,1001180,998922,2317,406,30,1000224,1000356,4312,8192,2590,7916,58368,5,4
2673,696864529,1718235525,0,0,0,0,1000000,1000000,1000000,0,1001169,998714,2341,27,1001180,998922,2317,406,30,1000224,1000356,4312,8192,2590,7916,61440,5,4
2674,697391574,1719462542,0,0,0,0,1000000,1000000,1000000,0,1001169,998714,2341,27,1001180,998922,2317,406,30,1000224,1000356,4312,8192,2590,7916,64512,5,4
2675,697416809,1719529716,0,0,0,0,1000000,1000000,1000000,0,1001169,998714,2341,27,1001180,998922,2317,406,30,1000224,1000356,4312,8192,2590,7916,67584,5,4
2676,697614926,1719949239,0,0,0,0,1000000,1000000,1000000,0,1001169,998714,2341,27,1001180,998922,2317,406,30,1000224,1000356,4312,8192,2590,7916,70656,5,4
2677,698207475,1721262435,0,0,0,0,1000000,1000000,1000000,0,1001169,998714,2341,27,1001180,998922,2317,406,30,1000224,1000356,4312,8192,2590,7916,73728,5,4
2678,698235234,1721336428,0,0,0,0,1000000,1000000,1000000,0,1001169,998714,2341,27,1001180,998922,2317,406,30,1000224,1000356,4312,8192,2590,7916,76800,5,4
2679,698388252,1721662942,0,0,0,0,1000000,1000000,1000000,0,1001169,998714,2341,27,1001180,998922,2317,406,30,1000224,1000356,4312,8192,2590,7916,79872,5,4
2680,698889207,1722814097,0,0,0,0,1000000,1000000,1000000,0,1001169,998714,2341,27,1001180,998922,2317,406,30,1000224,1000356,4312,8192,2590,7916,82944,5,4
2681,698914201,1722880640,0,0,0,0,1000000,1000000,1000000,0,1001169,998714,2341,27,1001180,998922,2317,406,30,1000224,1000356,4312,8192,2590,7916,86016,5,4
2682,699150064,1723376641,0,0,0,0,1000000,1000000,1000000,0,1001169,998714,2341,27,1001180,998922,2317,406,30,1000224,1000356,4312,8192,2590,7916,89088,5,4
2683,699748338,1724707955,0,0,0,0,1000000,1000000,1000000,0,1001169,998714,2341,27,1001180,998922,2317,406,30,1000224,1000356,4312,8192,2590,7916,92160,5,4
2684,699787452,1724809877,0,0,0,0,1000000,1000000,1000000,0,1001169,998714,2341,27,1001180,998922,2317,406,30,1000224,1000356,4312,8192,2590,7916,95232,5,4
2685,699917867,1725090375,0,0,0,0,1000000,1000000,1000000,0,1001169,998714,2341,27,1001180,998922,2317,406,30,1000224,1000356,4312,8192,2590,7916,98304,5,4
2686,700419040,1726242265,0,0,0,0,1000000,1000000,1000000,0,1001169,998714,2341,27,1001180,998922,2317,406,30,1000224,1000356,4312,8192,2590,7916,101376,5,4
2687,700449310,1726325526,0,0,0,0,1000000,1000000,1000000,0,1001169,998714,2341,27,1001180,998922,2317,406,30,1000224,1000356,4312,8192,2590,7916,104448,5,4
2688,700673603,1726804057,0,0,0,0,1000000,1000000,1000000,0,1001169,998714,2341,27,1001180,998922,2317,406,30,1000224,1000356,4312,8192,2590,7916,107520,5,4
2689,701293213,1728208469,0,0,0,0,1000000,1000000,1000000,0,1001169,998714,2341,27,1001180,998922,2317,406,30,1000224,1000356,4312,8192,2590,7916,110592,5,4
2690,701326002,1728298567,0,0,0,0,1000000,1000000,1000000,0,1001169,998714,2341,27,1001180,998922,2317,406,30,1000224,1000356,4312,8192,2590,7916,113664,5,4
2691,701423131,1728517774,0,0,0,0,1000000,1000000,1000000,0,1001169,998714,2341,27,1001180,998922,2317,406,30,1000224,1000356,4312,8192,2590,7916,116736,5,4
2692,701949863,1729756974,0,0,0,0,1000000,1000000,1000000,0,1001169,998714,2341,27,1001180,998922,2317,406,30,1000224,1000356,4312,8192,2590,7916,119808,5,4
2693,701979879,1729839699,0,0,0,0,1000000,1000000,1000000,0,1001169,998714,2341,27,1001180,998922,2317,406,30,1000224,1000356,4312,8192,2590,7916,122880,5,4
2694,702161388,1730231482,0,0,0,0,1000000,1000000,1000000,0,1001169,998714,2341,27,1001180,998922,2317,406,30,1000224,1000356,4312,8192,2590,7916,125952,5,4
2695,702789803,1731661854,0,0,0,0,1000000,1000000,1000000,0,1001169,998714,2341,27,1001180,998922,2317,406,30,1000224,1000356,4312,8192,2590,7916,129024,5,4
2696,702822847,1731752492,0,0,0,0,1000000,1000000,1000000,0,1001169,998714,2341,27,1001180,998922,2317,406,30,1000224,1000356,4312,8192,2590,7916,132096,5,4
2697,702907001,1731945203,0,0,0,0,1000000,1000000,1000000,0,1001169,998714,2341,27,1001180,998922,2317,406,30,1000224,1000356,4312,8192,2590,7916,135168,5,4
2698,703430700,1733177018,0,0,0,0,1000000,1000000,1000000,0,1001169,998714,2341,27,1001180,998922,2317,406,30,1000224,1000356,4312,8192,2590,7916,138240,5,4
2699,703461204,1733260774,0,0,0,0,1000000,1000000,1000000,0,1001169,998714,2341,27,1001180,998922,2317,406,30,1000224,1000356,4312,8192,2590,7916,141312,5,4
2700,703645807,1733658899,0,0,0,0,1000000,1000000,1000000,0,1001169,998714,2341,27,1001180,998922,2317,406,30,1000224,1000356,4312,8192,2590,7916,144384,5,4
2701,704263693,1735059301,0,0,0,0,1000000,1000000,1000000,0,1001169,998714,2341,27,1001180,998922,2317,406,30,1000224,1000356,4312,8192,2590,7916,147456,5,4
2702,704296477,1735149311,0,0,0,0,1000000,1000000,1000000,0,1001169,998714,2341,27,1001180,998922,2317,406,30,1000224,1000356,4312,8192,2590,7916,150528,5,4
2703,704395644,1735372619,0,0,0,0,1000000,1000000,1000000,0,1001169,998714,2341,27,1001180,998922,2317,406,30,1000224,1000356,4312,8192,2590,7916,153600,5,4
2704,704922572,1736612588,0,0,0,0,1000000,1000000,1000000,0,1001169,998714,2341,27,1001180,998922,2317,406,30,1000224,1000356,4312,8192,2590,7916,156672,5,4
2705,704952581,1736695196,0,0,0,0,1000000,1000000,1000000,0,1001169,998714,2341,27,1001180,998922,2317,406,30,1000224,1000356,4312,8192,2590,7916,159744,5,4
2706,705133789,1737086309,0,0,0,0,1000000,1000000,1000000,0,1001169,998714,2341,27,1001180,998922,2317,406,30,1000224,1000356,4312,8192,2590,7916,162816,5,4
2707,705760255,1738511485,0,0,0,0,1000000,1000000,1000000,0,1001169,998714,2341,27,1001180,998922,2317,406,30,1000224,1000356,4312,8192,2590,7916,165888,5,4
2708,705793282,1738602035,0,0,0,0,1000000,1000000,1000000,0,1001169,998714,2341,27,1001180,998922,2317,406,30,1000224,1000356,4312,8192,2590,7916,168960,5,4
2709,705880049,1738800031,0,0,0,0,1000000,1000000,1000000,0,1001169,998714,2341,27,1001180,998922,2317,406,30,1000224,1000356,4312,8192,2590,7916,172032,5,4
2710,706407641,1740041818,0,0,0,0,1000000,1000000,1000000,0,1001169,998714,2341,27,1001180,998922,2317,406,30,1000224,1000356,4312,8192,2590,7916,175104,5,4
2711,706438149,1740125608,0,0,0,0,1000000,1000000,1000000,0,1001169,998714,2341,27,1001180,998922,2317,406,30,1000224,1000356,4312,8192,2590,7916,178176,5,4
2712,706617834,1740513736,0,0,0,0,1000000,1000000,1000000,0,1001169,998714,2341,27,1001180,998922,2317,406,30,1000224,1000356,4312,8192,2590,7916,181248,5,4
2713,707216092,1741844819,0,0,0,0,1000000,1000000,1000000,0,1001169,998714,2341,27,1001180,998922,2317,406,30,1000224,1000356,4312,8192,2590,7916,184320,5,4
2714,707255202,1741946793,0,0,0,0,1000000,1000000,1000000,0,1001169,998714,2341,27,1001180,998922,2317,406,30,1000224,1000356,4312,8192,2590,7916,187392,5,4
2715,707385571,1742227440,0,0,0,0,1000000,1000000,1000000,0,1001169,998714,2341,27,1001180,998922,2317,406,30,1000224,1000356,4312,8192,2590,7916,190464,5,4
2716,707884307,1743373413,0,0,0,0,1000000,1000000,1000000,0,1001169,998714,2341,27,1001180,998922,2317,406,30,1000224,1000356,4312,8192,2590,7916,193536,5,4
2717,707909291,1743439926,0,0,0,0,1000000,1000000,1000000,0,1001169,998714,2341,27,1001180,998922,2317,406,30,1000224,1000356,4312,8192,2590,7916,196608,5,4
2718,708147883,1743941155,0,0,0,0,1000000,1000000,1000000,0,1001169,998714,2341,27,1001180,998922,2317,406,30,1000224,1000356,4312,8192,2590,7916,199680,5,4
2719,708742103,1745258737,0,0,0,0,1000000,1000000,1000000,0,1001169,998714,2341,27,1001180,998922,2317,406,30,1000224,1000356,4312,8192,2590,7916,202752,5,4
2720,708769608,1745331886,0,0,0,0,1000000,1000000,1000000,0,1001169,998714,2341,27,1001180,998922,2317,406,30,1000224,1000356,4312,8192,2590,7916,205824,5,4
2721,708921207,1745654866,0,0,0,0,1000000,1000000,1000000,0,1001169,998714,2341,27,1001180,998922,2317,406,30,1000224,1000356,4312,8192,2590,7916,208896,5,4
2722,709447840,1746879927,0,0,0,0,1000000,1000000,1000000,0,1001169,998714,2341,27,1001180,998922,2317,406,30,1000224,1000356,4312,8192,2590,7916,211968,5,4
2723,709472823,1746946285,0,0,0,0,1000000,1000000,1000000,0,1001169,998714,2341,27,1001180,998922,2317,406,30,1000224,1000356,4312,8192,2590,7916,215040,5,4
2724,709672452,1747368559,0,0,0,0,1000000,1000000,1000000,0,1001169,998714,2341,27,1001180,998922,2317,406,30,1000224,1000356,4312,8192,2590,7916,218112,5,4
2725,710281737,1748728896,0,0,0,0,1000000,1000000,1000000,0,1001169,998714,2341,27,1001180,998922,2317,406,30,1000224,1000356,4312,8192,2590,7916,221184,5,4
2726,710309242,1748802018,0,0,0,0,1000000,1000000,1000000,0,1001169,998714,2341,27,1001180,998922,2317,406,30,1000224,1000356,4312,8192,2590,7916,224256,5,4
2727,710439594,1749082281,0,0,0,0,1000000,1000000,1000000,0,1001169,998714,2341,27,1001180,998922,2317,406,30,1000224,1000356,4312,8192,2590,7916,227328,5,4
2728,710945837,1750247992,0,0,0,0,1000000,1000000,1000000,0,1001169,998714,2341,27,1001180,998922,2317,406,30,1000224,1000356,4312,8192,2590,7916,230400,5,4
2729,710970572,1750313531,0,0,0,0,1000000,1000000,1000000,0,1001169,998714,2341,27,1001180,998922,2317,406,30,1000224,1000356,4312,8192,2590,7916,233472,5,4
2730,711199886,1750795972,0,0,0,0,1000000,1000000,1000000,0,1001169,998714,2341,27,1001180,998922,2317,406,30,1000224,1000356,4312,8192,2590,7916,236544,5,4
2731,711796979,1752120891,0,0,0,0,1000000,1000000,1000000,0,1001169,998714,2341,27,1001180,998922,2317,406,30,1000224,1000356,4312,8192,2590,7916,239616,5,4
2732,711824482,1752194070,0,0,0,0,1000000,1000000,1000000,0,1001169,998714,2341,27,1001180,998922,2317,406,30,1000224,1000356,4312,8192,2590,7916,242688,5,4
2733,711972432,1752509690,0,0,0,0,1000000,1000000,1000000,0,1001169,998714,2341,27,1001180,998922,2317,406,30,1000224,1000356,4312,8192,2590,7916,245760,5,4
2734,712445812,1753587613,0,0,0,0,1000000,1000000,1000000,0,1001169,998714,2341,27,1001180,998922,2317,406,30,1000224,1000356,4312,8192,2590,7916,248832,5,4
2735,712471069,1753654920,0,0,0,0,1000000,1000000,1000000,0,1001169,998714,2341,27,1001180,998922,2317,406,30,1000224,1000356,4312,8192,2590,7916,251904,5,4
2736,713048047,1754928882,0,0,0,0,1000000,1000000,1000000,0,1001169,998714,2341,27,1001180,998922,2317,406,30,1000224,1000356,4312,8192,2590,7916,254976,5,4
2737,713072781,1754994418,0,0,0,0,1000000,1000000,1000000,0,1001169,998714,2341,27,1001180,998922,2317,406,30,1000224,1000356,4312,8192,2590,7916,258048,5,4
2738,713247344,1755365871,0,0,0,0,1000000,1000000,1000000,0,1001169,998714,2341,27,1001180,998922,2317,406,30,1000224,1000356,4312,8192,2590,7916,261120,5,4
2739,713719316,1756439909,0,0,0,0,1000000,1000000,1000000,0,1001169,998714,2341,27,1001180,998922,2317,406,30,1000224,1000356,4312,8192,2590,7916,264192,5,4
2740,713747091,1756513975,0,0,0,0,1000000,1000000,1000000,0,1001169,998714,2341,27,1001180,998922,2317,406,30,1000224,1000356,4312,8192,2590,7916,267264,5,4
2741,714313269,1757757203,0,0,0,0,1000000,1000000,1000000,0,1001169,998714,2341,27,1001180,998922,2317,406,30,1000224,1000356,4312,8192,2590,7916,270336,5,4
2742,714340771,1757830359,0,0,0,0,1000000,1000000,1000000,0,1001169,998714,2341,27,1001180,998922,2317,406,30,1000224,1000356,4312,8192,2590,7916,273408,5,4
2743,714526104,1758222041,0,0,0,0,1000000,1000000,1000000,0,1001169,998714,2341,27,1001180,998922,2317,406,30,1000224,1000356,4312,8192,2590,7916,276480,5,4
2744,715010857,1759328210,0,0,0,0,1000000,1000000,1000000,0,1001169,998714,2341,27,1001180,998922,2317,406,30,1000224,1000356,4312,8192,2590,7916,279552,5,4
2745,715035867,1759394710,0,0,0,0,1000000,1000000,1000000,0,1001169,998714,2341,27,1001180,998922,2317,406,30,1000224,1000356,4312,8192,2590,7916,282624,5,4
2746,715605222,1760646143,0,0,0,0,1000000,1000000,1000000,0,1001169,998714,2341,27,1001180,998922,2317,406,30,1000224,1000356,4312,8192,2590,7916,282624,5,4
2747,715638698,1760732001,0,0,0,0,1000000,1000000,1000000,0,1001169,998714,2341,27,1001180,998922,2317,406,24,1000224,1000356,4312,8192,2590,7916,0,5,4
2748,715800547,1761078226,0,0,0,0,1000000,1000000,1000000,0,1001169,998714,2341,27,1001180,998922,2317,406,24,1000224,1000356,4312,8192,2590,7916,1024,5,4
2749,716283677,1762193892,0,0,0,0,1000000,1000000,1000000,0,1001168,998713,2545,27,1001179,998921,1268,1133,24,1000224,1000356,4312,8192,2590,7916,2048,5,4
2750,716311523,1762268535,0,0,0,0,1000000,1000000,1000000,0,1001168,998713,2545,27,1001179,998921,1268,1133,24,1000224,1000356,4312,8192,2590,7916,3072,5,4
2751,716889806,1763541587,0,0,0,0,1000000,1000000,1000000,0,1001168,998713,2681,27,1001179,998921,715,1783,24,1000224,1000356,4312,8192,2590,7916,4096,5,4
2752,716917402,1763615274,0,0,0,0,1000000,1000000,1000000,0,1001168,998713,2681,27,1001179,998921,715,1783,24,1000224,1000356,4312,8192,2590,7916,5120,5,4
2753,717066774,1763934421,0,0,0,0,1000000,1000000,1000000,0,1001168,998713,2681,27,1001179,998921,715,1783,24,1000224,1000356,4312,8192,2590,7916,6144,5,4
2754,717551382,1765053985,0,0,0,0,1000000,1000000,1000000,0,1001168,998713,2885,27,1001179,998921,168,2937,24,1000224,1000356,4312,8192,2590,7916,7168,5,4
2755,717576486,1765121071,0,0,0,0,1000000,1000000,1000000,0,1001168,998713,2885,27,1001179,998921,168,2937,24,1000224,1000356,4312,8192,2590,7916,8192,5,4
2756,718161810,1766429012,0,0,0,0,1000000,1000000,1000000,0,1001168,998713,3021,27,1001179,998921,13,3776,24,1000224,1000356,4312,8192,2590,7916,9216,5,4
2757,718186897,1766495942,0,0,0,0,1000000,1000000,1000000,0,1001168,998713,3021,27,1001179,998921,13,3776,24,1000224,1000356,4312,8192,2590,7916,10240,5,4
2758,718323363,1766790593,0,0,0,0,1000000,1000000,1000000,0,1001168,998713,3021,27,1001179,998921,13,3776,24,1000224,1000356,4312,8192,2590,7916,11264,5,4
2759,718797489,1767866726,0,0,0,0,1000000,1000000,1000000,0,1001168,998713,3153,27,1001179,998921,31,4603,24,1000224,1000356,4312,8192,2590,7916,12288,5,4
2760,718826293,1767944000,0,0,0,0,1000000,1000000,1000000,0,1001168,998713,3153,27,1001179,998921,31,4603,31,1000224,1000356,4312,8192,2590,7916,0,6,4
2761,719416757,1769256542,0,0,0,0,1000000,1000000,1000000,0,1001168,998713,3153,27,1001179,998921,31,4603,31,1000224,1000356,4312,8192,2590,7916,3072,6,4
2762,719444513,1769330573,0,0,0,0,1000000,1000000,1000000,0,1001168,998713,3153,27,1001179,998921,31,4603,31,1000224,1000356,4312,8192,2590,7916,6144,6,4
2763,719592444,1769646763,0,0,0,0,1000000,1000000,1000000,0,1001168,998713,3153,27,1001179,998921,31,4603,31,1000224,1000356,4312,8192,2590,7916,9216,6,4
2764,720058433,1770703708,0,0,0,0,1000000,1000000,1000000,0,1001168,998713,3153,27,1001179,998921,31,4603,31,1000224,1000356,4312,8192,2590,7916,12288,6,4
2765,720092666,1770789229,0,0,0,0,1000000,1000000,1000000,0,1001168,998713,3153,27,1001179,998921,31,4603,31,1000224,1000356,4312,8192,2590,7916,15360,6,4
2766,720668500,1772060824,0,0,0,0,1000000,1000000,1000000,0,1001168,998713,3153,27,1001179,998921,31,4603,31,1000224,1000356,4312,8192,2590,7916,18432,6,4
2767,720693482,1772127212,0,0,0,0,1000000,1000000,1000000,0,1001168,998713,3153,27,1001179,998921,31,4603,31,1000224,1000356,4312,8192,2590,7916,21504,6,4
2768,720870307,1772502944,0,0,0,0,1000000,1000000,1000000,0,1001168,998713,3153,27,1001179,998921,31,4603,31,1000224,1000356,4312,8192,2590,7916,24576,6,4
2769,721365150,1773637546,0,0,0,0,1000000,1000000,1000000,0,1001168,998713,3153,27,1001179,998921,31,4603,31,1000224,1000356,4312,8192,2590,7916,27648,6,4
2770,721392925,1773711589,0,0,0,0,1000000,1000000,1000000,0,1001168,998713,3153,27,1001179,998921,31,4603,31,1000224,1000356,4312,8192,2590,7916,30720,6,4
2771,721996714,1775058418,0,0,0,0,1000000,1000000,1000000,0,1001168,998713,3153,27,1001179,998921,31,4603,31,1000224,1000356,4312,8192,2590,7916,33792,6,4
2772,722023970,1775130750,0,0,0,0,1000000,1000000,1000000,0,1001168,998713,3153,27,1001179,998921,31,4603,31,1000224,1000356,4312,8192,2590,7916,36864,6,4
2773,722128653,1775359124,0,0,0,0,1000000,1000000,1000000,0,1001168,998713,3153,27,1001179,998921,31,4603,31,1000224,1000356,4312,8192,2590,7916,39936,6,4
2774,722653904,1776577387,0,0,0,0,1000000,1000000,1000000,0,1001168,998713,3153,27,1001179,998921,31,4603,31,1000224,1000356,4312,8192,2590,7916,43008,6,4
2775,722678899,1776643822,0,0,0,0,1000000,1000000,1000000,0,1001168,998713,3153,27,1001179,998921,31,4603,31,1000224,1000356,4312,8192,2590,7916,46080,6,4
2776,722881975,1777072844,0,0,0,0,1000000,1000000,1000000,0,1001168,998713,3153,27,1001179,998921,31,4603,31,1000224,1000356,4312,8192,2590,7916,49152,6,4
2777,723473935,1778386544,0,0,0,0,1000000,1000000,1000000,0,1001168,998713,3153,27,1001179,998921,31,4603,31,1000224,1000356,4312,8192,2590,7916,52224,6,4
2778,723501451,1778459767,0,0,0,0,1000000,1000000,1000000,0,1001168,998713,3153,27,1001179,998921,31,4603,31,1000224,1000356,4312,8192,2590,7916,55296,6,4
2779,723654743,1778786560,0,0,0,0,1000000,1000000,1000000,0,1001168,998713,3153,27,1001179,998921,31,4603,31,1000224,1000356,4312,8192,2590,7916,58368,6,4
2780,724138804,1779890948,0,0,0,0,1000000,1000000,1000000,0,1001168,998713,3153,27,1001179,998921,31,4603,31,1000224,1000356,4312,8192,2590,7916,61440,6,4
2781,724164081,1779958335,0,0,0,0,1000000,1000000,1000000,0,1001168,998713,3153,27,1001179,998921,31,4603,31,1000224,1000356,4312,8192,2590,7916,64512,6,4
2782,724758305,1781278145,0,0,0,0,1000000,1000000,1000000,0,1001168,998713,3153,27,1001179,998921,31,4603,31,1000224,1000356,4312,8192,2590,7916,67584,6,4
2783,724783305,1781344610,0,0,0,0,1000000,1000000,1000000,0,1001168,998713,3153,27,1001179,998921,31,4603,31,1000224,1000356,4312,8192,2590,7916,70656,6,4
2784,724921808,1781642726,0,0,0,0,1000000,1000000,1000000,0,1001168,998713,3153,27,1001179,998921,31,4603,31,1000224,1000356,4312,8192,2590,7916,73728,6,4
2785,725411102,1782763241,0,0,0,0,1000000,1000000,1000000,0,1001168,998713,3153,27,1001179,998921,31,4603,31,1000224,1000356,4312,8192,2590,7916,76800,6,4
2786,725438896,1782837396,0,0,0,0,1000000,1000000,1000000,0,1001168,998713,3153,27,1001179,998921,31,4603,31,1000224,1000356,4312,8192,2590,7916,79872,6,4
2787,726031097,1784151258,0,0,0,0,1000000,1000000,1000000,0,1001168,998713,3153,27,1001179,998921,31,4603,31,1000224,1000356,4312,8192,2590,7916,82944,6,4
2788,726058372,1784223710,0,0,0,0,1000000,1000000,1000000,0,1001168,998713,3153,27,1001179,998921,31,4603,31,1000224,1000356,4312,8192,2590,7916,86016,6,4
2789,726186196,1784498897,0,0,0,0,1000000,1000000,1000000,0,1001168,998713,3153,27,1001179,998921,31,4603,31,1000224,1000356,4312,8192,2590,7916,89088,6,4
2790,726678057,1785626262,0,0,0,0,1000000,1000000,1000000,0,1001168,998713,3153,27,1001179,998921,31,4603,31,1000224,1000356,4312,8192,2590,7916,92160,6,4
2791,726703334,1785693663,0,0,0,0,1000000,1000000,1000000,0,1001168,998713,3153,27,1001179,998921,31,4603,31,1000224,1000356,4312,8192,2590,7916,95232,6,4
2792,727289660,1786990742,0,0,0,0,1000000,1000000,1000000,0,1001168,998713,3153,27,1001179,998921,31,4603,31,1000224,1000356,4312,8192,2590,7916,98304,6,4
2793,727314661,1787057188,0,0,0,0,1000000,1000000,1000000,0,1001168,998713,3153,27,1001179,998921,31,4603,31,1000224,1000356,4312,8192,2590,7916,101376,6,4
2794,727452883,1787355100,0,0,0,0,1000000,1000000,1000000,0,1001168,998713,3153,27,1001179,998921,31,4603,31,1000224,1000356,4312,8192,2590,7916,104448,6,4
2795,727970607,1788550181,0,0,0,0,1000000,1000000,1000000,0,1001168,998713,3153,27,1001179,998921,31,4603,31,1000224,1000356,4312,8192,2590,7916,107520,6,4
2796,727997900,1788622649,0,0,0,0,1000000,1000000,1000000,0,1001168,998713,3153,27,1001179,998921,31,4603,31,1000224,1000356,4312,8192,2590,7916,110592,6,4
2797,728210116,1789068785,0,0,0,0,1000000,1000000,1000000,0,1001168,998713,3153,27,1001179,998921,31,4603,31,1000224,1000356,4312,8192,2590,7916,113664,6,4
2798,728842063,1790490969,0,0,0,0,1000000,1000000,1000000,0,1001168,998713,3153,27,1001179,998921,31,4603,31,1000224,1000356,4312,8192,2590,7916,116736,6,4
2799,728867063,1790557442,0,0,0,0,1000000,1000000,1000000,0,1001168,998713,3153,27,1001179,998921,31,4603,31,1000224,1000356,4312,8192,2590,7916,119808,6,4
2800,728969491,1790782496,0,0,0,0,1000000,1000000,1000000,0,1001168,998713,3153,27,1001179,998921,31,4603,31,1000224,1000356,4312,8192,2590,7916,122880,6,4
2801,729505695,1792031843,0,0,0,0,1000000,1000000,1000000,0,1001168,998713,3153,27,1001179,998921,31,4603,31,1000224,1000356,4312,8192,2590,7916,125952,6,4
2802,729533216,1792105040,0,0,0,0,1000000,1000000,1000000,0,1001168,998713,3153,27,1001179,998921,31,4603,31,1000224,1000356,4312,8192,2590,7916,129024,6,4
2803,729718292,1792496220,0,0,0,0,1000000,1000000,1000000,0,1001168,998713,3153,27,1001179,998921,31,4603,31,1000224,1000356,4312,8192,2590,7916,132096,6,4
2804,730337020,1793875107,0,0,0,0,1000000,1000000,1000000,0,1001168,998713,3153,27,1001179,998921,31,4603,31,1000224,1000356,4312,8192,2590,7916,135168,6,4
2805,730362019,1793941574,0,0,0,0,1000000,1000000,1000000,0,1001168,998713,3153,27,1001179,998921,31,4603,31,1000224,1000356,4312,8192,2590,7916,138240,6,4
2806,730485639,1794209914,0,0,0,0,1000000,1000000,1000000,0,1001168,998713,3153,27,1001179,998921,31,4603,31,1000224,1000356,4312,8192,2590,7916,141312,6,4
2807,730995744,1795383992,0,0,0,0,1000000,1000000,1000000,0,1001168,998713,3153,27,1001179,998921,31,4603,31,1000224,1000356,4312,8192,2590,7916,144384,6,4
2808,731023020,1795456385,0,0,0,0,1000000,1000000,1000000,0,1001168,998713,3153,27,1001179,998921,31,4603,31,1000224,1000356,4312,8192,2590,7916,147456,6,4
2809,731245623,1795923620,0,0,0,0,1000000,1000000,1000000,0,1001168,998713,3153,27,1001179,998921,31,4603,31,1000224,1000356,4312,8192,2590,7916,150528,6,4
2810,731860403,1797296579,0,0,0,0,1000000,1000000,1000000,0,1001168,998713,3153,27,1001179,998921,31,4603,31,1000224,1000356,4312,8192,2590,7916,153600,6,4
2811,731885422,1797363088,0,0,0,0,1000000,1000000,1000000,0,1001168,998713,3153,27,1001179,998921,31,4603,31,1000224,1000356,4312,8192,2590,7916,156672,6,4
2812,732012137,1797637333,0,0,0,0,1000000,1000000,1000000,0,1001168,998713,3153,27,1001179,998921,31,4603,31,1000224,1000356,4312,8192,2590,7916,159744,6,4
2813,732521904,1798809769,0,0,0,0,1000000,1000000,1000000,0,1001168,998713,3153,27,1001179,998921,31,4603,31,1000224,1000356,4312,8192,2590,7916,162816,6,4
2814,732549425,1798883004,0,0,0,0,1000000,1000000,1000000,0,1001168,998713,3153,27,1001179,998921,31,4603,31,1000224,1000356,4312,8192,2590,7916,165888,6,4
2815,732772445,1799351038,0,0,0,0,1000000,1000000,1000000,0,1001168,998713,3153,27,1001179,998921,31,4603,31,1000224,1000356,4312,8192,2590,7916,168960,6,4
2816,733380565,1800703046,0,0,0,0,1000000,1000000,1000000,0,1001168,998713,3153,27,1001179,998921,31,4603,31,1000224,1000356,4312,8192,2590,7916,172032,6,4
2817,733405565,1800769493,0,0,0,0,1000000,1000000,1000000,0,1001168,998713,3153,27,1001179,998921,31,4603,31,1000224,1000356,4312,8192,2590,7916,175104,6,4
2818,733542489,1801064760,0,0,0,0,1000000,1000000,1000000,0,1001168,998713,3153,27,1001179,998921,31,4603,31,1000224,1000356,4312,8192,2590,7916,178176,6,4
2819,734052745,1802238759,0,0,0,0,1000000,1000000,1000000,0,1001168,998713,3153,27,1001179,998921,31,4603,31,1000224,1000356,4312,8192,2590,7916,181248,6,4
2820,734080039,1802311247,0,0,0,0,1000000,1000000,1000000,0,1001168,998713,3153,27,1001179,998921,31,4603,31,1000224,1000356,4312,8192,2590,7916,184320,6,4
2821,734302665,1802778464,0,0,0,0,1000000,1000000,1000000,0,1001168,998713,3153,27,1001179,998921,31,4603,31,1000224,1000356,4312,8192,2590,7916,187392,6,4
2822,734917978,1804152338,0,0,0,0,1000000,1000000,1000000,0,1001168,998713,3153,27,1001179,998921,31,4603,31,1000224,1000356,4312,8192,2590,7916,190464,6,4
2823,734942977,1804218804,0,0,0,0,1000000,1000000,1000000,0,1001168,998713,3153,27,1001179,998921,31,4603,31,1000224,1000356,4312,8192,2590,7916,193536,6,4
2824,735067517,1804492158,0,0,0,0,1000000,1000000,1000000,0,1001168,998713,3153,27,1001179,998921,31,4603,31,1000224,1000356,4312,8192,2590,7916,196608,6,4
2825,735637177,1805865335,0,0,0,0,1000000,1000000,1000000,0,1001168,998713,3153,27,1001179,998921,31,4603,31,1000224,1000356,4312,8192,2590,7916,199680,6,4
2826,735669973,1805955234,0,0,0,0,1000000,1000000,1000000,0,1001168,998713,3153,27,1001179,998921,31,4603,31,1000224,1000356,4312,8192,2590,7916,202752,6,4
2827,735782675,1806205878,0,0,0,0,1000000,1000000,1000000,0,1001168,998713,3153,27,1001179,998921,31,4603,31,1000224,1000356,4312,8192,2590,7916,205824,6,4
2828,736450049,1807757279,0,0,0,0,1000000,1000000,1000000,0,1001168,998713,3153,27,1001179,998921,31,4603,31,1000224,1000356,4312,8192,2590,7916,208896,6,4
2829,736480059,1807839888,0,0,0,0,1000000,1000000,1000000,0,1001168,998713,3153,27,1001179,998921,31,4603,31,1000224,1000356,4312,8192,2590,7916,211968,6,4
2830,736512275,1807929152,0,0,0,0,1000000,1000000,1000000,0,1001168,998713,3153,27,1001179,998921,31,4603,31,1000224,1000356,4312,8192,2590,7916,215040,6,4
2831,737083847,1809308174,0,0,0,0,1000000,1000000,1000000,0,1001168,998713,3153,27,1001179,998921,31,4603,31,1000224,1000356,4312,8192,2590,7916,218112,6,4
2832,737116127,1809396689,0,0,0,0,1000000,1000000,1000000,0,1001168,998713,3153,27,1001179,998921,31,4603,31,1000224,1000356,4312,8192,2590,7916,221184,6,4
2833,737221944,1809633294,0,0,0,0,1000000,1000000,1000000,0,1001168,998713,3153,27,1001179,998921,31,4603,31,1000224,1000356,4312,8192,2590,7916,224256,6,4
2834,737909061,1811238427,0,0,0,0,1000000,1000000,1000000,0,1001168,998713,3153,27,1001179,998921,31,4603,31,1000224,1000356,4312,8192,2590,7916,227328,6,4
2835,737939348,1811321636,0,0,0,0,1000000,1000000,1000000,0,1001168,998713,3153,27,1001179,998921,31,4603,31,1000224,1000356,4312,8192,2590,7916,230400,6,4
2836,737971058,1811409276,0,0,0,0,1000000,1000000,1000000,0,1001168,998713,3153,27,1001179,998921,31,4603,31,1000224,1000356,4312,8192,2590,7916,233472,6,4
2837,738543744,1812791724,0,0,0,0,1000000,1000000,1000000,0,1001168,998713,3153,27,1001179,998921,31,4603,31,1000224,1000356,4312,8192,2590,7916,236544,6,4
2838,738576522,1812881653,0,0,0,0,1000000,1000000,1000000,0,1001168,998713,3153,27,1001179,998921,31,4603,31,1000224,1000356,4312,8192,2590,7916,239616,6,4
2839,738653949,1813060716,0,0,0,0,1000000,1000000,1000000,0,1001168,998713,3153,27,1001179,998921,31,4603,31,1000224,1000356,4312,8192,2590,7916,242688,6,4
2840,739321422,1814612928,0,0,0,0,1000000,1000000,1000000,0,1001168,998713,3153,27,1001179,998921,31,4603,31,1000224,1000356,4312,8192,2590,7916,245760,6,4
2841,739351428,1814695469,0,0,0,0,1000000,1000000,1000000,0,1001168,998713,3153,27,1001179,998921,31,4603,31,1000224,1000356,4312,8192,2590,7916,248832,6,4
2842,739383619,1814784592,0,0,0,0,1000000,1000000,1000000,0,1001168,998713,3153,27,1001179,998921,31,4603,31,1000224,1000356,4312,8192,2590,7916,251904,6,4
2843,739955486,1816165336,0,0,0,0,1000000,1000000,1000000,0,1001168,998713,3153,27,1001179,998921,31,4603,31,1000224,1000356,4312,8192,2590,7916,254976,6,4
2844,739987785,1816253864,0,0,0,0,1000000,1000000,1000000,0,1001168,998713,3153,27,1001179,998921,31,4603,31,1000224,1000356,4312,8192,2590,7916,258048,6,4
2845,740092491,1816488134,0,0,0,0,1000000,1000000,1000000,0,1001168,998713,3153,27,1001179,998921,31,4603,31,1000224,1000356,4312,8192,2590,7916,261120,6,4
2846,740766302,1818060955,0,0,0,0,1000000,1000000,1000000,0,1001168,998713,3153,27,1001179,998921,31,4603,31,1000224,1000356,4312,8192,2590,7916,264192,6,4
2847,740796569,1818144148,0,0,0,0,1000000,1000000,1000000,0,1001168,998713,3153,27,1001179,998921,31,4603,31,1000224,1000356,4312,8192,2590,7916,267264,6,4
2848,740828268,1818231849,0,0,0,0,1000000,1000000,1000000,0,1001168,998713,3153,27,1001179,998921,31,4603,31,1000224,1000356,4312,8192,2590,7916,270336,6,4
2849,741398108,1819608146,0,0,0,0,1000000,1000000,1000000,0,1001168,998713,3153,27,1001179,998921,31,4603,31,1000224,1000356,4312,8192,2590,7916,273408,6,4
2850,741430892,1819698120,0,0,0,0,1000000,1000000,1000000,0,1001168,998713,3153,27,1001179,998921,31,4603,31,1000224,1000356,4312,8192,2590,7916,276480,6,4
2851,741527210,1819915530,0,0,0,0,1000000,1000000,1000000,0,1001168,998713,3153,27,1001179,998921,31,4603,31,1000224,1000356,4312,8192,2590,7916,279552,6,4
2852,742194848,1821468525,0,0,0,0,1000000,1000000,1000000,0,1001168,998713,3153,27,1001179,998921,31,4603,31,1000224,1000356,4312,8192,2590,7916,282624,6,4
2853,742224868,1821551171,0,0,0,0,1000000,1000000,1000000,0,1001168,998713,3153,27,1001179,998921,31,4603,31,1000224,1000356,4312,8192,2590,7916,285696,6,4
2854,742257097,1821640395,0,0,0,0,1000000,1000000,1000000,0,1001168,998713,3153,27,1001179,998921,31,4603,31,1000224,1000356,4312,8192,2590,7916,288768,6,4
2855,742802938,1822919348,0,0,0,0,1000000,1000000,1000000,0,1001168,998713,3153,27,1001179,998921,31,4603,31,1000224,1000356,4312,8192,2590,7916,291840,6,4
2856,742830213,1822991777,0,0,0,0,1000000,1000000,1000000,0,1001168,998713,3153,27,1001179,998921,31,4603,31,1000224,1000356,4312,8192,2590,7916,294912,6,4
2857,742995527,1823342948,0,0,0,0,1000000,1000000,1000000,0,1001168,998713,3153,27,1001179,998921,31,4603,31,1000224,1000356,4312,8192,2590,7916,297984,6,4
2858,743652559,1824836642,0,0,0,0,1000000,1000000,1000000,0,1001168,998713,3153,27,1001179,998921,31,4603,31,1000224,1000356,4312,8192,2590,7916,301056,6,4
2859,743677579,1824903168,0,0,0,0,1000000,1000000,1000000,0,1001168,998713,3153,27,1001179,998921,31,4603,31,1000224,1000356,4312,8192,2590,7916,304128,6,4
2860,743744667,1825056658,0,0,0,0,1000000,1000000,1000000,0,1001168,998713,3153,27,1001179,998921,31,4603,31,1000224,1000356,4312,8192,2590,7916,307200,6,4
2861,744277429,1826294237,0,0,0,0,1000000,1000000,1000000,0,1001168,998713,3153,27,1001179,998921,31,4603,31,1000224,1000356,4312,8192,2590,7916,310272,6,4
2862,744304952,1826367453,0,0,0,0,1000000,1000000,1000000,0,1001168,998713,3153,27,1001179,998921,31,4603,31,1000224,1000356,4312,8192,2590,7916,313344,6,4
2863,744495826,1826770372,0,0,0,0,1000000,1000000,1000000,0,1001168,998713,3153,27,1001179,998921,31,4603,31,1000224,1000356,4312,8192,2590,7916,316416,6,4
2864,745076203,1828050035,0,0,0,0,1000000,1000000,1000000,0,1001168,998713,3153,27,1001179,998921,31,4603,31,1000224,1000356,4312,8192,2590,7916,319488,6,4
2865,745101204,1828116476,0,0,0,0,1000000,1000000,1000000,0,1001168,998713,3153,27,1001179,998921,31,4603,31,1000224,1000356,4312,8192,2590,7916,322560,6,4
2866,745273840,1828484071,0,0,0,0,1000000,1000000,1000000,0,1001168,998713,3153,27,1001179,998921,31,4603,31,1000224,1000356,4312,8192,2590,7916,325632,6,4
2867,745745654,1829559225,0,0,0,0,1000000,1000000,1000000,0,1001168,998713,3153,27,1001179,998921,31,4603,31,1000224,1000356,4312,8192,2590,7916,328704,6,4
2868,745773224,1829632585,0,0,0,0,1000000,1000000,1000000,0,1001168,998713,3153,27,1001179,998921,31,4603,31,1000224,1000356,4312,8192,2590,7916,331776,6,4
2869,746346901,1830898834,0,0,0,0,1000000,1000000,1000000,0,1001168,998713,3153,27,1001179,998921,31,4603,31,1000224,1000356,4312,8192,2590,7916,334848,6,4
2870,746374425,1830972039,0,0,0,0,1000000,1000000,1000000,0,1001168,998713,3153,27,1001179,998921,31,4603,31,1000224,1000356,4312,8192,2590,7916,337920,6,4
2871,746548180,1831340261,0,0,0,0,1000000,1000000,1000000,0,1001168,998713,3153,27,1001179,998921,31,4603,31,1000224,1000356,4312,8192,2590,7916,340992,6,4
2872,747015172,1832400177,0,0,0,0,1000000,1000000,1000000,0,1001168,998713,3153,27,1001179,998921,31,4603,31,1000224,1000356,4312,8192,2590,7916,344064,6,4
2873,747047901,1832482719,0,0,0,0,1000000,1000000,1000000,0,1001168,998713,3153,27,1001179,998921,31,4603,31,1000224,1000356,4312,8192,2590,7916,347136,6,4
2874,747624580,1833756794,0,0,0,0,1000000,1000000,1000000,0,1001168,998713,3153,27,1001179,998921,31,4603,31,1000224,1000356,4312,8192,2590,7916,350208,6,4
2875,747649574,1833823242,0,0,0,0,1000000,1000000,1000000,0,1001168,998713,3153,27,1001179,998921,31,4603,31,1000224,1000356,4312,8192,2590,7916,353280,6,4
2876,747825101,1834196432,0,0,0,0,1000000,1000000,1000000,0,1001168,998713,3153,27,1001179,998921,31,4603,31,1000224,1000356,4312,8192,2590,7916,356352,6,4
2877,748297617,1835273093,0,0,0,0,1000000,1000000,1000000,0,1001168,998713,3153,27,1001179,998921,31,4603,31,1000224,1000356,4312,8192,2590,7916,359424,6,4
2878,748325434,1835347312,0,0,0,0,1000000,1000000,1000000,0,1001168,998713,3153,27,1001179,998921,31,4603,31,1000224,1000356,4312,8192,2590,7916,362496,6,4
2879,748892375,1836593591,0,0,0,0,1000000,1000000,1000000,0,1001168,998713,3153,27,1001179,998921,31,4603,31,1000224,1000356,4312,8192,2590,7916,364544,6,4
2880,748928349,1836686184,0,0,0,0,1000000,1000000,1000000,0,1001168,998713,3153,27,1001179,998921,31,4603,24,1000224,1000356,4312,8192,2590,7916,0,6,4
2881,749100975,1837052611,0,0,0,0,1000000,1000000,1000000,0,1001168,998713,3153,27,1001179,998921,31,4603,24,1000224,1000356,4312,8192,2590,7916,1024,6,4
2882,749586134,1838175202,0,0,0,0,1000000,1000000,1000000,0,1001166,998713,2949,27,1001177,998921,74,3327,24,1000224,1000356,4312,8192,2590,7916,2048,6,4
2883,749611476,1838243153,0,0,0,0,1000000,1000000,1000000,0,1001166,998713,2949,27,1001177,998921,74,3327,24,1000224,1000356,4312,8192,2590,7916,3072,6,4
2884,750190103,1839518872,0,0,0,0,1000000,1000000,1000000,0,1001166,998713,2813,27,1001177,998921,320,2511,24,1000224,1000356,4312,8192,2590,7916,4096,6,4
2885,750215166,1839585803,0,0,0,0,1000000,1000000,1000000,0,1001166,998713,2813,27,1001177,998921,320,2511,24,1000224,1000356,4312,8192,2590,7916,5120,6,4
2886,750365560,1839908805,0,0,0,0,1000000,1000000,1000000,0,1001166,998713,2813,27,1001177,998921,320,2511,24,1000224,1000356,4312,8192,2590,7916,6144,6,4
2887,750847030,1841021409,0,0,0,0,1000000,1000000,1000000,0,1001166,998713,2771,27,1001177,998921,429,2271,24,1000224,1000356,4312,8192,2590,7916,7168,6,4
2888,750874675,1841095383,0,0,0,0,1000000,1000000,1000000,0,1001166,998713,2771,27,1001177,998921,429,2271,24,1000224,1000356,4312,8192,2590,7916,8192,6,4
2889,751467306,1842421008,0,0,0,0,1000000,1000000,1000000,0,1001166,998712,2723,27,1001177,998920,574,2006,24,1000224,1000356,4312,8192,2590,7916,9216,6,4
2890,751494899,1842494772,0,0,0,0,1000000,1000000,1000000,0,1001166,998712,2723,27,1001177,998920,574,2006,24,1000224,1000356,4312,8192,2590,7916,10240,6,4
2891,751620064,1842764979,0,0,0,0,1000000,1000000,1000000,0,1001166,998712,2723,27,1001177,998920,574,2006,24,1000224,1000356,4312,8192,2590,7916,11264,6,4
2892,752163922,1844013425,0,0,0,0,1000000,1000000,1000000,0,1001165,998712,2723,27,1001176,998920,574,2006,24,1000224,1000356,4312,8192,2590,7916,12288,6,4
2893,752188955,1844080216,0,0,0,0,1000000,1000000,1000000,0,1001165,998712,2723,27,1001176,998920,574,2006,24,1000224,1000356,4312,8192,2590,7916,13312,6,4
2894,752376847,1844478683,0,0,0,0,1000000,1000000,1000000,0,1001165,998712,2723,27,1001176,998920,574,2006,24,1000224,1000356,4312,8192,2590,7916,14336,6,4
2895,752951152,1845747285,0,0,0,0,1000000,1000000,1000000,0,1001165,998712,2756,27,1001176,998920,473,2187,24,1000224,1000356,4312,8192,2590,7916,15360,6,4
2896,752987040,1845839585,0,0,0,0,1000000,1000000,1000000,0,1001165,998712,2756,27,1001176,998920,473,2187,24,1000224,1000356,4312,8192,2590,7916,16384,6,4
2897,753153189,1846192392,0,0,0,0,1000000,1000000,1000000,0,1001165,998712,2756,27,1001176,998920,473,2187,24,1000224,1000356,4312,8192,2590,7916,17408,6,4
2898,753633484,1847288430,0,0,0,0,1000000,1000000,1000000,0,1001163,998711,2756,27,1001174,998919,473,2187,24,1000224,1000356,4312,8192,2590,7916,18432,6,4
2899,753667363,1847375673,0,0,0,0,1000000,1000000,1000000,0,1001163,998711,2756,27,1001174,998919,473,2187,24,1000224,1000356,4312,8192,2590,7916,19456,6,4
2900,754245818,1848649829,0,0,0,0,1000000,1000000,1000000,0,1001161,998710,2860,27,1001172,998918,215,2787,24,1000224,1000356,4312,8192,2590,7916,20480,6,4
2901,754279413,1848736071,0,0,0,0,1000000,1000000,1000000,0,1001161,998710,2860,27,1001172,998918,215,2787,24,1000224,1000356,4312,8192,2590,7916,21504,6,4
2902,754423654,1849048585,0,0,0,0,1000000,1000000,1000000,0,1001161,998710,2860,27,1001172,998918,215,2787,24,1000224,1000356,4312,8192,2590,7916,22528,6,4
2903,754905057,1850145948,0,0,0,0,1000000,1000000,1000000,0,1001158,998709,2919,27,1001169,998917,113,3143,24,1000224,1000356,4312,8192,2590,7916,23552,6,4
2904,754941217,1850239097,0,0,0,0,1000000,1000000,1000000,0,1001158,998709,2919,27,1001169,998917,113,3143,24,1000224,1000356,4312,8192,2590,7916,24576,6,4
2905,755517463,1851507774,0,0,0,0,1000000,1000000,1000000,0,1001156,998709,2919,27,1001167,998917,113,3143,24,1000224,1000356,4312,8192,2590,7916,24576,6,4
2906,755553341,1851599967,0,0,0,0,1000000,1000000,1000000,0,1001156,998709,2919,27,1001167,998917,113,3143,24,1000224,1000356,4312,8192,2590,7916,24576,6,4
2907,755695051,1851904754,0,0,0,0,1000000,1000000,1000000,0,1001156,998709,2919,27,1001167,998917,113,3143,24,1000224,1000356,4312,8192,2590,7916,24576,6,4
2908,756182497,1853015528,0,0,0,0,1000000,1000000,1000000,0,1001152,998708,2966,27,1001164,998916,54,3433,1,1000224,1000356,4312,8192,2590,7916,0,6,4
2909,756216331,1853103529,0,0,0,0,1000000,1000000,1000000,0,1001152,998708,2966,27,1001164,998916,54,3433,1,1000224,1000356,4312,8192,2590,7916,1024,6,4
2910,756812839,1854439782,0,0,0,0,1000000,1000000,1000000,0,1001149,998708,2966,27,1001162,998916,54,3433,1,1000224,1000356,4312,8192,2590,7916,2048,6,4
2911,756846413,1854526811,0,0,0,0,1000000,1000000,1000000,0,1001149,998708,2966,27,1001162,998916,54,3433,1,1000224,1000356,4312,8192,2590,7916,3072,6,4
2912,756951692,1854760927,0,0,0,0,1000000,1000000,1000000,0,1001149,998708,2966,27,1001162,998916,54,3433,1,1000224,1000356,4312,8192,2590,7916,4096,6,4
2913,757442959,1855896808,0,0,0,0,1000000,1000000,1000000,0,1001145,998707,2978,27,1001159,998915,43,3507,1,1000224,1000356,4312,8192,2590,7916,5120,6,4
2914,757479308,1855991522,0,0,0,0,1000000,1000000,1000000,0,1001145,998707,2978,27,1001159,998915,43,3507,1,1000224,1000356,4312,8192,2590,7916,6144,6,4
2915,758072022,1857318966,0,0,0,0,1000000,1000000,1000000,0,1001142,998707,2978,27,1001156,998915,43,3507,1,1000224,1000356,4312,8192,2590,7916,7168,6,4
2916,758107616,1857411076,0,0,0,0,1000000,1000000,1000000,0,1001142,998707,2978,27,1001156,998915,43,3507,1,1000224,1000356,4312,8192,2590,7916,8192,6,4
2917,758199897,1857617107,0,0,0,0,1000000,1000000,1000000,0,1001142,998707,2978,27,1001156,998915,43,3507,1,1000224,1000356,4312,8192,2590,7916,9216,6,4
2918,758682788,1858721510,0,0,0,0,1000000,1000000,1000000,0,1001138,998706,2986,27,1001152,998914,36,3557,1,1000224,1000356,4312,8192,2590,7916,10240,6,4
2919,758716364,1858808607,0,0,0,0,1000000,1000000,1000000,0,1001138,998706,2986,27,1001152,998914,36,3557,1,1000224,1000356,4312,8192,2590,7916,11264,6,4
2920,759298168,1860094089,0,0,0,0,1000000,1000000,1000000,0,1001135,998706,2986,27,1001149,998914,36,3557,1,1000224,1000356,4312,8192,2590,7916,12288,6,4
2921,759331487,1860180189,0,0,0,0,1000000,1000000,1000000,0,1001135,998706,2986,27,1001149,998914,36,3557,1,1000224,1000356,4312,8192,2590,7916,13312,6,4
2922,759465918,1860473296,0,0,0,0,1000000,1000000,1000000,0,1001135,998706,2986,27,1001149,998914,36,3557,1,1000224,1000356,4312,8192,2590,7916,14336,6,4
2923,759949631,1861578992,0,0,0,0,1000000,1000000,1000000,0,1001131,998705,2986,27,1001145,998913,36,3557,1,1000224,1000356,4312,8192,2590,7916,15360,6,4
2924,759985478,1861672027,0,0,0,0,1000000,1000000,1000000,0,1001131,998705,2986,27,1001145,998913,36,3557,1,1000224,1000356,4312,8192,2590,7916,16384,6,4
2925,760573300,1862971436,0,0,0,0,1000000,1000000,1000000,0,1001128,998705,2986,27,1001142,998913,36,3557,1,1000224,1000356,4312,8192,2590,7916,17408,6,4
2926,760609122,1863064290,0,0,0,0,1000000,1000000,1000000,0,1001128,998705,2986,27,1001142,998913,36,3557,1,1000224,1000356,4312,8192,2590,7916,18432,6,4
2927,760730570,1863329481,0,0,0,0,1000000,1000000,1000000,0,1001128,998705,2986,27,1001142,998913,36,3557,1,1000224,1000356,4312,8192,2590,7916,19456,6,4
2928,761207651,1864415421,0,0,0,0,1000000,1000000,1000000,0,1001124,998704,2918,27,1001138,998912,115,3137,1,1000224,1000356,4312,8192,2590,7916,20480,6,4
2929,761241230,1864502512,0,0,0,0,1000000,1000000,1000000,0,1001124,998704,2918,27,1001138,998912,115,3137,1,1000224,1000356,4312,8192,2590,7916,21504,6,4
2930,761831824,1865808155,0,0,0,0,1000000,1000000,1000000,0,1001121,998703,2911,27,1001135,998911,125,3094,1,1000224,1000356,4312,8192,2590,7916,22528,6,4
2931,761865125,1865894276,0,0,0,0,1000000,1000000,1000000,0,1001121,998703,2911,27,1001135,998911,125,3094,1,1000224,1000356,4312,8192,2590,7916,23552,6,4
2932,761998842,1866185665,0,0,0,0,1000000,1000000,1000000,0,1001121,998703,2911,27,1001135,998911,125,3094,1,1000224,1000356,4312,8192,2590,7916,24576,6,4
2933,762483882,1867291397,0,0,0,0,1000000,1000000,1000000,0,1001117,998702,2843,27,1001131,998910,250,2686,1,1000224,1000356,4312,8192,2590,7916,25600,6,4
2934,762520154,1867385536,0,0,0,0,1000000,1000000,1000000,0,1001117,998702,2843,27,1001131,998910,250,2686,1,1000224,1000356,4312,8192,2590,7916,26624,6,4
2935,763109795,1868689363,0,0,0,0,1000000,1000000,1000000,0,1001114,998701,2821,27,1001128,998909,301,2558,1,1000224,1000356,4312,8192,2590,7916,27648,6,4
2936,763145546,1868781766,0,0,0,0,1000000,1000000,1000000,0,1001114,998701,2821,27,1001128,998909,301,2558,1,1000224,1000356,4312,8192,2590,7916,28672,6,4
2937,763264506,1869041837,0,0,0,0,1000000,1000000,1000000,0,1001114,998701,2821,27,1001128,998909,301,2558,1,1000224,1000356,4312,8192,2590,7916,29696,6,4
2938,763751884,1870158116,0,0,0,0,1000000,1000000,1000000,0,1001110,998699,2795,27,1001124,998907,365,2407,1,1000224,1000356,4312,8192,2590,7916,30720,6,4
2939,763785639,1870245470,0,0,0,0,1000000,1000000,1000000,0,1001110,998699,2795,27,1001124,998907,365,2407,1,1000224,1000356,4312,8192,2590,7916,31744,6,4
2940,764371940,1871540331,0,0,0,0,1000000,1000000,1000000,0,1001108,998698,2777,27,1001122,998906,413,2305,1,1000224,1000356,4312,8192,2590,7916,32768,6,4
2941,764405417,1871626787,0,0,0,0,1000000,1000000,1000000,0,1001108,998698,2777,27,1001122,998906,413,2305,1,1000224,1000356,4312,8192,2590,7916,33792,6,4
2942,764529028,1871898010,0,0,0,0,1000000,1000000,1000000,0,1001108,998698,2777,27,1001122,998906,413,2305,1,1000224,1000356,4312,8192,2590,7916,34816,6,4
2943,765016034,1873013945,0,0,0,0,1000000,1000000,1000000,0,1001104,998696,2777,27,1001118,998904,413,2305,1,1000224,1000356,4312,8192,2590,7916,35840,6,4
2944,765044359,1873089774,0,0,0,0,1000000,1000000,1000000,0,1001104,998696,2777,27,1001118,998904,413,2305,31,1000224,1000356,4312,8192,2590,7916,0,7,4
2945,765645236,1874430662,0,0,0,0,1000000,1000000,1000000,0,1001104,998696,2777,27,1001116,998904,413,2305,31,1000224,1000356,4312,8192,2590,7916,3072,7,4
2946,765672985,1874504618,0,0,0,0,1000000,1000000,1000000,0,1001104,998696,2777,27,1001116,998904,413,2305,31,1000224,1000356,4312,8192,2590,7916,6144,7,4
2947,765788032,1874754195,0,0,0,0,1000000,1000000,1000000,0,1001104,998696,2777,27,1001116,998904,413,2305,31,1000224,1000356,4312,8192,2590,7916,9216,7,4
2948,766260257,1875831939,0,0,0,0,1000000,1000000,1000000,0,1001104,998696,2777,27,1001115,998904,413,2305,31,1000224,1000356,4312,8192,2590,7916,12288,7,4
2949,766285500,1875899184,0,0,0,0,1000000,1000000,1000000,0,1001104,998696,2777,27,1001115,998904,413,2305,31,1000224,1000356,4312,8192,2590,7916,15360,7,4
2950,766872906,1877201821,0,0,0,0,1000000,1000000,1000000,0,1001104,998696,2777,27,1001115,998904,413,2305,31,1000224,1000356,4312,8192,2590,7916,18432,7,4
2951,766897874,1877268046,0,0,0,0,1000000,1000000,1000000,0,1001104,998696,2777,27,1001115,998904,413,2305,31,1000224,1000356,4312,8192,2590,7916,21504,7,4
2952,767058245,1877610387,0,0,0,0,1000000,1000000,1000000,0,1001104,998696,2777,27,1001115,998904,413,2305,31,1000224,1000356,4312,8192,2590,7916,24576,7,4
2953,767558600,1878763895,0,0,0,0,1000000,1000000,1000000,0,1001104,998696,2777,27,1001115,998904,413,2305,31,1000224,1000356,4312,8192,2590,7916,27648,7,4
2954,767586089,1878836881,0,0,0,0,1000000,1000000,1000000,0,1001104,998696,2777,27,1001115,998904,413,2305,31,1000224,1000356,4312,8192,2590,7916,30720,7,4
2955,767818615,1879324078,0,0,0,0,1000000,1000000,1000000,0,1001104,998696,2777,27,1001115,998904,413,2305,31,1000224,1000356,4312,8192,2590,7916,33792,7,4
2956,768430861,1880692296,0,0,0,0,1000000,1000000,1000000,0,1001104,998696,2777,27,1001115,998904,413,2305,31,1000224,1000356,4312,8192,2590,7916,36864,7,4
2957,768455830,1880758576,0,0,0,0,1000000,1000000,1000000,0,1001104,998696,2777,27,1001115,998904,413,2305,31,1000224,1000356,4312,8192,2590,7916,39936,7,4
2958,768584911,1881037778,0,0,0,0,1000000,1000000,1000000,0,1001104,998696,2777,27,1001115,998904,413,2305,31,1000224,1000356,4312,8192,2590,7916,43008,7,4
2959,769081624,1882182505,0,0,0,0,1000000,1000000,1000000,0,1001104,998696,2777,27,1001115,998904,413,2305,31,1000224,1000356,4312,8192,2590,7916,46080,7,4
2960,769108855,1882254721,0,0,0,0,1000000,1000000,1000000,0,1001104,998696,2777,27,1001115,998904,413,2305,31,1000224,1000356,4312,8192,2590,7916,49152,7,4
2961,769346124,1882751511,0,0,0,0,1000000,1000000,1000000,0,1001104,998696,2777,27,1001115,998904,413,2305,31,1000224,1000356,4312,8192,2590,7916,52224,7,4
2962,769949829,1884097726,0,0,0,0,1000000,1000000,1000000,0,1001104,998696,2777,27,1001115,998904,413,2305,31,1000224,1000356,4312,8192,2590,7916,55296,7,4
2963,769974786,1884163967,0,0,0,0,1000000,1000000,1000000,0,1001104,998696,2777,27,1001115,998904,413,2305,31,1000224,1000356,4312,8192,2590,7916,58368,7,4
2964,770114863,1884465201,0,0,0,0,1000000,1000000,1000000,0,1001104,998696,2777,27,1001115,998904,413,2305,31,1000224,1000356,4312,8192,2590,7916,61440,7,4
2965,770609976,1885605511,0,0,0,0,1000000,1000000,1000000,0,1001104,998696,2777,27,1001115,998904,413,2305,31,1000224,1000356,4312,8192,2590,7916,64512,7,4
2966,770637729,1885679423,0,0,0,0,1000000,1000000,1000000,0,1001104,998696,2777,27,1001115,998904,413,2305,31,1000224,1000356,4312,8192,2590,7916,67584,7,4
2967,771239797,1887020847,0,0,0,0,1000000,1000000,1000000,0,1001104,998696,2777,27,1001115,998904,413,2305,31,1000224,1000356,4312,8192,2590,7916,70656,7,4
2968,771267028,1887093042,0,0,0,0,1000000,1000000,1000000,0,1001104,998696,2777,27,1001115,998904,413,2305,31,1000224,1000356,4312,8192,2590,7916,73728,7,4
2969,771371792,1887321379,0,0,0,0,1000000,1000000,1000000,0,1001104,998696,2777,27,1001115,998904,413,2305,31,1000224,1000356,4312,8192,2590,7916,76800,7,4
2970,771868336,1888465846,0,0,0,0,1000000,1000000,1000000,0,1001104,998696,2777,27,1001115,998904,413,2305,31,1000224,1000356,4312,8192,2590,7916,79872,7,4
2971,771893292,1888532080,0,0,0,0,1000000,1000000,1000000,0,1001104,998696,2777,27,1001115,998904,413,2305,31,1000224,1000356,4312,8192,2590,7916,82944,7,4
2972,772132954,1889035081,0,0,0,0,1000000,1000000,1000000,0,1001104,998696,2777,27,1001115,998904,413,2305,31,1000224,1000356,4312,8192,2590,7916,86016,7,4
2973,772735273,1890377355,0,0,0,0,1000000,1000000,1000000,0,1001104,998696,2777,27,1001115,998904,413,2305,31,1000224,1000356,4312,8192,2590,7916,89088,7,4
2974,772762751,1890450328,0,0,0,0,1000000,1000000,1000000,0,1001104,998696,2777,27,1001115,998904,413,2305,31,1000224,1000356,4312,8192,2590,7916,92160,7,4
2975,772902127,1890748802,0,0,0,0,1000000,1000000,1000000,0,1001104,998696,2777,27,1001115,998904,413,2305,31,1000224,1000356,4312,8192,2590,7916,95232,7,4
2976,773392640,1891874663,0,0,0,0,1000000,1000000,1000000,0,1001104,998696,2777,27,1001115,998904,413,2305,31,1000224,1000356,4312,8192,2590,7916,98304,7,4
2977,773417873,1891941916,0,0,0,0,1000000,1000000,1000000,0,1001104,998696,2777,27,1001115,998904,413,2305,31,1000224,1000356,4312,8192,2590,7916,101376,7,4
2978,774045724,1893349646,0,0,0,0,1000000,1000000,1000000,0,1001104,998696,2777,27,1001115,998904,413,2305,31,1000224,1000356,4312,8192,2590,7916,104448,7,4
2979,774070679,1893415853,0,0,0,0,1000000,1000000,1000000,0,1001104,998696,2777,27,1001115,998904,413,2305,31,1000224,1000356,4312,8192,2590,7916,107520,7,4
2980,774155437,1893604988,0,0,0,0,1000000,1000000,1000000,0,1001104,998696,2777,27,1001115,998904,413,2305,31,1000224,1000356,4312,8192,2590,7916,110592,7,4
2981,774685108,1894837694,0,0,0,0,1000000,1000000,1000000,0,1001104,998696,2777,27,1001115,998904,413,2305,31,1000224,1000356,4312,8192,2590,7916,113664,7,4
2982,774712585,1894910743,0,0,0,0,1000000,1000000,1000000,0,1001104,998696,2777,27,1001115,998904,413,2305,31,1000224,1000356,4312,8192,2590,7916,116736,7,4
2983,774905979,1895318679,0,0,0,0,1000000,1000000,1000000,0,1001104,998696,2777,27,1001115,998904,413,2305,31,1000224,1000356,4312,8192,2590,7916,119808,7,4
2984,775545470,1896760523,0,0,0,0,1000000,1000000,1000000,0,1001104,998696,2777,27,1001115,998904,413,2305,31,1000224,1000356,4312,8192,2590,7916,122880,7,4
2985,775570426,1896826786,0,0,0,0,1000000,1000000,1000000,0,1001104,998696,2777,27,1001115,998904,413,2305,31,1000224,1000356,4312,8192,2590,7916,125952,7,4
2986,775663156,1897032394,0,0,0,0,1000000,1000000,1000000,0,1001104,998696,2777,27,1001115,998904,413,2305,31,1000224,1000356,4312,8192,2590,7916,129024,7,4
2987,776210789,1898318232,0,0,0,0,1000000,1000000,1000000,0,1001104,998696,2777,27,1001115,998904,413,2305,31,1000224,1000356,4312,8192,2590,7916,132096,7,4
2988,776238020,1898390508,0,0,0,0,1000000,1000000,1000000,0,1001104,998696,2777,27,1001115,998904,413,2305,31,1000224,1000356,4312,8192,2590,7916,135168,7,4
2989,776405592,1898746118,0,0,0,0,1000000,1000000,1000000,0,1001104,998696,2777,27,1001115,998904,413,2305,31,1000224,1000356,4312,8192,2590,7916,138240,7,4
2990,777028909,1900141852,0,0,0,0,1000000,1000000,1000000,0,1001104,998696,2777,27,1001115,998904,413,2305,31,1000224,1000356,4312,8192,2590,7916,141312,7,4
2991,777053865,1900208078,0,0,0,0,1000000,1000000,1000000,0,1001104,998696,2777,27,1001115,998904,413,2305,31,1000224,1000356,4312,8192,2590,7916,144384,7,4
2992,777169522,1900459820,0,0,0,0,1000000,1000000,1000000,0,1001104,998696,2777,27,1001115,998904,413,2305,31,1000224,1000356,4312,8192,2590,7916,147456,7,4
2993,777684470,1901650992,0,0,0,0,1000000,1000000,1000000,0,1001104,998696,2777,27,1001115,998904,413,2305,31,1000224,1000356,4312,8192,2590,7916,150528,7,4
2994,777711949,1901723957,0,0,0,0,1000000,1000000,1000000,0,1001104,998696,2777,27,1001115,998904,413,2305,31,1000224,1000356,4312,8192,2590,7916,153600,7,4
2995,777925890,1902173526,0,0,0,0,1000000,1000000,1000000,0,1001104,998696,2777,27,1001115,998904,413,2305,31,1000224,1000356,4312,8192,2590,7916,156672,7,4
2996,778541837,1903547680,0,0,0,0,1000000,1000000,1000000,0,1001104,998696,2777,27,1001115,998904,413,2305,31,1000224,1000356,4312,8192,2590,7916,159744,7,4
2997,778566793,1903613967,0,0,0,0,1000000,1000000,1000000,0,1001104,998696,2777,27,1001115,998904,413,2305,31,1000224,1000356,4312,8192,2590,7916,162816,7,4
2998,778692896,1903887234,0,0,0,0,1000000,1000000,1000000,0,1001104,998696,2777,27,1001115,998904,413,2305,31,1000224,1000356,4312,8192,2590,7916,165888,7,4
2999,779208632,1905080295,0,0,0,0,1000000,1000000,1000000,0,1001104,998696,2777,27,1001115,998904,413,2305,31,1000224,1000356,4312,8192,2590,7916,168960,7,4
3000,779235863,1905152520,0,0,0,0,1000000,1000000,1000000,0,1001104,998696,2777,27,1001115,998904,413,2305,31,1000224,1000356,4312,8192,2590,7916,172032,7,4
3001,779449253,1905600936,0,0,0,0,1000000,1000000,1000000,0,1001104,998696,2777,27,1001115,998904,413,2305,31,1000224,1000356,4312,8192,2590,7916,175104,7,4
3002,780074215,1907001265,0,0,0,0,1000000,1000000,1000000,0,1001104,998696,2777,27,1001115,998904,413,2305,31,1000224,1000356,4312,8192,2590,7916,178176,7,4
3003,780099173,1907067484,0,0,0,0,1000000,1000000,1000000,0,1001104,998696,2777,27,1001115,998904,413,2305,31,1000224,1000356,4312,8192,2590,7916,181248,7,4
3004,780212586,1907314652,0,0,0,0,1000000,1000000,1000000,0,1001104,998696,2777,27,1001115,998904,413,2305,31,1000224,1000356,4312,8192,2590,7916,184320,7,4
3005,780730018,1908511931,0,0,0,0,1000000,1000000,1000000,0,1001104,998696,2777,27,1001115,998904,413,2305,31,1000224,1000356,4312,8192,2590,7916,187392,7,4
3006,780757497,1908584976,0,0,0,0,1000000,1000000,1000000,0,1001104,998696,2777,27,1001115,998904,413,2305,31,1000224,1000356,4312,8192,2590,7916,190464,7,4
3007,780968402,1909028368,0,0,0,0,1000000,1000000,1000000,0,1001104,998696,2777,27,1001115,998904,413,2305,31,1000224,1000356,4312,8192,2590,7916,193536,7,4
3008,781641491,1910593836,0,0,0,0,1000000,1000000,1000000,0,1001104,998696,2777,27,1001115,998904,413,2305,31,1000224,1000356,4312,8192,2590,7916,196608,7,4
3009,781671469,1910676249,0,0,0,0,1000000,1000000,1000000,0,1001104,998696,2777,27,1001115,998904,413,2305,31,1000224,1000356,4312,8192,2590,7916,199680,7,4
3010,781703639,1910765144,0,0,0,0,1000000,1000000,1000000,0,1001104,998696,2777,27,1001115,998904,413,2305,31,1000224,1000356,4312,8192,2590,7916,202752,7,4
3011,782279138,1912158547,0,0,0,0,1000000,1000000,1000000,0,1001104,998696,2777,27,1001115,998904,413,2305,31,1000224,1000356,4312,8192,2590,7916,205824,7,4
3012,782311378,1912246851,0,0,0,0,1000000,1000000,1000000,0,1001104,998696,2777,27,1001115,998904,413,2305,31,1000224,1000356,4312,8192,2590,7916,208896,7,4
3013,782403574,1912455766,0,0,0,0,1000000,1000000,1000000,0,1001104,998696,2777,27,1001115,998904,413,2305,31,1000224,1000356,4312,8192,2590,7916,211968,7,4
3014,783089081,1914059114,0,0,0,0,1000000,1000000,1000000,0,1001104,998696,2777,27,1001115,998904,413,2305,31,1000224,1000356,4312,8192,2590,7916,215040,7,4
3015,783119300,1914142131,0,0,0,0,1000000,1000000,1000000,0,1001104,998696,2777,27,1001115,998904,413,2305,31,1000224,1000356,4312,8192,2590,7916,218112,7,4
3016,783150960,1914229568,0,0,0,0,1000000,1000000,1000000,0,1001104,998696,2777,27,1001115,998904,413,2305,31,1000224,1000356,4312,8192,2590,7916,221184,7,4
3017,783727554,1915627587,0,0,0,0,1000000,1000000,1000000,0,1001104,998696,2777,27,1001115,998904,413,2305,31,1000224,1000356,4312,8192,2590,7916,224256,7,4
3018,783760291,1915717243,0,0,0,0,1000000,1000000,1000000,0,1001104,998696,2777,27,1001115,998904,413,2305,31,1000224,1000356,4312,8192,2590,7916,227328,7,4
3019,783831265,1915883181,0,0,0,0,1000000,1000000,1000000,0,1001104,998696,2777,27,1001115,998904,413,2305,31,1000224,1000356,4312,8192,2590,7916,230400,7,4
3020,784508320,1917462002,0,0,0,0,1000000,1000000,1000000,0,1001104,998696,2777,27,1001115,998904,413,2305,31,1000224,1000356,4312,8192,2590,7916,233472,7,4
3021,784538302,1917544459,0,0,0,0,1000000,1000000,1000000,0,1001104,998696,2777,27,1001115,998904,413,2305,31,1000224,1000356,4312,8192,2590,7916,236544,7,4
3022,784570473,1917633388,0,0,0,0,1000000,1000000,1000000,0,1001104,998696,2777,27,1001115,998904,413,2305,31,1000224,1000356,4312,8192,2590,7916,239616,7,4
3023,785146044,1919028591,0,0,0,0,1000000,1000000,1000000,0,1001104,998696,2777,27,1001115,998904,413,2305,31,1000224,1000356,4312,8192,2590,7916,242688,7,4
3024,785178303,1919116908,0,0,0,0,1000000,1000000,1000000,0,1001104,998696,2777,27,1001115,998904,413,2305,31,1000224,1000356,4312,8192,2590,7916,245760,7,4
3025,785263001,1919310609,0,0,0,0,1000000,1000000,1000000,0,1001104,998696,2777,27,1001115,998904,413,2305,31,1000224,1000356,4312,8192,2590,7916,248832,7,4
3026,785948584,1920915107,0,0,0,0,1000000,1000000,1000000,0,1001104,998696,2777,27,1001115,998904,413,2305,31,1000224,1000356,4312,8192,2590,7916,251904,7,4
3027,785978789,1920998067,0,0,0,0,1000000,1000000,1000000,0,1001104,998696,2777,27,1001115,998904,413,2305,31,1000224,1000356,4312,8192,2590,7916,254976,7,4
3028,786010443,1921085551,0,0,0,0,1000000,1000000,1000000,0,1001104,998696,2777,27,1001115,998904,413,2305,31,1000224,1000356,4312,8192,2590,7916,258048,7,4
3029,786583607,1922474747,0,0,0,0,1000000,1000000,1000000,0,1001104,998696,2777,27,1001115,998904,413,2305,31,1000224,1000356,4312,8192,2590,7916,261120,7,4
3030,786616349,1922564553,0,0,0,0,1000000,1000000,1000000,0,1001104,998696,2777,27,1001115,998904,413,2305,31,1000224,1000356,4312,8192,2590,7916,264192,7,4
3031,786691023,1922738028,0,0,0,0,1000000,1000000,1000000,0,1001104,998696,2777,27,1001115,998904,413,2305,31,1000224,1000356,4312,8192,2590,7916,267264,7,4
3032,787367893,1924316199,0,0,0,0,1000000,1000000,1000000,0,1001104,998696,2777,27,1001115,998904,413,2305,31,1000224,1000356,4312,8192,2590,7916,270336,7,4
3033,787397871,1924398612,0,0,0,0,1000000,1000000,1000000,0,1001104,998696,2777,27,1001115,998904,413,2305,31,1000224,1000356,4312,8192,2590,7916,273408,7,4
3034,787430043,1924487562,0,0,0,0,1000000,1000000,1000000,0,1001104,998696,2777,27,1001115,998904,413,2305,31,1000224,1000356,4312,8192,2590,7916,276480,7,4
3035,788005349,1925882253,0,0,0,0,1000000,1000000,1000000,0,1001104,998696,2777,27,1001115,998904,413,2305,31,1000224,1000356,4312,8192,2590,7916,279552,7,4
3036,788037605,1925970563,0,0,0,0,1000000,1000000,1000000,0,1001104,998696,2777,27,1001115,998904,413,2305,31,1000224,1000356,4312,8192,2590,7916,282624,7,4
3037,788122868,1926165445,0,0,0,0,1000000,1000000,1000000,0,1001104,998696,2777,27,1001115,998904,413,2305,31,1000224,1000356,4312,8192,2590,7916,285696,7,4
3038,788843323,1927870901,0,0,0,0,1000000,1000000,1000000,0,1001104,998696,2777,27,1001115,998904,413,2305,31,1000224,1000356,4312,8192,2590,7916,288768,7,4
3039,788873833,1927954850,0,0,0,0,1000000,1000000,1000000,0,1001104,998696,2777,27,1001115,998904,413,2305,31,1000224,1000356,4312,8192,2590,7916,291840,7,4
3040,788900192,1928025202,0,0,0,0,1000000,1000000,1000000,0,1001104,998696,2777,27,1001115,998904,413,2305,31,1000224,1000356,4312,8192,2590,7916,294912,7,4
3041,789438596,1929284824,0,0,0,0,1000000,1000000,1000000,0,1001104,998696,2777,27,1001115,998904,413,2305,31,1000224,1000356,4312,8192,2590,7916,297984,7,4
3042,789466081,1929357831,0,0,0,0,1000000,1000000,1000000,0,1001104,998696,2777,27,1001115,998904,413,2305,31,1000224,1000356,4312,8192,2590,7916,301056,7,4
3043,789574117,1929592854,0,0,0,0,1000000,1000000,1000000,0,1001104,998696,2777,27,1001115,998904,413,2305,31,1000224,1000356,4312,8192,2590,7916,304128,7,4
3044,790221700,1931056596,0,0,0,0,1000000,1000000,1000000,0,1001104,998696,2777,27,1001115,998904,413,2305,31,1000224,1000356,4312,8192,2590,7916,307200,7,4
3045,790246663,1931122922,0,0,0,0,1000000,1000000,1000000,0,1001104,998696,2777,27,1001115,998904,413,2305,31,1000224,1000356,4312,8192,2590,7916,310272,7,4
3046,790328565,1931306565,0,0,0,0,1000000,1000000,1000000,0,1001104,998696,2777,27,1001115,998904,413,2305,31,1000224,1000356,4312,8192,2590,7916,313344,7,4
3047,790853177,1932523867,0,0,0,0,1000000,1000000,1000000,0,1001104,998696,2777,27,1001115,998904,413,2305,31,1000224,1000356,4312,8192,2590,7916,316416,7,4
3048,790880414,1932596080,0,0,0,0,1000000,1000000,1000000,0,1001104,998696,2777,27,1001115,998904,413,2305,31,1000224,1000356,4312,8192,2590,7916,319488,7,4
3049,791081810,1933020276,0,0,0,0,1000000,1000000,1000000,0,1001104,998696,2777,27,1001115,998904,413,2305,31,1000224,1000356,4312,8192,2590,7916,322560,7,4
3050,791668575,1934322037,0,0,0,0,1000000,1000000,1000000,0,1001104,998696,2777,27,1001115,998904,413,2305,31,1000224,1000356,4312,8192,2590,7916,325632,7,4
3051,791693538,1934388283,0,0,0,0,1000000,1000000,1000000,0,1001104,998696,2777,27,1001115,998904,413,2305,31,1000224,1000356,4312,8192,2590,7916,328704,7,4
3052,791855544,1934733993,0,0,0,0,1000000,1000000,1000000,0,1001104,998696,2777,27,1001115,998904,413,2305,31,1000224,1000356,4312,8192,2590,7916,331776,7,4
3053,792333201,1935828830,0,0,0,0,1000000,1000000,1000000,0,1001104,998696,2777,27,1001115,998904,413,2305,31,1000224,1000356,4312,8192,2590,7916,334848,7,4
3054,792360961,1935902877,0,0,0,0,1000000,1000000,1000000,0,1001104,998696,2777,27,1001115,998904,413,2305,31,1000224,1000356,4312,8192,2590,7916,337920,7,4
3055,792945199,1937197791,0,0,0,0,1000000,1000000,1000000,0,1001104,998696,2777,27,1001115,998904,413,2305,31,1000224,1000356,4312,8192,2590,7916,340992,7,4
3056,792972435,1937270014,0,0,0,0,1000000,1000000,1000000,0,1001104,998696,2777,27,1001115,998904,413,2305,31,1000224,1000356,4312,8192,2590,7916,344064,7,4
3057,793122516,1937590147,0,0,0,0,1000000,1000000,1000000,0,1001104,998696,2777,27,1001115,998904,413,2305,31,1000224,1000356,4312,8192,2590,7916,347136,7,4
3058,793602045,1938689743,0,0,0,0,1000000,1000000,1000000,0,1001104,998696,2777,27,1001115,998904,413,2305,31,1000224,1000356,4312,8192,2590,7916,350208,7,4
3059,793627282,1938757022,0,0,0,0,1000000,1000000,1000000,0,1001104,998696,2777,27,1001115,998904,413,2305,31,1000224,1000356,4312,8192,2590,7916,353280,7,4
3060,794205976,1940035063,0,0,0,0,1000000,1000000,1000000,0,1001104,998696,2777,27,1001115,998904,413,2305,31,1000224,1000356,4312,8192,2590,7916,356352,7,4
3061,794230943,1940101370,0,0,0,0,1000000,1000000,1000000,0,1001104,998696,2777,27,1001115,998904,413,2305,31,1000224,1000356,4312,8192,2590,7916,359424,7,4
3062,794392442,1940446329,0,0,0,0,1000000,1000000,1000000,0,1001104,998696,2777,27,1001115,998904,413,2305,31,1000224,1000356,4312,8192,2590,7916,362496,7,4
3063,794862616,1941519089,0,0,0,0,1000000,1000000,1000000,0,1001104,998696,2777,27,1001115,998904,413,2305,31,1000224,1000356,4312,8192,2590,7916,364544,7,4
3064,794898677,1941612219,0,0,0,0,1000000,1000000,1000000,0,1001104,998696,2777,27,1001115,998904,413,2305,24,1000224,1000356,4312,8192,2590,7916,0,7,4
3065,795495663,1942951453,0,0,0,0,1000000,1000000,1000000,0,1001103,998696,2641,27,1001114,998904,864,1581,24,1000224,1000356,4312,8192,2590,7916,1024,7,4
3066,795523186,1943024952,0,0,0,0,1000000,1000000,1000000,0,1001103,998696,2641,27,1001114,998904,864,1581,24,1000224,1000356,4312,8192,2590,7916,2048,7,4
3067,795652039,1943302507,0,0,0,0,1000000,1000000,1000000,0,1001103,998696,2641,27,1001114,998904,864,1581,24,1000224,1000356,4312,8192,2590,7916,3072,7,4
3068,796136612,1944410740,0,0,0,0,1000000,1000000,1000000,0,1001103,998696,2437,27,1001114,998904,1795,707,24,1000224,1000356,4312,8192,2590,7916,4096,7,4
3069,796161913,1944478484,0,0,0,0,1000000,1000000,1000000,0,1001103,998696,2437,27,1001114,998904,1795,707,24,1000224,1000356,4312,8192,2590,7916,5120,7,4
3070,796757314,1945814509,0,0,0,0,1000000,1000000,1000000,0,1001103,998696,2301,27,1001114,998904,2547,304,24,1000224,1000356,4312,8192,2590,7916,6144,7,4
3071,796782343,1945881319,0,0,0,0,1000000,1000000,1000000,0,1001103,998696,2301,27,1001114,998904,2547,304,24,1000224,1000356,4312,8192,2590,7916,7168,7,4
3072,796909193,1946158699,0,0,0,0,1000000,1000000,1000000,0,1001103,998696,2301,27,1001114,998904,2547,304,24,1000224,1000356,4312,8192,2590,7916,8192,7,4
3073,797397750,1947293831,0,0,0,0,1000000,1000000,1000000,0,1001103,998695,2097,27,1001114,998903,3789,11,24,1000224,1000356,4312,8192,2590,7916,9216,7,4
3074,797425585,1947368355,0,0,0,0,1000000,1000000,1000000,0,1001103,998695,2097,27,1001114,998903,3789,11,24,1000224,1000356,4312,8192,2590,7916,10240,7,4
3075,798020553,1948703583,0,0,0,0,1000000,1000000,1000000,0,1001103,998695,1961,27,1001114,998903,4641,37,24,1000224,1000356,4312,8192,2590,7916,11264,7,4
3076,798047872,1948776337,0,0,0,0,1000000,1000000,1000000,0,1001103,998695,1961,27,1001114,998903,4641,37,24,1000224,1000356,4312,8192,2590,7916,12288,7,4
3077,798157493,1949014863,0,0,0,0,1000000,1000000,1000000,0,1001103,998695,1961,27,1001114,998903,4641,37,24,1000224,1000356,4312,8192,2590,7916,13312,7,4
3078,798648380,1950141860,0,0,0,0,1000000,1000000,1000000,0,1001103,998694,1757,27,1001114,998902,5865,402,24,1000224,1000356,4312,8192,2590,7916,14336,7,4
3079,798673433,1950208702,0,0,0,0,1000000,1000000,1000000,0,1001103,998694,1757,27,1001114,998902,5865,402,24,1000224,1000356,4312,8192,2590,7916,15360,7,4
3080,799263942,1951515096,0,0,0,0,1000000,1000000,1000000,0,1001104,998694,1621,27,1001115,998902,6591,848,24,1000224,1000356,4312,8192,2590,7916,16384,7,4
3081,799297407,1951601050,0,0,0,0,1000000,1000000,1000000,0,1001104,998694,1621,27,1001115,998902,6591,848,24,1000224,1000356,4312,8192,2590,7916,17408,7,4
3082,799420618,1951871062,0,0,0,0,1000000,1000000,1000000,0,1001104,998694,1621,27,1001115,998902,6591,848,24,1000224,1000356,4312,8192,2590,7916,18432,7,4
3083,799910509,1952994899,0,0,0,0,1000000,1000000,1000000,0,1001105,998692,1417,27,1001116,998900,7470,1774,24,1000224,1000356,4312,8192,2590,7916,19456,7,4
3084,799946524,1953087813,0,0,0,0,1000000,1000000,1000000,0,1001105,998692,1417,27,1001116,998900,7470,1774,24,1000224,1000356,4312,8192,2590,7916,20480,7,4
3085,800543747,1954413641,0,0,0,0,1000000,1000000,1000000,0,1001107,998691,1399,27,1001118,998899,7533,1868,24,1000224,1000356,4312,8192,2590,7916,21504,7,4
3086,800579734,1954506427,0,0,0,0,1000000,1000000,1000000,0,1001107,998691,1399,27,1001118,998899,7533,1868,24,1000224,1000356,4312,8192,2590,7916,22528,7,4
3087,800679529,1954727219,0,0,0,0,1000000,1000000,1000000,0,1001107,998691,1399,27,1001118,998899,7533,1868,24,1000224,1000356,4312,8192,2590,7916,23552,7,4
3088,801165516,1955839517,0,0,0,0,1000000,1000000,1000000,0,1001110,998689,1386,27,1001121,998897,7577,1937,24,1000224,1000356,4312,8192,2590,7916,24576,7,4
3089,801199018,1955925629,0,0,0,0,1000000,1000000,1000000,0,1001110,998689,1386,27,1001121,998897,7577,1937,24,1000224,1000356,4312,8192,2590,7916,24576,7,4
3090,801791437,1957237924,0,0,0,0,1000000,1000000,1000000,0,1001112,998688,1386,27,1001123,998896,7577,1937,24,1000224,1000356,4312,8192,2590,7916,24576,7,4
3091,801824691,1957323230,0,0,0,0,1000000,1000000,1000000,0,1001112,998688,1386,27,1001123,998896,7577,1937,24,1000224,1000356,4312,8192,2590,7916,24576,7,4
3092,801942300,1957583409,0,0,0,0,1000000,1000000,1000000,0,1001112,998688,1386,27,1001123,998896,7577,1937,1,1000224,1000356,4312,8192,2590,7916,0,7,4
3093,802444694,1958752061,0,0,0,0,1000000,1000000,1000000,0,1001116,998686,1366,27,1001126,998894,7641,2045,1,1000224,1000356,4312,8192,2590,7916,1024,7,4
3094,802480976,1958846159,0,0,0,0,1000000,1000000,1000000,0,1001116,998686,1366,27,1001126,998894,7641,2045,1,1000224,1000356,4312,8192,2590,7916,2048,7,4
3095,802693914,1959297111,0,0,0,0,1000000,1000000,1000000,0,1001116,998686,1366,27,1001126,998894,7641,2045,1,1000224,1000356,4312,8192,2590,7916,3072,7,4
3096,803296737,1960634305,0,0,0,0,1000000,1000000,1000000,0,1001119,998684,1366,27,1001129,998892,7641,2045,1,1000224,1000356,4312,8192,2590,7916,4096,7,4
3097,803330330,1960721377,0,0,0,0,1000000,1000000,1000000,0,1001119,998684,1366,27,1001129,998892,7641,2045,1,1000224,1000356,4312,8192,2590,7916,5120,7,4
3098,803462758,1961010845,0,0,0,0,1000000,1000000,1000000,0,1001119,998684,1366,27,1001129,998892,7641,2045,1,1000224,1000356,4312,8192,2590,7916,6144,7,4
3099,803965327,1962179288,0,0,0,0,1000000,1000000,1000000,0,1001123,998682,1306,27,1001132,998890,7815,2380,1,1000224,1000356,4312,8192,2590,7916,7168,7,4
3100,804000930,1962271489,0,0,0,0,1000000,1000000,1000000,0,1001123,998682,1306,27,1001132,998890,7815,2380,1,1000224,1000356,4312,8192,2590,7916,8192,7,4
3101,804215144,1962724537,0,0,0,0,1000000,1000000,1000000,0,1001123,998682,1306,27,1001132,998890,7815,2380,1,1000224,1000356,4312,8192,2590,7916,9216,7,4
3102,804809236,1964046844,0,0,0,0,1000000,1000000,1000000,0,1001127,998680,1238,27,1001135,998888,7973,2776,1,1000224,1000356,4312,8192,2590,7916,10240,7,4
3103,804842549,1964132936,0,0,0,0,1000000,1000000,1000000,0,1001127,998680,1238,27,1001135,998888,7973,2776,1,1000224,1000356,4312,8192,2590,7916,11264,7,4
3104,804983129,1964438235,0,0,0,0,1000000,1000000,1000000,0,1001127,998680,1238,27,1001135,998888,7973,2776,1,1000224,1000356,4312,8192,2590,7916,12288,7,4
3105,805468556,1965550906,0,0,0,0,1000000,1000000,1000000,0,1001131,998679,1205,27,1001138,998887,8036,2974,1,1000224,1000356,4312,8192,2590,7916,13312,7,4
3106,805504678,1965644776,0,0,0,0,1000000,1000000,1000000,0,1001131,998679,1205,27,1001138,998887,8036,2974,1,1000224,1000356,4312,8192,2590,7916,14336,7,4
3107,806090954,1966947735,0,0,0,0,1000000,1000000,1000000,0,1001134,998678,1155,27,1001140,998886,8110,3279,1,1000224,1000356,4312,8192,2590,7916,15360,7,4
3108,806126535,1967039808,0,0,0,0,1000000,1000000,1000000,0,1001134,998678,1155,27,1001140,998886,8110,3279,1,1000224,1000356,4312,8192,2590,7916,16384,7,4
3109,806242784,1967294431,0,0,0,0,1000000,1000000,1000000,0,1001134,998678,1155,27,1001140,998886,8110,3279,1,1000224,1000356,4312,8192,2590,7916,17408,7,4
3110,806729270,1968410518,0,0,0,0,1000000,1000000,1000000,0,1001138,998677,1142,27,1001143,998885,8125,3359,1,1000224,1000356,4312,8192,2590,7916,18432,7,4
3111,806762848,1968497587,0,0,0,0,1000000,1000000,1000000,0,1001138,998677,1142,27,1001143,998885,8125,3359,1,1000224,1000356,4312,8192,2590,7916,19456,7,4
3112,807343954,1969783813,0,0,0,0,1000000,1000000,1000000,0,1001141,998677,1126,27,1001146,998885,8142,3458,1,1000224,1000356,4312,8192,2590,7916,20480,7,4
3113,807377250,1969869882,0,0,0,0,1000000,1000000,1000000,0,1001141,998677,1126,27,1001146,998885,8142,3458,1,1000224,1000356,4312,8192,2590,7916,21504,7,4
3114,807505565,1970150620,0,0,0,0,1000000,1000000,1000000,0,1001141,998677,1126,27,1001146,998885,8142,3458,1,1000224,1000356,4312,8192,2590,7916,22528,7,4
3115,807989558,1971259856,0,0,0,0,1000000,1000000,1000000,0,1001145,998676,1126,27,1001150,998884,8142,3458,1,1000224,1000356,4312,8192,2590,7916,23552,7,4
3116,808025402,1971352894,0,0,0,0,1000000,1000000,1000000,0,1001145,998676,1126,27,1001150,998884,8142,3458,1,1000224,1000356,4312,8192,2590,7916,24576,7,4
3117,808610982,1972653753,0,0,0,0,1000000,1000000,1000000,0,1001148,998676,1155,27,1001153,998884,8110,3279,1,1000224,1000356,4312,8192,2590,7916,25600,7,4
3118,808646830,1972746658,0,0,0,0,1000000,1000000,1000000,0,1001148,998676,1155,27,1001153,998884,8110,3279,1,1000224,1000356,4312,8192,2590,7916,26624,7,4
3119,808765800,1973006781,0,0,0,0,1000000,1000000,1000000,0,1001148,998676,1155,27,1001153,998884,8110,3279,1,1000224,1000356,4312,8192,2590,7916,27648,7,4
3120,809243432,1974096702,0,0,0,0,1000000,1000000,1000000,0,1001152,998674,1291,27,1001157,998882,7854,2466,1,1000224,1000356,4312,8192,2590,7916,28672,7,4
3121,809277017,1974183764,0,0,0,0,1000000,1000000,1000000,0,1001152,998674,1291,27,1001157,998882,7854,2466,1,1000224,1000356,4312,8192,2590,7916,29696,7,4
3122,809882287,1975527832,0,0,0,0,1000000,1000000,1000000,0,1001154,998673,1370,27,1001159,998881,7629,2023,1,1000224,1000356,4312,8192,2590,7916,30720,7,4
3123,809915930,1975614671,0,0,0,0,1000000,1000000,1000000,0,1001154,998673,1370,27,1001159,998881,7629,2023,1,1000224,1000356,4312,8192,2590,7916,31744,7,4
3124,810028419,1975862982,0,0,0,0,1000000,1000000,1000000,0,1001154,998673,1370,27,1001159,998881,7629,2023,1,1000224,1000356,4312,8192,2590,7916,32768,7,4
3125,810517059,1976984045,0,0,0,0,1000000,1000000,1000000,0,1001158,998671,1373,27,1001163,998879,7619,2007,1,1000224,1000356,4312,8192,2590,7916,33792,7,4
3126,810553496,1977078577,0,0,0,0,1000000,1000000,1000000,0,1001158,998671,1373,27,1001163,998879,7619,2007,1,1000224,1000356,4312,8192,2590,7916,34816,7,4
3127,811145838,1978396096,0,0,0,0,1000000,1000000,1000000,0,1001160,998669,1441,27,1001165,998877,7383,1651,1,1000224,1000356,4312,8192,2590,7916,35840,7,4
3128,811181760,1978488948,0,0,0,0,1000000,1000000,1000000,0,1001160,998669,1441,27,1001165,998877,7383,1651,1,1000224,1000356,4312,8192,2590,7916,36864,7,4
3129,811285962,1978719155,0,0,0,0,1000000,1000000,1000000,0,1001160,998669,1441,27,1001165,998877,7383,1651,1,1000224,1000356,4312,8192,2590,7916,37888,7,4
3130,811780285,1979854544,0,0,0,0,1000000,1000000,1000000,0,1001163,998666,1531,27,1001168,998874,7015,1223,1,1000224,1000356,4312,8192,2590,7916,38912,7,4
3131,811814202,1979942196,0,0,0,0,1000000,1000000,1000000,0,1001163,998666,1531,27,1001168,998874,7015,1223,1,1000224,1000356,4312,8192,2590,7916,39936,7,4
3132,812403057,1981248421,0,0,0,0,1000000,1000000,1000000,0,1001165,998664,1599,27,1001170,998872,6699,934,1,1000224,1000356,4312,8192,2590,7916,40960,7,4
3133,812436697,1981335102,0,0,0,0,1000000,1000000,1000000,0,1001165,998664,1599,27,1001170,998872,6699,934,1,1000224,1000356,4312,8192,2590,7916,41984,7,4
3134,812545037,1981575326,0,0,0,0,1000000,1000000,1000000,0,1001165,998664,1599,27,1001170,998872,6699,934,1,1000224,1000356,4312,8192,2590,7916,43008,7,4
3135,813032989,1982693978,0,0,0,0,1000000,1000000,1000000,0,1001168,998661,1610,27,1001173,998869,6646,891,1,1000224,1000356,4312,8192,2590,7916,44032,7,4
3136,813069190,1982787667,0,0,0,0,1000000,1000000,1000000,0,1001168,998661,1610,27,1001173,998869,6646,891,1,1000224,1000356,4312,8192,2590,7916,45056,7,4
3137,813658627,1984097430,0,0,0,0,1000000,1000000,1000000,0,1001169,998659,1641,27,1001175,998867,6491,773,1,1000224,1000356,4312,8192,2590,7916,46080,7,4
3138,813694802,1984190999,0,0,0,0,1000000,1000000,1000000,0,1001169,998659,1641,27,1001175,998867,6491,773,1,1000224,1000356,4312,8192,2590,7916,47104,7,4
3139,813804091,1984431511,0,0,0,0,1000000,1000000,1000000,0,1001169,998659,1641,27,1001175,998867,6491,773,1,1000224,1000356,4312,8192,2590,7916,48128,7,4
3140,814277482,1985508287,0,0,0,0,1000000,1000000,1000000,0,1001172,998655,1650,27,1001178,998864,6445,740,1,1000224,1000356,4312,8192,2590,7916,49152,7,4
3141,814311398,1985596004,0,0,0,0,1000000,1000000,1000000,0,1001172,998655,1650,27,1001178,998864,6445,740,1,1000224,1000356,4312,8192,2590,7916,50176,7,4
3142,814890400,1986874717,0,0,0,0,1000000,1000000,1000000,0,1001173,998653,1686,27,1001180,998862,6256,616,1,1000224,1000356,4312,8192,2590,7916,51200,7,4
3143,814924049,1986961556,0,0,0,0,1000000,1000000,1000000,0,1001173,998653,1686,27,1001180,998862,6256,616,1,1000224,1000356,4312,8192,2590,7916,52224,7,4
3144,815074959,1987287688,0,0,0,0,1000000,1000000,1000000,0,1001173,998653,1686,27,1001180,998862,6256,616,1,1000224,1000356,4312,8192,2590,7916,53248,7,4
3145,815550377,1988368975,0,0,0,0,1000000,1000000,1000000,0,1001175,998649,1698,27,1001183,998859,6192,577,1,1000224,1000356,4312,8192,2590,7916,54272,7,4
3146,815587959,1988465983,0,0,0,0,1000000,1000000,1000000,0,1001175,998649,1698,27,1001183,998859,6192,577,1,1000224,1000356,4312,8192,2590,7916,55296,7,4
3147,816385801,1990168931,0,0,0,0,1000000,1000000,1000000,0,1001177,998647,1705,29,1001186,998857,6154,555,1,1000224,1000356,4332,8192,2590,7916,56320,7,4
3148,816425597,1990269808,0,0,0,0,1000000,1000000,1000000,0,1001177,998647,1705,29,1001186,998857,6154,555,1,1000224,1000356,4332,8192,2590,7916,57344,7,4
3149,816462120,1990363854,0,0,0,0,1000000,1000000,1000000,0,1001177,998647,1705,29,1001186,998857,6154,555,1,1000224,1000356,4332,8192,2590,7916,58368,7,4
3150,816625006,1990715108,0,0,0,0,1000000,1000000,1000000,0,1001177,998647,1705,29,1001186,998857,6154,555,1,1000224,1000356,4332,8192,2590,7916,59392,7,4
3151,817127412,1991866392,0,0,0,0,1000000,1000000,1000000,0,1001180,998642,1719,39,1001194,998853,6077,511,1,1000224,1000356,4411,8192,2590,7916,60416,7,4
3152,817165722,1991964190,0,0,0,0,1000000,1000000,1000000,0,1001180,998642,1719,39,1001194,998853,6077,511,1,1000224,1000356,4411,8192,2590,7916,61440,7,4
3153,817384878,1992428799,0,0,0,0,1000000,1000000,1000000,0,1001180,998642,1719,39,1001194,998853,6077,511,1,1000224,1000356,4411,8192,2590,7916,62464,7,4
3154,818021114,1993852143,0,0,0,0,1000000,1000000,1000000,0,1001182,998638,1769,129,1001232,998842,5796,370,1,1000224,1000360,5105,8073,2524,7881,63488,7,4
3155,818057983,1993946999,0,0,0,0,1000000,1000000,1000000,0,1001182,998638,1769,129,1001232,998842,5796,370,1,1000224,1000360,5105,8073,2524,7881,64512,7,4
3156,818143929,1994142534,0,0,0,0,1000000,1000000,1000000,0,1001182,998638,1769,129,1001232,998842,5796,370,1,1000224,1000360,5105,8073,2524,7881,65536,7,4
3157,818702990,1995424209,0,0,0,0,1000000,1000000,1000000,0,1001183,998635,1745,228,1001267,998826,5933,435,1,1000224,1000365,5774,7852,2432,7844,66560,7,4
3158,818743756,1995527538,0,0,0,0,1000000,1000000,1000000,0,1001183,998635,1745,228,1001267,998826,5933,435,1,1000224,1000365,5774,7852,2432,7844,67584,7,4
3159,818896008,1995856231,0,0,0,0,1000000,1000000,1000000,0,1001183,998635,1745,228,1001267,998826,5933,435,1,1000224,1000365,5774,7852,2432,7844,68608,7,4
3160,819742379,1997684359,0,0,0,0,1000000,1000000,1000000,0,1001185,998631,1853,343,1001299,998804,5303,182,1,1000224,1000369,6384,7509,2367,7809,69632,7,4
3161,819779530,1997779726,0,0,0,0,1000000,1000000,1000000,0,1001185,998631,1853,343,1001299,998804,5303,182,1,1000224,1000369,6384,7509,2367,7809,70656,7,4
3162,819817625,1997879502,0,0,0,0,1000000,1000000,1000000,0,1001185,998631,1853,343,1001299,998804,5303,182,2,1000224,1000369,6384,7509,2367,7809,26624,7,4
3163,819936533,1998141157,0,0,0,0,1000000,1000000,1000000,0,1001185,998631,1853,343,1001299,998804,5303,182,2,1000224,1000369,6384,7509,2367,7809,27648,7,4
3164,820530001,1999514720,0,0,0,0,1000000,1000000,1000000,0,1001188,998615,1939,553,1001339,998763,4778,57,2,1000224,1000365,7113,6873,2432,7844,28672,7,4
3165,820582819,1999642300,0,0,0,0,1000000,1000000,1000000,0,1001188,998615,1939,553,1001339,998763,4778,57,2,1000224,1000365,7113,6873,2432,7844,29696,7,4
3166,820676147,1999854890,0,0,0,0,1000000,1000000,1000000,0,1001188,998615,1939,553,1001339,998763,4778,57,2,1000224,1000365,7113,6873,2432,7844,30720,7,4
3167,821507427,2001645905,0,0,0,0,1000000,1000000,1000000,0,1001190,998615,1954,553,1001341,998757,4685,43,0,1000224,1000365,7113,6873,2432,7844,0,7,4
3168,821561564,2001778091,0,0,0,0,1000000,1000000,1000000,0,1001190,998615,1954,553,1001341,998757,4685,43,2,1000224,1000365,7113,6873,2432,7844,0,7,4
3169,821610452,2001898266,0,0,0,0,1000000,1000000,1000000,0,1001190,998615,1954,553,1001341,998757,4685,43,2,1000224,1000365,7113,6873,2432,7844,1024,7,4
3170,821719017,2002139831,0,0,0,0,1000000,1000000,1000000,0,1001190,998615,1954,553,1001341,998757,4685,43,0,1000224,1000365,7113,6873,2432,7844,0,7,4
3171,822263967,2003396014,0,0,0,0,1000000,1000000,1000000,0,1001193,998615,1947,553,1001344,998754,4728,49,2,1000224,1000365,7113,6873,2432,7844,0,7,4
3172,822317973,2003528153,0,0,0,0,1000000,1000000,1000000,0,1001193,998615,1947,553,1001344,998754,4728,49,2,1000224,1000365,7113,6873,2432,7844,1024,7,4
3173,822467961,2003853537,0,0,0,0,1000000,1000000,1000000,0,1001193,998615,1947,553,1001344,998754,4728,49,2,1000224,1000365,7113,6873,2432,7844,2048,7,4
3174,823127192,2005332581,0,0,0,0,1000000,1000000,1000000,0,1001195,998615,1947,553,1001346,998754,4728,49,0,1000224,1000365,7113,6873,2432,7844,0,7,4
3175,823177079,2005454156,0,0,0,0,1000000,1000000,1000000,0,1001195,998615,1947,553,1001346,998754,4728,49,2,1000224,1000365,7113,6873,2432,7844,0,7,4
3176,823230437,2005585652,0,0,0,0,1000000,1000000,1000000,0,1001195,998615,1947,553,1001346,998754,4728,49,2,1000224,1000365,7113,6873,2432,7844,1024,7,4
3177,823776048,2006850381,0,0,0,0,1000000,1000000,1000000,0,1001197,998615,1947,553,1001348,998754,4728,49,0,1000224,1000365,7113,6873,2432,7844,0,7,4
3178,823833746,2006989818,0,0,0,0,1000000,1000000,1000000,0,1001197,998615,1947,553,1001348,998754,4728,49,2,1000224,1000365,7113,6873,2432,7844,0,7,4
3179,823966781,2007280942,0,0,0,0,1000000,1000000,1000000,0,1001197,998615,1947,553,1001348,998754,4728,49,2,1000224,1000365,7113,6873,2432,7844,1024,7,4
3180,824640753,2008802345,0,0,0,0,1000000,1000000,1000000,0,1001200,998615,1947,553,1001351,998754,4728,49,2,1000224,1000365,7113,6873,2432,7844,2048,7,4
3181,824687917,2008916769,0,0,0,0,1000000,1000000,1000000,0,1001200,998615,1947,553,1001351,998754,4728,49,0,1000224,1000365,7113,6873,2432,7844,0,7,4
3182,824739864,2009045408,0,0,0,0,1000000,1000000,1000000,0,1001200,998615,1947,553,1001351,998754,4728,49,2,1000224,1000365,7113,6873,2432,7844,0,7,4
3183,825297346,2010344843,0,0,0,0,1000000,1000000,1000000,0,1001202,998615,1947,553,1001353,998754,4728,49,2,1000224,1000365,7113,6873,2432,7844,1024,7,4
3184,825348734,2010469852,0,0,0,0,1000000,1000000,1000000,0,1001202,998615,1947,553,1001353,998754,4728,49,0,1000224,1000365,7113,6873,2432,7844,0,7,4
3185,825455245,2010708362,0,0,0,0,1000000,1000000,1000000,0,1001202,998615,1947,553,1001353,998754,4728,49,2,1000224,1000365,7113,6873,2432,7844,0,7,4
3186,826128128,2012226648,0,0,0,0,1000000,1000000,1000000,0,1001204,998615,1928,553,1001355,998754,4846,70,2,1000224,1000365,7113,6873,2432,7844,1024,7,4
3187,826180672,2012355296,0,0,0,0,1000000,1000000,1000000,0,1001204,998615,1928,553,1001355,998754,4846,70,2,1000224,1000365,7113,6873,2432,7844,2048,7,4
3188,826233644,2012486347,0,0,0,0,1000000,1000000,1000000,0,1001204,998615,1928,553,1001355,998754,4846,70,2,1000224,1000365,7113,6873,2432,7844,3072,7,4
3189,826842123,2013904129,0,0,0,0,1000000,1000000,1000000,0,1001207,998615,1933,566,1001360,998752,4815,64,2,1000224,1000365,7153,6833,2432,7844,4096,7,4
3190,826895763,2014035727,0,0,0,0,1000000,1000000,1000000,0,1001207,998615,1933,566,1001360,998752,4815,64,2,1000224,1000365,7153,6833,2432,7844,5120,7,4
3191,826947693,2014164004,0,0,0,0,1000000,1000000,1000000,0,1001207,998615,1933,566,1001360,998752,4815,64,2,1000224,1000365,7153,6833,2432,7844,6144,7,4
3192,827683966,2015840131,0,0,0,0,1000000,1000000,1000000,0,1001212,998615,1798,651,1001376,998736,5629,298,2,1000224,1000365,7412,6513,2432,7844,7168,7,4
3193,827736296,2015968004,0,0,0,0,1000000,1000000,1000000,0,1001212,998615,1798,651,1001376,998736,5629,298,2,1000224,1000365,7412,6513,2432,7844,8192,7,4
3194,827794436,2016108388,0,0,0,0,1000000,1000000,1000000,0,1001212,998615,1798,651,1001376,998736,5629,298,2,1000224,1000365,7412,6513,2432,7844,9216,7,4
3195,828392889,2017491632,0,0,0,0,1000000,1000000,1000000,0,1001216,998615,1799,731,1001391,998717,5623,296,2,1000224,1000365,7652,6134,2432,7844,10240,7,4
3196,828446143,2017622404,0,0,0,0,1000000,1000000,1000000,0,1001216,998615,1799,731,1001391,998717,5623,296,2,1000224,1000365,7652,6134,2432,7844,11264,7,4
3197,828496870,2017746967,0,0,0,0,1000000,1000000,1000000,0,1001216,998615,1799,731,1001391,998717,5623,296,2,1000224,1000365,7652,6134,2432,7844,12288,7,4
3198,829307350,2019540730,0,0,0,0,1000000,1000000,1000000,0,1001220,998615,1879,817,1001406,998692,5146,138,2,1000224,1000365,7892,5634,2432,7844,13312,7,4
3199,829359257,2019667674,0,0,0,0,1000000,1000000,1000000,0,1001220,998615,1879,817,1001406,998692,5146,138,2,1000224,1000365,7892,5634,2432,7844,14336,7,4
3200,829409581,2019791008,0,0,0,0,1000000,1000000,1000000,0,1001220,998615,1879,817,1001406,998692,5146,138,0,1000224,1000365,7892,5634,2432,7844,0,7,4
3201,829460373,2019916617,0,0,0,0,1000000,1000000,1000000,0,1001220,998615,1879,817,1001406,998692,5146,138,2,1000224,1000365,7892,5634,2432,7844,0,7,4
3202,830190654,2021602481,0,0,0,0,1000000,1000000,1000000,0,1001224,998615,1967,926,1001422,998654,4604,32,2,1000224,1000365,8132,4875,2432,7844,1024,7,4
3203,830240886,2021724541,0,0,0,0,1000000,1000000,1000000,0,1001224,998615,1967,926,1001422,998654,4604,32,0,1000224,1000365,8132,4875,2432,7844,0,7,4
3204,830290490,2021846533,0,0,0,0,1000000,1000000,1000000,0,1001224,998615,1967,926,1001422,998654,4604,32,0,1000224,1000365,8132,4875,2432,7844,613,7,4
3205,830421472,2022133101,0,0,0,0,1000000,1000000,1000000,0,1001224,998615,1967,926,1001422,998654,4604,32,0,1000224,1000365,8132,4875,2432,7844,1226,7,4
3206,831630598,2024828503,0,0,0,0,1000000,1000000,1000000,0,1001224,998615,2051,1066,1001236,998614,4078,0,0,1000224,1000279,8192,3755,2521,7876,1839,7,4
3207,831681931,2024952114,0,0,0,0,1000000,1000000,1000000,0,1001224,998615,2051,1066,1001236,998614,4078,0,0,1000224,1000279,8192,3755,2521,7876,2452,7,4
3208,831732108,2025074375,0,0,0,0,1000000,1000000,1000000,0,1001224,998615,2051,1066,1001236,998614,4078,0,0,1000224,1000279,8192,3755,2521,7876,3065,7,4
3209,831782920,2025198410,0,0,0,0,1000000,1000000,1000000,0,1001224,998615,2051,1066,1001236,998614,4078,0,2,1000224,1000279,8192,3755,2521,7876,0,7,4
3210,831833602,2025321198,0,0,0,0,1000000,1000000,1000000,0,1001224,998615,2051,1066,1001236,998614,4078,0,0,1000224,1000279,8192,3755,2521,7876,0,7,4
3211,832794042,2027578029,0,0,0,0,1000000,1000000,1000000,0,1001222,998615,2167,1194,1001234,998611,3353,68,2,1000224,1000279,8192,2731,2521,7876,0,7,4
3212,832846763,2027706904,0,0,0,0,1000000,1000000,1000000,0,1001222,998615,2167,1194,1001234,998611,3353,68,2,1000224,1000279,8192,2731,2521,7876,1024,7,4
3213,832898411,2027832946,0,0,0,0,1000000,1000000,1000000,0,1001222,998615,2167,1194,1001234,998611,3353,68,2,1000224,1000279,8192,2731,2521,7876,2048,7,4
3214,832952106,2027964318,0,0,0,0,1000000,1000000,1000000,0,1001222,998615,2167,1194,1001234,998611,3353,68,2,1000224,1000279,8192,2731,2521,7876,3072,7,4
3215,833004174,2028090996,0,0,0,0,1000000,1000000,1000000,0,1001222,998615,2167,1194,1001234,998611,3353,68,2,1000224,1000279,8192,2731,2521,7876,4096,7,4
3216,834146150,2030733695,0,0,0,0,1000000,1000000,1000000,0,1001217,998615,2220,1353,1001231,998606,3029,141,2,1000224,1000281,7680,1792,2410,7951,5120,7,4
3217,834197718,2030859490,0,0,0,0,1000000,1000000,1000000,0,1001217,998615,2220,1353,1001231,998606,3029,141,2,1000224,1000281,7680,1792,2410,7951,6144,7,4
3218,834250342,2030988150,0,0,0,0,1000000,1000000,1000000,0,1001217,998615,2220,1353,1001231,998606,3029,141,2,1000224,1000281,7680,1792,2410,7951,7168,7,4
3219,834301406,2031112208,0,0,0,0,1000000,1000000,1000000,0,1001217,998615,2220,1353,1001231,998606,3029,141,2,1000224,1000281,7680,1792,2410,7951,8192,7,4
3220,834370605,2031273486,0,0,0,0,1000000,1000000,1000000,0,1001217,998615,2220,1353,1001231,998606,3029,141,2,1000224,1000281,7680,1792,2410,7951,9216,7,4
3221,834422305,2031398964,0,0,0,0,1000000,1000000,1000000,0,1001217,998615,2220,1353,1001231,998606,3029,141,2,1000224,1000281,7680,1792,2410,7951,10240,7,4
3222,835364411,2033597218,0,0,0,0,1000000,1000000,1000000,0,1001211,998615,2185,1536,1001219,998607,3242,90,2,1000224,1000279,7074,1118,2390,7850,11264,7,4
3223,835410067,2033709539,0,0,0,0,1000000,1000000,1000000,0,1001211,998615,2185,1536,1001219,998607,3242,90,0,1000224,1000279,7074,1118,2390,7850,0,7,4
3224,835460059,2033830832,0,0,0,0,1000000,1000000,1000000,0,1001211,998615,2185,1536,1001219,998607,3242,90,0,1000224,1000279,7074,1118,2390,7850,613,7,4
3225,835504924,2033941692,0,0,0,0,1000000,1000000,1000000,0,1001211,998615,2185,1536,1001219,998607,3242,90,0,1000224,1000279,7074,1118,2390,7850,1226,7,4
3226,835586509,2034129044,0,0,0,0,1000000,1000000,1000000,0,1001211,998615,2185,1536,1001219,998607,3242,90,2,1000224,1000279,7074,1118,2390,7850,0,7,4
3227,836635963,2036545975,0,0,0,0,1000000,1000000,1000000,0,1001214,998615,1845,1536,1001221,998607,5351,198,2,1000224,1000279,7074,1118,2390,7850,1024,7,4
3228,836688349,2036673921,0,0,0,0,1000000,1000000,1000000,0,1001214,998615,1845,1536,1001221,998607,5351,198,2,1000224,1000279,7074,1118,2390,7850,2048,7,4
3229,836735611,2036791421,0,0,0,0,1000000,1000000,1000000,0,1001214,998615,1845,1536,1001221,998607,5351,198,2,1000224,1000279,7074,1118,2390,7850,3072,7,4
3230,836787757,2036918604,0,0,0,0,1000000,1000000,1000000,0,1001214,998615,1845,1536,1001221,998607,5351,198,2,1000224,1000279,7074,1118,2390,7850,4096,7,4
3231,836835288,2037037052,0,0,0,0,1000000,1000000,1000000,0,1001214,998615,1845,1536,1001221,998607,5351,198,2,1000224,1000279,7074,1118,2390,7850,5120,7,4
3232,837724194,2039128694,0,0,0,0,1000000,1000000,1000000,0,1001227,998615,1505,1536,1001228,998607,7127,1341,2,1000224,1000279,7074,1118,2390,7850,6144,7,4
3233,837771432,2039246095,0,0,0,0,1000000,1000000,1000000,0,1001227,998615,1505,1536,1001228,998607,7127,1341,2,1000224,1000279,7074,1118,2390,7850,7168,7,4
3234,837850053,2039427506,0,0,0,0,1000000,1000000,1000000,0,1001227,998615,1505,1536,1001228,998607,7127,1341,0,1000224,1000279,7074,1118,2390,7850,0,7,4
3235,837922389,2039595937,0,0,0,0,1000000,1000000,1000000,0,1001227,998615,1505,1536,1001228,998607,7127,1341,0,1000224,1000279,7074,1118,2390,7850,613,7,4
3236,838988560,2042033215,0,0,0,0,1000000,1000000,1000000,0,1001231,998615,1233,1536,1001234,998607,7983,2806,0,1000224,1000279,7074,1118,2390,7850,1226,7,4
3237,839073492,2042227562,0,0,0,0,1000000,1000000,1000000,0,1001231,998615,1233,1536,1001234,998607,7983,2806,2,1000224,1000279,7074,1118,2390,7850,0,7,4
3238,839157286,2042418142,0,0,0,0,1000000,1000000,1000000,0,1001231,998615,1233,1536,1001234,998607,7983,2806,0,1000224,1000279,7074,1118,2390,7850,0,7,4
3239,839239041,2042603822,0,0,0,0,1000000,1000000,1000000,0,1001231,998615,1233,1536,1001234,998607,7983,2806,0,1000224,1000279,7074,1118,2390,7850,613,7,4
3240,839321890,2042792596,0,0,0,0,1000000,1000000,1000000,0,1001231,998615,1233,1536,1001234,998607,7983,2806,0,1000224,1000279,7074,1118,2390,7850,1226,7,4
3241,839405628,2042983979,0,0,0,0,1000000,1000000,1000000,0,1001231,998615,1233,1536,1001234,998607,7983,2806,2,1000224,1000279,7074,1118,2390,7850,0,7,4
3242,840395665,2045312703,0,0,0,0,1000000,1000000,1000000,0,1001231,998617,825,1664,1001237,998608,8002,5327,2,1000224,1000278,6553,820,2458,8192,1024,7,4
3243,840480243,2045505959,0,0,0,0,1000000,1000000,1000000,0,1001231,998617,825,1664,1001237,998608,8002,5327,2,1000224,1000278,6553,820,2458,8192,2048,7,4
3244,840566192,2045703266,0,0,0,0,1000000,1000000,1000000,0,1001231,998617,825,1664,1001237,998608,8002,5327,2,1000224,1000278,6553,820,2458,8192,3072,7,4
3245,840650553,2045895868,0,0,0,0,1000000,1000000,1000000,0,1001231,998617,825,1664,1001237,998608,8002,5327,2,1000224,1000278,6553,820,2458,8192,4096,7,4
3246,840736228,2046092160,0,0,0,0,1000000,1000000,1000000,0,1001231,998617,825,1664,1001237,998608,8002,5327,2,1000224,1000278,6553,820,2458,8192,5120,7,4
3247,840820981,2046285877,0,0,0,0,1000000,1000000,1000000,0,1001231,998617,825,1664,1001237,998608,8002,5327,2,1000224,1000278,6553,820,2458,8192,6144,7,4
3248,841730679,2048293210,0,0,0,0,1000000,1000000,1000000,0,1001234,998634,417,1852,1001237,998612,6541,7383,2,1000224,1000280,5671,0,2341,7899,7168,7,4
3249,841768907,2048389066,0,0,0,0,1000000,1000000,1000000,0,1001234,998634,417,1852,1001237,998612,6541,7383,2,1000224,1000280,5671,0,2341,7899,8192,7,4
3250,841809209,2048490678,0,0,0,0,1000000,1000000,1000000,0,1001234,998634,417,1852,1001237,998612,6541,7383,2,1000224,1000280,5671,0,2341,7899,9216,7,4
3251,841848119,2048588260,0,0,0,0,1000000,1000000,1000000,0,1001234,998634,417,1852,1001237,998612,6541,7383,2,1000224,1000280,5671,0,2341,7899,10240,7,4
3252,842545480,2050142052,0,0,0,0,1000000,1000000,1000000,0,1001242,998651,297,1979,1001239,998616,5898,7775,2,1000224,1000283,4654,0,2494,8013,11264,7,4
3253,842584181,2050238946,0,0,0,0,1000000,1000000,1000000,0,1001242,998651,297,1979,1001239,998616,5898,7775,2,1000224,1000283,4654,0,2494,8013,12288,7,4
3254,842624207,2050339688,0,0,0,0,1000000,1000000,1000000,0,1001242,998651,297,1979,1001239,998616,5898,7775,2,1000224,1000283,4654,0,2494,8013,13312,7,4
3255,842789607,2050694893,0,0,0,0,1000000,1000000,1000000,0,1001242,998651,297,1979,1001239,998616,5898,7775,2,1000224,1000283,4654,0,2494,8013,14336,7,4
3256,843750208,2052754657,0,0,0,0,1000000,1000000,1000000,0,1001247,998669,205,2078,1001239,998620,5363,7991,2,1000224,1000288,3856,0,2504,7964,15360,7,4
3257,843793558,2052860802,0,0,0,0,1000000,1000000,1000000,0,1001247,998669,205,2078,1001239,998620,5363,7991,2,1000224,1000288,3856,0,2504,7964,16384,7,4
3258,843840729,2052975439,0,0,0,0,1000000,1000000,1000000,0,1001247,998669,205,2078,1001239,998620,5363,7991,2,1000224,1000288,3856,0,2504,7964,17408,7,4
3259,843880360,2053075154,0,0,0,0,1000000,1000000,1000000,0,1001247,998669,205,2078,1001239,998620,5363,7991,2,1000224,1000288,3856,0,2504,7964,18432,7,4
3260,844506650,2054489980,0,0,0,0,1000000,1000000,1000000,0,1001255,998686,271,2178,1001237,998624,5750,7844,2,1000224,1000293,3072,86,2571,7951,19456,7,4
3261,844542284,2054580800,0,0,0,0,1000000,1000000,1000000,0,1001255,998686,271,2178,1001237,998624,5750,7844,2,1000224,1000293,3072,86,2571,7951,20480,7,4
3262,844588056,2054693538,0,0,0,0,1000000,1000000,1000000,0,1001255,998686,271,2178,1001237,998624,5750,7844,2,1000224,1000293,3072,86,2571,7951,21504,7,4
3263,845310862,2056291190,0,0,0,0,1000000,1000000,1000000,0,1001260,998699,252,2171,1001240,998626,5639,7890,2,1000224,1000298,3125,70,2536,7931,22528,7,4
3264,845360843,2056411697,0,0,0,0,1000000,1000000,1000000,0,1001260,998699,252,2171,1001240,998626,5639,7890,2,1000224,1000298,3125,70,2536,7931,23552,7,4
3265,845395075,2056500029,0,0,0,0,1000000,1000000,1000000,0,1001260,998699,252,2171,1001240,998626,5639,7890,2,1000224,1000298,3125,70,2536,7931,24576,7,4
3266,846006006,2057880396,0,0,0,0,1000000,1000000,1000000,0,1001265,998712,223,2174,1001242,998628,5470,7955,2,1000224,1000302,3116,116,2587,7922,25600,7,4
3267,846041422,2057971131,0,0,0,0,1000000,1000000,1000000,0,1001265,998712,223,2174,1001242,998628,5470,7955,2,1000224,1000302,3116,116,2587,7922,26624,7,4
3268,846105426,2058120945,0,0,0,0,1000000,1000000,1000000,0,1001265,998712,223,2174,1001242,998628,5470,7955,2,1000224,1000302,3116,116,2587,7922,27648,7,4
3269,846804806,2059656350,0,0,0,0,1000000,1000000,1000000,0,1001270,998725,214,2169,1001245,998630,5416,7973,2,1000224,1000307,3147,100,2560,7912,28672,7,4
3270,846846439,2059759409,0,0,0,0,1000000,1000000,1000000,0,1001270,998725,214,2169,1001245,998630,5416,7973,2,1000224,1000307,3147,100,2560,7912,29696,7,4
3271,846881215,2059849579,0,0,0,0,1000000,1000000,1000000,0,1001270,998725,214,2169,1001245,998630,5416,7973,2,1000224,1000307,3147,100,2560,7912,30720,7,4
3272,847488043,2061217787,0,0,0,0,1000000,1000000,1000000,0,1001274,998738,182,2173,1001245,998629,5224,8034,2,1000224,1000313,3115,86,2546,7913,31744,7,4
3273,847523373,2061308088,0,0,0,0,1000000,1000000,1000000,0,1001274,998738,182,2173,1001245,998629,5224,8034,2,1000224,1000313,3115,86,2546,7913,0,7,4
3274,847632343,2061548368,0,0,0,0,1000000,1000000,1000000,0,1001274,998738,182,2173,1001245,998629,5224,8034,2,1000224,1000313,3115,86,2546,7913,1024,7,4
3275,848328335,2063076288,0,0,0,0,1000000,1000000,1000000,0,1001278,998752,182,2168,1001247,998631,5224,8034,2,1000224,1000318,3148,76,2543,7909,2048,7,4
3276,848369997,2063179391,0,0,0,0,1000000,1000000,1000000,0,1001278,998752,182,2168,1001247,998631,5224,8034,2,1000224,1000318,3148,76,2543,7909,3072,7,4
3277,848404572,2063268850,0,0,0,0,1000000,1000000,1000000,0,1001278,998752,182,2168,1001247,998631,5224,8034,2,1000224,1000318,3148,76,2543,7909,4096,7,4
3278,849027957,2064672865,0,0,0,0,1000000,1000000,1000000,0,1001281,998762,113,2169,1001248,998632,4802,8131,1,1000224,1000323,3149,102,2553,7908,13312,7,4
3279,849063721,2064764549,0,0,0,0,1000000,1000000,1000000,0,1001281,998762,113,2169,1001248,998632,4802,8131,1,1000224,1000323,3149,102,2553,7908,14336,7,4
3280,849158220,2064975791,0,0,0,0,1000000,1000000,1000000,0,1001281,998762,113,2169,1001248,998632,4802,8131,1,1000224,1000323,3149,102,2553,7908,15360,7,4
3281,850035989,2066832411,0,0,0,0,1000000,1000000,1000000,0,1001282,998766,113,2169,1001248,998627,4802,8131,1,1000224,1000328,3149,92,2560,7907,16384,7,4
3282,850077970,2066936553,0,0,0,0,1000000,1000000,1000000,0,1001282,998766,113,2169,1001248,998627,4802,8131,1,1000224,1000328,3149,92,2560,7907,17408,7,4
3283,850112836,2067026904,0,0,0,0,1000000,1000000,1000000,0,1001282,998766,113,2169,1001248,998627,4802,8131,1,1000224,1000328,3149,92,2560,7907,18432,7,4
3284,850218421,2067260730,0,0,0,0,1000000,1000000,1000000,0,1001282,998766,113,2169,1001248,998627,4802,8131,1,1000224,1000328,3149,92,2560,7907,19456,7,4
3285,850836776,2068642542,0,0,0,0,1000000,1000000,1000000,0,1001282,998772,39,2172,1001247,998622,4340,8185,1,1000224,1000334,3128,111,2551,7908,20480,7,4
3286,850881429,2068752059,0,0,0,0,1000000,1000000,1000000,0,1001282,998772,39,2172,1001247,998622,4340,8185,1,1000224,1000334,3128,111,2551,7908,21504,7,4
3287,850981246,2068974420,0,0,0,0,1000000,1000000,1000000,0,1001282,998772,39,2172,1001247,998622,4340,8185,1,1000224,1000334,3128,111,2551,7908,22528,7,4
3288,851870489,2070863317,0,0,0,0,1000000,1000000,1000000,0,1001282,998776,39,2171,1001245,998617,4340,8185,1,1000224,1000338,3131,105,2545,7901,23552,7,4
3289,851905627,2070953151,0,0,0,0,1000000,1000000,1000000,0,1001282,998776,39,2171,1001245,998617,4340,8185,1,1000224,1000338,3131,105,2545,7901,24576,7,4
3290,851946332,2071054641,0,0,0,0,1000000,1000000,1000000,0,1001282,998776,39,2171,1001245,998617,4340,8185,1,1000224,1000338,3131,105,2545,7901,25600,7,4
3291,852037682,2071259381,0,0,0,0,1000000,1000000,1000000,0,1001282,998776,39,2171,1001245,998617,4340,8185,1,1000224,1000338,3131,105,2545,7901,26624,7,4
3292,852639683,2072611589,0,0,0,0,1000000,1000000,1000000,0,1001283,998782,15,2172,1001244,998615,4190,8192,1,1000224,1000341,3128,100,2555,7892,27648,7,4
3293,852674825,2072701375,0,0,0,0,1000000,1000000,1000000,0,1001283,998782,15,2172,1001244,998615,4190,8192,1,1000224,1000341,3128,100,2555,7892,28672,7,4
3294,852799288,2072973085,0,0,0,0,1000000,1000000,1000000,0,1001283,998782,15,2172,1001244,998615,4190,8192,1,1000224,1000341,3128,100,2555,7892,29696,7,4
3295,853504350,2074519614,0,0,0,0,1000000,1000000,1000000,0,1001283,998786,12,2170,1001243,998613,4171,8192,1,1000224,1000344,3138,96,2538,7902,30720,7,4
3296,853545952,2074622560,0,0,0,0,1000000,1000000,1000000,0,1001283,998786,12,2170,1001243,998613,4171,8192,1,1000224,1000344,3138,96,2538,7902,31744,7,4
3297,853580488,2074711896,0,0,0,0,1000000,1000000,1000000,0,1001283,998786,12,2170,1001243,998613,4171,8192,1,1000224,1000344,3138,96,2538,7902,32768,7,4
3298,854183237,2076063218,0,0,0,0,1000000,1000000,1000000,0,1001283,998790,4,2169,1001242,998611,4121,8192,1,1000224,1000346,3148,93,2552,7891,33792,7,4
3299,854218621,2076153803,0,0,0,0,1000000,1000000,1000000,0,1001283,998790,4,2169,1001242,998611,4121,8192,1,1000224,1000346,3148,93,2552,7891,34816,7,4
3300,854330747,2076400489,0,0,0,0,1000000,1000000,1000000,0,1001283,998790,4,2169,1001242,998611,4121,8192,1,1000224,1000346,3148,93,2552,7891,35840,7,4
3301,855028117,2077924208,0,0,0,0,1000000,1000000,1000000,0,1001283,998795,4,2171,1001240,998611,4121,8192,1,1000224,1000348,3134,112,2558,7900,36864,7,4
3302,855069722,2078027145,0,0,0,0,1000000,1000000,1000000,0,1001283,998795,4,2171,1001240,998611,4121,8192,1,1000224,1000348,3134,112,2558,7900,37888,7,4
3303,855104498,2078117322,0,0,0,0,1000000,1000000,1000000,0,1001283,998795,4,2171,1001240,998611,4121,8192,1,1000224,1000348,3134,112,2558,7900,38912,7,4
3304,855708725,2079471727,0,0,0,0,1000000,1000000,1000000,0,1001283,998799,4063,2171,1001239,998611,3888,8186,1,1000224,1000350,3133,110,2548,7906,39936,7,4
3305,855743877,2079561607,0,0,0,0,1000000,1000000,1000000,0,1001283,998799,4063,2171,1001239,998611,3888,8186,1,1000224,1000350,3133,110,2548,7906,40960,7,4
3306,855865710,2079827922,0,0,0,0,1000000,1000000,1000000,0,1001283,998799,4063,2171,1001239,998611,3888,8186,1,1000224,1000350,3133,110,2548,7906,41984,7,4
3307,856577014,2081387741,0,0,0,0,1000000,1000000,1000000,0,1001282,998803,4063,2171,1001237,998611,3888,8186,1,1000224,1000352,3131,108,2546,7893,43008,7,4
3308,856619163,2081491190,0,0,0,0,1000000,1000000,1000000,0,1001282,998803,4063,2171,1001237,998611,3888,8186,1,1000224,1000352,3131,108,2546,7893,44032,7,4
3309,856654263,2081581115,0,0,0,0,1000000,1000000,1000000,0,1001282,998803,4063,2171,1001237,998611,3888,8186,1,1000224,1000352,3131,108,2546,7893,45056,7,4
3310,857260960,2082943576,0,0,0,0,1000000,1000000,1000000,0,1001282,998807,3927,2171,1001236,998611,3046,8054,1,1000224,1000353,3130,106,2556,7899,46080,7,4
3311,857296932,2083034842,0,0,0,0,1000000,1000000,1000000,0,1001282,998807,3927,2171,1001236,998611,3046,8054,1,1000224,1000353,3130,106,2556,7899,47104,7,4
3312,857395345,2083255329,0,0,0,0,1000000,1000000,1000000,0,1001282,998807,3927,2171,1001236,998611,3046,8054,1,1000224,1000353,3130,106,2556,7899,48128,7,4
3313,858091605,2084775223,0,0,0,0,1000000,1000000,1000000,0,1001280,998811,3866,2169,1001234,998612,2680,7939,1,1000224,1000355,3145,104,2539,7903,49152,7,4
3314,858131203,2084875701,0,0,0,0,1000000,1000000,1000000,0,1001280,998811,3866,2169,1001234,998612,2680,7939,1,1000224,1000355,3145,104,2539,7903,50176,7,4
3315,858167840,2084969052,0,0,0,0,1000000,1000000,1000000,0,1001280,998811,3866,2169,1001234,998612,2680,7939,1,1000224,1000355,3145,104,2539,7903,51200,7,4
3316,858763091,2086301837,0,0,0,0,1000000,1000000,1000000,0,1001279,998815,3884,2168,1001233,998613,2787,7977,1,1000224,1000356,3159,102,2549,7889,52224,7,4
3317,858801625,2086399344,0,0,0,0,1000000,1000000,1000000,0,1001279,998815,3884,2168,1001233,998613,2787,7977,1,1000224,1000356,3159,102,2549,7889,53248,7,4
3318,858931019,2086682751,0,0,0,0,1000000,1000000,1000000,0,1001279,998815,3884,2168,1001233,998613,2787,7977,1,1000224,1000356,3159,102,2549,7889,54272,7,4
3319,859627401,2088201374,0,0,0,0,1000000,1000000,1000000,0,1001277,998819,3876,2160,1001233,998613,2739,7961,1,1000224,1000356,3213,81,2563,7911,55296,7,4
3320,859667268,2088302592,0,0,0,0,1000000,1000000,1000000,0,1001277,998819,3876,2160,1001233,998613,2739,7961,1,1000224,1000356,3213,81,2563,7911,56320,7,4
3321,859705195,2088399587,0,0,0,0,1000000,1000000,1000000,0,1001277,998819,3876,2160,1001233,998613,2739,7961,1,1000224,1000356,3213,81,2563,7911,57344,7,4
3322,860294171,2089714916,0,0,0,0,1000000,1000000,1000000,0,1001276,998823,3961,2156,1001233,998614,3254,8103,1,1000224,1000356,3246,80,2584,7915,58368,7,4
3323,860332954,2089813155,0,0,0,0,1000000,1000000,1000000,0,1001276,998823,3961,2156,1001233,998614,3254,8103,1,1000224,1000356,3246,80,2584,7915,59392,7,4
3324,860468385,2090110165,0,0,0,0,1000000,1000000,1000000,0,1001276,998823,3961,2156,1001233,998614,3254,8103,2,1000224,1000356,3246,80,2584,7915,22528,7,4
3325,861173676,2091665238,0,0,0,0,1000000,1000000,1000000,0,1001274,998834,3958,2152,1001232,998618,3235,8099,2,1000224,1000356,3273,79,2597,7917,23552,7,4
3326,861213362,2091765965,0,0,0,0,1000000,1000000,1000000,0,1001274,998834,3958,2152,1001232,998618,3235,8099,2,1000224,1000356,3273,79,2597,7917,24576,7,4
3327,861249047,2091857738,0,0,0,0,1000000,1000000,1000000,0,1001274,998834,3958,2152,1001232,998618,3235,8099,2,1000224,1000356,3273,79,2597,7917,25600,7,4
3328,861855865,2093224080,0,0,0,0,1000000,1000000,1000000,0,1001272,998847,3995,2160,1001227,998629,3464,8143,2,1000224,1000356,3215,79,2597,7917,26624,7,4
3329,861894853,2093323200,0,0,0,0,1000000,1000000,1000000,0,1001272,998847,3995,2160,1001227,998629,3464,8143,2,1000224,1000356,3215,79,2597,7917,27648,7,4
3330,861990182,2093537578,0,0,0,0,1000000,1000000,1000000,0,1001272,998847,3995,2160,1001227,998629,3464,8143,2,1000224,1000356,3215,79,2597,7917,28672,7,4
3331,862712757,2095132598,0,0,0,0,1000000,1000000,1000000,0,1001270,998861,4015,2179,1001218,998643,3588,8160,2,1000224,1000356,3077,118,2597,7917,29696,7,4
3332,862754224,2095237659,0,0,0,0,1000000,1000000,1000000,0,1001270,998861,4015,2179,1001218,998643,3588,8160,2,1000224,1000356,3077,118,2597,7917,30720,7,4
3333,862793014,2095337084,0,0,0,0,1000000,1000000,1000000,0,1001270,998861,4015,2179,1001218,998643,3588,8160,2,1000224,1000356,3077,118,2597,7917,31744,7,4
3334,863449168,2096817625,0,0,0,0,1000000,1000000,1000000,0,1001268,998875,4015,2211,1001204,998660,3588,8160,2,1000224,1000356,2842,177,2597,7917,0,7,4
3335,863488789,2096917523,0,0,0,0,1000000,1000000,1000000,0,1001268,998875,4015,2211,1001204,998660,3588,8160,2,1000224,1000356,2842,177,2597,7917,1024,7,4
3336,863528862,2097019883,0,0,0,0,1000000,1000000,1000000,0,1001268,998875,4015,2211,1001204,998660,3588,8160,2,1000224,1000356,2842,177,2597,7917,2048,7,4
3337,864308670,2098752550,0,0,0,0,1000000,1000000,1000000,0,1001267,998889,4051,2252,1001189,998679,3813,8182,2,1000224,1000356,2575,293,2604,7918,3072,7,4
3338,864349624,2098855604,0,0,0,0,1000000,1000000,1000000,0,1001267,998889,4051,2252,1001189,998679,3813,8182,2,1000224,1000356,2575,293,2604,7918,4096,7,4
3339,864388279,2098954016,0,0,0,0,1000000,1000000,1000000,0,1001267,998889,4051,2252,1001189,998679,3813,8182,2,1000224,1000356,2575,293,2604,7918,5120,7,4
3340,864523871,2099249943,0,0,0,0,1000000,1000000,1000000,0,1001267,998889,4051,2252,1001189,998679,3813,8182,2,1000224,1000356,2575,293,2604,7918,6144,7,4
3341,865191984,2100750768,0,0,0,0,1000000,1000000,1000000,0,1001263,998908,3859,2378,1001151,998718,2639,7924,2,1000224,1000359,1871,650,2542,7899,7168,7,4
3342,865245551,2100878744,0,0,0,0,1000000,1000000,1000000,0,1001263,998908,3859,2378,1001151,998718,2639,7924,2,1000224,1000359,1871,650,2542,7899,8192,7,4
3343,865285875,2100981081,0,0,0,0,1000000,1000000,1000000,0,1001263,998908,3859,2378,1001151,998718,2639,7924,2,1000224,1000359,1871,650,2542,7899,9216,7,4
3344,866226944,2102992089,0,0,0,0,1000000,1000000,1000000,0,1001259,998921,3947,2516,1001121,998753,3168,8084,2,1000224,1000362,1326,1069,2487,7881,10240,7,4
3345,866271738,2103102283,0,0,0,0,1000000,1000000,1000000,0,1001259,998921,3947,2516,1001121,998753,3168,8084,2,1000224,1000362,1326,1069,2487,7881,11264,7,4
3346,866311969,2103204155,0,0,0,0,1000000,1000000,1000000,0,1001259,998921,3947,2516,1001121,998753,3168,8084,2,1000224,1000362,1326,1069,2487,7881,12288,7,4
3347,866351656,2103304940,0,0,0,0,1000000,1000000,1000000,0,1001259,998921,3947,2516,1001121,998753,3168,8084,2,1000224,1000362,1326,1069,2487,7881,13312,7,4
3348,866992712,2104750985,0,0,0,0,1000000,1000000,1000000,0,1001255,998934,3842,2720,1001087,998805,2540,7884,2,1000224,1000365,716,1770,2440,7846,14336,7,4
3349,867032711,2104851010,0,0,0,0,1000000,1000000,1000000,0,1001255,998934,3842,2720,1001087,998805,2540,7884,29,1000224,1000365,716,1770,2440,7846,0,7,4
3350,867080226,2104967298,0,0,0,0,1000000,1000000,1000000,0,1001255,998934,3842,2720,1001087,998805,2540,7884,29,1000224,1000365,716,1770,2440,7846,0,7,4
3351,867676988,2106314461,0,0,0,0,1000000,1000000,1000000,0,1001253,998938,3833,2837,1001067,998844,2488,7862,29,1000224,1000368,360,2378,2385,7827,0,7,4
3352,867718386,2106418218,0,0,0,0,1000000,1000000,1000000,0,1001253,998938,3833,2837,1001067,998844,2488,7862,29,1000224,1000368,360,2378,2385,7827,0,7,4
3353,867835791,2106676022,0,0,0,0,1000000,1000000,1000000,0,1001253,998938,3833,2837,1001067,998844,2488,7862,29,1000224,1000368,360,2378,2385,7827,0,7,4
3354,868284090,2107709296,0,0,0,0,1000000,1000000,1000000,0,1001252,998942,3833,2938,1001054,998884,2488,7862,29,1000224,1000369,121,3052,2367,7809,0,7,4
3355,868328344,2107818463,0,0,0,0,1000000,1000000,1000000,0,1001252,998942,3833,2938,1001054,998884,2488,7862,29,1000224,1000369,121,3052,2367,7809,0,7,4
3356,868874246,2109052576,0,0,0,0,1000000,1000000,1000000,0,1001251,998945,3833,2999,1001049,998910,2488,7862,29,1000224,1000370,41,3514,2349,7809,0,7,4
3357,868914234,2109152196,0,0,0,0,1000000,1000000,1000000,0,1001251,998945,3833,2999,1001049,998910,2488,7862,29,1000224,1000370,41,3514,2349,7809,0,7,4
3358,869091759,2109532183,0,0,0,0,1000000,1000000,1000000,0,1001251,998945,3833,2999,1001049,998910,2488,7862,29,1000224,1000370,41,3514,2349,7809,0,7,4
3359,869629169,2110724716,0,0,0,0,1000000,1000000,1000000,0,1001249,998948,3833,3087,1001045,998948,2488,7862,29,1000224,1000371,0,4216,2331,7809,0,7,4
3360,869672893,2110832588,0,0,0,0,1000000,1000000,1000000,0,1001249,998948,3833,3087,1001045,998948,2488,7862,29,1000224,1000371,0,4216,2331,7809,0,7,4
3361,869867415,2111245893,0,0,0,0,1000000,1000000,1000000,0,1001249,998948,3833,3087,1001045,998948,2488,7862,29,1000224,1000371,0,4216,2331,7809,0,7,4
3362,870636816,2112885600,0,0,0,0,1000000,1000000,1000000,0,1001248,998951,3833,3179,1001048,998987,2488,7862,29,1000224,1000371,81,4939,2331,7809,0,7,4
3363,870678018,2112987842,0,0,0,0,1000000,1000000,1000000,0,1001248,998951,3833,3179,1001048,998987,2488,7862,29,1000224,1000371,81,4939,2331,7809,0,7,4
3364,870719093,2113090568,0,0,0,0,1000000,1000000,1000000,0,1001248,998951,3833,3179,1001048,998987,2488,7862,29,1000224,1000371,81,4939,2331,7809,0,7,4
3365,871229031,2114257814,0,0,0,0,1000000,1000000,1000000,0,1001247,998954,3833,3276,1001057,999024,2488,7862,29,1000224,1000371,282,5621,2331,7809,0,7,4
3366,871271049,2114362096,0,0,0,0,1000000,1000000,1000000,0,1001247,998954,3833,3276,1001057,999024,2488,7862,29,1000224,1000371,282,5621,2331,7809,0,7,4
3367,871415233,2114673318,0,0,0,0,1000000,1000000,1000000,0,1001247,998954,3833,3276,1001057,999024,2488,7862,29,1000224,1000371,282,5621,2331,7809,0,7,4
3368,872021114,2116023215,0,0,0,0,1000000,1000000,1000000,0,1001246,998956,3833,3389,1001072,999059,2488,7862,29,1000224,1000371,603,6264,2331,7809,0,7,4
3369,872062074,2116124511,0,0,0,0,1000000,1000000,1000000,0,1001246,998956,3833,3389,1001072,999059,2488,7862,29,1000224,1000371,603,6264,2331,7809,0,7,4
3370,872181672,2116387026,0,0,0,0,1000000,1000000,1000000,0,1001246,998956,3833,3389,1001072,999059,2488,7862,29,1000224,1000371,603,6264,2331,7809,0,7,4
3371,872696791,2117570880,0,0,0,0,1000000,1000000,1000000,0,1001245,998958,3832,3530,1001093,999090,2482,7860,29,1000224,1000371,1030,6840,2323,7808,0,7,4
3372,872740055,2117676313,0,0,0,0,1000000,1000000,1000000,0,1001245,998958,3832,3530,1001093,999090,2482,7860,29,1000224,1000371,1030,6840,2323,7808,0,7,4
3373,872940771,2118100726,0,0,0,0,1000000,1000000,1000000,0,1001245,998958,3832,3530,1001093,999090,2482,7860,29,1000224,1000371,1030,6840,2323,7808,0,7,4
3374,873736564,2119822932,0,0,0,0,1000000,1000000,1000000,0,1001244,998960,3833,3695,1001124,999110,2488,7862,29,1000224,1000367,1563,7326,2325,7791,0,7,4
3375,873770517,2119906151,0,0,0,0,1000000,1000000,1000000,0,1001244,998960,3833,3695,1001124,999110,2488,7862,29,1000224,1000367,1563,7326,2325,7791,0,7,4
3376,873811131,2120006569,0,0,0,0,1000000,1000000,1000000,0,1001244,998960,3833,3695,1001124,999110,2488,7862,29,1000224,1000367,1563,7326,2325,7791,0,7,4
3377,873990664,2120385675,0,0,0,0,1000000,1000000,1000000,0,1001244,998960,3833,3695,1001124,999110,2488,7862,29,1000224,1000367,1563,7326,2325,7791,0,7,4
3378,874547254,2121672887,0,0,0,0,1000000,1000000,1000000,0,1001243,998962,3833,3858,1001182,999092,2488,7862,29,1000224,1000342,2361,7822,2345,7805,0,7,4
3379,874578367,2121750693,0,0,0,0,1000000,1000000,1000000,0,1001243,998962,3833,3858,1001182,999092,2488,7862,29,1000224,1000342,2361,7822,2345,7805,0,7,4
3380,874742571,2122099386,0,0,0,0,1000000,1000000,1000000,0,1001243,998962,3833,3858,1001182,999092,2488,7862,29,1000224,1000342,2361,7822,2345,7805,0,7,4
3381,875549594,2123840269,0,0,0,0,1000000,1000000,1000000,0,1001243,998963,3833,3959,1001208,999093,2488,7862,29,1000224,1000335,3027,8069,2397,7829,0,7,4
3382,875579943,2123917330,0,0,0,0,1000000,1000000,1000000,0,1001243,998963,3833,3959,1001208,999093,2488,7862,29,1000224,1000335,3027,8069,2397,7829,0,7,4
3383,875608109,2123989173,0,0,0,0,1000000,1000000,1000000,0,1001243,998963,3833,3959,1001208,999093,2488,7862,29,1000224,1000335,3027,8069,2397,7829,0,7,4
3384,875794003,2124384345,0,0,0,0,1000000,1000000,1000000,0,1001243,998963,3833,3959,1001208,999093,2488,7862,24,1000224,1000335,3027,8069,2397,7829,0,7,4
3385,876323063,2125619165,0,0,0,0,1000000,1000000,1000000,0,1001242,998964,3696,4056,1001232,999092,1737,7445,24,1000224,1000330,3776,8192,2446,7867,1024,7,4
3386,876354262,2125698672,0,0,0,0,1000000,1000000,1000000,0,1001242,998964,3696,4056,1001232,999092,1737,7445,24,1000224,1000330,3776,8192,2446,7867,2048,7,4
3387,876543510,2126098032,0,0,0,0,1000000,1000000,1000000,0,1001242,998964,3696,4056,1001232,999092,1737,7445,24,1000224,1000330,3776,8192,2446,7867,3072,7,4
3388,877164978,2127484674,0,0,0,0,1000000,1000000,1000000,0,1001242,998964,3492,4088,1001240,999091,821,6556,24,1000224,1000329,4032,8192,2464,7865,4096,7,4
3389,877190536,2127552964,0,0,0,0,1000000,1000000,1000000,0,1001242,998964,3492,4088,1001240,999091,821,6556,24,1000224,1000329,4032,8192,2464,7865,5120,7,4
3390,877310071,2127811742,0,0,0,0,1000000,1000000,1000000,0,1001242,998964,3492,4088,1001240,999091,821,6556,24,1000224,1000329,4032,8192,2464,7865,6144,7,4
3391,877802335,2128955231,0,0,0,0,1000000,1000000,1000000,0,1001242,998964,3288,4088,1001240,999091,223,5428,24,1000224,1000329,4032,8192,2464,7865,7168,7,4
3392,877832792,2129032385,0,0,0,0,1000000,1000000,1000000,0,1001242,998964,3288,4088,1001240,999091,223,5428,24,1000224,1000329,4032,8192,2464,7865,8192,7,4
3393,878067983,2129525454,0,0,0,0,1000000,1000000,1000000,0,1001242,998964,3288,4088,1001240,999091,223,5428,24,1000224,1000329,4032,8192,2464,7865,9216,7,4
3394,878648870,2130814279,0,0,0,0,1000000,1000000,1000000,0,1001242,998964,3084,4088,1001240,999091,0,4171,24,1000224,1000329,4032,8192,2464,7865,10240,7,4
3395,878674186,2130881652,0,0,0,0,1000000,1000000,1000000,0,1001242,998964,3084,4088,1001240,999091,0,4171,24,1000224,1000329,4032,8192,2464,7865,11264,7,4
3396,878841625,2131239163,0,0,0,0,1000000,1000000,1000000,0,1001242,998964,3084,4088,1001240,999091,0,4171,24,1000224,1000329,4032,8192,2464,7865,12288,7,4
3397,879327349,2132353426,0,0,0,0,1000000,1000000,1000000,0,1001241,998964,2880,4088,1001239,999091,176,2907,24,1000224,1000329,4032,8192,2464,7865,13312,7,4
3398,879358325,2132432337,0,0,0,0,1000000,1000000,1000000,0,1001241,998964,2880,4088,1001239,999091,176,2907,24,1000224,1000329,4032,8192,2464,7865,14336,7,4
3399,879950760,2133751216,0,0,0,0,1000000,1000000,1000000,0,1001240,998964,2744,4088,1001238,999091,508,2121,24,1000224,1000329,4032,8192,2464,7865,15360,7,4
3400,879991909,2133852416,0,0,0,0,1000000,1000000,1000000,0,1001240,998964,2744,4088,1001238,999091,508,2121,24,1000224,1000329,4032,8192,2464,7865,16384,7,4
3401,880103595,2134095329,0,0,0,0,1000000,1000000,1000000,0,1001240,998964,2744,4088,1001238,999091,508,2121,24,1000224,1000329,4032,8192,2464,7865,17408,7,4
3402,880638571,2135327316,0,0,0,0,1000000,1000000,1000000,0,1001239,998963,2540,4089,1001237,999092,1291,1112,24,1000224,1000330,4033,8192,2458,7870,18432,7,4
3403,880674856,2135419564,0,0,0,0,1000000,1000000,1000000,0,1001239,998963,2540,4089,1001237,999092,1291,1112,27,1000224,1000330,4033,8192,2458,7870,0,7,4
3404,880858759,2135809048,0,0,0,0,1000000,1000000,1000000,0,1001239,998963,2540,4089,1001237,999092,1291,1112,27,1000224,1000330,4033,8192,2458,7870,1024,7,4
3405,881493127,2137236768,0,0,0,0,1000000,1000000,1000000,0,1001237,998960,2336,4089,1001235,999091,2345,393,27,1000224,1000330,4034,8192,2481,7874,2048,7,4
3406,881524329,2137316249,0,0,0,0,1000000,1000000,1000000,0,1001237,998960,2336,4089,1001235,999091,2345,393,27,1000224,1000330,4034,8192,2481,7874,3072,7,4
3407,881618517,2137522770,0,0,0,0,1000000,1000000,1000000,0,1001237,998960,2336,4089,1001235,999091,2345,393,27,1000224,1000330,4034,8192,2481,7874,4096,7,4
3408,882148872,2138758549,0,0,0,0,1000000,1000000,1000000,0,1001237,998960,2132,4089,1001235,999091,3570,34,27,1000224,1000329,4034,8192,2510,7874,5120,7,4
3409,882179070,2138835230,0,0,0,0,1000000,1000000,1000000,0,1001237,998960,2132,4089,1001235,999091,3570,34,27,1000224,1000329,4034,8192,2510,7874,6144,7,4
3410,882368831,2139236464,0,0,0,0,1000000,1000000,1000000,0,1001237,998960,2132,4089,1001235,999091,3570,34,27,1000224,1000329,4034,8192,2510,7874,7168,7,4
3411,882968169,2140570104,0,0,0,0,1000000,1000000,1000000,0,1001237,998960,2014,4081,1001233,999091,4310,6,27,1000224,1000314,3971,8192,2892,8041,8192,7,4
3412,882999194,2140648867,0,0,0,0,1000000,1000000,1000000,0,1001237,998960,2014,4081,1001233,999091,4310,6,27,1000224,1000314,3971,8192,2892,8041,9216,7,4
3413,883139001,2140950175,0,0,0,0,1000000,1000000,1000000,0,1001237,998960,2014,4081,1001233,999091,4310,6,27,1000224,1000314,3971,8192,2892,8041,10240,7,4
3414,883652897,2142132812,0,0,0,0,1000000,1000000,1000000,0,1001238,998959,1976,4073,1001232,999091,4547,26,27,1000224,1000305,3910,8192,3156,8100,11264,7,4
3415,883688660,2142223451,0,0,0,0,1000000,1000000,1000000,0,1001238,998959,1976,4073,1001232,999091,4547,26,27,1000224,1000305,3910,8192,3156,8100,12288,7,4
3416,883896753,2142663865,0,0,0,0,1000000,1000000,1000000,0,1001238,998959,1976,4073,1001232,999091,4547,26,27,1000224,1000305,3910,8192,3156,8100,13312,7,4
3417,884517312,2144045005,0,0,0,0,1000000,1000000,1000000,0,1001238,998956,1975,4073,1001232,999089,4554,27,27,1000224,1000305,3912,8192,3163,8101,14336,7,4
3418,884559421,2144148417,0,0,0,0,1000000,1000000,1000000,0,1001238,998956,1975,4073,1001232,999089,4554,27,27,1000224,1000305,3912,8192,3163,8101,15360,7,4
3419,884663314,2144377591,0,0,0,0,1000000,1000000,1000000,0,1001238,998956,1975,4073,1001232,999089,4554,27,27,1000224,1000305,3912,8192,3163,8101,16384,7,4
3420,885188598,2145581083,0,0,0,0,1000000,1000000,1000000,0,1001239,998951,1951,4074,1001233,999089,4704,45,27,1000224,1000306,3916,8192,3154,8103,17408,7,4
3421,885225272,2145673842,0,0,0,0,1000000,1000000,1000000,0,1001239,998951,1951,4074,1001233,999089,4704,45,27,1000224,1000306,3916,8192,3154,8103,18432,7,4
3422,885422133,2146091295,0,0,0,0,1000000,1000000,1000000,0,1001239,998951,1951,4074,1001233,999089,4704,45,27,1000224,1000306,3916,8192,3154,8103,19456,7,4
3423,886038787,2147457269,0,0,0,0,1000000,1000000,1000000,0,1001240,998943,1931,4074,1001234,999086,4827,66,27,1000224,1000307,3920,8192,3145,8105,20480,7,4
3424,886080876,2147560676,0,0,0,0,1000000,1000000,1000000,0,1001240,998943,1931,4074,1001234,999086,4827,66,27,1000224,1000307,3920,8192,3145,8105,21504,7,4
3425,886192118,2147804998,0,0,0,0,1000000,1000000,1000000,0,1001240,998943,1931,4074,1001234,999086,4827,66,27,1000224,1000307,3920,8192,3145,8105,22528,7,4
3426,886715190,2148999367,0,0,0,0,1000000,1000000,1000000,0,1001242,998932,1931,4075,1001236,999081,4827,66,27,1000224,1000307,3923,8192,3164,8107,23552,7,4
3427,886756700,2149101093,0,0,0,0,1000000,1000000,1000000,0,1001242,998932,1931,4075,1001236,999081,4827,66,27,1000224,1000307,3923,8192,3164,8107,24576,7,4
3428,886953716,2149518702,0,0,0,0,1000000,1000000,1000000,0,1001242,998932,1931,4075,1001236,999081,4827,66,27,1000224,1000307,3923,8192,3164,8107,24576,7,4
3429,887562567,2150866212,0,0,0,0,1000000,1000000,1000000,0,1001244,998919,1922,4075,1001238,999074,4883,77,27,1000224,1000308,3928,8192,3162,8109,24576,7,4
3430,887605802,2150971574,0,0,0,0,1000000,1000000,1000000,0,1001244,998919,1922,4075,1001238,999074,4883,77,27,1000224,1000308,3928,8192,3162,8109,24576,7,4
3431,887724293,2151232414,0,0,0,0,1000000,1000000,1000000,0,1001244,998919,1922,4075,1001238,999074,4883,77,2,1000224,1000308,3928,8192,3162,8109,0,7,4
3432,888249355,2152449809,0,0,0,0,1000000,1000000,1000000,0,1001247,998905,1922,4073,1001240,999069,4883,77,2,1000224,1000310,3909,8192,3157,8087,1024,7,4
3433,888286573,2152544245,0,0,0,0,1000000,1000000,1000000,0,1001247,998905,1922,4073,1001240,999069,4883,77,2,1000224,1000310,3909,8192,3157,8087,2048,7,4
3434,888475528,2152946112,0,0,0,0,1000000,1000000,1000000,0,1001247,998905,1922,4073,1001240,999069,4883,77,2,1000224,1000310,3909,8192,3157,8087,3072,7,4
3435,889089606,2154310481,0,0,0,0,1000000,1000000,1000000,0,1001250,998891,1922,4074,1001243,999064,4883,77,2,1000224,1000312,3918,8192,3153,8092,4096,7,4
3436,889133327,2154417772,0,0,0,0,1000000,1000000,1000000,0,1001250,998891,1922,4074,1001243,999064,4883,77,2,1000224,1000312,3918,8192,3153,8092,5120,7,4
3437,889243070,2154659838,0,0,0,0,1000000,1000000,1000000,0,1001250,998891,1922,4074,1001243,999064,4883,77,2,1000224,1000312,3918,8192,3153,8092,6144,7,4
3438,889765085,2155870621,0,0,0,0,1000000,1000000,1000000,0,1001252,998878,1922,4076,1001245,999062,4883,77,2,1000224,1000314,3930,8192,3166,8098,7168,7,4
3439,889803456,2155966864,0,0,0,0,1000000,1000000,1000000,0,1001252,998878,1922,4076,1001245,999062,4883,77,2,1000224,1000314,3930,8192,3166,8098,8192,7,4
3440,889994713,2156373553,0,0,0,0,1000000,1000000,1000000,0,1001252,998878,1922,4076,1001245,999062,4883,77,2,1000224,1000314,3930,8192,3166,8098,9216,7,4
3441,890604035,2157730260,0,0,0,0,1000000,1000000,1000000,0,1001255,998864,1922,4074,1001247,999058,4883,77,2,1000224,1000317,3916,8192,3155,8082,10240,7,4
3442,890644899,2157833816,0,0,0,0,1000000,1000000,1000000,0,1001255,998864,1922,4074,1001247,999058,4883,77,2,1000224,1000317,3916,8192,3155,8082,11264,7,4
3443,890759879,2158087266,0,0,0,0,1000000,1000000,1000000,0,1001255,998864,1922,4074,1001247,999058,4883,77,2,1000224,1000317,3916,8192,3155,8082,12288,7,4
3444,891273884,2159269521,0,0,0,0,1000000,1000000,1000000,0,1001258,998850,1914,4062,1001245,999054,4932,87,2,1000224,1000319,3819,8192,3161,8088,13312,7,4
3445,891313661,2159370084,0,0,0,0,1000000,1000000,1000000,0,1001258,998850,1914,4062,1001245,999054,4932,87,2,1000224,1000319,3819,8192,3161,8088,14336,7,4
3446,891515687,2159800958,0,0,0,0,1000000,1000000,1000000,0,1001258,998850,1914,4062,1001245,999054,4932,87,2,1000224,1000319,3819,8192,3161,8088,15360,7,4
3447,892120397,2161144686,0,0,0,0,1000000,1000000,1000000,0,1001261,998836,1918,4039,1001239,999045,4908,82,2,1000224,1000321,3641,8171,3148,8091,16384,7,4
3448,892169388,2161264329,0,0,0,0,1000000,1000000,1000000,0,1001261,998836,1918,4039,1001239,999045,4908,82,2,1000224,1000321,3641,8171,3148,8091,17408,7,4
3449,892282636,2161514679,0,0,0,0,1000000,1000000,1000000,0,1001261,998836,1918,4039,1001239,999045,4908,82,2,1000224,1000321,3641,8171,3148,8091,18432,7,4
3450,892792501,2162689150,0,0,0,0,1000000,1000000,1000000,0,1001264,998823,1869,3994,1001224,999034,5207,154,2,1000224,1000323,3285,8131,3127,8093,19456,7,4
3451,892831994,2162788902,0,0,0,0,1000000,1000000,1000000,0,1001264,998823,1869,3994,1001224,999034,5207,154,2,1000224,1000323,3285,8131,3127,8093,20480,7,4
3452,893038260,2163228378,0,0,0,0,1000000,1000000,1000000,0,1001264,998823,1869,3994,1001224,999034,5207,154,2,1000224,1000323,3285,8131,3127,8093,21504,7,4
3453,893644295,2164580433,0,0,0,0,1000000,1000000,1000000,0,1001268,998809,1872,3946,1001209,999018,5188,148,2,1000224,1000324,2938,8032,3126,8075,22528,7,4
3454,893685125,2164683977,0,0,0,0,1000000,1000000,1000000,0,1001268,998809,1872,3946,1001209,999018,5188,148,2,1000224,1000324,2938,8032,3126,8075,23552,7,4
3455,893802364,2164942096,0,0,0,0,1000000,1000000,1000000,0,1001268,998809,1872,3946,1001209,999018,5188,148,2,1000224,1000324,2938,8032,3126,8075,24576,7,4
3456,894315386,2166123496,0,0,0,0,1000000,1000000,1000000,0,1001272,998796,1844,3896,1001194,999002,5357,200,2,1000224,1000327,2600,7916,3082,8077,25600,7,4
3457,894355129,2166224021,0,0,0,0,1000000,1000000,1000000,0,1001272,998796,1844,3896,1001194,999002,5357,200,2,1000224,1000327,2600,7916,3082,8077,26624,7,4
3458,894557616,2166655797,0,0,0,0,1000000,1000000,1000000,0,1001272,998796,1844,3896,1001194,999002,5357,200,2,1000224,1000327,2600,7916,3082,8077,27648,7,4
3459,895169844,2168019049,0,0,0,0,1000000,1000000,1000000,0,1001276,998782,1820,3842,1001179,998983,5500,248,2,1000224,1000328,2272,7764,3077,8078,28672,7,4
3460,895211285,2168123837,0,0,0,0,1000000,1000000,1000000,0,1001276,998782,1820,3842,1001179,998983,5500,248,2,1000224,1000328,2272,7764,3077,8078,29696,7,4
3461,895322241,2168369513,0,0,0,0,1000000,1000000,1000000,0,1001276,998782,1820,3842,1001179,998983,5500,248,2,1000224,1000328,2272,7764,3077,8078,30720,7,4
3462,895845928,2169579784,0,0,0,0,1000000,1000000,1000000,0,1001282,998769,1774,3800,1001169,998966,5768,357,2,1000224,1000329,2039,7653,3068,8079,31744,7,4
3463,895886176,2169681201,0,0,0,0,1000000,1000000,1000000,0,1001282,998769,1774,3800,1001169,998966,5768,357,2,1000224,1000329,2039,7653,3068,8079,0,7,4
3464,896073916,2170083193,0,0,0,0,1000000,1000000,1000000,0,1001282,998769,1774,3800,1001169,998966,5768,357,2,1000224,1000329,2039,7653,3068,8079,1024,7,4
3465,896691873,2171464406,0,0,0,0,1000000,1000000,1000000,0,1001288,998757,1767,3795,1001173,998954,5808,375,2,1000224,1000329,2010,7636,3072,8080,2048,7,4
3466,896733163,2171568967,0,0,0,0,1000000,1000000,1000000,0,1001288,998757,1767,3795,1001173,998954,5808,375,2,1000224,1000329,2010,7636,3072,8080,3072,7,4
3467,896836252,2171796908,0,0,0,0,1000000,1000000,1000000,0,1001288,998757,1767,3795,1001173,998954,5808,375,2,1000224,1000329,2010,7636,3072,8080,4096,7,4
3468,897296763,2172845524,0,0,0,0,1000000,1000000,1000000,0,1001294,998744,1744,3795,1001179,998941,5938,437,2,1000224,1000329,2010,7636,3072,8080,5120,7,4
3469,897333703,2172939362,0,0,0,0,1000000,1000000,1000000,0,1001294,998744,1744,3795,1001179,998941,5938,437,2,1000224,1000329,2010,7636,3072,8080,6144,7,4
3470,898095460,2174552220,0,0,0,0,1000000,1000000,1000000,0,1001298,998735,1744,3795,1001183,998932,5938,437,2,1000224,1000329,2010,7636,3072,8080,7168,7,4
3471,898133470,2174647743,0,0,0,0,1000000,1000000,1000000,0,1001298,998735,1744,3795,1001183,998932,5938,437,2,1000224,1000329,2010,7636,3072,8080,8192,7,4
3472,898172398,2174748255,0,0,0,0,1000000,1000000,1000000,0,1001298,998735,1744,3795,1001183,998932,5938,437,2,1000224,1000329,2010,7636,3072,8080,9216,7,4
3473,898644557,2175820508,0,0,0,0,1000000,1000000,1000000,0,1001305,998723,1698,3795,1001189,998920,6192,577,2,1000224,1000329,2010,7636,3072,8080,10240,7,4
3474,898686441,2175926144,0,0,0,0,1000000,1000000,1000000,0,1001305,998723,1698,3795,1001189,998920,6192,577,2,1000224,1000329,2010,7636,3072,8080,11264,7,4
3475,898894657,2176366803,0,0,0,0,1000000,1000000,1000000,0,1001305,998723,1698,3795,1001189,998920,6192,577,2,1000224,1000329,2010,7636,3072,8080,12288,7,4
3476,899621956,2177906769,0,0,0,0,1000000,1000000,1000000,0,1001312,998711,1674,3795,1001195,998908,6319,656,2,1000224,1000329,2010,7636,3072,8080,13312,7,4
3477,899662762,2178008073,0,0,0,0,1000000,1000000,1000000,0,1001312,998711,1674,3795,1001195,998908,6319,656,2,1000224,1000329,2010,7636,3072,8080,14336,7,4
3478,899700725,2178106671,0,0,0,0,1000000,1000000,1000000,0,1001312,998711,1674,3795,1001195,998908,6319,656,2,1000224,1000329,2010,7636,3072,8080,15360,7,4
3479,900139079,2179099533,0,0,0,0,1000000,1000000,1000000,0,1001320,998699,1674,3795,1001202,998896,6319,656,2,1000224,1000329,2010,7636,3072,8080,16384,7,4
3480,900189468,2179222982,0,0,0,0,1000000,1000000,1000000,0,1001320,998699,1674,3795,1001202,998896,6319,656,2,1000224,1000329,2010,7636,3072,8080,17408,7,4
3481,900738551,2180436950,0,0,0,0,1000000,1000000,1000000,0,1001325,998692,1674,3795,1001207,998888,6319,656,2,1000224,1000329,2010,7636,3072,8080,18432,7,4
3482,900786260,2180554136,0,0,0,0,1000000,1000000,1000000,0,1001325,998692,1674,3795,1001207,998888,6319,656,2,1000224,1000329,2010,7636,3072,8080,19456,7,4
3483,900965438,2180936687,0,0,0,0,1000000,1000000,1000000,0,1001325,998692,1674,3795,1001207,998888,6319,656,2,1000224,1000329,2010,7636,3072,8080,20480,7,4
3484,901419486,2181974985,0,0,0,0,1000000,1000000,1000000,0,1001333,998680,1674,3795,1001215,998876,6319,656,2,1000224,1000329,2010,7636,3072,8080,21504,7,4
3485,901461263,2182079139,0,0,0,0,1000000,1000000,1000000,0,1001333,998680,1674,3795,1001215,998876,6319,656,2,1000224,1000329,2010,7636,3072,8080,22528,7,4
3486,902012452,2183297795,0,0,0,0,1000000,1000000,1000000,0,1001338,998672,1674,3795,1001220,998868,6319,656,2,1000224,1000329,2010,7636,3072,8080,23552,7,4
3487,902046676,2183385852,0,0,0,0,1000000,1000000,1000000,0,1001338,998672,1674,3795,1001220,998868,6319,656,2,1000224,1000329,2010,7636,3072,8080,24576,7,4
3488,902236820,2183792871,0,0,0,0,1000000,1000000,1000000,0,1001338,998672,1674,3795,1001220,998868,6319,656,2,1000224,1000329,2010,7636,3072,8080,25600,7,4
3489,902707594,2184852880,0,0,0,0,1000000,1000000,1000000,0,1001343,998659,1878,3795,1001226,998856,5152,139,2,1000224,1000329,2010,7636,3072,8080,26624,7,4
3490,902746660,2184953448,0,0,0,0,1000000,1000000,1000000,0,1001343,998659,1878,3795,1001226,998856,5152,139,2,1000224,1000329,2010,7636,3072,8080,27648,7,4
3491,903298761,2186155009,0,0,0,0,1000000,1000000,1000000,0,1001344,998649,2014,3795,1001229,998846,4310,6,2,1000224,1000329,2010,7636,3072,8080,28672,7,4
3492,903337565,2186254651,0,0,0,0,1000000,1000000,1000000,0,1001344,998649,2014,3795,1001229,998846,4310,6,2,1000224,1000329,2010,7636,3072,8080,29696,7,4
3493,903522408,2186649041,0,0,0,0,1000000,1000000,1000000,0,1001344,998649,2014,3795,1001229,998846,4310,6,2,1000224,1000329,2010,7636,3072,8080,30720,7,4
3494,903985808,2187693029,0,0,0,0,1000000,1000000,1000000,0,1001344,998635,2047,3795,1001232,998832,4103,1,2,1000224,1000329,2010,7636,3072,8080,31744,7,4
3495,904024868,2187791487,0,0,0,0,1000000,1000000,1000000,0,1001344,998635,2047,3795,1001232,998832,4103,1,2,1000224,1000329,2010,7636,3072,8080,0,7,4
3496,904583360,2189015599,0,0,0,0,1000000,1000000,1000000,0,1001344,998626,1997,3795,1001234,998823,4416,13,2,1000224,1000329,2010,7636,3072,8080,1024,7,4
3497,904617955,2189104645,0,0,0,0,1000000,1000000,1000000,0,1001344,998626,1997,3795,1001234,998823,4416,13,2,1000224,1000329,2010,7636,3072,8080,2048,7,4
3498,904804972,2189505233,0,0,0,0,1000000,1000000,1000000,0,1001344,998626,1997,3795,1001234,998823,4416,13,2,1000224,1000329,2010,7636,3072,8080,3072,7,4
3499,905311314,2190651312,0,0,0,0,1000000,1000000,1000000,0,1001345,998612,1997,3795,1001236,998809,4416,13,2,1000224,1000329,2010,7636,3072,8080,4096,7,4
3500,905349601,2190749781,0,0,0,0,1000000,1000000,1000000,0,1001345,998612,1997,3795,1001236,998809,4416,13,2,1000224,1000329,2010,7636,3072,8080,5120,7,4
3501,905571313,2191218944,0,0,0,0,1000000,1000000,1000000,0,1001345,998612,1997,3795,1001236,998809,4416,13,2,1000224,1000329,2010,7636,3072,8080,6144,7,4
3502,906191314,2192597176,0,0,0,0,1000000,1000000,1000000,0,1001347,998598,1908,3795,1001238,998795,4969,95,2,1000224,1000329,2010,7636,3072,8080,7168,7,4
3503,906225747,2192685854,0,0,0,0,1000000,1000000,1000000,0,1001347,998598,1908,3795,1001238,998795,4969,95,2,1000224,1000329,2010,7636,3072,8080,8192,7,4
3504,906336790,2192932652,0,0,0,0,1000000,1000000,1000000,0,1001347,998598,1908,3795,1001238,998795,4969,95,2,1000224,1000329,2010,7636,3072,8080,9216,7,4
3505,906926135,2194416891,0,0,0,0,1000000,1000000,1000000,0,1001351,998584,1887,3795,1001241,998781,5098,125,2,1000224,1000329,2010,7636,3072,8080,10240,7,4
3506,906964511,2194515754,0,0,0,0,1000000,1000000,1000000,0,1001351,998584,1887,3795,1001241,998781,5098,125,2,1000224,1000329,2010,7636,3072,8080,11264,7,4
3507,907018686,2194646354,0,0,0,0,1000000,1000000,1000000,0,1001351,998584,1887,3795,1001241,998781,5098,125,2,1000224,1000329,2010,7636,3072,8080,12288,7,4
3508,907743102,2196408425,0,0,0,0,1000000,1000000,1000000,0,1001355,998571,1856,3792,1001243,998768,5285,176,2,1000224,1000329,2001,7620,3077,8080,13312,7,4
3509,907780421,2196504417,0,0,0,0,1000000,1000000,1000000,0,1001355,998571,1856,3792,1001243,998768,5285,176,2,1000224,1000329,2001,7620,3077,8080,14336,7,4
3510,907817909,2196601878,0,0,0,0,1000000,1000000,1000000,0,1001355,998571,1856,3792,1001243,998768,5285,176,2,1000224,1000329,2001,7620,3077,8080,15360,7,4
3511,907970150,2196931309,0,0,0,0,1000000,1000000,1000000,0,1001355,998571,1856,3792,1001243,998768,5285,176,2,1000224,1000329,2001,7620,3077,8080,16384,7,4
3512,908575282,2198445863,0,0,0,0,1000000,1000000,1000000,0,1001361,998553,1820,3788,1001246,998749,5500,248,2,1000224,1000329,1972,7617,3072,8080,17408,7,4
3513,908612612,2198541919,0,0,0,0,1000000,1000000,1000000,0,1001361,998553,1820,3788,1001246,998749,5500,248,2,1000224,1000329,1972,7617,3072,8080,18432,7,4
3514,908652693,2198645004,0,0,0,0,1000000,1000000,1000000,0,1001361,998553,1820,3788,1001246,998749,5500,248,2,1000224,1000329,1972,7617,3072,8080,19456,7,4
3515,909329083,2200259811,0,0,0,0,1000000,1000000,1000000,0,1001366,998540,1735,3780,1001247,998735,5989,464,2,1000224,1000329,1944,7582,3077,8080,20480,7,4
3516,909367758,2200359552,0,0,0,0,1000000,1000000,1000000,0,1001366,998540,1735,3780,1001247,998735,5989,464,2,1000224,1000329,1944,7582,3077,8080,21504,7,4
3517,909404275,2200454130,0,0,0,0,1000000,1000000,1000000,0,1001366,998540,1735,3780,1001247,998735,5989,464,2,1000224,1000329,1944,7582,3077,8080,22528,7,4
3518,909971284,2201840006,0,0,0,0,1000000,1000000,1000000,0,1001373,998528,1715,3761,1001248,998720,6099,523,2,1000224,1000329,1848,7525,3077,8080,23552,7,4
3519,910011467,2201941346,0,0,0,0,1000000,1000000,1000000,0,1001373,998528,1715,3761,1001248,998720,6099,523,2,1000224,1000329,1848,7525,3077,8080,24576,7,4
3520,910065380,2202072420,0,0,0,0,1000000,1000000,1000000,0,1001373,998528,1715,3761,1001248,998720,6099,523,2,1000224,1000329,1848,7525,3077,8080,25600,7,4
3521,910892503,2203935942,0,0,0,0,1000000,1000000,1000000,0,1001380,998516,1634,3734,1001248,998703,6526,799,2,1000224,1000329,1723,7445,3072,8080,26624,7,4
3522,910930942,2204034974,0,0,0,0,1000000,1000000,1000000,0,1001380,998516,1634,3734,1001248,998703,6526,799,2,1000224,1000329,1723,7445,3072,8080,27648,7,4
3523,910967156,2204128827,0,0,0,0,1000000,1000000,1000000,0,1001380,998516,1634,3734,1001248,998703,6526,799,2,1000224,1000329,1723,7445,3072,8080,28672,7,4
3524,911069132,2204357373,0,0,0,0,1000000,1000000,1000000,0,1001380,998516,1634,3734,1001248,998703,6526,799,2,1000224,1000329,1723,7445,3072,8080,29696,7,4
3525,911617304,2205699471,0,0,0,0,1000000,1000000,1000000,0,1001394,998503,1457,3694,1001250,998681,7322,1572,2,1000224,1000329,1563,7315,3077,8080,30720,7,4
3526,911655673,2205798037,0,0,0,0,1000000,1000000,1000000,0,1001394,998503,1457,3694,1001250,998681,7322,1572,2,1000224,1000329,1563,7315,3077,8080,31744,7,4
3527,911780771,2206071083,0,0,0,0,1000000,1000000,1000000,0,1001394,998503,1457,3694,1001250,998681,7322,1572,2,1000224,1000329,1563,7315,3077,8080,0,7,4
3528,912383931,2207489679,0,0,0,0,1000000,1000000,1000000,0,1001405,998495,1421,3694,1001260,998672,7456,1753,2,1000224,1000329,1563,7315,3077,8080,1024,7,4
3529,912418617,2207578920,0,0,0,0,1000000,1000000,1000000,0,1001405,998495,1421,3694,1001260,998672,7456,1753,2,1000224,1000329,1563,7315,3077,8080,2048,7,4
3530,912509596,2207784788,0,0,0,0,1000000,1000000,1000000,0,1001405,998495,1421,3694,1001260,998672,7456,1753,2,1000224,1000329,1563,7315,3077,8080,3072,7,4
3531,913003415,2208986697,0,0,0,0,1000000,1000000,1000000,0,1001417,998487,1386,3694,1001272,998663,7577,1937,2,1000224,1000329,1563,7315,3077,8080,4096,7,4
3532,913052988,2209110341,0,0,0,0,1000000,1000000,1000000,0,1001417,998487,1386,3694,1001272,998663,7577,1937,2,1000224,1000329,1563,7315,3077,8080,5120,7,4
3533,913233637,2209498490,0,0,0,0,1000000,1000000,1000000,0,1001417,998487,1386,3694,1001272,998663,7577,1937,2,1000224,1000329,1563,7315,3077,8080,6144,7,4
3534,913843363,2210929052,0,0,0,0,1000000,1000000,1000000,0,1001429,998487,1386,3694,1001284,998658,7577,1937,2,1000224,1000329,1563,7315,3077,8080,7168,7,4
3535,913889455,2211043457,0,0,0,0,1000000,1000000,1000000,0,1001429,998487,1386,3694,1001284,998658,7577,1937,2,1000224,1000329,1563,7315,3077,8080,8192,7,4
3536,913960919,2211212186,0,0,0,0,1000000,1000000,1000000,0,1001429,998487,1386,3694,1001284,998658,7577,1937,2,1000224,1000329,1563,7315,3077,8080,9216,7,4
3537,914296190,2211993284,0,0,0,0,1000000,1000000,1000000,0,1001442,998487,1303,3694,1001296,998656,7823,2397,2,1000224,1000329,1563,7315,3077,8080,10240,7,4
3538,914462978,2212354661,0,0,0,0,1000000,1000000,1000000,0,1001442,998487,1303,3694,1001296,998656,7823,2397,2,1000224,1000329,1563,7315,3077,8080,11264,7,4
3539,914895157,2213313600,0,0,0,0,1000000,1000000,1000000,0,1001450,998487,1281,3694,1001304,998656,7878,2524,2,1000224,1000329,1563,7315,3077,8080,12288,7,4
3540,914975270,2213497137,0,0,0,0,1000000,1000000,1000000,0,1001450,998487,1281,3694,1001304,998656,7878,2524,2,1000224,1000329,1563,7315,3077,8080,13312,7,4
3541,915327986,2214311952,0,0,0,0,1000000,1000000,1000000,0,1001459,998486,1281,3694,1001312,998655,7878,2524,2,1000224,1000329,1563,7315,3077,8080,14336,7,4
3542,915477911,2214639622,0,0,0,0,1000000,1000000,1000000,0,1001459,998486,1281,3694,1001312,998655,7878,2524,2,1000224,1000329,1563,7315,3077,8080,15360,7,4
3543,916084914,2215916503,0,0,0,0,1000000,1000000,1000000,0,1001468,998486,1215,3694,1001320,998655,8018,2914,2,1000224,1000329,1563,7315,3077,8080,16384,7,4
3544,916132101,2216035255,0,0,0,0,1000000,1000000,1000000,0,1001468,998486,1215,3694,1001320,998655,8018,2914,2,1000224,1000329,1563,7315,3077,8080,17408,7,4
3545,916278235,2216353322,0,0,0,0,1000000,1000000,1000000,0,1001468,998486,1215,3694,1001320,998655,8018,2914,2,1000224,1000329,1563,7315,3077,8080,18432,7,4
3546,916617718,2217145366,0,0,0,0,1000000,1000000,1000000,0,1001482,998486,1196,3694,1001334,998655,8051,3029,2,1000224,1000329,1563,7315,3077,8080,19456,7,4
3547,916779971,2217495754,0,0,0,0,1000000,1000000,1000000,0,1001482,998486,1196,3694,1001334,998655,8051,3029,2,1000224,1000329,1563,7315,3077,8080,20480,7,4
3548,917214304,2218466504,0,0,0,0,1000000,1000000,1000000,0,1001491,998486,1180,3694,1001343,998655,8075,3126,2,1000224,1000329,1563,7315,3077,8080,21504,7,4
3549,917288184,2218638247,0,0,0,0,1000000,1000000,1000000,0,1001491,998486,1180,3694,1001343,998655,8075,3126,2,1000224,1000329,1563,7315,3077,8080,22528,7,4
3550,917627275,2219430880,0,0,0,0,1000000,1000000,1000000,0,1001500,998486,1180,3694,1001352,998655,8075,3126,2,1000224,1000329,1563,7315,3077,8080,23552,7,4
3551,917789210,2219780707,0,0,0,0,1000000,1000000,1000000,0,1001500,998486,1180,3694,1001352,998655,8075,3126,2,1000224,1000329,1563,7315,3077,8080,24576,7,4
3552,918231329,2220770120,0,0,0,0,1000000,1000000,1000000,0,1001509,998486,1174,3694,1001361,998655,8084,3163,2,1000224,1000329,1563,7315,3077,8080,25600,7,4
3553,918296067,2220923183,0,0,0,0,1000000,1000000,1000000,0,1001509,998486,1174,3694,1001361,998655,8084,3163,2,1000224,1000329,1563,7315,3077,8080,26624,7,4
3554,918641396,2221730263,0,0,0,0,1000000,1000000,1000000,0,1001518,998486,1174,3694,1001370,998655,8084,3163,2,1000224,1000329,1563,7315,3077,8080,27648,7,4
3555,918796163,2222065666,0,0,0,0,1000000,1000000,1000000,0,1001518,998486,1174,3694,1001370,998655,8084,3163,2,1000224,1000329,1563,7315,3077,8080,28672,7,4
3556,919226573,2223022815,0,0,0,0,1000000,1000000,1000000,0,1001527,998486,1174,3694,1001379,998655,8084,3163,2,1000224,1000329,1563,7315,3077,8080,29696,7,4
3557,919306513,2223208131,0,0,0,0,1000000,1000000,1000000,0,1001527,998486,1174,3694,1001379,998655,8084,3163,0,1000224,1000329,1563,7315,3077,8080,0,7,4
3558,919669277,2224071523,0,0,0,0,1000000,1000000,1000000,0,1001527,998486,1174,3694,1001385,998655,8084,3163,0,1000224,1000329,1563,7315,3077,8080,613,7,4
3559,919795377,2224350613,0,0,0,0,1000000,1000000,1000000,0,1001527,998486,1174,3694,1001385,998655,8084,3163,0,1000224,1000329,1563,7315,3077,8080,1226,7,4
3560,920259982,2225407349,0,0,0,0,1000000,1000000,1000000,0,1001527,998486,1174,3694,1001388,998655,8084,3163,0,1000224,1000329,1563,7315,3077,8080,1839,7,4
3561,920322513,2225558589,0,0,0,0,1000000,1000000,1000000,0,1001527,998486,1174,3694,1001388,998655,8084,3163,0,1000224,1000329,1563,7315,3077,8080,2452,7,4
3562,920737087,2226551426,0,0,0,0,1000000,1000000,1000000,0,1001527,998486,1177,3702,1001392,998656,8080,3144,0,1000224,1000329,1589,7349,3072,8080,3065,7,4
3563,920799610,2226702676,0,0,0,0,1000000,1000000,1000000,0,1001527,998486,1177,3702,1001392,998656,8080,3144,0,1000224,1000329,1589,7349,3072,8080,3678,7,4
3564,921244251,2227766253,0,0,0,0,1000000,1000000,1000000,0,1001527,998486,1187,3723,1001398,998660,8065,3083,0,1000224,1000329,1677,7410,3077,8080,4291,7,4
3565,921306533,2227916577,0,0,0,0,1000000,1000000,1000000,0,1001527,998486,1187,3723,1001398,998660,8065,3083,0,1000224,1000329,1677,7410,3077,8080,4904,7,4
3566,921670475,2228795261,0,0,0,0,1000000,1000000,1000000,0,1001527,998486,1203,3748,1001406,998664,8039,2986,0,1000224,1000329,1791,7487,3077,8080,5517,7,4
3567,921732733,2228945520,0,0,0,0,1000000,1000000,1000000,0,1001527,998486,1203,3748,1001406,998664,8039,2986,0,1000224,1000329,1791,7487,3077,8080,6130,7,4
3568,922132123,2229892783,0,0,0,0,1000000,1000000,1000000,0,1001527,998486,1224,3776,1001413,998668,8001,2859,0,1000224,1000329,1915,7579,3072,8080,6743,7,4
3569,922204197,2230062959,0,0,0,0,1000000,1000000,1000000,0,1001527,998486,1224,3776,1001413,998668,8001,2859,0,1000224,1000329,1915,7579,3072,8080,7356,7,4
3570,922552901,2230918261,0,0,0,0,1000000,1000000,1000000,0,1001527,998486,1246,3802,1001420,998672,7957,2728,0,1000224,1000330,2048,7656,3059,8062,7969,7,4
3571,922682724,2231205446,0,0,0,0,1000000,1000000,1000000,0,1001527,998486,1246,3802,1001420,998672,7957,2728,0,1000224,1000330,2048,7656,3059,8062,8582,7,4
3572,923082789,2232158717,0,0,0,0,1000000,1000000,1000000,0,1001527,998486,1271,3830,1001428,998676,7902,2582,0,1000224,1000330,2202,7732,3059,8062,9195,7,4
3573,923164231,2232347910,0,0,0,0,1000000,1000000,1000000,0,1001527,998486,1271,3830,1001428,998676,7902,2582,0,1000224,1000330,2202,7732,3059,8062,9808,7,4
3574,923501898,2233178462,0,0,0,0,1000000,1000000,1000000,0,1001527,998486,1299,3858,1001436,998681,7834,2419,0,1000224,1000331,2363,7810,3045,8062,10421,7,4
3575,923643929,2233490381,0,0,0,0,1000000,1000000,1000000,0,1001527,998486,1299,3858,1001436,998681,7834,2419,0,1000224,1000331,2363,7810,3045,8062,11034,7,4
3576,924037900,2234427875,0,0,0,0,1000000,1000000,1000000,0,1001527,998486,1328,3884,1001445,998684,7755,2254,0,1000224,1000332,2527,7885,3022,8062,11647,7,4
3577,924127157,2234632845,0,0,0,0,1000000,1000000,1000000,0,1001527,998486,1328,3884,1001445,998684,7755,2254,0,1000224,1000332,2527,7885,3022,8062,12260,7,4
3578,924466603,2235468672,0,0,0,0,1000000,1000000,1000000,0,1001527,998486,1359,3909,1001453,998688,7663,2083,0,1000224,1000332,2687,7944,3026,8062,12873,7,4
3579,924606016,2235775325,0,0,0,0,1000000,1000000,1000000,0,1001527,998486,1359,3909,1001453,998688,7663,2083,0,1000224,1000332,2687,7944,3026,8062,13486,7,4
3580,925002365,2236719773,0,0,0,0,1000000,1000000,1000000,0,1001527,998486,1391,3934,1001462,998691,7561,1911,0,1000224,1000333,2858,8001,3008,8062,14099,7,4
3581,925088173,2236917802,0,0,0,0,1000000,1000000,1000000,0,1001527,998486,1391,3934,1001462,998691,7561,1911,0,1000224,1000333,2858,8001,3008,8062,14712,7,4
3582,925421910,2237738217,0,0,0,0,1000000,1000000,1000000,0,1001527,998486,1425,3957,1001471,998692,7442,1732,0,1000224,1000334,3020,8057,2984,8043,15325,7,4
3583,925568916,2238060271,0,0,0,0,1000000,1000000,1000000,0,1001527,998486,1425,3957,1001471,998692,7442,1732,0,1000224,1000334,3020,8057,2984,8043,15938,7,4
3584,925957299,2238981659,0,0,0,0,1000000,1000000,1000000,0,1001527,998486,1462,3981,1001480,998694,7302,1547,0,1000224,1000335,3193,8095,2966,8043,16551,7,4
3585,926054461,2239202736,0,0,0,0,1000000,1000000,1000000,0,1001527,998486,1462,3981,1001480,998694,7302,1547,0,1000224,1000335,3193,8095,2966,8043,17164,7,4
3586,926385472,2240015432,0,0,0,0,1000000,1000000,1000000,0,1001527,998486,1455,4004,1001489,998696,7329,1581,0,1000224,1000335,3366,8134,2966,8043,17777,7,4
3587,926536315,2240345220,0,0,0,0,1000000,1000000,1000000,0,1001527,998486,1455,4004,1001489,998696,7329,1581,0,1000224,1000335,3366,8134,2966,8043,18390,7,4
3588,926956113,2241326945,0,0,0,0,1000000,1000000,1000000,0,1001527,998486,1495,4027,1001498,998698,7169,1388,0,1000224,1000336,3539,8172,2947,8043,19003,7,4
3589,927023488,2241487684,0,0,0,0,1000000,1000000,1000000,0,1001527,998486,1495,4027,1001498,998698,7169,1388,0,1000224,1000336,3539,8172,2947,8043,19616,7,4
3590,927383078,2242356695,0,0,0,0,1000000,1000000,1000000,0,1001527,998486,1531,4048,1001507,998699,7015,1223,0,1000224,1000337,3712,8192,2934,8025,20229,7,4
3591,927506103,2242630158,0,0,0,0,1000000,1000000,1000000,0,1001527,998486,1531,4048,1001507,998699,7015,1223,0,1000224,1000337,3712,8192,2934,8025,20842,7,4
3592,927933415,2243629400,0,0,0,0,1000000,1000000,1000000,0,1001527,998486,1559,4068,1001515,998699,6889,1100,0,1000224,1000337,3866,8192,2934,8025,21455,7,4
3593,927995729,2243779855,0,0,0,0,1000000,1000000,1000000,0,1001527,998486,1559,4068,1001515,998699,6889,1100,0,1000224,1000337,3866,8192,2934,8025,22068,7,4
3594,928357508,2244657644,0,0,0,0,1000000,1000000,1000000,0,1001527,998486,1591,4087,1001523,998699,6738,966,0,1000224,1000338,4020,8192,2916,8025,22681,7,4
3595,928472588,2244915103,0,0,0,0,1000000,1000000,1000000,0,1001527,998486,1591,4087,1001523,998699,6738,966,0,1000224,1000338,4020,8192,2916,8025,23294,7,4
3596,928899795,2245918466,0,0,0,0,1000000,1000000,1000000,0,1001527,998486,1621,7,1001530,998699,6591,848,0,1000224,1000339,4153,8192,2897,8025,23907,7,4
3597,928962084,2246068837,0,0,0,0,1000000,1000000,1000000,0,1001527,998486,1621,7,1001530,998699,6591,848,0,1000224,1000339,4153,8192,2897,8025,24520,7,4
3598,929326350,2246953166,0,0,0,0,1000000,1000000,1000000,0,1001527,998486,1593,21,1001536,998698,6728,958,0,1000224,1000339,4269,8192,2892,8025,25133,7,4
3599,929436218,2247200041,0,0,0,0,1000000,1000000,1000000,0,1001527,998486,1593,21,1001536,998698,6728,958,0,1000224,1000339,4269,8192,2892,8025,25746,7,4
3600,929857989,2248203085,0,0,0,0,1000000,1000000,1000000,0,1001529,998486,1615,33,1001542,998698,6621,871,2,1000224,1000340,4366,8192,2879,8007,0,7,4
3601,929921084,2248355702,0,0,0,0,1000000,1000000,1000000,0,1001529,998486,1615,33,1001542,998698,6621,871,0,1000224,1000340,4366,8192,2879,8007,0,7,4
3602,930300277,2249288523,0,0,0,0,1000000,1000000,1000000,0,1001529,998486,1636,45,1001548,998698,6516,792,0,1000224,1000341,4463,8192,2860,8007,613,7,4
3603,930385142,2249484997,0,0,0,0,1000000,1000000,1000000,0,1001529,998486,1636,45,1001548,998698,6516,792,0,1000224,1000341,4463,8192,2860,8007,1226,7,4
3604,931053481,2250950037,0,0,0,0,1000000,1000000,1000000,0,1001529,998486,1622,60,1001554,998697,6586,845,0,1000224,1000341,4579,8172,2860,8007,1839,7,4
3605,931118167,2251103877,0,0,0,0,1000000,1000000,1000000,0,1001529,998486,1622,60,1001554,998697,6586,845,0,1000224,1000341,4579,8172,2860,8007,2452,7,4
3606,931181667,2251257950,0,0,0,0,1000000,1000000,1000000,0,1001529,998486,1622,60,1001554,998697,6586,845,0,1000224,1000341,4579,8172,2860,8007,3065,7,4
3607,931543558,2252143286,0,0,0,0,1000000,1000000,1000000,0,1001529,998486,1568,60,1001554,998697,6847,1061,0,1000224,1000341,4579,8172,2860,8007,3678,7,4
3608,931628788,2252341194,0,0,0,0,1000000,1000000,1000000,0,1001529,998486,1568,60,1001554,998697,6847,1061,0,1000224,1000341,4579,8172,2860,8007,4291,7,4
3609,932054615,2253314047,0,0,0,0,1000000,1000000,1000000,0,1001529,998486,1568,60,1001554,998697,6847,1061,0,1000224,1000341,4579,8172,2860,8007,4904,7,4
3610,932126088,2253483659,0,0,0,0,1000000,1000000,1000000,0,1001529,998486,1568,60,1001554,998697,6847,1061,0,1000224,1000341,4579,8172,2860,8007,5517,7,4
3611,932469151,2254300733,0,0,0,0,1000000,1000000,1000000,0,1001529,998486,1568,60,1001554,998697,6847,1061,0,1000224,1000341,4579,8172,2860,8007,6130,7,4
3612,932617484,2254626142,0,0,0,0,1000000,1000000,1000000,0,1001529,998486,1568,60,1001554,998697,6847,1061,0,1000224,1000341,4579,8172,2860,8007,6743,7,4
3613,933042566,2255597141,0,0,0,0,1000000,1000000,1000000,0,1001529,998486,1537,60,1001554,998697,6988,1196,0,1000224,1000341,4579,8172,2860,8007,7356,7,4
3614,933114955,2255768594,0,0,0,0,1000000,1000000,1000000,0,1001529,998486,1537,60,1001554,998697,6988,1196,0,1000224,1000341,4579,8172,2860,8007,7969,7,4
3615,933458281,2256586167,0,0,0,0,1000000,1000000,1000000,0,1001529,998486,1537,60,1001554,998697,6988,1196,0,1000224,1000341,4579,8172,2860,8007,8582,7,4
3616,933606384,2256911076,0,0,0,0,1000000,1000000,1000000,0,1001529,998486,1537,60,1001554,998697,6988,1196,0,1000224,1000341,4579,8172,2860,8007,9195,7,4
3617,934031829,2257883303,0,0,0,0,1000000,1000000,1000000,0,1001529,998486,1537,60,1001554,998697,6988,1196,0,1000224,1000341,4579,8172,2860,8007,9808,7,4
3618,934103666,2258053570,0,0,0,0,1000000,1000000,1000000,0,1001529,998486,1537,60,1001554,998697,6988,1196,0,1000224,1000341,4579,8172,2860,8007,10421,7,4
3619,934446741,2258870587,0,0,0,0,1000000,1000000,1000000,0,1001529,998486,1537,60,1001554,998697,6988,1196,0,1000224,1000341,4579,8172,2860,8007,11034,7,4
3620,934595120,2259196008,0,0,0,0,1000000,1000000,1000000,0,1001529,998486,1537,60,1001554,998697,6988,1196,0,1000224,1000341,4579,8172,2860,8007,11647,7,4
3621,935020440,2260167784,0,0,0,0,1000000,1000000,1000000,0,1001529,998486,1537,60,1001554,998697,6988,1196,0,1000224,1000341,4579,8172,2860,8007,12260,7,4
3622,935092465,2260338490,0,0,0,0,1000000,1000000,1000000,0,1001529,998486,1537,60,1001554,998697,6988,1196,0,1000224,1000341,4579,8172,2860,8007,12873,7,4
3623,935435385,2261155117,0,0,0,0,1000000,1000000,1000000,0,1001529,998486,1605,60,1001554,998697,6670,911,0,1000224,1000341,4579,8172,2860,8007,13486,7,4
3624,935583889,2261480963,0,0,0,0,1000000,1000000,1000000,0,1001529,998486,1605,60,1001554,998697,6670,911,0,1000224,1000341,4579,8172,2860,8007,14099,7,4
3625,936010180,2262454959,0,0,0,0,1000000,1000000,1000000,0,1001529,998486,1624,60,1001554,998697,6576,837,0,1000224,1000341,4579,8172,2860,8007,14712,7,4
3626,936081098,2262623430,0,0,0,0,1000000,1000000,1000000,0,1001529,998486,1624,60,1001554,998697,6576,837,0,1000224,1000341,4579,8172,2860,8007,15325,7,4
3627,936424756,2263442096,0,0,0,0,1000000,1000000,1000000,0,1001529,998486,1624,60,1001554,998697,6576,837,0,1000224,1000341,4579,8172,2860,8007,15938,7,4
3628,936572312,2263765915,0,0,0,0,1000000,1000000,1000000,0,1001529,998486,1624,60,1001554,998697,6576,837,0,1000224,1000341,4579,8172,2860,8007,16551,7,4
3629,937058387,2264872634,0,0,0,0,1000000,1000000,1000000,0,1001529,998486,1692,73,1001559,998695,6224,596,0,1000224,1000345,4678,8153,2787,7989,17164,7,4
3630,937123711,2265029849,0,0,0,0,1000000,1000000,1000000,0,1001529,998486,1692,73,1001559,998695,6224,596,0,1000224,1000345,4678,8153,2787,7989,17777,7,4
3631,937522005,2265973523,0,0,0,0,1000000,1000000,1000000,0,1001529,998486,1828,101,1001570,998692,5453,231,0,1000224,1000350,4895,8113,2701,7953,18390,7,4
3632,937587876,2266131282,0,0,0,0,1000000,1000000,1000000,0,1001529,998486,1828,101,1001570,998692,5453,231,0,1000224,1000350,4895,8113,2701,7953,19003,7,4
3633,938096809,2267292597,0,0,0,0,1000000,1000000,1000000,0,1001529,998486,1910,129,1001580,998688,4957,93,0,1000224,1000356,5100,8073,2590,7916,19616,7,4
3634,938162409,2267449412,0,0,0,0,1000000,1000000,1000000,0,1001529,998486,1910,129,1001580,998688,4957,93,0,1000224,1000356,5100,8073,2590,7916,20229,7,4
3635,938306894,2267764553,0,0,0,0,1000000,1000000,1000000,0,1001529,998486,1910,129,1001580,998688,4957,93,0,1000224,1000356,5100,8073,2590,7916,20842,7,4
3636,938727096,2268764928,0,0,0,0,1000000,1000000,1000000,0,1001529,998486,1986,171,1001588,998662,4485,19,0,1000224,1000356,5402,7992,2434,7847,21455,7,4
3637,938787806,2268907012,0,0,0,0,1000000,1000000,1000000,0,1001529,998486,1986,171,1001588,998662,4485,19,0,1000224,1000356,5402,7992,2434,7847,22068,7,4
3638,939325288,2270139271,0,0,0,0,1000000,1000000,1000000,0,1001529,998486,2014,193,1001588,998642,4310,6,0,1000224,1000352,5551,7945,2351,7811,22681,7,4
3639,939375171,2270259076,0,0,0,0,1000000,1000000,1000000,0,1001529,998486,2014,193,1001588,998642,4310,6,0,1000224,1000352,5551,7945,2351,7811,23294,7,4
3640,939543809,2270620758,0,0,0,0,1000000,1000000,1000000,0,1001529,998486,2014,193,1001588,998642,4310,6,0,1000224,1000352,5551,7945,2351,7811,23907,7,4
3641,939967762,2271627884,0,0,0,0,1000000,1000000,1000000,0,1001529,998486,2028,209,1001588,998630,4222,2,0,1000224,1000352,5655,7901,2250,7765,24520,7,4
3642,940024500,2271763210,0,0,0,0,1000000,1000000,1000000,0,1001529,998486,2028,209,1001588,998630,4222,2,0,1000224,1000352,5655,7901,2250,7765,25133,7,4
3643,940542034,2272952443,0,0,0,0,1000000,1000000,1000000,0,1001529,998486,2084,215,1001588,998626,3870,6,0,1000224,1000351,5696,7893,2230,7755,25746,7,4
3644,940592149,2273073690,0,0,0,0,1000000,1000000,1000000,0,1001529,998486,2084,215,1001588,998626,3870,6,0,1000224,1000351,5696,7893,2230,7755,26359,7,4
3645,940780223,2273476911,0,0,0,0,1000000,1000000,1000000,0,1001529,998486,2084,215,1001588,998626,3870,6,2,1000224,1000351,5696,7893,2230,7755,0,7,4
3646,941152894,2274368127,0,0,0,0,1000000,1000000,1000000,0,1001528,998486,2084,215,1001587,998626,3870,6,0,1000224,1000351,5696,7893,2230,7755,0,7,4
3647,941267147,2274619384,0,0,0,0,1000000,1000000,1000000,0,1001528,998486,2084,215,1001587,998626,3870,6,0,1000224,1000351,5696,7893,2230,7755,613,7,4
3648,941808797,2275884167,0,0,0,0,1000000,1000000,1000000,0,1001528,998486,2084,214,1001587,998627,3870,6,0,1000224,1000352,5685,7895,2217,7758,1226,7,4
3649,941856033,2276000851,0,0,0,0,1000000,1000000,1000000,0,1001528,998486,2084,214,1001587,998627,3870,6,2,1000224,1000352,5685,7895,2217,7758,0,7,4
3650,942010064,2276333112,0,0,0,0,1000000,1000000,1000000,0,1001528,998486,2084,214,1001587,998627,3870,6,0,1000224,1000352,5685,7895,2217,7758,0,7,4
3651,942449776,2277388443,0,0,0,0,1000000,1000000,1000000,0,1001526,998486,2146,214,1001586,998629,3483,46,2,1000224,1000354,5681,7874,2213,7744,0,7,4
3652,942502862,2277517754,0,0,0,0,1000000,1000000,1000000,0,1001526,998486,2146,214,1001586,998629,3483,46,2,1000224,1000354,5681,7874,2213,7744,1024,7,4
3653,943042053,2278779720,0,0,0,0,1000000,1000000,1000000,0,1001524,998486,2146,215,1001585,998631,3483,46,2,1000224,1000355,5687,7878,2211,7749,2048,7,4
3654,943092869,2278902211,0,0,0,0,1000000,1000000,1000000,0,1001524,998486,2146,215,1001585,998631,3483,46,0,1000224,1000355,5687,7878,2211,7749,0,7,4
3655,943223869,2279189275,0,0,0,0,1000000,1000000,1000000,0,1001524,998486,2146,215,1001585,998631,3483,46,2,1000224,1000355,5687,7878,2211,7749,0,7,4
3656,943672706,2280278948,0,0,0,0,1000000,1000000,1000000,0,1001522,998486,2162,214,1001584,998634,3384,62,2,1000224,1000356,5683,7884,2220,7757,1024,7,4
3657,943720991,2280398537,0,0,0,0,1000000,1000000,1000000,0,1001522,998486,2162,214,1001584,998634,3384,62,2,1000224,1000356,5683,7884,2220,7757,2048,7,4
3658,944261714,2281661057,0,0,0,0,1000000,1000000,1000000,0,1001520,998486,2222,214,1001583,998636,3017,144,2,1000224,1000357,5688,7888,2229,7741,3072,7,4
3659,944307809,2281775366,0,0,0,0,1000000,1000000,1000000,0,1001520,998486,2222,214,1001583,998636,3017,144,2,1000224,1000357,5688,7888,2229,7741,4096,7,4
3660,944430225,2282045457,0,0,0,0,1000000,1000000,1000000,0,1001520,998486,2222,214,1001583,998636,3017,144,2,1000224,1000357,5688,7888,2229,7741,5120,7,4
3661,944870827,2283116676,0,0,0,0,1000000,1000000,1000000,0,1001516,998486,2222,214,1001581,998639,3017,144,2,1000224,1000359,5684,7894,2215,7749,6144,7,4
3662,944923099,2283244422,0,0,0,0,1000000,1000000,1000000,0,1001516,998486,2222,214,1001581,998639,3017,144,2,1000224,1000359,5684,7894,2215,7749,7168,7,4
3663,945425699,2284390047,0,0,0,0,1000000,1000000,1000000,0,1001514,998486,2222,215,1001581,998643,3017,144,2,1000224,1000361,5686,7878,2221,7760,8192,7,4
3664,945477444,2284515936,0,0,0,0,1000000,1000000,1000000,0,1001514,998486,2222,215,1001581,998643,3017,144,2,1000224,1000361,5686,7878,2221,7760,9216,7,4
3665,945657212,2284901647,0,0,0,0,1000000,1000000,1000000,0,1001514,998486,2222,215,1001581,998643,3017,144,2,1000224,1000361,5686,7878,2221,7760,10240,7,4
3666,946083446,2285912611,0,0,0,0,1000000,1000000,1000000,0,1001509,998486,2282,213,1001580,998649,2658,260,2,1000224,1000364,5678,7889,2225,7755,11264,7,4
3667,946138063,2286044086,0,0,0,0,1000000,1000000,1000000,0,1001509,998486,2282,213,1001580,998649,2658,260,2,1000224,1000364,5678,7889,2225,7755,12288,7,4
3668,946655717,2287230275,0,0,0,0,1000000,1000000,1000000,0,1001505,998486,2282,215,1001578,998652,2658,260,2,1000224,1000366,5688,7873,2231,7745,13312,7,4
3669,946701798,2287344398,0,0,0,0,1000000,1000000,1000000,0,1001505,998486,2282,215,1001578,998652,2658,260,2,1000224,1000366,5688,7873,2231,7745,14336,7,4
3670,946894306,2287757839,0,0,0,0,1000000,1000000,1000000,0,1001505,998486,2282,215,1001578,998652,2658,260,2,1000224,1000366,5688,7873,2231,7745,15360,7,4
3671,947311219,2288744352,0,0,0,0,1000000,1000000,1000000,0,1001500,998486,2292,214,1001575,998658,2599,283,2,1000224,1000369,5681,7883,2226,7758,16384,7,4
3672,947376794,2288900300,0,0,0,0,1000000,1000000,1000000,0,1001500,998486,2292,214,1001575,998658,2599,283,2,1000224,1000369,5681,7883,2226,7758,17408,7,4
3673,947897143,2290089876,0,0,0,0,1000000,1000000,1000000,0,1001497,998486,2292,214,1001573,998660,2599,283,2,1000224,1000371,5686,7886,2214,7745,18432,7,4
3674,947946824,2290213135,0,0,0,0,1000000,1000000,1000000,0,1001497,998486,2292,214,1001573,998660,2599,283,2,1000224,1000371,5686,7886,2214,7745,19456,7,4
3675,948134172,2290614009,0,0,0,0,1000000,1000000,1000000,0,1001497,998486,2292,214,1001573,998660,2599,283,2,1000224,1000371,5686,7886,2214,7745,20480,7,4
3676,948562848,2291632443,0,0,0,0,1000000,1000000,1000000,0,1001492,998486,2292,215,1001569,998662,2599,283,2,1000224,1000372,5691,7890,2212,7749,21504,7,4
3677,948613576,2291756450,0,0,0,0,1000000,1000000,1000000,0,1001492,998486,2292,215,1001569,998662,2599,283,2,1000224,1000372,5691,7890,2212,7749,22528,7,4
3678,949134386,2292949560,0,0,0,0,1000000,1000000,1000000,0,1001489,998486,2254,215,1001567,998664,2823,203,2,1000224,1000373,5687,7873,2219,7755,23552,7,4
3679,949180223,2293062869,0,0,0,0,1000000,1000000,1000000,0,1001489,998486,2254,215,1001567,998664,2823,203,2,1000224,1000373,5687,7873,2219,7755,24576,7,4
3680,949369706,2293470178,0,0,0,0,1000000,1000000,1000000,0,1001489,998486,2254,215,1001567,998664,2823,203,2,1000224,1000373,5687,7873,2219,7755,25600,7,4
3681,949796204,2294483070,0,0,0,0,1000000,1000000,1000000,0,1001484,998486,2254,214,1001563,998667,2823,203,2,1000224,1000374,5684,7878,2235,7745,26624,7,4
3682,949848776,2294612649,0,0,0,0,1000000,1000000,1000000,0,1001484,998486,2254,214,1001563,998667,2823,203,2,1000224,1000374,5684,7878,2235,7745,27648,7,4
3683,950361963,2295781237,0,0,0,0,1000000,1000000,1000000,0,1001482,998486,2244,215,1001562,998669,2883,183,2,1000224,1000375,5688,7881,2233,7749,28672,7,4
3684,950411667,2295904571,0,0,0,0,1000000,1000000,1000000,0,1001482,998486,2244,215,1001562,998669,2883,183,2,1000224,1000375,5688,7881,2233,7749,29696,7,4
3685,950609208,2296326364,0,0,0,0,1000000,1000000,1000000,0,1001482,998486,2244,215,1001562,998669,2883,183,2,1000224,1000375,5688,7881,2233,7749,30720,7,4
3686,951038595,2297346751,0,0,0,0,1000000,1000000,1000000,0,1001477,998486,2244,215,1001558,998671,2883,183,2,1000224,1000377,5693,7884,2213,7753,31744,7,4
3687,951088486,2297468801,0,0,0,0,1000000,1000000,1000000,0,1001477,998486,2244,215,1001558,998671,2883,183,2,1000224,1000377,5693,7884,2213,7753,0,7,4
3688,951552042,2298511572,0,0,0,0,1000000,1000000,1000000,0,1001475,998486,2244,215,1001556,998671,2883,183,2,1000224,1000377,5693,7884,2213,7753,1024,7,4
3689,951598377,2298626615,0,0,0,0,1000000,1000000,1000000,0,1001475,998486,2244,215,1001556,998671,2883,183,2,1000224,1000377,5693,7884,2213,7753,2048,7,4
3690,951961028,2299472831,0,0,0,0,1000000,1000000,1000000,0,1001472,998486,2244,215,1001553,998671,2883,183,2,1000224,1000377,5693,7884,2213,7753,3072,7,4
3691,952089102,2299753756,0,0,0,0,1000000,1000000,1000000,0,1001472,998486,2244,215,1001553,998671,2883,183,2,1000224,1000377,5693,7884,2213,7753,4096,7,4
3692,952734689,2301130884,0,0,0,0,1000000,1000000,1000000,0,1001469,998486,2244,215,1001550,998671,2883,183,2,1000224,1000377,5693,7884,2213,7753,5120,7,4
3693,952783464,2301250930,0,0,0,0,1000000,1000000,1000000,0,1001469,998486,2244,215,1001550,998671,2883,183,2,1000224,1000377,5693,7884,2213,7753,6144,7,4
3694,952878546,2301467494,0,0,0,0,1000000,1000000,1000000,0,1001469,998486,2244,215,1001550,998671,2883,183,2,1000224,1000377,5693,7884,2213,7753,7168,7,4
3695,953224817,2302271280,0,0,0,0,1000000,1000000,1000000,0,1001465,998486,2244,215,1001546,998671,2883,183,2,1000224,1000377,5693,7884,2213,7753,8192,7,4
3696,953380372,2302609945,0,0,0,0,1000000,1000000,1000000,0,1001465,998486,2244,215,1001546,998671,2883,183,2,1000224,1000377,5693,7884,2213,7753,9216,7,4
3697,954032738,2303998512,0,0,0,0,1000000,1000000,1000000,0,1001462,998486,2244,215,1001543,998671,2883,183,2,1000224,1000377,5693,7884,2213,7753,10240,7,4
3698,954082736,2304122736,0,0,0,0,1000000,1000000,1000000,0,1001462,998486,2244,215,1001543,998671,2883,183,2,1000224,1000377,5693,7884,2213,7753,11264,7,4
3699,954171492,2304323665,0,0,0,0,1000000,1000000,1000000,0,1001462,998486,2244,215,1001543,998671,2883,183,2,1000224,1000377,5693,7884,2213,7753,12288,7,4
3700,954537592,2305178723,0,0,0,0,1000000,1000000,1000000,0,1001458,998486,2244,215,1001539,998671,2883,183,2,1000224,1000377,5693,7884,2213,7753,13312,7,4
3701,954668186,2305466122,0,0,0,0,1000000,1000000,1000000,0,1001458,998486,2244,215,1001539,998671,2883,183,2,1000224,1000377,5693,7884,2213,7753,14336,7,4
3702,955383141,2307018805,0,0,0,0,1000000,1000000,1000000,0,1001455,998486,2258,264,1001550,998664,2800,211,2,1000224,1000378,5980,7741,2203,7736,15360,7,4
3703,955435178,2307146031,0,0,0,0,1000000,1000000,1000000,0,1001455,998486,2258,264,1001550,998664,2800,211,2,1000224,1000378,5980,7741,2203,7736,16384,7,4
3704,955484507,2307269624,0,0,0,0,1000000,1000000,1000000,0,1001455,998486,2258,264,1001550,998664,2800,211,2,1000224,1000378,5980,7741,2203,7736,17408,7,4
3705,955954414,2308379716,0,0,0,0,1000000,1000000,1000000,0,1001449,998486,2369,388,1001572,998644,2160,487,2,1000224,1000383,6578,7364,2121,7684,18432,7,4
3706,956007621,2308510217,0,0,0,0,1000000,1000000,1000000,0,1001449,998486,2369,388,1001572,998644,2160,487,2,1000224,1000383,6578,7364,2121,7684,19456,7,4
3707,956185648,2308893550,0,0,0,0,1000000,1000000,1000000,0,1001449,998486,2369,388,1001572,998644,2160,487,2,1000224,1000383,6578,7364,2121,7684,20480,7,4
3708,957032333,2310726063,0,0,0,0,1000000,1000000,1000000,0,1001441,998486,2506,546,1001584,998615,1450,970,2,1000224,1000383,7102,6906,2039,7644,21504,7,4
3709,957083819,2310850346,0,0,0,0,1000000,1000000,1000000,0,1001441,998486,2506,546,1001584,998615,1450,970,2,1000224,1000383,7102,6906,2039,7644,22528,7,4
3710,957135488,2310976047,0,0,0,0,1000000,1000000,1000000,0,1001441,998486,2506,546,1001584,998615,1450,970,2,1000224,1000383,7102,6906,2039,7644,23552,7,4
3711,957225334,2311178499,0,0,0,0,1000000,1000000,1000000,0,1001441,998486,2506,546,1001584,998615,1450,970,2,1000224,1000383,7102,6906,2039,7644,24576,7,4
3712,957794667,2312495059,0,0,0,0,1000000,1000000,1000000,0,1001426,998486,2712,728,1001582,998571,609,1947,2,1000224,1000380,7658,6156,1915,7574,25600,7,4
3713,957846155,2312619312,0,0,0,0,1000000,1000000,1000000,0,1001426,998486,2712,728,1001582,998571,609,1947,2,1000224,1000380,7658,6156,1915,7574,26624,7,4
3714,957970273,2312892211,0,0,0,0,1000000,1000000,1000000,0,1001426,998486,2712,728,1001582,998571,609,1947,2,1000224,1000380,7658,6156,1915,7574,27648,7,4
3715,958687879,2314468213,0,0,0,0,1000000,1000000,1000000,0,1001413,998486,2830,835,1001580,998544,279,2610,2,1000224,1000385,7946,5518,1823,7516,28672,7,4
3716,958729968,2314572654,0,0,0,0,1000000,1000000,1000000,0,1001413,998486,2830,835,1001580,998544,279,2610,1,1000224,1000385,7946,5518,1823,7516,77824,7,4
3717,958781023,2314697086,0,0,0,0,1000000,1000000,1000000,0,1001413,998486,2830,835,1001580,998544,279,2610,1,1000224,1000385,7946,5518,1823,7516,78848,7,4
3718,959378241,2316057434,0,0,0,0,1000000,1000000,1000000,0,1001409,998486,2951,931,1001579,998516,71,3340,1,1000224,1000389,8142,4836,1753,7478,79872,7,4
3719,959418367,2316156598,0,0,0,0,1000000,1000000,1000000,0,1001409,998486,2951,931,1001579,998516,71,3340,1,1000224,1000389,8142,4836,1753,7478,80896,7,4
3720,959489426,2316319638,0,0,0,0,1000000,1000000,1000000,0,1001409,998486,2951,931,1001579,998516,71,3340,1,1000224,1000389,8142,4836,1753,7478,81920,7,4
3721,960226846,2317941091,0,0,0,0,1000000,1000000,1000000,0,1001405,998486,3040,1018,1001575,998488,5,3895,1,1000224,1000394,8192,4145,1687,7429,82944,7,4
3722,960268303,2318044102,0,0,0,0,1000000,1000000,1000000,0,1001405,998486,3040,1018,1001575,998488,5,3895,1,1000224,1000394,8192,4145,1687,7429,83968,7,4
3723,960307948,2318142724,0,0,0,0,1000000,1000000,1000000,0,1001405,998486,3040,1018,1001575,998488,5,3895,1,1000224,1000394,8192,4145,1687,7429,84992,7,4
3724,960936730,2319561311,0,0,0,0,1000000,1000000,1000000,0,1001401,998486,3201,1107,1001570,998459,80,4901,1,1000224,1000399,8143,3438,1647,7388,0,7,4
3725,960980459,2319667776,0,0,0,0,1000000,1000000,1000000,0,1001401,998486,3201,1107,1001570,998459,80,4901,1,1000224,1000399,8143,3438,1647,7388,1024,7,4
3726,961018484,2319766067,0,0,0,0,1000000,1000000,1000000,0,1001401,998486,3201,1107,1001570,998459,80,4901,1,1000224,1000399,8143,3438,1647,7388,2048,7,4
3727,961907236,2321664545,0,0,0,0,1000000,1000000,1000000,0,1001397,998487,3299,1200,1001562,998431,245,5493,1,1000224,1000404,7976,2755,1608,7368,3072,7,4
3728,961945674,2321762730,0,0,0,0,1000000,1000000,1000000,0,1001397,998487,3299,1200,1001562,998431,245,5493,1,1000224,1000404,7976,2755,1608,7368,4096,7,4
3729,961982398,2321857346,0,0,0,0,1000000,1000000,1000000,0,1001397,998487,3299,1200,1001562,998431,245,5493,1,1000224,1000404,7976,2755,1608,7368,5120,7,4
3730,962058078,2322031992,0,0,0,0,1000000,1000000,1000000,0,1001397,998487,3299,1200,1001562,998431,245,5493,1,1000224,1000404,7976,2755,1608,7368,6144,7,4
3731,962653152,2323375201,0,0,0,0,1000000,1000000,1000000,0,1001392,998490,3503,1346,1001541,998398,863,6611,1,1000224,1000409,7572,1906,1560,7327,7168,7,4
3732,962693136,2323476500,0,0,0,0,1000000,1000000,1000000,0,1001392,998490,3503,1346,1001541,998398,863,6611,1,1000224,1000409,7572,1906,1560,7327,8192,7,4
3733,962815844,2323745685,0,0,0,0,1000000,1000000,1000000,0,1001392,998490,3503,1346,1001541,998398,863,6611,1,1000224,1000409,7572,1906,1560,7327,9216,7,4
3734,963723422,2325681882,0,0,0,0,1000000,1000000,1000000,0,1001389,998493,3669,1455,1001526,998380,1601,7344,1,1000224,1000412,7232,1452,1550,7324,10240,7,4
3735,963757807,2325769910,0,0,0,0,1000000,1000000,1000000,0,1001389,998493,3669,1455,1001526,998380,1601,7344,1,1000224,1000412,7232,1452,1550,7324,11264,7,4
3736,963794466,2325864581,0,0,0,0,1000000,1000000,1000000,0,1001389,998493,3669,1455,1001526,998380,1601,7344,1,1000224,1000412,7232,1452,1550,7324,12288,7,4
3737,963866973,2326030636,0,0,0,0,1000000,1000000,1000000,0,1001389,998493,3669,1455,1001526,998380,1601,7344,1,1000224,1000412,7232,1452,1550,7324,13312,7,4
3738,964476981,2327407650,0,0,0,0,1000000,1000000,1000000,0,1001385,998497,3438,1456,1001524,998382,628,6276,1,1000224,1000414,7225,1450,1559,7322,14336,7,4
3739,964511384,2327495688,0,0,0,0,1000000,1000000,1000000,0,1001385,998497,3438,1456,1001524,998382,628,6276,1,1000224,1000414,7225,1450,1559,7322,15360,7,4
3740,964623882,2327744347,0,0,0,0,1000000,1000000,1000000,0,1001385,998497,3438,1456,1001524,998382,628,6276,1,1000224,1000414,7225,1450,1559,7322,16384,7,4
3741,965356909,2329353601,0,0,0,0,1000000,1000000,1000000,0,1001381,998499,3362,1454,1001522,998383,398,5858,1,1000224,1000416,7236,1457,1557,7315,17408,7,4
3742,965394675,2329450384,0,0,0,0,1000000,1000000,1000000,0,1001381,998499,3362,1454,1001522,998383,398,5858,1,1000224,1000416,7236,1457,1557,7315,18432,7,4
3743,965428376,2329537638,0,0,0,0,1000000,1000000,1000000,0,1001381,998499,3362,1454,1001522,998383,398,5858,1,1000224,1000416,7236,1457,1557,7315,19456,7,4
3744,965966743,2330723003,0,0,0,0,1000000,1000000,1000000,0,1001377,998501,3362,1454,1001518,998385,398,5858,1,1000224,1000416,7236,1457,1557,7315,20480,7,4
3745,966001060,2330810750,0,0,0,0,1000000,1000000,1000000,0,1001377,998501,3362,1454,1001518,998385,398,5858,1,1000224,1000416,7236,1457,1557,7315,21504,7,4
3746,966168863,2331171772,0,0,0,0,1000000,1000000,1000000,0,1001377,998501,3362,1454,1001518,998385,398,5858,1,1000224,1000416,7236,1457,1557,7315,22528,7,4
3747,966834406,2332605622,0,0,0,0,1000000,1000000,1000000,0,1001373,998502,3281,1454,1001514,998386,209,5386,1,1000224,1000416,7236,1457,1557,7315,23552,7,4
3748,966871959,2332701745,0,0,0,0,1000000,1000000,1000000,0,1001373,998502,3281,1454,1001514,998386,209,5386,1,1000224,1000416,7236,1457,1557,7315,24576,7,4
3749,966953195,2332885478,0,0,0,0,1000000,1000000,1000000,0,1001373,998502,3281,1454,1001514,998386,209,5386,1,1000224,1000416,7236,1457,1557,7315,25600,7,4
3750,967499100,2334096964,0,0,0,0,1000000,1000000,1000000,0,1001369,998504,3281,1454,1001510,998388,209,5386,1,1000224,1000416,7236,1457,1557,7315,26624,7,4
3751,967533463,2334184931,0,0,0,0,1000000,1000000,1000000,0,1001369,998504,3281,1454,1001510,998388,209,5386,1,1000224,1000416,7236,1457,1557,7315,27648,7,4
3752,967727647,2334599170,0,0,0,0,1000000,1000000,1000000,0,1001369,998504,3281,1454,1001510,998388,209,5386,1,1000224,1000416,7236,1457,1557,7315,28672,7,4
3753,968396482,2336040595,0,0,0,0,1000000,1000000,1000000,0,1001365,998504,3202,1454,1001506,998388,81,4907,1,1000224,1000416,7236,1457,1557,7315,29696,7,4
3754,968434291,2336137469,0,0,0,0,1000000,1000000,1000000,0,1001365,998504,3202,1454,1001506,998388,81,4907,1,1000224,1000416,7236,1457,1557,7315,30720,7,4
3755,968511422,2336312886,0,0,0,0,1000000,1000000,1000000,0,1001365,998504,3202,1454,1001506,998388,81,4907,1,1000224,1000416,7236,1457,1557,7315,31744,7,4
3756,969053313,2337510427,0,0,0,0,1000000,1000000,1000000,0,1001361,998505,3087,1454,1001502,998389,0,4190,1,1000224,1000416,7236,1457,1557,7315,32768,7,4
3757,969087681,2337598422,0,0,0,0,1000000,1000000,1000000,0,1001361,998505,3087,1454,1001502,998389,0,4190,1,1000224,1000416,7236,1457,1557,7315,33792,7,4
3758,969288636,2338026598,0,0,0,0,1000000,1000000,1000000,0,1001361,998505,3087,1454,1001502,998389,0,4190,1,1000224,1000416,7236,1457,1557,7315,34816,7,4
3759,969957750,2339471934,0,0,0,0,1000000,1000000,1000000,0,1001357,998505,3074,1454,1001498,998389,0,4108,1,1000224,1000416,7236,1457,1557,7315,35840,7,4
3760,969995559,2339568777,0,0,0,0,1000000,1000000,1000000,0,1001357,998505,3074,1454,1001498,998389,0,4108,1,1000224,1000416,7236,1457,1557,7315,36864,7,4
3761,970069392,2339740304,0,0,0,0,1000000,1000000,1000000,0,1001357,998505,3074,1454,1001498,998389,0,4108,2,1000224,1000416,7236,1457,1557,7315,14336,7,4
3762,970710575,2341202023,0,0,0,0,1000000,1000000,1000000,0,1001346,998504,3013,1378,1001503,998400,18,3726,2,1000224,1000411,7471,1756,1624,7380,15360,7,4
3763,970747729,2341297324,0,0,0,0,1000000,1000000,1000000,0,1001346,998504,3013,1378,1001503,998400,18,3726,2,1000224,1000411,7471,1756,1624,7380,16384,7,4
3764,970814346,2341454015,0,0,0,0,1000000,1000000,1000000,0,1001346,998504,3013,1378,1001503,998400,18,3726,2,1000224,1000411,7471,1756,1624,7380,17408,7,4
3765,971621339,2343242866,0,0,0,0,1000000,1000000,1000000,0,1001332,998502,2937,1297,1001507,998414,89,3254,2,1000224,1000405,7710,2169,1743,7455,18432,7,4
3766,971659700,2343341529,0,0,0,0,1000000,1000000,1000000,0,1001332,998502,2937,1297,1001507,998414,89,3254,2,1000224,1000405,7710,2169,1743,7455,19456,7,4
3767,971719297,2343487188,0,0,0,0,1000000,1000000,1000000,0,1001332,998502,2937,1297,1001507,998414,89,3254,2,1000224,1000405,7710,2169,1743,7455,20480,7,4
3768,971830530,2343738960,0,0,0,0,1000000,1000000,1000000,0,1001332,998502,2937,1297,1001507,998414,89,3254,2,1000224,1000405,7710,2169,1743,7455,21504,7,4
3769,972586156,2345439475,0,0,0,0,1000000,1000000,1000000,0,1001328,998496,2807,1169,1001517,998445,334,2476,2,1000224,1000393,8043,2972,1940,7593,22528,7,4
3770,972647961,2345590491,0,0,0,0,1000000,1000000,1000000,0,1001328,998496,2807,1169,1001517,998445,334,2476,2,1000224,1000393,8043,2972,1940,7593,23552,7,4
3771,972704676,2345728494,0,0,0,0,1000000,1000000,1000000,0,1001328,998496,2807,1169,1001517,998445,334,2476,2,1000224,1000393,8043,2972,1940,7593,24576,7,4
3772,973579701,2347601875,0,0,0,0,1000000,1000000,1000000,0,1001328,998490,2789,1169,1001514,998440,380,2373,2,1000224,1000393,8043,2972,1940,7593,25600,7,4
3773,973637827,2347742980,0,0,0,0,1000000,1000000,1000000,0,1001328,998490,2789,1169,1001514,998440,380,2373,2,1000224,1000393,8043,2972,1940,7593,26624,7,4
3774,973698168,2347890588,0,0,0,0,1000000,1000000,1000000,0,1001328,998490,2789,1169,1001514,998440,380,2373,2,1000224,1000393,8043,2972,1940,7593,27648,7,4
3775,973757733,2348033817,0,0,0,0,1000000,1000000,1000000,0,1001328,998490,2789,1169,1001514,998440,380,2373,0,1000224,1000393,8043,2972,1940,7593,0,7,4
3776,974521808,2349727997,0,0,0,0,1000000,1000000,1000000,0,1001328,998486,2874,1169,1001514,998434,188,2871,0,1000224,1000393,8043,2972,1940,7593,613,7,4
3777,974582405,2349873188,0,0,0,0,1000000,1000000,1000000,0,1001328,998486,2874,1169,1001514,998434,188,2871,0,1000224,1000393,8043,2972,1940,7593,1226,7,4
3778,974644881,2350024768,0,0,0,0,1000000,1000000,1000000,0,1001328,998486,2874,1169,1001514,998434,188,2871,0,1000224,1000393,8043,2972,1940,7593,1839,7,4
3779,974703652,2350166399,0,0,0,0,1000000,1000000,1000000,0,1001328,998486,2874,1169,1001514,998434,188,2871,0,1000224,1000393,8043,2972,1940,7593,2452,7,4
3780,975598473,2352108921,0,0,0,0,1000000,1000000,1000000,0,1001328,998486,2981,1169,1001514,998433,40,3526,0,1000224,1000393,8043,2972,1940,7593,3065,7,4
3781,975654682,2352244515,0,0,0,0,1000000,1000000,1000000,0,1001328,998486,2981,1169,1001514,998433,40,3526,0,1000224,1000393,8043,2972,1940,7593,3678,7,4
3782,975717158,2352396043,0,0,0,0,1000000,1000000,1000000,0,1001328,998486,2981,1169,1001514,998433,40,3526,0,1000224,1000393,8043,2972,1940,7593,4291,7,4
3783,975775679,2352536806,0,0,0,0,1000000,1000000,1000000,0,1001328,998486,2981,1169,1001514,998433,40,3526,0,1000224,1000393,8043,2972,1940,7593,4904,7,4
3784,976517535,2354156297,0,0,0,0,1000000,1000000,1000000,0,1001328,998486,3017,1169,1001514,998433,15,3751,0,1000224,1000393,8043,2972,1940,7593,5517,7,4
3785,976573500,2354290955,0,0,0,0,1000000,1000000,1000000,0,1001328,998486,3017,1169,1001514,998433,15,3751,0,1000224,1000393,8043,2972,1940,7593,6130,7,4
3786,976631082,2354431169,0,0,0,0,1000000,1000000,1000000,0,1001328,998486,3017,1169,1001514,998433,15,3751,0,1000224,1000393,8043,2972,1940,7593,6743,7,4
3787,976699486,2354592428,0,0,0,0,1000000,1000000,1000000,0,1001328,998486,3017,1169,1001514,998433,15,3751,0,1000224,1000393,8043,2972,1940,7593,7356,7,4
3788,977572805,2356461849,0,0,0,0,1000000,1000000,1000000,0,1001328,998486,3071,1169,1001514,998433,1,4089,0,1000224,1000393,8043,2972,1940,7593,7969,7,4
3789,977628730,2356596511,0,0,0,0,1000000,1000000,1000000,0,1001328,998486,3071,1169,1001514,998433,1,4089,0,1000224,1000393,8043,2972,1940,7593,8582,7,4
3790,977686280,2356736613,0,0,0,0,1000000,1000000,1000000,0,1001328,998486,3071,1169,1001514,998433,1,4089,0,1000224,1000393,8043,2972,1940,7593,9195,7,4
3791,977743927,2356877388,0,0,0,0,1000000,1000000,1000000,0,1001328,998486,3071,1169,1001514,998433,1,4089,2,1000224,1000393,8043,2972,1940,7593,0,7,4
3792,978492049,2358526567,0,0,0,0,1000000,1000000,1000000,0,1001328,998487,3120,1169,1001514,998434,11,4397,0,1000224,1000393,8043,2972,1940,7593,0,7,4
3793,978548526,2358663159,0,0,0,0,1000000,1000000,1000000,0,1001328,998487,3120,1169,1001514,998434,11,4397,0,1000224,1000393,8043,2972,1940,7593,613,7,4
3794,978608328,2358809788,0,0,0,0,1000000,1000000,1000000,0,1001328,998487,3120,1169,1001514,998434,11,4397,2,1000224,1000393,8043,2972,1940,7593,0,7,4
3795,979484482,2360700354,0,0,0,0,1000000,1000000,1000000,0,1001328,998488,3120,1169,1001514,998435,11,4397,0,1000224,1000393,8043,2972,1940,7593,0,7,4
3796,979544105,2360844834,0,0,0,0,1000000,1000000,1000000,0,1001328,998488,3120,1169,1001514,998435,11,4397,0,1000224,1000393,8043,2972,1940,7593,613,7,4
3797,979600791,2360983696,0,0,0,0,1000000,1000000,1000000,0,1001328,998488,3120,1169,1001514,998435,11,4397,2,1000224,1000393,8043,2972,1940,7593,0,7,4
3798,979659376,2361126240,0,0,0,0,1000000,1000000,1000000,0,1001328,998488,3120,1169,1001514,998435,11,4397,0,1000224,1000393,8043,2972,1940,7593,0,7,4
3799,980410903,2362777109,0,0,0,0,1000000,1000000,1000000,0,1001328,998490,3136,1169,1001514,998437,20,4497,2,1000224,1000393,8043,2972,1940,7593,0,7,4
3800,980470417,2362921232,0,0,0,0,1000000,1000000,1000000,0,1001328,998490,3136,1169,1001514,998437,20,4497,0,1000224,1000393,8043,2972,1940,7593,0,7,4
3801,980529387,2363065710,0,0,0,0,1000000,1000000,1000000,0,1001328,998490,3136,1169,1001514,998437,20,4497,2,1000224,1000393,8043,2972,1940,7593,0,7,4
3802,980588502,2363209922,0,0,0,0,1000000,1000000,1000000,0,1001328,998490,3136,1169,1001514,998437,20,4497,0,1000224,1000393,8043,2972,1940,7593,0,7,4
3803,981529987,2365257571,0,0,0,0,1000000,1000000,1000000,0,1001328,998492,3126,1146,1001516,998447,14,4434,2,1000224,1000393,8085,3141,1940,7593,0,7,4
3804,981589733,2365402266,0,0,0,0,1000000,1000000,1000000,0,1001328,998492,3126,1146,1001516,998447,14,4434,0,1000224,1000393,8085,3141,1940,7593,0,7,4
3805,981647074,2365542238,0,0,0,0,1000000,1000000,1000000,0,1001328,998492,3126,1146,1001516,998447,14,4434,0,1000224,1000393,8085,3141,1940,7593,613,7,4
3806,981704249,2365682657,0,0,0,0,1000000,1000000,1000000,0,1001328,998492,3126,1146,1001516,998447,14,4434,0,1000224,1000393,8085,3141,1940,7593,1226,7,4
3807,982457732,2367358944,0,0,0,0,1000000,1000000,1000000,0,1001328,998492,3070,1055,1001526,998480,1,4083,0,1000224,1000383,8192,3848,2121,7684,1839,7,4
3808,982517523,2367503982,0,0,0,0,1000000,1000000,1000000,0,1001328,998492,3070,1055,1001526,998480,1,4083,0,1000224,1000383,8192,3848,2121,7684,2452,7,4
3809,982573765,2367640967,0,0,0,0,1000000,1000000,1000000,0,1001328,998492,3070,1055,1001526,998480,1,4083,0,1000224,1000383,8192,3848,2121,7684,3065,7,4
3810,982633321,2367787457,0,0,0,0,1000000,1000000,1000000,0,1001328,998492,3070,1055,1001526,998480,1,4083,2,1000224,1000383,8192,3848,2121,7684,0,7,4
3811,983657192,2369981686,0,0,0,0,1000000,1000000,1000000,0,1001328,998490,2916,946,1001529,998521,118,3125,2,1000224,1000371,8151,4721,2323,7808,1024,7,4
3812,983717529,2370129947,0,0,0,0,1000000,1000000,1000000,0,1001328,998490,2916,946,1001529,998521,118,3125,2,1000224,1000371,8151,4721,2323,7808,2048,7,4
3813,983776518,2370274428,0,0,0,0,1000000,1000000,1000000,0,1001328,998490,2916,946,1001529,998521,118,3125,2,1000224,1000371,8151,4721,2323,7808,3072,7,4
3814,983838690,2370424794,0,0,0,0,1000000,1000000,1000000,0,1001328,998490,2916,946,1001529,998521,118,3125,0,1000224,1000371,8151,4721,2323,7808,0,7,4
3815,984511787,2371958634,0,0,0,0,1000000,1000000,1000000,0,1001328,998487,2785,825,1001521,998562,391,2350,0,1000224,1000360,7914,5580,2524,7881,613,7,4
3816,984574066,2372109370,0,0,0,0,1000000,1000000,1000000,0,1001328,998487,2785,825,1001521,998562,391,2350,0,1000224,1000360,7914,5580,2524,7881,1226,7,4
3817,984634785,2372256052,0,0,0,0,1000000,1000000,1000000,0,1001328,998487,2785,825,1001521,998562,391,2350,0,1000224,1000360,7914,5580,2524,7881,1839,7,4
3818,984696284,2372406026,0,0,0,0,1000000,1000000,1000000,0,1001328,998487,2785,825,1001521,998562,391,2350,0,1000224,1000360,7914,5580,2524,7881,2452,7,4
3819,985411485,2374030721,0,0,0,0,1000000,1000000,1000000,0,1001328,998487,2544,685,1001503,998603,1272,1129,0,1000224,1000348,7525,6369,2725,7969,3065,7,4
3820,985473582,2374181570,0,0,0,0,1000000,1000000,1000000,0,1001328,998487,2544,685,1001503,998603,1272,1129,0,1000224,1000348,7525,6369,2725,7969,3678,7,4
3821,985519444,2374297497,0,0,0,0,1000000,1000000,1000000,0,1001328,998487,2544,685,1001503,998603,1272,1129,2,1000224,1000348,7525,6369,2725,7969,0,7,4
3822,985649162,2374585714,0,0,0,0,1000000,1000000,1000000,0,1001328,998487,2544,685,1001503,998603,1272,1129,0,1000224,1000348,7525,6369,2725,7969,0,7,4
3823,986251607,2375974662,0,0,0,0,1000000,1000000,1000000,0,1001326,998487,2272,495,1001474,998640,2716,239,0,1000224,1000336,6955,7052,2942,8043,613,7,4
3824,986313236,2376124700,0,0,0,0,1000000,1000000,1000000,0,1001326,998487,2272,495,1001474,998640,2716,239,0,1000224,1000336,6955,7052,2942,8043,1226,7,4
3825,986387746,2376299415,0,0,0,0,1000000,1000000,1000000,0,1001326,998487,2272,495,1001474,998640,2716,239,0,1000224,1000336,6955,7052,2942,8043,1839,7,4
3826,987087962,2377876412,0,0,0,0,1000000,1000000,1000000,0,1001326,998487,2226,472,1001471,998644,2992,151,0,1000224,1000334,6884,7115,2984,8043,2452,7,4
3827,987147047,2378019925,0,0,0,0,1000000,1000000,1000000,0,1001326,998487,2226,472,1001471,998644,2992,151,0,1000224,1000334,6884,7115,2984,8043,3065,7,4
3828,987207495,2378167292,0,0,0,0,1000000,1000000,1000000,0,1001326,998487,2226,472,1001471,998644,2992,151,0,1000224,1000334,6884,7115,2984,8043,3678,7,4
3829,987747235,2379391364,0,0,0,0,1000000,1000000,1000000,0,1001326,998487,2226,472,1001471,998644,2992,151,0,1000224,1000334,6884,7115,2984,8043,4291,7,4
3830,987808350,2379539784,0,0,0,0,1000000,1000000,1000000,0,1001326,998487,2226,472,1001471,998644,2992,151,0,1000224,1000334,6884,7115,2984,8043,4904,7,4
3831,987889154,2379726821,0,0,0,0,1000000,1000000,1000000,0,1001326,998487,2226,472,1001471,998644,2992,151,0,1000224,1000334,6884,7115,2984,8043,5517,7,4
3832,988524230,2381118526,0,0,0,0,1000000,1000000,1000000,0,1001326,998487,2259,472,1001471,998644,2794,213,0,1000224,1000334,6884,7115,2984,8043,6130,7,4
3833,988582782,2381260096,0,0,0,0,1000000,1000000,1000000,0,1001326,998487,2259,472,1001471,998644,2794,213,0,1000224,1000334,6884,7115,2984,8043,6743,7,4
3834,988659513,2381440533,0,0,0,0,1000000,1000000,1000000,0,1001326,998487,2259,472,1001471,998644,2794,213,0,1000224,1000334,6884,7115,2984,8043,7356,7,4
3835,989187604,2382627345,0,0,0,0,1000000,1000000,1000000,0,1001326,998487,2272,472,1001471,998644,2716,239,0,1000224,1000334,6884,7115,2984,8043,7969,7,4
3836,989248710,2382775741,0,0,0,0,1000000,1000000,1000000,0,1001326,998487,2272,472,1001471,998644,2716,239,0,1000224,1000334,6884,7115,2984,8043,8582,7,4
3837,989423987,2383154227,0,0,0,0,1000000,1000000,1000000,0,1001326,998487,2272,472,1001471,998644,2716,239,0,1000224,1000334,6884,7115,2984,8043,9195,7,4
3838,990058919,2384545527,0,0,0,0,1000000,1000000,1000000,0,1001326,998487,2285,472,1001471,998644,2640,267,0,1000224,1000334,6884,7115,2984,8043,9808,7,4
3839,990117474,2384687115,0,0,0,0,1000000,1000000,1000000,0,1001326,998487,2285,472,1001471,998644,2640,267,0,1000224,1000334,6884,7115,2984,8043,10421,7,4
3840,990194376,2384867930,0,0,0,0,1000000,1000000,1000000,0,1001326,998487,2285,472,1001471,998644,2640,267,0,1000224,1000334,6884,7115,2984,8043,11034,7,4
3841,990722559,2386055292,0,0,0,0,1000000,1000000,1000000,0,1001326,998487,2299,472,1001471,998644,2559,300,0,1000224,1000334,6884,7115,2984,8043,11647,7,4
3842,990783659,2386203684,0,0,0,0,1000000,1000000,1000000,0,1001326,998487,2299,472,1001471,998644,2559,300,0,1000224,1000334,6884,7115,2984,8043,12260,7,4
3843,990958672,2386581660,0,0,0,0,1000000,1000000,1000000,0,1001326,998487,2299,472,1001471,998644,2559,300,0,1000224,1000334,6884,7115,2984,8043,12873,7,4
3844,991593347,2387972127,0,0,0,0,1000000,1000000,1000000,0,1001326,998487,2299,472,1001471,998644,2559,300,0,1000224,1000334,6884,7115,2984,8043,13486,7,4
3845,991651890,2388113642,0,0,0,0,1000000,1000000,1000000,0,1001326,998487,2299,472,1001471,998644,2559,300,0,1000224,1000334,6884,7115,2984,8043,14099,7,4
3846,991729275,2388295369,0,0,0,0,1000000,1000000,1000000,0,1001326,998487,2299,472,1001471,998644,2559,300,0,1000224,1000334,6884,7115,2984,8043,14712,7,4
3847,992257204,2389482059,0,0,0,0,1000000,1000000,1000000,0,1001326,998487,2358,472,1001471,998644,2221,454,0,1000224,1000334,6884,7115,2984,8043,15325,7,4
3848,992318307,2389630440,0,0,0,0,1000000,1000000,1000000,0,1001326,998487,2358,472,1001471,998644,2221,454,0,1000224,1000334,6884,7115,2984,8043,15938,7,4
3849,992493659,2390009076,0,0,0,0,1000000,1000000,1000000,0,1001326,998487,2358,472,1001471,998644,2221,454,0,1000224,1000334,6884,7115,2984,8043,16551,7,4
3850,993127828,2391398461,0,0,0,0,1000000,1000000,1000000,0,1001326,998487,2358,472,1001471,998644,2221,454,0,1000224,1000334,6884,7115,2984,8043,17164,7,4
3851,993186409,2391540095,0,0,0,0,1000000,1000000,1000000,0,1001326,998487,2358,472,1001471,998644,2221,454,0,1000224,1000334,6884,7115,2984,8043,17777,7,4
3852,993264257,2391722763,0,0,0,0,1000000,1000000,1000000,0,1001326,998487,2358,472,1001471,998644,2221,454,0,1000224,1000334,6884,7115,2984,8043,18390,7,4
3853,993788445,2392899826,0,0,0,0,1000000,1000000,1000000,0,1001326,998487,2472,472,1001471,998644,1616,836,0,1000224,1000334,6884,7115,2984,8043,19003,7,4
3854,993849577,2393048289,0,0,0,0,1000000,1000000,1000000,0,1001326,998487,2472,472,1001471,998644,1616,836,0,1000224,1000334,6884,7115,2984,8043,19616,7,4
3855,994029686,2393436495,0,0,0,0,1000000,1000000,1000000,0,1001326,998487,2472,472,1001471,998644,1616,836,0,1000224,1000334,6884,7115,2984,8043,20229,7,4
3856,994661477,2394819955,0,0,0,0,1000000,1000000,1000000,0,1001326,998487,2472,472,1001471,998644,1616,836,0,1000224,1000334,6884,7115,2984,8043,20842,7,4
3857,994720047,2394961564,0,0,0,0,1000000,1000000,1000000,0,1001326,998487,2472,472,1001471,998644,1616,836,0,1000224,1000334,6884,7115,2984,8043,21455,7,4
3858,994800824,2395150195,0,0,0,0,1000000,1000000,1000000,0,1001326,998487,2472,472,1001471,998644,1616,836,0,1000224,1000334,6884,7115,2984,8043,22068,7,4
3859,995326047,2396329727,0,0,0,0,1000000,1000000,1000000,0,1001326,998487,2676,472,1001471,998644,733,1757,0,1000224,1000334,6884,7115,2984,8043,22681,7,4
3860,995387174,2396478137,0,0,0,0,1000000,1000000,1000000,0,1001326,998487,2676,472,1001471,998644,733,1757,0,1000224,1000334,6884,7115,2984,8043,23294,7,4
3861,995566070,2396863900,0,0,0,0,1000000,1000000,1000000,0,1001326,998487,2676,472,1001471,998644,733,1757,0,1000224,1000334,6884,7115,2984,8043,23907,7,4
3862,996200283,2398253339,0,0,0,0,1000000,1000000,1000000,0,1001326,998487,2840,472,1001471,998644,257,2669,0,1000224,1000334,6884,7115,2984,8043,24520,7,4
3863,996257000,2398392363,0,0,0,0,1000000,1000000,1000000,0,1001326,998487,2840,472,1001471,998644,257,2669,2,1000224,1000334,6884,7115,2984,8043,0,7,4
3864,996335951,2398577596,0,0,0,0,1000000,1000000,1000000,0,1001326,998487,2840,472,1001471,998644,257,2669,0,1000224,1000334,6884,7115,2984,8043,0,7,4
3865,996879519,2399824105,0,0,0,0,1000000,1000000,1000000,0,1001326,998486,2855,472,1001471,998643,225,2757,0,1000224,1000334,6884,7115,2984,8043,613,7,4
3866,996940844,2399973239,0,0,0,0,1000000,1000000,1000000,0,1001326,998486,2855,472,1001471,998643,225,2757,0,1000224,1000334,6884,7115,2984,8043,1226,7,4
3867,997086136,2400291323,0,0,0,0,1000000,1000000,1000000,0,1001326,998486,2855,472,1001471,998643,225,2757,0,1000224,1000334,6884,7115,2984,8043,1839,7,4
3868,997741617,2401752594,0,0,0,0,1000000,1000000,1000000,0,1001326,998486,2903,472,1001471,998643,138,3046,0,1000224,1000334,6884,7115,2984,8043,2452,7,4
3869,997800371,2401894996,0,0,0,0,1000000,1000000,1000000,0,1001326,998486,2903,472,1001471,998643,138,3046,0,1000224,1000334,6884,7115,2984,8043,3065,7,4
3870,997861056,2402043271,0,0,0,0,1000000,1000000,1000000,0,1001326,998486,2903,472,1001471,998643,138,3046,0,1000224,1000334,6884,7115,2984,8043,3678,7,4
3871,998401553,2403267457,0,0,0,0,1000000,1000000,1000000,0,1001326,998486,2899,472,1001471,998643,144,3022,0,1000224,1000334,6884,7115,2984,8043,4291,7,4
3872,998462699,2403415908,0,0,0,0,1000000,1000000,1000000,0,1001326,998486,2899,472,1001471,998643,144,3022,0,1000224,1000334,6884,7115,2984,8043,4904,7,4
3873,998600640,2403718742,0,0,0,0,1000000,1000000,1000000,0,1001326,998486,2899,472,1001471,998643,144,3022,0,1000224,1000334,6884,7115,2984,8043,5517,7,4
3874,999237793,2405113060,0,0,0,0,1000000,1000000,1000000,0,1001326,998486,2850,472,1001471,998643,235,2727,0,1000224,1000334,6884,7115,2984,8043,6130,7,4
3875,999296380,2405254674,0,0,0,0,1000000,1000000,1000000,0,1001326,998486,2850,472,1001471,998643,235,2727,0,1000224,1000334,6884,7115,2984,8043,6743,7,4
3876,999371818,2405432437,0,0,0,0,1000000,1000000,1000000,0,1001326,998486,2850,472,1001471,998643,235,2727,0,1000224,1000334,6884,7115,2984,8043,7356,7,4
3877,999901010,2406620486,0,0,0,0,1000000,1000000,1000000,0,1001326,998486,2850,472,1001471,998643,235,2727,0,1000224,1000334,6884,7115,2984,8043,7969,7,4
3878,999962170,2406768918,0,0,0,0,1000000,1000000,1000000,0,1001326,998486,2850,472,1001471,998643,235,2727,0,1000224,1000334,6884,7115,2984,8043,8582,7,4
3879,1000136856,2407146141,0,0,0,0,1000000,1000000,1000000,0,1001326,998486,2850,472,1001471,998643,235,2727,0,1000224,1000334,6884,7115,2984,8043,9195,7,4
3880,1000773732,2408539717,0,0,0,0,1000000,1000000,1000000,0,1001326,998486,2833,472,1001471,998643,272,2627,0,1000224,1000334,6884,7115,2984,8043,9808,7,4
3881,1000832322,2408681261,0,0,0,0,1000000,1000000,1000000,0,1001326,998486,2833,472,1001471,998643,272,2627,0,1000224,1000334,6884,7115,2984,8043,10421,7,4
3882,1000908199,2408859856,0,0,0,0,1000000,1000000,1000000,0,1001326,998486,2833,472,1001471,998643,272,2627,0,1000224,1000334,6884,7115,2984,8043,11034,7,4
3883,1001437637,2410048653,0,0,0,0,1000000,1000000,1000000,0,1001326,998486,2833,472,1001471,998643,272,2627,0,1000224,1000334,6884,7115,2984,8043,11647,7,4
3884,1001498784,2410197027,0,0,0,0,1000000,1000000,1000000,0,1001326,998486,2833,472,1001471,998643,272,2627,0,1000224,1000334,6884,7115,2984,8043,12260,7,4
3885,1001673140,2410573564,0,0,0,0,1000000,1000000,1000000,0,1001326,998486,2833,472,1001471,998643,272,2627,0,1000224,1000334,6884,7115,2984,8043,12873,7,4
3886,1002309809,2411966718,0,0,0,0,1000000,1000000,1000000,0,1001326,998486,2833,472,1001471,998643,272,2627,0,1000224,1000334,6884,7115,2984,8043,13486,7,4
3887,1002368283,2412108017,0,0,0,0,1000000,1000000,1000000,0,1001326,998486,2833,472,1001471,998643,272,2627,0,1000224,1000334,6884,7115,2984,8043,14099,7,4
3888,1002444444,2412287263,0,0,0,0,1000000,1000000,1000000,0,1001326,998486,2833,472,1001471,998643,272,2627,0,1000224,1000334,6884,7115,2984,8043,14712,7,4
3889,1002973274,2413474338,0,0,0,0,1000000,1000000,1000000,0,1001326,998486,2833,472,1001471,998643,272,2627,0,1000224,1000334,6884,7115,2984,8043,15325,7,4
3890,1003034606,2413623388,0,0,0,0,1000000,1000000,1000000,0,1001326,998486,2833,472,1001471,998643,272,2627,0,1000224,1000334,6884,7115,2984,8043,15938,7,4
3891,1003208932,2414000988,0,0,0,0,1000000,1000000,1000000,0,1001326,998486,2833,472,1001471,998643,272,2627,0,1000224,1000334,6884,7115,2984,8043,16551,7,4
3892,1003894793,2415518158,0,0,0,0,1000000,1000000,1000000,0,1001326,998486,2745,442,1001466,998648,505,2126,0,1000224,1000333,6775,7196,3003,8062,17164,7,4
3893,1003955010,2415664092,0,0,0,0,1000000,1000000,1000000,0,1001326,998486,2745,442,1001466,998648,505,2126,0,1000224,1000333,6775,7196,3003,8062,17777,7,4
3894,1004015713,2415812134,0,0,0,0,1000000,1000000,1000000,0,1001326,998486,2745,442,1001466,998648,505,2126,0,1000224,1000333,6775,7196,3003,8062,18390,7,4
3895,1004589854,2417114127,0,0,0,0,1000000,1000000,1000000,0,1001326,998486,2714,405,1001459,998654,603,1958,0,1000224,1000331,6641,7311,3040,8062,19003,7,4
3896,1004651189,2417263135,0,0,0,0,1000000,1000000,1000000,0,1001326,998486,2714,405,1001459,998654,603,1958,0,1000224,1000331,6641,7311,3040,8062,19616,7,4
3897,1004720674,2417428406,0,0,0,0,1000000,1000000,1000000,0,1001326,998486,2714,405,1001459,998654,603,1958,0,1000224,1000331,6641,7311,3040,8062,20229,7,4
3898,1005400235,2418930153,0,0,0,0,1000000,1000000,1000000,0,1001326,998486,2574,373,1001453,998660,1138,1263,0,1000224,1000328,6515,7410,3096,8080,20842,7,4
3899,1005460507,2419076231,0,0,0,0,1000000,1000000,1000000,0,1001326,998486,2574,373,1001453,998660,1138,1263,0,1000224,1000328,6515,7410,3096,8080,21455,7,4
3900,1005521217,2419224319,0,0,0,0,1000000,1000000,1000000,0,1001326,998486,2574,373,1001453,998660,1138,1263,0,1000224,1000328,6515,7410,3096,8080,22068,7,4
3901,1005967338,2420270301,0,0,0,0,1000000,1000000,1000000,0,1001326,998486,2495,350,1001448,998664,1503,926,0,1000224,1000326,6420,7487,3133,8080,22681,7,4
3902,1006028808,2420419737,0,0,0,0,1000000,1000000,1000000,0,1001326,998486,2495,350,1001448,998664,1503,926,0,1000224,1000326,6420,7487,3133,8080,23294,7,4
3903,1006535503,2421552853,0,0,0,0,1000000,1000000,1000000,0,1001326,998486,2482,350,1001448,998664,1567,874,0,1000224,1000326,6420,7487,3133,8080,23907,7,4
3904,1006596601,2421701206,0,0,0,0,1000000,1000000,1000000,0,1001326,998486,2482,350,1001448,998664,1567,874,0,1000224,1000326,6420,7487,3133,8080,24520,7,4
3905,1006731715,2421998270,0,0,0,0,1000000,1000000,1000000,0,1001326,998486,2482,350,1001448,998664,1567,874,0,1000224,1000326,6420,7487,3133,8080,25133,7,4
3906,1007135361,2422937889,0,0,0,0,1000000,1000000,1000000,0,1001326,998486,2482,350,1001448,998664,1567,874,0,1000224,1000326,6420,7487,3133,8080,25746,7,4
3907,1007223916,2423140739,0,0,0,0,1000000,1000000,1000000,0,1001326,998486,2482,350,1001448,998664,1567,874,0,1000224,1000326,6420,7487,3133,8080,26359,7,4
3908,1007730537,2424273397,0,0,0,0,1000000,1000000,1000000,0,1001326,998486,2455,350,1001448,998664,1702,772,0,1000224,1000326,6420,7487,3133,8080,26972,7,4
3909,1007789335,2424415850,0,0,0,0,1000000,1000000,1000000,0,1001326,998486,2455,350,1001448,998664,1702,772,0,1000224,1000326,6420,7487,3133,8080,27585,7,4
3910,1008191515,2425351421,0,0,0,0,1000000,1000000,1000000,0,1001326,998486,2455,350,1001448,998664,1702,772,0,1000224,1000326,6420,7487,3133,8080,28198,7,4
3911,1008250324,2425493789,0,0,0,0,1000000,1000000,1000000,0,1001326,998486,2455,350,1001448,998664,1702,772,0,1000224,1000326,6420,7487,3133,8080,28811,7,4
3912,1008758601,2426630719,0,0,0,0,1000000,1000000,1000000,0,1001326,998486,2455,350,1001448,998664,1702,772,0,1000224,1000326,6420,7487,3133,8080,29424,7,4
3913,1008817117,2426772215,0,0,0,0,1000000,1000000,1000000,0,1001326,998486,2455,350,1001448,998664,1702,772,0,1000224,1000326,6420,7487,3133,8080,30037,7,4
3914,1008985998,2427139405,0,0,0,0,1000000,1000000,1000000,0,1001326,998486,2455,350,1001448,998664,1702,772,0,1000224,1000326,6420,7487,3133,8080,30650,7,4
3915,1009387336,2428072677,0,0,0,0,1000000,1000000,1000000,0,1001326,998486,2435,350,1001448,998664,1805,700,0,1000224,1000326,6420,7487,3133,8080,31263,7,4
3916,1009478243,2428281880,0,0,0,0,1000000,1000000,1000000,0,1001326,998486,2435,350,1001448,998664,1805,700,0,1000224,1000326,6420,7487,3133,8080,31876,7,4
3917,1009984793,2429413885,0,0,0,0,1000000,1000000,1000000,0,1001326,998486,2435,350,1001448,998664,1805,700,0,1000224,1000326,6420,7487,3133,8080,32489,7,4
3918,1010046138,2429563144,0,0,0,0,1000000,1000000,1000000,0,1001326,998486,2435,350,1001448,998664,1805,700,0,1000224,1000326,6420,7487,3133,8080,33102,7,4
3919,1010448239,2430498021,0,0,0,0,1000000,1000000,1000000,0,1001326,998486,2435,350,1001448,998664,1805,700,0,1000224,1000326,6420,7487,3133,8080,33715,7,4
3920,1010509598,2430647329,0,0,0,0,1000000,1000000,1000000,0,1001326,998486,2435,350,1001448,998664,1805,700,0,1000224,1000326,6420,7487,3133,8080,34328,7,4
3921,1011016544,2431780781,0,0,0,0,1000000,1000000,1000000,0,1001326,998486,2435,350,1001448,998664,1805,700,0,1000224,1000326,6420,7487,3133,8080,34941,7,4
3922,1011077631,2431929104,0,0,0,0,1000000,1000000,1000000,0,1001326,998486,2435,350,1001448,998664,1805,700,0,1000224,1000326,6420,7487,3133,8080,35554,7,4
3923,1011239606,2432280533,0,0,0,0,1000000,1000000,1000000,0,1001326,998486,2435,350,1001448,998664,1805,700,0,1000224,1000326,6420,7487,3133,8080,36167,7,4
3924,1011643890,2433221415,0,0,0,0,1000000,1000000,1000000,0,1001326,998486,2423,350,1001448,998664,1868,659,0,1000224,1000326,6420,7487,3133,8080,36780,7,4
3925,1011731820,2433422986,0,0,0,0,1000000,1000000,1000000,0,1001326,998486,2423,350,1001448,998664,1868,659,0,1000224,1000326,6420,7487,3133,8080,37393,7,4
3926,1012240412,2434561015,0,0,0,0,1000000,1000000,1000000,0,1001326,998486,2423,350,1001448,998664,1868,659,0,1000224,1000326,6420,7487,3133,8080,38006,7,4
3927,1012299223,2434703456,0,0,0,0,1000000,1000000,1000000,0,1001326,998486,2423,350,1001448,998664,1868,659,0,1000224,1000326,6420,7487,3133,8080,38619,7,4
3928,1012702365,2435641673,0,0,0,0,1000000,1000000,1000000,0,1001326,998486,2423,350,1001448,998664,1868,659,0,1000224,1000326,6420,7487,3133,8080,39232,7,4
3929,1012761171,2435784186,0,0,0,0,1000000,1000000,1000000,0,1001326,998486,2423,350,1001448,998664,1868,659,0,1000224,1000326,6420,7487,3133,8080,39845,7,4
3930,1013269291,2436921201,0,0,0,0,1000000,1000000,1000000,0,1001326,998486,2423,350,1001448,998664,1868,659,0,1000224,1000326,6420,7487,3133,8080,40458,7,4
3931,1013327821,2437062786,0,0,0,0,1000000,1000000,1000000,0,1001326,998486,2423,350,1001448,998664,1868,659,0,1000224,1000326,6420,7487,3133,8080,41071,7,4
3932,1013492594,2437421661,0,0,0,0,1000000,1000000,1000000,0,1001326,998486,2423,350,1001448,998664,1868,659,0,1000224,1000326,6420,7487,3133,8080,41684,7,4
3933,1013894828,2438357357,0,0,0,0,1000000,1000000,1000000,0,1001326,998486,2423,350,1001448,998664,1868,659,0,1000224,1000326,6420,7487,3133,8080,42297,7,4
3934,1013984567,2438564129,0,0,0,0,1000000,1000000,1000000,0,1001326,998486,2423,350,1001448,998664,1868,659,0,1000224,1000326,6420,7487,3133,8080,42910,7,4
3935,1014490995,2439696024,0,0,0,0,1000000,1000000,1000000,0,1001326,998486,2423,350,1001448,998664,1868,659,0,1000224,1000326,6420,7487,3133,8080,43523,7,4
3936,1014552356,2439845257,0,0,0,0,1000000,1000000,1000000,0,1001326,998486,2423,350,1001448,998664,1868,659,0,1000224,1000326,6420,7487,3133,8080,44136,7,4
3937,1014953461,2440778001,0,0,0,0,1000000,1000000,1000000,0,1001326,998486,2423,350,1001448,998664,1868,659,0,1000224,1000326,6420,7487,3133,8080,44749,7,4
3938,1015014820,2440927298,0,0,0,0,1000000,1000000,1000000,0,1001326,998486,2423,350,1001448,998664,1868,659,0,1000224,1000326,6420,7487,3133,8080,45362,7,4
3939,1015521637,2442060388,0,0,0,0,1000000,1000000,1000000,0,1001326,998486,2423,350,1001448,998664,1868,659,0,1000224,1000326,6420,7487,3133,8080,45975,7,4
3940,1015582724,2442208775,0,0,0,0,1000000,1000000,1000000,0,1001326,998486,2423,350,1001448,998664,1868,659,0,1000224,1000326,6420,7487,3133,8080,46588,7,4
3941,1015745911,2442562774,0,0,0,0,1000000,1000000,1000000,0,1001326,998486,2423,350,1001448,998664,1868,659,0,1000224,1000326,6420,7487,3133,8080,47201,7,4
3942,1016149560,2443502018,0,0,0,0,1000000,1000000,1000000,0,1001326,998486,2423,350,1001448,998664,1868,659,0,1000224,1000326,6420,7487,3133,8080,47814,7,4
3943,1016238388,2443705236,0,0,0,0,1000000,1000000,1000000,0,1001326,998486,2423,350,1001448,998664,1868,659,0,1000224,1000326,6420,7487,3133,8080,48427,7,4
3944,1016746853,2444842445,0,0,0,0,1000000,1000000,1000000,0,1001326,998486,2423,350,1001448,998664,1868,659,0,1000224,1000326,6420,7487,3133,8080,49040,7,4
3945,1016807411,2444989548,0,0,0,0,1000000,1000000,1000000,0,1001326,998486,2423,350,1001448,998664,1868,659,0,1000224,1000326,6420,7487,3133,8080,49653,7,4
3946,1017254463,2446037402,0,0,0,0,1000000,1000000,1000000,0,1001326,998486,2467,335,1001444,998666,1641,817,0,1000224,1000326,6344,7525,3133,8080,50266,7,4
3947,1017314717,2446183441,0,0,0,0,1000000,1000000,1000000,0,1001326,998486,2467,335,1001444,998666,1641,817,0,1000224,1000326,6344,7525,3133,8080,50879,7,4
3948,1017488844,2446561417,0,0,0,0,1000000,1000000,1000000,0,1001326,998486,2467,335,1001444,998666,1641,817,0,1000224,1000326,6344,7525,3133,8080,51492,7,4
3949,1018040741,2447809349,0,0,0,0,1000000,1000000,1000000,0,1001326,998486,2469,307,1001437,998671,1631,825,0,1000224,1000323,6210,7620,3184,8098,52105,7,4
3950,1018102081,2447958408,0,0,0,0,1000000,1000000,1000000,0,1001326,998486,2469,307,1001437,998671,1631,825,0,1000224,1000323,6210,7620,3184,8098,52718,7,4
3951,1018246359,2448275140,0,0,0,0,1000000,1000000,1000000,0,1001326,998486,2469,307,1001437,998671,1631,825,0,1000224,1000323,6210,7620,3184,8098,53331,7,4
3952,1018690887,2449319669,0,0,0,0,1000000,1000000,1000000,0,1001326,998486,2462,273,1001428,998677,1667,798,0,1000224,1000319,6030,7717,3259,8117,53944,7,4
3953,1018751402,2449466752,0,0,0,0,1000000,1000000,1000000,0,1001326,998486,2462,273,1001428,998677,1667,798,0,1000224,1000319,6030,7717,3259,8117,54557,7,4
3954,1019294542,2450698858,0,0,0,0,1000000,1000000,1000000,0,1001326,998486,2437,253,1001422,998680,1795,707,0,1000224,1000317,5916,7774,3296,8117,55170,7,4
3955,1019354797,2450844909,0,0,0,0,1000000,1000000,1000000,0,1001326,998486,2437,253,1001422,998680,1795,707,0,1000224,1000317,5916,7774,3296,8117,55783,7,4
3956,1019483866,2451131318,0,0,0,0,1000000,1000000,1000000,0,1001326,998486,2437,253,1001422,998680,1795,707,0,1000224,1000317,5916,7774,3296,8117,56396,7,4
3957,1019925010,2452168535,0,0,0,0,1000000,1000000,1000000,0,1001326,998486,2424,244,1001419,998681,1863,662,0,1000224,1000316,5859,7793,3315,8117,57009,7,4
3958,1019986430,2452317920,0,0,0,0,1000000,1000000,1000000,0,1001326,998486,2424,244,1001419,998681,1863,662,0,1000224,1000316,5859,7793,3315,8117,57622,7,4
3959,1020480591,2453426474,0,0,0,0,1000000,1000000,1000000,0,1001326,998486,2424,244,1001419,998681,1863,662,0,1000224,1000316,5859,7793,3315,8117,58235,7,4
3960,1020541725,2453574898,0,0,0,0,1000000,1000000,1000000,0,1001326,998486,2424,244,1001419,998681,1863,662,0,1000224,1000316,5859,7793,3315,8117,58848,7,4
3961,1020733887,2453987500,0,0,0,0,1000000,1000000,1000000,0,1001326,998486,2424,244,1001419,998681,1863,662,0,1000224,1000316,5859,7793,3315,8117,59461,7,4
3962,1021131810,2454916827,0,0,0,0,1000000,1000000,1000000,0,1001326,998486,2424,244,1001419,998681,1863,662,0,1000224,1000316,5859,7793,3315,8117,60074,7,4
3963,1021225423,2455129948,0,0,0,0,1000000,1000000,1000000,0,1001326,998486,2424,244,1001419,998681,1863,662,0,1000224,1000316,5859,7793,3315,8117,60687,7,4
3964,1021722347,2456245868,0,0,0,0,1000000,1000000,1000000,0,1001326,998486,2412,244,1001419,998681,1927,622,0,1000224,1000316,5859,7793,3315,8117,61300,7,4
3965,1021781131,2456388254,0,0,0,0,1000000,1000000,1000000,0,1001326,998486,2412,244,1001419,998681,1927,622,0,1000224,1000316,5859,7793,3315,8117,61913,7,4
3966,1022179293,2457317833,0,0,0,0,1000000,1000000,1000000,0,1001326,998486,2412,244,1001419,998681,1927,622,0,1000224,1000316,5859,7793,3315,8117,62526,7,4
3967,1022238068,2457460259,0,0,0,0,1000000,1000000,1000000,0,1001326,998486,2412,244,1001419,998681,1927,622,0,1000224,1000316,5859,7793,3315,8117,63139,7,4
3968,1022734671,2458575332,0,0,0,0,1000000,1000000,1000000,0,1001326,998486,2372,244,1001419,998681,2143,496,0,1000224,1000316,5859,7793,3315,8117,63752,7,4
3969,1022793177,2458716782,0,0,0,0,1000000,1000000,1000000,0,1001326,998486,2372,244,1001419,998681,2143,496,0,1000224,1000316,5859,7793,3315,8117,64365,7,4
3970,1022984114,2459128623,0,0,0,0,1000000,1000000,1000000,0,1001326,998486,2372,244,1001419,998681,2143,496,0,1000224,1000316,5859,7793,3315,8117,64978,7,4
3971,1023379009,2460049603,0,0,0,0,1000000,1000000,1000000,0,1001326,998486,2372,244,1001419,998681,2143,496,0,1000224,1000316,5859,7793,3315,8117,65591,7,4
3972,1023475989,2460271081,0,0,0,0,1000000,1000000,1000000,0,1001326,998486,2372,244,1001419,998681,2143,496,0,1000224,1000316,5859,7793,3315,8117,66204,7,4
3973,1023970757,2461381257,0,0,0,0,1000000,1000000,1000000,0,1001326,998486,2350,244,1001419,998681,2266,431,0,1000224,1000316,5859,7793,3315,8117,66817,7,4
3974,1024032097,2461530482,0,0,0,0,1000000,1000000,1000000,0,1001326,998486,2350,244,1001419,998681,2266,431,0,1000224,1000316,5859,7793,3315,8117,67430,7,4
3975,1024427240,2462452225,0,0,0,0,1000000,1000000,1000000,0,1001326,998486,2350,244,1001419,998681,2266,431,0,1000224,1000316,5859,7793,3315,8117,68043,7,4
3976,1024488578,2462601495,0,0,0,0,1000000,1000000,1000000,0,1001326,998486,2350,244,1001419,998681,2266,431,0,1000224,1000316,5859,7793,3315,8117,68656,7,4
3977,1024983372,2463711695,0,0,0,0,1000000,1000000,1000000,0,1001326,998486,2282,244,1001419,998681,2658,260,0,1000224,1000316,5859,7793,3315,8117,69269,7,4
3978,1025044431,2463859953,0,0,0,0,1000000,1000000,1000000,0,1001326,998486,2282,244,1001419,998681,2658,260,0,1000224,1000316,5859,7793,3315,8117,69882,7,4
3979,1025235168,2464269734,0,0,0,0,1000000,1000000,1000000,0,1001326,998486,2282,244,1001419,998681,2658,260,0,1000224,1000316,5859,7793,3315,8117,70495,7,4
3980,1025633449,2465199791,0,0,0,0,1000000,1000000,1000000,0,1001326,998486,2279,244,1001419,998681,2675,254,0,1000224,1000316,5859,7793,3315,8117,71108,7,4
3981,1025726773,2465412198,0,0,0,0,1000000,1000000,1000000,0,1001326,998486,2279,244,1001419,998681,2675,254,0,1000224,1000316,5859,7793,3315,8117,71721,7,4
3982,1026224803,2466531162,0,0,0,0,1000000,1000000,1000000,0,1001326,998486,2250,244,1001419,998681,2847,195,0,1000224,1000316,5859,7793,3315,8117,72334,7,4
3983,1026267775,2466638431,0,0,0,0,1000000,1000000,1000000,0,1001326,998486,2250,244,1001419,998681,2847,195,0,1000224,1000316,5859,7793,3315,8117,72947,7,4
3984,1026666398,2467569267,0,0,0,0,1000000,1000000,1000000,0,1001326,998486,2250,244,1001419,998681,2847,195,0,1000224,1000316,5859,7793,3315,8117,73560,7,4
3985,1026719505,2467697133,0,0,0,0,1000000,1000000,1000000,0,1001326,998486,2250,244,1001419,998681,2847,195,0,1000224,1000316,5859,7793,3315,8117,74173,7,4
3986,1027217186,2468814681,0,0,0,0,1000000,1000000,1000000,0,1001326,998486,2241,244,1001419,998681,2901,177,0,1000224,1000316,5859,7793,3315,8117,74786,7,4
3987,1027261954,2468926715,0,0,0,0,1000000,1000000,1000000,0,1001326,998486,2241,244,1001419,998681,2901,177,0,1000224,1000316,5859,7793,3315,8117,75399,7,4
3988,1027697638,2469960046,0,0,0,0,1000000,1000000,1000000,0,1001326,998486,2173,131,1001378,998689,3316,75,0,1000224,1000353,5115,8074,2645,7934,76012,7,4
3989,1027742758,2470072140,0,0,0,0,1000000,1000000,1000000,0,1001326,998486,2173,131,1001378,998689,3316,75,0,1000224,1000353,5115,8074,2645,7934,76625,7,4
3990,1028253126,2471235384,0,0,0,0,1000000,1000000,1000000,0,1001326,998486,2070,26,1001337,998695,3958,2,0,1000224,1000353,4311,8192,2645,7934,77238,7,4
3991,1028296551,2471342729,0,0,0,0,1000000,1000000,1000000,0,1001326,998486,2070,26,1001337,998695,3958,2,0,1000224,1000353,4311,8192,2645,7934,77851,7,4
3992,1028460292,2471695821,0,0,0,0,1000000,1000000,1000000,0,1001326,998486,2070,26,1001337,998695,3958,2,0,1000224,1000353,4311,8192,2645,7934,78464,7,4
3993,1028869701,2472664833,0,0,0,0,1000000,1000000,1000000,0,1001326,998486,1905,4074,1001317,998695,4987,99,0,1000224,1000353,3920,8192,2645,7934,79077,7,4
3994,1028944723,2472838280,0,0,0,0,1000000,1000000,1000000,0,1001326,998486,1905,4074,1001317,998695,4987,99,0,1000224,1000353,3920,8192,2645,7934,79690,7,4
3995,1029430205,2473944686,0,0,0,0,1000000,1000000,1000000,0,1001327,998486,1905,4074,1001318,998695,4987,99,1,1000224,1000353,3920,8192,2645,7934,0,7,4
3996,1029476411,2474059831,0,0,0,0,1000000,1000000,1000000,0,1001327,998486,1905,4074,1001318,998695,4987,99,0,1000224,1000353,3920,8192,2645,7934,0,7,4
3997,1029868122,2475006136,0,0,0,0,1000000,1000000,1000000,0,1001327,998486,1885,4074,1001318,998695,5110,128,0,1000224,1000353,3920,8192,2645,7934,613,7,4
3998,1029916407,2475127257,0,0,0,0,1000000,1000000,1000000,0,1001327,998486,1885,4074,1001318,998695,5110,128,1,1000224,1000353,3920,8192,2645,7934,0,7,4
3999,1030398067,2476230116,0,0,0,0,1000000,1000000,1000000,0,1001328,998486,1885,4074,1001319,998695,5110,128,0,1000224,1000353,3920,8192,2645,7934,0,7,4
4000,1030446352,2476351219,0,0,0,0,1000000,1000000,1000000,0,1001328,998486,1885,4074,1001319,998695,5110,128,1,1000224,1000353,3920,8192,2645,7934,0,7,4
4001,1030831432,2477274808,0,0,0,0,1000000,1000000,1000000,0,1001329,998486,1837,4074,1001320,998695,5399,213,0,1000224,1000353,3920,8192,2645,7934,0,7,4
4002,1030886509,2477408183,0,0,0,0,1000000,1000000,1000000,0,1001329,998486,1837,4074,1001320,998695,5399,213,0,1000224,1000353,3920,8192,2645,7934,613,7,4
4003,1031374991,2478522055,0,0,0,0,1000000,1000000,1000000,0,1001330,998486,1837,4074,1001321,998695,5399,213,1,1000224,1000353,3920,8192,2645,7934,0,7,4
4004,1031421189,2478637225,0,0,0,0,1000000,1000000,1000000,0,1001330,998486,1837,4074,1001321,998695,5399,213,0,1000224,1000353,3920,8192,2645,7934,0,7,4
4005,1031811411,2479568102,0,0,0,0,1000000,1000000,1000000,0,1001331,998486,1813,4074,1001322,998695,5541,264,1,1000224,1000353,3920,8192,2645,7934,0,7,4
4006,1031862456,2479693130,0,0,0,0,1000000,1000000,1000000,0,1001331,998486,1813,4074,1001322,998695,5541,264,0,1000224,1000353,3920,8192,2645,7934,0,7,4
4007,1032350410,2480806313,0,0,0,0,1000000,1000000,1000000,0,1001332,998486,1813,4074,1001323,998695,5541,264,1,1000224,1000353,3920,8192,2645,7934,0,7,4
4008,1032396605,2480921418,0,0,0,0,1000000,1000000,1000000,0,1001332,998486,1813,4074,1001323,998695,5541,264,0,1000224,1000353,3920,8192,2645,7934,0,7,4
4009,1032785116,2481848155,0,0,0,0,1000000,1000000,1000000,0,1001333,998486,1813,4074,1001324,998695,5541,264,1,1000224,1000353,3920,8192,2645,7934,0,7,4
4010,1032838593,2481978047,0,0,0,0,1000000,1000000,1000000,0,1001333,998486,1813,4074,1001324,998695,5541,264,0,1000224,1000353,3920,8192,2645,7934,0,7,4
4011,1033325532,2483089210,0,0,0,0,1000000,1000000,1000000,0,1001334,998486,1804,4074,1001325,998695,5594,284,1,1000224,1000353,3920,8192,2645,7934,0,7,4
4012,1033371733,2483204411,0,0,0,0,1000000,1000000,1000000,0,1001334,998486,1804,4074,1001325,998695,5594,284,0,1000224,1000353,3920,8192,2645,7934,0,7,4
4013,1033740399,2484085952,0,0,0,0,1000000,1000000,1000000,0,1001334,998486,1804,4074,1001325,998695,5594,284,30,1000224,1000353,3920,8192,2645,7934,0,8,4
4014,1033818816,2484262992,0,0,0,0,1000000,1000000,1000000,0,1001334,998486,1804,4074,1001325,998695,5594,284,30,1000224,1000353,3920,8192,2645,7934,3072,8,4
4015,1034291717,2485356056,0,0,0,0,1000000,1000000,1000000,0,1001334,998486,1804,4074,1001325,998695,5594,284,30,1000224,1000353,3920,8192,2645,7934,6144,8,4
4016,1034319840,2485431169,0,0,0,0,1000000,1000000,1000000,0,1001334,998486,1804,4074,1001325,998695,5594,284,30,1000224,1000353,3920,8192,2645,7934,9216,8,4
4017,1034668461,2486251512,0,0,0,0,1000000,1000000,1000000,0,1001334,998486,1804,4074,1001325,998695,5594,284,30,1000224,1000353,3920,8192,2645,7934,12288,8,4
4018,1034806028,2486547955,0,0,0,0,1000000,1000000,1000000,0,1001334,998486,1804,4074,1001325,998695,5594,284,30,1000224,1000353,3920,8192,2645,7934,15360,8,4
4019,1035258215,2487568356,0,0,0,0,1000000,1000000,1000000,0,1001334,998486,1804,4074,1001325,998695,5594,284,30,1000224,1000353,3920,8192,2645,7934,18432,8,4
4020,1035309707,2487690415,0,0,0,0,1000000,1000000,1000000,0,1001334,998486,1804,4074,1001325,998695,5594,284,30,1000224,1000353,3920,8192,2645,7934,21504,8,4
4021,1035658362,2488510535,0,0,0,0,1000000,1000000,1000000,0,1001334,998486,1804,4074,1001325,998695,5594,284,30,1000224,1000353,3920,8192,2645,7934,24576,8,4
4022,1035808696,2488832895,0,0,0,0,1000000,1000000,1000000,0,1001334,998486,1804,4074,1001325,998695,5594,284,30,1000224,1000353,3920,8192,2645,7934,27648,8,4
4023,1036261281,2489854433,0,0,0,0,1000000,1000000,1000000,0,1001334,998486,1804,4074,1001325,998695,5594,284,30,1000224,1000353,3920,8192,2645,7934,30720,8,4
4024,1036312203,2489975354,0,0,0,0,1000000,1000000,1000000,0,1001334,998486,1804,4074,1001325,998695,5594,284,30,1000224,1000353,3920,8192,2645,7934,33792,8,4
4025,1036661830,2490798284,0,0,0,0,1000000,1000000,1000000,0,1001334,998486,1804,4074,1001325,998695,5594,284,30,1000224,1000353,3920,8192,2645,7934,36864,8,4
4026,1036810791,2491117834,0,0,0,0,1000000,1000000,1000000,0,1001334,998486,1804,4074,1001325,998695,5594,284,30,1000224,1000353,3920,8192,2645,7934,39936,8,4
4027,1037286912,2492200215,0,0,0,0,1000000,1000000,1000000,0,1001334,998486,1804,4074,1001325,998695,5594,284,30,1000224,1000353,3920,8192,2645,7934,43008,8,4
4028,1037314790,2492274384,0,0,0,0,1000000,1000000,1000000,0,1001334,998486,1804,4074,1001325,998695,5594,284,30,1000224,1000353,3920,8192,2645,7934,46080,8,4
4029,1037692830,2493172323,0,0,0,0,1000000,1000000,1000000,0,1001334,998486,1804,4074,1001325,998695,5594,284,30,1000224,1000353,3920,8192,2645,7934,49152,8,4
4030,1037797812,2493402790,0,0,0,0,1000000,1000000,1000000,0,1001334,998486,1804,4074,1001325,998695,5594,284,30,1000224,1000353,3920,8192,2645,7934,52224,8,4
4031,1038288165,2494526319,0,0,0,0,1000000,1000000,1000000,0,1001334,998486,1804,4074,1001325,998695,5594,284,30,1000224,1000353,3920,8192,2645,7934,55296,8,4
4032,1038316045,2494600519,0,0,0,0,1000000,1000000,1000000,0,1001334,998486,1804,4074,1001325,998695,5594,284,30,1000224,1000353,3920,8192,2645,7934,58368,8,4
4033,1038707517,2495537986,0,0,0,0,1000000,1000000,1000000,0,1001334,998486,1804,4074,1001325,998695,5594,284,30,1000224,1000353,3920,8192,2645,7934,61440,8,4
4034,1038772646,2495687728,0,0,0,0,1000000,1000000,1000000,0,1001334,998486,1804,4074,1001325,998695,5594,284,30,1000224,1000353,3920,8192,2645,7934,64512,8,4
4035,1039276328,2496850135,0,0,0,0,1000000,1000000,1000000,0,1001334,998486,1804,4074,1001325,998695,5594,284,30,1000224,1000353,3920,8192,2645,7934,67584,8,4
4036,1039303928,2496923350,0,0,0,0,1000000,1000000,1000000,0,1001334,998486,1804,4074,1001325,998695,5594,284,30,1000224,1000353,3920,8192,2645,7934,70656,8,4
4037,1039532108,2497401431,0,0,0,0,1000000,1000000,1000000,0,1001334,998486,1804,4074,1001325,998695,5594,284,30,1000224,1000353,3920,8192,2645,7934,73728,8,4
4038,1039911501,2498303583,0,0,0,0,1000000,1000000,1000000,0,1001334,998486,1804,4074,1001325,998695,5594,284,30,1000224,1000353,3920,8192,2645,7934,76800,8,4
4039,1040022140,2498543872,0,0,0,0,1000000,1000000,1000000,0,1001334,998486,1804,4074,1001325,998695,5594,284,30,1000224,1000353,3920,8192,2645,7934,79872,8,4
4040,1040498753,2499627122,0,0,0,0,1000000,1000000,1000000,0,1001334,998486,1804,4074,1001325,998695,5594,284,30,1000224,1000353,3920,8192,2645,7934,82944,8,4
4041,1040523828,2499693722,0,0,0,0,1000000,1000000,1000000,0,1001334,998486,1804,4074,1001325,998695,5594,284,30,1000224,1000353,3920,8192,2645,7934,86016,8,4
4042,1040902961,2500595094,0,0,0,0,1000000,1000000,1000000,0,1001334,998486,1804,4074,1001325,998695,5594,284,30,1000224,1000353,3920,8192,2645,7934,89088,8,4
4043,1041010359,2500828820,0,0,0,0,1000000,1000000,1000000,0,1001334,998486,1804,4074,1001325,998695,5594,284,30,1000224,1000353,3920,8192,2645,7934,92160,8,4
4044,1041487826,2501914237,0,0,0,0,1000000,1000000,1000000,0,1001334,998486,1804,4074,1001325,998695,5594,284,30,1000224,1000353,3920,8192,2645,7934,95232,8,4
4045,1041512898,2501980823,0,0,0,0,1000000,1000000,1000000,0,1001334,998486,1804,4074,1001325,998695,5594,284,30,1000224,1000353,3920,8192,2645,7934,98304,8,4
4046,1041891026,2502879610,0,0,0,0,1000000,1000000,1000000,0,1001334,998486,1804,4074,1001325,998695,5594,284,30,1000224,1000353,3920,8192,2645,7934,101376,8,4
4047,1041995653,2503113780,0,0,0,0,1000000,1000000,1000000,0,1001334,998486,1804,4074,1001325,998695,5594,284,30,1000224,1000353,3920,8192,2645,7934,104448,8,4
4048,1042499577,2504288389,0,0,0,0,1000000,1000000,1000000,0,1001334,998486,1804,4074,1001325,998695,5594,284,30,1000224,1000353,3920,8192,2645,7934,107520,8,4
4049,1042529457,2504370342,0,0,0,0,1000000,1000000,1000000,0,1001334,998486,1804,4074,1001325,998695,5594,284,30,1000224,1000353,3920,8192,2645,7934,110592,8,4
4050,1042743338,2504827504,0,0,0,0,1000000,1000000,1000000,0,1001334,998486,1804,4074,1001325,998695,5594,284,30,1000224,1000353,3920,8192,2645,7934,113664,8,4
4051,1043147825,2505815175,0,0,0,0,1000000,1000000,1000000,0,1001334,998486,1804,4074,1001325,998695,5594,284,30,1000224,1000353,3920,8192,2645,7934,116736,8,4
4052,1043212434,2505969983,0,0,0,0,1000000,1000000,1000000,0,1001334,998486,1804,4074,1001325,998695,5594,284,30,1000224,1000353,3920,8192,2645,7934,119808,8,4
4053,1043707182,2507118725,0,0,0,0,1000000,1000000,1000000,0,1001334,998486,1804,4074,1001325,998695,5594,284,30,1000224,1000353,3920,8192,2645,7934,122880,8,4
4054,1043739870,2507208455,0,0,0,0,1000000,1000000,1000000,0,1001334,998486,1804,4074,1001325,998695,5594,284,30,1000224,1000353,3920,8192,2645,7934,125952,8,4
4055,1043963436,2507683672,0,0,0,0,1000000,1000000,1000000,0,1001334,998486,1804,4074,1001325,998695,5594,284,30,1000224,1000353,3920,8192,2645,7934,129024,8,4
4056,1044369052,2508675026,0,0,0,0,1000000,1000000,1000000,0,1001334,998486,1804,4074,1001325,998695,5594,284,30,1000224,1000353,3920,8192,2645,7934,132096,8,4
4057,1044432871,2508826132,0,0,0,0,1000000,1000000,1000000,0,1001334,998486,1804,4074,1001325,998695,5594,284,30,1000224,1000353,3920,8192,2645,7934,135168,8,4
4058,1044936350,2510000512,0,0,0,0,1000000,1000000,1000000,0,1001334,998486,1804,4074,1001325,998695,5594,284,30,1000224,1000353,3920,8192,2645,7934,138240,8,4
4059,1044966723,2510083862,0,0,0,0,1000000,1000000,1000000,0,1001334,998486,1804,4074,1001325,998695,5594,284,30,1000224,1000353,3920,8192,2645,7934,141312,8,4
4060,1045180024,2510539877,0,0,0,0,1000000,1000000,1000000,0,1001334,998486,1804,4074,1001325,998695,5594,284,30,1000224,1000353,3920,8192,2645,7934,144384,8,4
4061,1045574517,2511499444,0,0,0,0,1000000,1000000,1000000,0,1001334,998486,1804,4074,1001325,998695,5594,284,30,1000224,1000353,3920,8192,2645,7934,147456,8,4
4062,1045653016,2511682343,0,0,0,0,1000000,1000000,1000000,0,1001334,998486,1804,4074,1001325,998695,5594,284,30,1000224,1000353,3920,8192,2645,7934,150528,8,4
4063,1046155302,2512853356,0,0,0,0,1000000,1000000,1000000,0,1001334,998486,1804,4074,1001325,998695,5594,284,30,1000224,1000353,3920,8192,2645,7934,153600,8,4
4064,1046188231,2512943571,0,0,0,0,1000000,1000000,1000000,0,1001334,998486,1804,4074,1001325,998695,5594,284,30,1000224,1000353,3920,8192,2645,7934,156672,8,4
4065,1046400778,2513396032,0,0,0,0,1000000,1000000,1000000,0,1001334,998486,1804,4074,1001325,998695,5594,284,30,1000224,1000353,3920,8192,2645,7934,159744,8,4
4066,1046807060,2514389068,0,0,0,0,1000000,1000000,1000000,0,1001334,998486,1804,4074,1001325,998695,5594,284,30,1000224,1000353,3920,8192,2645,7934,162816,8,4
4067,1046869821,2514538502,0,0,0,0,1000000,1000000,1000000,0,1001334,998486,1804,4074,1001325,998695,5594,284,30,1000224,1000353,3920,8192,2645,7934,165888,8,4
4068,1047371959,2515709281,0,0,0,0,1000000,1000000,1000000,0,1001334,998486,1804,4074,1001325,998695,5594,284,30,1000224,1000353,3920,8192,2645,7934,168960,8,4
4069,1047401834,2515791223,0,0,0,0,1000000,1000000,1000000,0,1001334,998486,1804,4074,1001325,998695,5594,284,30,1000224,1000353,3920,8192,2645,7934,172032,8,4
4070,1047617605,2516252224,0,0,0,0,1000000,1000000,1000000,0,1001334,998486,1804,4074,1001325,998695,5594,284,30,1000224,1000353,3920,8192,2645,7934,175104,8,4
4071,1048020669,2517236683,0,0,0,0,1000000,1000000,1000000,0,1001334,998486,1804,4074,1001325,998695,5594,284,30,1000224,1000353,3920,8192,2645,7934,178176,8,4
4072,1048086855,2517394682,0,0,0,0,1000000,1000000,1000000,0,1001334,998486,1804,4074,1001325,998695,5594,284,30,1000224,1000353,3920,8192,2645,7934,181248,8,4
4073,1048557183,2518462101,0,0,0,0,1000000,1000000,1000000,0,1001334,998486,1804,4074,1001325,998695,5594,284,30,1000224,1000353,3920,8192,2645,7934,184320,8,4
4074,1048585469,2518537154,0,0,0,0,1000000,1000000,1000000,0,1001334,998486,1804,4074,1001325,998695,5594,284,30,1000224,1000353,3920,8192,2645,7934,187392,8,4
4075,1048961244,2519429650,0,0,0,0,1000000,1000000,1000000,0,1001334,998486,1804,4074,1001325,998695,5594,284,30,1000224,1000353,3920,8192,2645,7934,190464,8,4
4076,1049075866,2519679638,0,0,0,0,1000000,1000000,1000000,0,1001334,998486,1804,4074,1001325,998695,5594,284,30,1000224,1000353,3920,8192,2645,7934,193536,8,4
4077,1049542153,2520733360,0,0,0,0,1000000,1000000,1000000,0,1001334,998486,1804,4074,1001325,998695,5594,284,30,1000224,1000353,3920,8192,2645,7934,196608,8,4
4078,1049577182,2520822100,0,0,0,0,1000000,1000000,1000000,0,1001334,998486,1804,4074,1001325,998695,5594,284,30,1000224,1000353,3920,8192,2645,7934,199680,8,4
4079,1049951200,2521709975,0,0,0,0,1000000,1000000,1000000,0,1001334,998486,1804,4074,1001325,998695,5594,284,30,1000224,1000353,3920,8192,2645,7934,202752,8,4
4080,1050068079,2521964580,0,0,0,0,1000000,1000000,1000000,0,1001334,998486,1804,4074,1001325,998695,5594,284,30,1000224,1000353,3920,8192,2645,7934,205824,8,4
4081,1050533867,2523016829,0,0,0,0,1000000,1000000,1000000,0,1001334,998486,1804,4074,1001325,998695,5594,284,30,1000224,1000353,3920,8192,2645,7934,208896,8,4
4082,1050569616,2523107042,0,0,0,0,1000000,1000000,1000000,0,1001334,998486,1804,4074,1001325,998695,5594,284,30,1000224,1000353,3920,8192,2645,7934,211968,8,4
4083,1050973880,2524082030,0,0,0,0,1000000,1000000,1000000,0,1001334,998486,1804,4074,1001325,998695,5594,284,30,1000224,1000353,3920,8192,2645,7934,215040,8,4
4084,1051047776,2524249516,0,0,0,0,1000000,1000000,1000000,0,1001334,998486,1804,4074,1001325,998695,5594,284,30,1000224,1000353,3920,8192,2645,7934,218112,8,4
4085,1051535919,2525366205,0,0,0,0,1000000,1000000,1000000,0,1001334,998486,1804,4074,1001325,998695,5594,284,30,1000224,1000353,3920,8192,2645,7934,221184,8,4
4086,1051563792,2525440439,0,0,0,0,1000000,1000000,1000000,0,1001334,998486,1804,4074,1001325,998695,5594,284,30,1000224,1000353,3920,8192,2645,7934,224256,8,4
4087,1051955334,2526378299,0,0,0,0,1000000,1000000,1000000,0,1001334,998486,1804,4074,1001325,998695,5594,284,30,1000224,1000353,3920,8192,2645,7934,227328,8,4
4088,1052023623,2526534465,0,0,0,0,1000000,1000000,1000000,0,1001334,998486,1804,4074,1001325,998695,5594,284,30,1000224,1000353,3920,8192,2645,7934,230400,8,4
4089,1052498031,2527611845,0,0,0,0,1000000,1000000,1000000,0,1001334,998486,1804,4074,1001325,998695,5594,284,30,1000224,1000353,3920,8192,2645,7934,233472,8,4
4090,1052525902,2527686038,0,0,0,0,1000000,1000000,1000000,0,1001334,998486,1804,4074,1001325,998695,5594,284,30,1000224,1000353,3920,8192,2645,7934,236544,8,4
4091,1052904826,2528586821,0,0,0,0,1000000,1000000,1000000,0,1001334,998486,1804,4074,1001325,998695,5594,284,30,1000224,1000353,3920,8192,2645,7934,239616,8,4
4092,1053010855,2528819419,0,0,0,0,1000000,1000000,1000000,0,1001334,998486,1804,4074,1001325,998695,5594,284,30,1000224,1000353,3920,8192,2645,7934,242688,8,4
4093,1053458552,2529825819,0,0,0,0,1000000,1000000,1000000,0,1001334,998486,1804,4074,1001325,998695,5594,284,30,1000224,1000353,3920,8192,2645,7934,245760,8,4
4094,1053516943,2529961890,0,0,0,0,1000000,1000000,1000000,0,1001334,998486,1804,4074,1001325,998695,5594,284,30,1000224,1000353,3920,8192,2645,7934,248832,8,4
4095,1053872617,2530802794,0,0,0,0,1000000,1000000,1000000,0,1001334,998486,1804,4074,1001325,998695,5594,284,30,1000224,1000353,3920,8192,2645,7934,251904,8,4
4096,1054012666,2531104352,0,0,0,0,1000000,1000000,1000000,0,1001334,998486,1804,4074,1001325,998695,5594,284,30,1000224,1000353,3920,8192,2645,7934,254976,8,4
4097,1054459466,2532108585,0,0,0,0,1000000,1000000,1000000,0,1001334,998486,1804,4074,1001325,998695,5594,284,30,1000224,1000353,3920,8192,2645,7934,258048,8,4
4098,1054518901,2532246827,0,0,0,0,1000000,1000000,1000000,0,1001334,998486,1804,4074,1001325,998695,5594,284,30,1000224,1000353,3920,8192,2645,7934,261120,8,4
4099,1054875193,2533089506,0,0,0,0,1000000,1000000,1000000,0,1001334,998486,1804,4074,1001325,998695,5594,284,30,1000224,1000353,3920,8192,2645,7934,264192,8,4
4100,1055014378,2533389309,0,0,0,0,1000000,1000000,1000000,0,1001334,998486,1804,4074,1001325,998695,5594,284,30,1000224,1000353,3920,8192,2645,7934,267264,8,4
4101,1055461202,2534393473,0,0,0,0,1000000,1000000,1000000,0,1001334,998486,1804,4074,1001325,998695,5594,284,30,1000224,1000353,3920,8192,2645,7934,270336,8,4
4102,1055520696,2534531778,0,0,0,0,1000000,1000000,1000000,0,1001334,998486,1804,4074,1001325,998695,5594,284,30,1000224,1000353,3920,8192,2645,7934,273408,8,4
4103,1055875849,2535371502,0,0,0,0,1000000,1000000,1000000,0,1001334,998486,1804,4074,1001325,998695,5594,284,30,1000224,1000353,3920,8192,2645,7934,276480,8,4
4104,1056016498,2535674232,0,0,0,0,1000000,1000000,1000000,0,1001334,998486,1804,4074,1001325,998695,5594,284,30,1000224,1000353,3920,8192,2645,7934,279552,8,4
4105,1056462051,2536675078,0,0,0,0,1000000,1000000,1000000,0,1001334,998486,1804,4074,1001325,998695,5594,284,30,1000224,1000353,3920,8192,2645,7934,282624,8,4
4106,1056523350,2536816720,0,0,0,0,1000000,1000000,1000000,0,1001334,998486,1804,4074,1001325,998695,5594,284,30,1000224,1000353,3920,8192,2645,7934,282624,8,4
4107,1056901675,2537705612,0,0,0,0,1000000,1000000,1000000,0,1001335,998486,1872,4074,1001326,998695,5188,148,24,1000224,1000353,3920,8192,2645,7934,0,8,4
4108,1057017831,2537959200,0,0,0,0,1000000,1000000,1000000,0,1001335,998486,1872,4074,1001326,998695,5188,148,24,1000224,1000353,3920,8192,2645,7934,1024,8,4
4109,1057480927,2539019838,0,0,0,0,1000000,1000000,1000000,0,1001335,998486,1881,4074,1001326,998695,5134,134,24,1000224,1000353,3920,8192,2645,7934,2048,8,4
4110,1057511991,2539101653,0,0,0,0,1000000,1000000,1000000,0,1001335,998486,1881,4074,1001326,998695,5134,134,31,1000224,1000353,3920,8192,2645,7934,0,9,4
4111,1057878751,2539983421,0,0,0,0,1000000,1000000,1000000,0,1001335,998486,1881,4074,1001326,998695,5134,134,31,1000224,1000353,3920,8192,2645,7934,3072,9,4
4112,1057998485,2540244138,0,0,0,0,1000000,1000000,1000000,0,1001335,998486,1881,4074,1001326,998695,5134,134,31,1000224,1000353,3920,8192,2645,7934,6144,9,4
4113,1058469557,2541316689,0,0,0,0,1000000,1000000,1000000,0,1001335,998486,1881,4074,1001326,998695,5134,134,31,1000224,1000353,3920,8192,2645,7934,9216,9,4
4114,1058497181,2541390054,0,0,0,0,1000000,1000000,1000000,0,1001335,998486,1881,4074,1001326,998695,5134,134,31,1000224,1000353,3920,8192,2645,7934,12288,9,4
4115,1058851831,2542228543,0,0,0,0,1000000,1000000,1000000,0,1001335,998486,1881,4074,1001326,998695,5134,134,31,1000224,1000353,3920,8192,2645,7934,15360,9,4
4116,1058991400,2542529065,0,0,0,0,1000000,1000000,1000000,0,1001335,998486,1881,4074,1001326,998695,5134,134,31,1000224,1000353,3920,8192,2645,7934,18432,9,4
4117,1059444516,2543551950,0,0,0,0,1000000,1000000,1000000,0,1001335,998486,1881,4074,1001326,998695,5134,134,31,1000224,1000353,3920,8192,2645,7934,21504,9,4
4118,1059494933,2543671560,0,0,0,0,1000000,1000000,1000000,0,1001335,998486,1881,4074,1001326,998695,5134,134,31,1000224,1000353,3920,8192,2645,7934,24576,9,4
4119,1059872748,2544570703,0,0,0,0,1000000,1000000,1000000,0,1001335,998486,1881,4074,1001326,998695,5134,134,31,1000224,1000353,3920,8192,2645,7934,27648,9,4
4120,1059984069,2544814024,0,0,0,0,1000000,1000000,1000000,0,1001335,998486,1881,4074,1001326,998695,5134,134,31,1000224,1000353,3920,8192,2645,7934,30720,9,4
4121,1060466792,2545916562,0,0,0,0,1000000,1000000,1000000,0,1001335,998486,1881,4074,1001326,998695,5134,134,31,1000224,1000353,3920,8192,2645,7934,33792,9,4
4122,1060494416,2545989931,0,0,0,0,1000000,1000000,1000000,0,1001335,998486,1881,4074,1001326,998695,5134,134,31,1000224,1000353,3920,8192,2645,7934,36864,9,4
4123,1060885514,2546927790,0,0,0,0,1000000,1000000,1000000,0,1001335,998486,1881,4074,1001326,998695,5134,134,31,1000224,1000353,3920,8192,2645,7934,39936,9,4
4124,1060961245,2547098962,0,0,0,0,1000000,1000000,1000000,0,1001335,998486,1881,4074,1001326,998695,5134,134,31,1000224,1000353,3920,8192,2645,7934,43008,9,4
4125,1061431758,2548167532,0,0,0,0,1000000,1000000,1000000,0,1001335,998486,1881,4074,1001326,998695,5134,134,31,1000224,1000353,3920,8192,2645,7934,46080,9,4
4126,1061459650,2548241437,0,0,0,0,1000000,1000000,1000000,0,1001335,998486,1881,4074,1001326,998695,5134,134,31,1000224,1000353,3920,8192,2645,7934,49152,9,4
4127,1061832312,2549126951,0,0,0,0,1000000,1000000,1000000,0,1001335,998486,1881,4074,1001326,998695,5134,134,31,1000224,1000353,3920,8192,2645,7934,52224,9,4
4128,1061950389,2549383920,0,0,0,0,1000000,1000000,1000000,0,1001335,998486,1881,4074,1001326,998695,5134,134,31,1000224,1000353,3920,8192,2645,7934,55296,9,4
4129,1062421253,2550453369,0,0,0,0,1000000,1000000,1000000,0,1001335,998486,1881,4074,1001326,998695,5134,134,31,1000224,1000353,3920,8192,2645,7934,58368,9,4
4130,1062448878,2550526747,0,0,0,0,1000000,1000000,1000000,0,1001335,998486,1881,4074,1001326,998695,5134,134,31,1000224,1000353,3920,8192,2645,7934,61440,9,4
4131,1062821862,2551413272,0,0,0,0,1000000,1000000,1000000,0,1001335,998486,1881,4074,1001326,998695,5134,134,31,1000224,1000353,3920,8192,2645,7934,64512,9,4
4132,1062939243,2551668843,0,0,0,0,1000000,1000000,1000000,0,1001335,998486,1881,4074,1001326,998695,5134,134,31,1000224,1000353,3920,8192,2645,7934,67584,9,4
4133,1063409838,2552737494,0,0,0,0,1000000,1000000,1000000,0,1001335,998486,1881,4074,1001326,998695,5134,134,31,1000224,1000353,3920,8192,2645,7934,70656,9,4
4134,1063437664,2552811330,0,0,0,0,1000000,1000000,1000000,0,1001335,998486,1881,4074,1001326,998695,5134,134,31,1000224,1000353,3920,8192,2645,7934,73728,9,4
4135,1063810673,2553698048,0,0,0,0,1000000,1000000,1000000,0,1001335,998486,1881,4074,1001326,998695,5134,134,31,1000224,1000353,3920,8192,2645,7934,76800,9,4
4136,1063928144,2553953786,0,0,0,0,1000000,1000000,1000000,0,1001335,998486,1881,4074,1001326,998695,5134,134,31,1000224,1000353,3920,8192,2645,7934,79872,9,4
4137,1064398765,2555022548,0,0,0,0,1000000,1000000,1000000,0,1001335,998486,1881,4074,1001326,998695,5134,134,31,1000224,1000353,3920,8192,2645,7934,82944,9,4
4138,1064426543,2555096280,0,0,0,0,1000000,1000000,1000000,0,1001335,998486,1881,4074,1001326,998695,5134,134,31,1000224,1000353,3920,8192,2645,7934,86016,9,4
4139,1064800229,2555984465,0,0,0,0,1000000,1000000,1000000,0,1001335,998486,1881,4074,1001326,998695,5134,134,31,1000224,1000353,3920,8192,2645,7934,89088,9,4
4140,1064916968,2556238735,0,0,0,0,1000000,1000000,1000000,0,1001335,998486,1881,4074,1001326,998695,5134,134,31,1000224,1000353,3920,8192,2645,7934,92160,9,4
4141,1065388330,2557309102,0,0,0,0,1000000,1000000,1000000,0,1001335,998486,1881,4074,1001326,998695,5134,134,31,1000224,1000353,3920,8192,2645,7934,95232,9,4
4142,1065415961,2557382507,0,0,0,0,1000000,1000000,1000000,0,1001335,998486,1881,4074,1001326,998695,5134,134,31,1000224,1000353,3920,8192,2645,7934,98304,9,4
4143,1065787868,2558266373,0,0,0,0,1000000,1000000,1000000,0,1001335,998486,1881,4074,1001326,998695,5134,134,31,1000224,1000353,3920,8192,2645,7934,101376,9,4
4144,1065906131,2558523693,0,0,0,0,1000000,1000000,1000000,0,1001335,998486,1881,4074,1001326,998695,5134,134,31,1000224,1000353,3920,8192,2645,7934,104448,9,4
4145,1066403512,2559662996,0,0,0,0,1000000,1000000,1000000,0,1001335,998486,1881,4074,1001326,998695,5134,134,31,1000224,1000353,3920,8192,2645,7934,107520,9,4
4146,1066431141,2559736381,0,0,0,0,1000000,1000000,1000000,0,1001335,998486,1881,4074,1001326,998695,5134,134,31,1000224,1000353,3920,8192,2645,7934,110592,9,4
4147,1066835760,2560708182,0,0,0,0,1000000,1000000,1000000,0,1001335,998486,1881,4074,1001326,998695,5134,134,31,1000224,1000353,3920,8192,2645,7934,113664,9,4
4148,1066876574,2560808622,0,0,0,0,1000000,1000000,1000000,0,1001335,998486,1881,4074,1001326,998695,5134,134,31,1000224,1000353,3920,8192,2645,7934,116736,9,4
4149,1067387058,2561986072,0,0,0,0,1000000,1000000,1000000,0,1001335,998486,1881,4074,1001326,998695,5134,134,31,1000224,1000353,3920,8192,2645,7934,119808,9,4
4150,1067414414,2562058484,0,0,0,0,1000000,1000000,1000000,0,1001335,998486,1881,4074,1001326,998695,5134,134,31,1000224,1000353,3920,8192,2645,7934,122880,9,4
4151,1067635405,2562522345,0,0,0,0,1000000,1000000,1000000,0,1001335,998486,1881,4074,1001326,998695,5134,134,31,1000224,1000353,3920,8192,2645,7934,125952,9,4
4152,1068060350,2563552372,0,0,0,0,1000000,1000000,1000000,0,1001335,998486,1881,4074,1001326,998695,5134,134,31,1000224,1000353,3920,8192,2645,7934,129024,9,4
4153,1068107883,2563664787,0,0,0,0,1000000,1000000,1000000,0,1001335,998486,1881,4074,1001326,998695,5134,134,31,1000224,1000353,3920,8192,2645,7934,132096,9,4
4154,1068593184,2564768558,0,0,0,0,1000000,1000000,1000000,0,1001335,998486,1881,4074,1001326,998695,5134,134,31,1000224,1000353,3920,8192,2645,7934,135168,9,4
4155,1068618510,2564835903,0,0,0,0,1000000,1000000,1000000,0,1001335,998486,1881,4074,1001326,998695,5134,134,31,1000224,1000353,3920,8192,2645,7934,138240,9,4
4156,1069013758,2565779847,0,0,0,0,1000000,1000000,1000000,0,1001335,998486,1881,4074,1001326,998695,5134,134,31,1000224,1000353,3920,8192,2645,7934,141312,9,4
4157,1069089672,2565949731,0,0,0,0,1000000,1000000,1000000,0,1001335,998486,1881,4074,1001326,998695,5134,134,31,1000224,1000353,3920,8192,2645,7934,144384,9,4
4158,1069575394,2567054549,0,0,0,0,1000000,1000000,1000000,0,1001335,998486,1881,4074,1001326,998695,5134,134,31,1000224,1000353,3920,8192,2645,7934,147456,9,4
4159,1069600720,2567121921,0,0,0,0,1000000,1000000,1000000,0,1001335,998486,1881,4074,1001326,998695,5134,134,31,1000224,1000353,3920,8192,2645,7934,150528,9,4
4160,1069995746,2568065341,0,0,0,0,1000000,1000000,1000000,0,1001335,998486,1881,4074,1001326,998695,5134,134,31,1000224,1000353,3920,8192,2645,7934,153600,9,4
4161,1070071384,2568234677,0,0,0,0,1000000,1000000,1000000,0,1001335,998486,1881,4074,1001326,998695,5134,134,31,1000224,1000353,3920,8192,2645,7934,156672,9,4
4162,1070556289,2569337314,0,0,0,0,1000000,1000000,1000000,0,1001335,998486,1881,4074,1001326,998695,5134,134,31,1000224,1000353,3920,8192,2645,7934,159744,9,4
4163,1070581613,2569404695,0,0,0,0,1000000,1000000,1000000,0,1001335,998486,1881,4074,1001326,998695,5134,134,31,1000224,1000353,3920,8192,2645,7934,162816,9,4
4164,1070975632,2570345397,0,0,0,0,1000000,1000000,1000000,0,1001335,998486,1881,4074,1001326,998695,5134,134,31,1000224,1000353,3920,8192,2645,7934,165888,9,4
4165,1071053682,2570519619,0,0,0,0,1000000,1000000,1000000,0,1001335,998486,1881,4074,1001326,998695,5134,134,31,1000224,1000353,3920,8192,2645,7934,168960,9,4
4166,1071538954,2571623114,0,0,0,0,1000000,1000000,1000000,0,1001335,998486,1881,4074,1001326,998695,5134,134,31,1000224,1000353,3920,8192,2645,7934,172032,9,4
4167,1071564279,2571690460,0,0,0,0,1000000,1000000,1000000,0,1001335,998486,1881,4074,1001326,998695,5134,134,31,1000224,1000353,3920,8192,2645,7934,175104,9,4
4168,1071956106,2572626102,0,0,0,0,1000000,1000000,1000000,0,1001335,998486,1881,4074,1001326,998695,5134,134,31,1000224,1000353,3920,8192,2645,7934,178176,9,4
4169,1072036234,2572804572,0,0,0,0,1000000,1000000,1000000,0,1001335,998486,1881,4074,1001326,998695,5134,134,31,1000224,1000353,3920,8192,2645,7934,181248,9,4
4170,1072522334,2573910301,0,0,0,0,1000000,1000000,1000000,0,1001335,998486,1881,4074,1001326,998695,5134,134,31,1000224,1000353,3920,8192,2645,7934,184320,9,4
4171,1072547660,2573977683,0,0,0,0,1000000,1000000,1000000,0,1001335,998486,1881,4074,1001326,998695,5134,134,31,1000224,1000353,3920,8192,2645,7934,187392,9,4
4172,1072943531,2574922863,0,0,0,0,1000000,1000000,1000000,0,1001335,998486,1881,4074,1001326,998695,5134,134,31,1000224,1000353,3920,8192,2645,7934,190464,9,4
4173,1073017837,2575089502,0,0,0,0,1000000,1000000,1000000,0,1001335,998486,1881,4074,1001326,998695,5134,134,31,1000224,1000353,3920,8192,2645,7934,193536,9,4
4174,1073558508,2576379781,0,0,0,0,1000000,1000000,1000000,0,1001335,998486,1881,4074,1001326,998695,5134,134,31,1000224,1000353,3920,8192,2645,7934,196608,9,4
4175,1073588636,2576462522,0,0,0,0,1000000,1000000,1000000,0,1001335,998486,1881,4074,1001326,998695,5134,134,31,1000224,1000353,3920,8192,2645,7934,199680,9,4
4176,1073745061,2576803231,0,0,0,0,1000000,1000000,1000000,0,1001335,998486,1881,4074,1001326,998695,5134,134,31,1000224,1000353,3920,8192,2645,7934,202752,9,4
4177,1074196062,2577937105,0,0,0,0,1000000,1000000,1000000,0,1001335,998486,1881,4074,1001326,998695,5134,134,31,1000224,1000353,3920,8192,2645,7934,205824,9,4
4178,1074228765,2578026743,0,0,0,0,1000000,1000000,1000000,0,1001335,998486,1881,4074,1001326,998695,5134,134,31,1000224,1000353,3920,8192,2645,7934,208896,9,4
4179,1074777209,2579342808,0,0,0,0,1000000,1000000,1000000,0,1001335,998486,1881,4074,1001326,998695,5134,134,31,1000224,1000353,3920,8192,2645,7934,211968,9,4
4180,1074810139,2579432948,0,0,0,0,1000000,1000000,1000000,0,1001335,998486,1881,4074,1001326,998695,5134,134,31,1000224,1000353,3920,8192,2645,7934,215040,9,4
4181,1074910960,2579659426,0,0,0,0,1000000,1000000,1000000,0,1001335,998486,1881,4074,1001326,998695,5134,134,31,1000224,1000353,3920,8192,2645,7934,218112,9,4
4182,1075360312,2580786424,0,0,0,0,1000000,1000000,1000000,0,1001335,998486,1881,4074,1001326,998695,5134,134,31,1000224,1000353,3920,8192,2645,7934,221184,9,4
4183,1075390714,2580870170,0,0,0,0,1000000,1000000,1000000,0,1001335,998486,1881,4074,1001326,998695,5134,134,31,1000224,1000353,3920,8192,2645,7934,224256,9,4
4184,1075946963,2582206859,0,0,0,0,1000000,1000000,1000000,0,1001335,998486,1881,4074,1001326,998695,5134,134,31,1000224,1000353,3920,8192,2645,7934,227328,9,4
4185,1075977339,2582290157,0,0,0,0,1000000,1000000,1000000,0,1001335,998486,1881,4074,1001326,998695,5134,134,31,1000224,1000353,3920,8192,2645,7934,230400,9,4
4186,1076077093,2582515597,0,0,0,0,1000000,1000000,1000000,0,1001335,998486,1881,4074,1001326,998695,5134,134,31,1000224,1000353,3920,8192,2645,7934,233472,9,4
4187,1076531186,2583658418,0,0,0,0,1000000,1000000,1000000,0,1001335,998486,1881,4074,1001326,998695,5134,134,31,1000224,1000353,3920,8192,2645,7934,236544,9,4
4188,1076564119,2583748559,0,0,0,0,1000000,1000000,1000000,0,1001335,998486,1881,4074,1001326,998695,5134,134,31,1000224,1000353,3920,8192,2645,7934,239616,9,4
4189,1076790460,2584229301,0,0,0,0,1000000,1000000,1000000,0,1001335,998486,1881,4074,1001326,998695,5134,134,31,1000224,1000353,3920,8192,2645,7934,242688,9,4
4190,1077336187,2585535800,0,0,0,0,1000000,1000000,1000000,0,1001335,998486,1881,4074,1001326,998695,5134,134,31,1000224,1000353,3920,8192,2645,7934,245760,9,4
4191,1077366313,2585618566,0,0,0,0,1000000,1000000,1000000,0,1001335,998486,1881,4074,1001326,998695,5134,134,31,1000224,1000353,3920,8192,2645,7934,248832,9,4
4192,1077514694,2585943003,0,0,0,0,1000000,1000000,1000000,0,1001335,998486,1881,4074,1001326,998695,5134,134,31,1000224,1000353,3920,8192,2645,7934,251904,9,4
4193,1077969337,2587086919,0,0,0,0,1000000,1000000,1000000,0,1001335,998486,1881,4074,1001326,998695,5134,134,31,1000224,1000353,3920,8192,2645,7934,254976,9,4
4194,1078001711,2587175491,0,0,0,0,1000000,1000000,1000000,0,1001335,998486,1881,4074,1001326,998695,5134,134,31,1000224,1000353,3920,8192,2645,7934,258048,9,4
4195,1078228334,2587656719,0,0,0,0,1000000,1000000,1000000,0,1001335,998486,1881,4074,1001326,998695,5134,134,31,1000224,1000353,3920,8192,2645,7934,261120,9,4
4196,1078783112,2588989866,0,0,0,0,1000000,1000000,1000000,0,1001335,998486,1881,4074,1001326,998695,5134,134,31,1000224,1000353,3920,8192,2645,7934,264192,9,4
4197,1078813432,2589072981,0,0,0,0,1000000,1000000,1000000,0,1001335,998486,1881,4074,1001326,998695,5134,134,31,1000224,1000353,3920,8192,2645,7934,267264,9,4
4198,1078948715,2589370428,0,0,0,0,1000000,1000000,1000000,0,1001335,998486,1881,4074,1001326,998695,5134,134,31,1000224,1000353,3920,8192,2645,7934,270336,9,4
4199,1079398137,2590501621,0,0,0,0,1000000,1000000,1000000,0,1001335,998486,1881,4074,1001326,998695,5134,134,31,1000224,1000353,3920,8192,2645,7934,273408,9,4
4200,1079431347,2590592717,0,0,0,0,1000000,1000000,1000000,0,1001335,998486,1881,4074,1001326,998695,5134,134,31,1000224,1000353,3920,8192,2645,7934,276480,9,4
4201,1079980507,2591911459,0,0,0,0,1000000,1000000,1000000,0,1001335,998486,1881,4074,1001326,998695,5134,134,31,1000224,1000353,3920,8192,2645,7934,279552,9,4
4202,1080012948,2592000231,0,0,0,0,1000000,1000000,1000000,0,1001335,998486,1881,4074,1001326,998695,5134,134,31,1000224,1000353,3920,8192,2645,7934,282624,9,4
4203,1080113764,2592226619,0,0,0,0,1000000,1000000,1000000,0,1001335,998486,1881,4074,1001326,998695,5134,134,31,1000224,1000353,3920,8192,2645,7934,285696,9,4
4204,1080604917,2593476346,0,0,0,0,1000000,1000000,1000000,0,1001335,998486,1881,4074,1001326,998695,5134,134,31,1000224,1000353,3920,8192,2645,7934,288768,9,4
4205,1080635297,2593559641,0,0,0,0,1000000,1000000,1000000,0,1001335,998486,1881,4074,1001326,998695,5134,134,31,1000224,1000353,3920,8192,2645,7934,291840,9,4
4206,1080814582,2593940322,0,0,0,0,1000000,1000000,1000000,0,1001335,998486,1881,4074,1001326,998695,5134,134,31,1000224,1000353,3920,8192,2645,7934,294912,9,4
4207,1081331456,2595135208,0,0,0,0,1000000,1000000,1000000,0,1001335,998486,1881,4074,1001326,998695,5134,134,31,1000224,1000353,3920,8192,2645,7934,297984,9,4
4208,1081359061,2595208457,0,0,0,0,1000000,1000000,1000000,0,1001335,998486,1881,4074,1001326,998695,5134,134,31,1000224,1000353,3920,8192,2645,7934,301056,9,4
4209,1081571045,2595654027,0,0,0,0,1000000,1000000,1000000,0,1001335,998486,1881,4074,1001326,998695,5134,134,31,1000224,1000353,3920,8192,2645,7934,304128,9,4
4210,1081990366,2596664600,0,0,0,0,1000000,1000000,1000000,0,1001335,998486,1881,4074,1001326,998695,5134,134,31,1000224,1000353,3920,8192,2645,7934,307200,9,4
4211,1082047514,2596796486,0,0,0,0,1000000,1000000,1000000,0,1001335,998486,1881,4074,1001326,998695,5134,134,31,1000224,1000353,3920,8192,2645,7934,310272,9,4
4212,1082559168,2597973656,0,0,0,0,1000000,1000000,1000000,0,1001335,998486,1881,4074,1001326,998695,5134,134,31,1000224,1000353,3920,8192,2645,7934,313344,9,4
4213,1082584216,2598040106,0,0,0,0,1000000,1000000,1000000,0,1001335,998486,1881,4074,1001326,998695,5134,134,31,1000224,1000353,3920,8192,2645,7934,316416,9,4
4214,1082807654,2598510211,0,0,0,0,1000000,1000000,1000000,0,1001335,998486,1881,4074,1001326,998695,5134,134,31,1000224,1000353,3920,8192,2645,7934,319488,9,4
4215,1083163495,2599351958,0,0,0,0,1000000,1000000,1000000,0,1001335,998486,1881,4074,1001326,998695,5134,134,31,1000224,1000353,3920,8192,2645,7934,322560,9,4
4216,1083303168,2599652680,0,0,0,0,1000000,1000000,1000000,0,1001335,998486,1881,4074,1001326,998695,5134,134,31,1000224,1000353,3920,8192,2645,7934,325632,9,4
4217,1083756119,2600675100,0,0,0,0,1000000,1000000,1000000,0,1001335,998486,1881,4074,1001326,998695,5134,134,31,1000224,1000353,3920,8192,2645,7934,328704,9,4
4218,1083806770,2600795155,0,0,0,0,1000000,1000000,1000000,0,1001335,998486,1881,4074,1001326,998695,5134,134,31,1000224,1000353,3920,8192,2645,7934,331776,9,4
4219,1084161750,2601634524,0,0,0,0,1000000,1000000,1000000,0,1001335,998486,1881,4074,1001326,998695,5134,134,31,1000224,1000353,3920,8192,2645,7934,334848,9,4
4220,1084302599,2601937629,0,0,0,0,1000000,1000000,1000000,0,1001335,998486,1881,4074,1001326,998695,5134,134,31,1000224,1000353,3920,8192,2645,7934,337920,9,4
4221,1084754515,2602957451,0,0,0,0,1000000,1000000,1000000,0,1001335,998486,1881,4074,1001326,998695,5134,134,31,1000224,1000353,3920,8192,2645,7934,340992,9,4
4222,1084806421,2603080103,0,0,0,0,1000000,1000000,1000000,0,1001335,998486,1881,4074,1001326,998695,5134,134,31,1000224,1000353,3920,8192,2645,7934,344064,9,4
4223,1085161959,2603920843,0,0,0,0,1000000,1000000,1000000,0,1001335,998486,1881,4074,1001326,998695,5134,134,31,1000224,1000353,3920,8192,2645,7934,347136,9,4
4224,1085302094,2604222552,0,0,0,0,1000000,1000000,1000000,0,1001335,998486,1881,4074,1001326,998695,5134,134,31,1000224,1000353,3920,8192,2645,7934,350208,9,4
4225,1085754358,2605243149,0,0,0,0,1000000,1000000,1000000,0,1001335,998486,1881,4074,1001326,998695,5134,134,31,1000224,1000353,3920,8192,2645,7934,353280,9,4
4226,1085805892,2605365031,0,0,0,0,1000000,1000000,1000000,0,1001335,998486,1881,4074,1001326,998695,5134,134,31,1000224,1000353,3920,8192,2645,7934,356352,9,4
4227,1086162179,2606207702,0,0,0,0,1000000,1000000,1000000,0,1001335,998486,1881,4074,1001326,998695,5134,134,31,1000224,1000353,3920,8192,2645,7934,359424,9,4
4228,1086301386,2606507509,0,0,0,0,1000000,1000000,1000000,0,1001335,998486,1881,4074,1001326,998695,5134,134,31,1000224,1000353,3920,8192,2645,7934,362496,9,4
4229,1086746820,2607507933,0,0,0,0,1000000,1000000,1000000,0,1001335,998486,1881,4074,1001326,998695,5134,134,31,1000224,1000353,3920,8192,2645,7934,364544,9,4
4230,1086806322,2607649993,0,0,0,0,1000000,1000000,1000000,0,1001335,998486,1881,4074,1001326,998695,5134,134,0,1000224,1000353,3920,8192,2645,7934,0,9,4
4231,1087194862,2608576347,0,0,0,0,1000000,1000000,1000000,0,1001336,998486,1745,4074,1001327,998695,5933,435,24,1000224,1000353,3920,8192,2645,7934,0,9,4
4232,1087292508,2608792448,0,0,0,0,1000000,1000000,1000000,0,1001336,998486,1745,4074,1001327,998695,5933,435,24,1000224,1000353,3920,8192,2645,7934,1024,9,4
4233,1087765022,2609885359,0,0,0,0,1000000,1000000,1000000,0,1001336,998486,1609,4074,1001327,998695,6651,895,24,1000224,1000353,3920,8192,2645,7934,2048,9,4
4234,1087792939,2609960147,0,0,0,0,1000000,1000000,1000000,0,1001336,998486,1609,4074,1001327,998695,6651,895,24,1000224,1000353,3920,8192,2645,7934,3072,9,4
4235,1088160306,2610839638,0,0,0,0,1000000,1000000,1000000,0,1001336,998486,1473,4074,1001327,998695,7258,1494,24,1000224,1000353,3920,8192,2645,7934,4096,9,4
4236,1088268659,2611077385,0,0,0,0,1000000,1000000,1000000,0,1001336,998486,1473,4074,1001327,998695,7258,1494,24,1000224,1000353,3920,8192,2645,7934,5120,9,4
4237,1088739869,2612167323,0,0,0,0,1000000,1000000,1000000,0,1001336,998486,1337,4074,1001327,998695,7729,2204,24,1000224,1000353,3920,8192,2645,7934,6144,9,4
4238,1088767806,2612242049,0,0,0,0,1000000,1000000,1000000,0,1001336,998486,1337,4074,1001327,998695,7729,2204,24,1000224,1000353,3920,8192,2645,7934,7168,9,4
4239,1089113777,2613056766,0,0,0,0,1000000,1000000,1000000,0,1001336,998486,1201,4074,1001327,998695,8043,2998,24,1000224,1000353,3920,8192,2645,7934,8192,9,4
4240,1089255833,2613362331,0,0,0,0,1000000,1000000,1000000,0,1001336,998486,1201,4074,1001327,998695,8043,2998,24,1000224,1000353,3920,8192,2645,7934,9216,9,4
4241,1089707525,2614382757,0,0,0,0,1000000,1000000,1000000,0,1001336,998486,1065,4074,1001327,998695,8184,3839,24,1000224,1000353,3920,8192,2645,7934,10240,9,4
4242,1089758975,2614504795,0,0,0,0,1000000,1000000,1000000,0,1001336,998486,1065,4074,1001327,998695,8184,3839,24,1000224,1000353,3920,8192,2645,7934,11264,9,4
4243,1090113534,2615339705,0,0,0,0,1000000,1000000,1000000,0,1001337,998486,929,4074,1001328,998695,8148,4691,24,1000224,1000353,3920,8192,2645,7934,12288,9,4
4244,1090256604,2615647288,0,0,0,0,1000000,1000000,1000000,0,1001337,998486,929,4074,1001328,998695,8148,4691,24,1000224,1000353,3920,8192,2645,7934,13312,9,4
4245,1090709178,2616670447,0,0,0,0,1000000,1000000,1000000,0,1001337,998486,793,4074,1001328,998695,7937,5518,24,1000224,1000353,3920,8192,2645,7934,14336,9,4
4246,1090758077,2616789750,0,0,0,0,1000000,1000000,1000000,0,1001337,998486,793,4074,1001328,998695,7937,5518,24,1000224,1000353,3920,8192,2645,7934,15360,9,4
4247,1091113820,2617627695,0,0,0,0,1000000,1000000,1000000,0,1001338,998487,657,4074,1001329,998696,7560,6282,24,1000224,1000353,3920,8192,2645,7934,16384,9,4
4248,1091255352,2617932221,0,0,0,0,1000000,1000000,1000000,0,1001338,998487,657,4074,1001329,998696,7560,6282,24,1000224,1000353,3920,8192,2645,7934,17408,9,4
4249,1091714268,2618969641,0,0,0,0,1000000,1000000,1000000,0,1001339,998487,521,4074,1001330,998696,7031,6952,24,1000224,1000353,3920,8192,2645,7934,18432,9,4
4250,1091756105,2619074690,0,0,0,0,1000000,1000000,1000000,0,1001339,998487,521,4074,1001330,998696,7031,6952,24,1000224,1000353,3920,8192,2645,7934,19456,9,4
4251,1092113120,2619914144,0,0,0,0,1000000,1000000,1000000,0,1001340,998489,385,4074,1001331,998698,6377,7499,24,1000224,1000353,3920,8192,2645,7934,20480,9,4
4252,1092252631,2620217162,0,0,0,0,1000000,1000000,1000000,0,1001340,998489,385,4074,1001331,998698,6377,7499,24,1000224,1000353,3920,8192,2645,7934,21504,9,4
4253,1092710651,2621250981,0,0,0,0,1000000,1000000,1000000,0,1001341,998491,249,4074,1001332,998700,5622,7897,24,1000224,1000353,3920,8192,2645,7934,22528,9,4
4254,1092754257,2621359634,0,0,0,0,1000000,1000000,1000000,0,1001341,998491,249,4074,1001332,998700,5622,7897,24,1000224,1000353,3920,8192,2645,7934,23552,9,4
4255,1093110558,2622198018,0,0,0,0,1000000,1000000,1000000,0,1001341,998493,141,4074,1001332,998702,4974,8096,24,1000224,1000353,3920,8192,2645,7934,24576,9,4
4256,1093250771,2622502123,0,0,0,0,1000000,1000000,1000000,0,1001341,998493,141,4074,1001332,998702,4974,8096,24,1000224,1000353,3920,8192,2645,7934,24576,9,4
4257,1093699154,2623508524,0,0,0,0,1000000,1000000,1000000,0,1001342,998496,141,4074,1001333,998704,4974,8096,24,1000224,1000353,3920,8192,2645,7934,24576,9,4
4258,1093756446,2623644588,0,0,0,0,1000000,1000000,1000000,0,1001342,998496,141,4074,1001333,998704,4974,8096,24,1000224,1000353,3920,8192,2645,7934,24576,9,4
4259,1094121377,2624503744,0,0,0,0,1000000,1000000,1000000,0,1001343,998498,141,4074,1001334,998706,4974,8096,1,1000224,1000353,3920,8192,2645,7934,0,9,4
4260,1094250786,2624787064,0,0,0,0,1000000,1000000,1000000,0,1001343,998498,141,4074,1001334,998706,4974,8096,1,1000224,1000353,3920,8192,2645,7934,1024,9,4
4261,1094716447,2625852225,0,0,0,0,1000000,1000000,1000000,0,1001343,998501,130,4074,1001334,998708,4907,8111,1,1000224,1000353,3920,8192,2645,7934,2048,9,4
4262,1094753028,2625947466,0,0,0,0,1000000,1000000,1000000,0,1001343,998501,130,4074,1001334,998708,4907,8111,1,1000224,1000353,3920,8192,2645,7934,3072,9,4
4263,1095113468,2626794548,0,0,0,0,1000000,1000000,1000000,0,1001344,998504,130,4074,1001335,998710,4907,8111,1,1000224,1000353,3920,8192,2645,7934,4096,9,4
4264,1095239996,2627072008,0,0,0,0,1000000,1000000,1000000,0,1001344,998504,130,4074,1001335,998710,4907,8111,1,1000224,1000353,3920,8192,2645,7934,5120,9,4
4265,1095704633,2628135032,0,0,0,0,1000000,1000000,1000000,0,1001344,998507,118,4074,1001335,998712,4833,8125,1,1000224,1000353,3920,8192,2645,7934,6144,9,4
4266,1095741217,2628230189,0,0,0,0,1000000,1000000,1000000,0,1001344,998507,118,4074,1001335,998712,4833,8125,1,1000224,1000353,3920,8192,2645,7934,7168,9,4
4267,1096090117,2629049349,0,0,0,0,1000000,1000000,1000000,0,1001345,998509,86,4074,1001336,998714,4634,8157,1,1000224,1000353,3920,8192,2645,7934,8192,9,4
4268,1096231684,2629356957,0,0,0,0,1000000,1000000,1000000,0,1001345,998509,86,4074,1001336,998714,4634,8157,1,1000224,1000353,3920,8192,2645,7934,9216,9,4
4269,1096686296,2630381412,0,0,0,0,1000000,1000000,1000000,0,1001345,998512,66,4074,1001336,998716,4509,8171,1,1000224,1000353,3920,8192,2645,7934,10240,9,4
4270,1096734287,2630499411,0,0,0,0,1000000,1000000,1000000,0,1001345,998512,66,4074,1001336,998716,4509,8171,1,1000224,1000353,3920,8192,2645,7934,11264,9,4
4271,1097082855,2631316783,0,0,0,0,1000000,1000000,1000000,0,1001345,998515,66,4074,1001336,998718,4509,8171,1,1000224,1000353,3920,8192,2645,7934,12288,9,4
4272,1097233093,2631641899,0,0,0,0,1000000,1000000,1000000,0,1001345,998515,66,4074,1001336,998718,4509,8171,1,1000224,1000353,3920,8192,2645,7934,13312,9,4
4273,1097691756,2632674800,0,0,0,0,1000000,1000000,1000000,0,1001345,998518,22,4074,1001336,998721,4234,8190,1,1000224,1000353,3920,8192,2645,7934,14336,9,4
4274,1097735626,2632784370,0,0,0,0,1000000,1000000,1000000,0,1001345,998518,22,4074,1001336,998721,4234,8190,1,1000224,1000353,3920,8192,2645,7934,15360,9,4
4275,1098087248,2633608419,0,0,0,0,1000000,1000000,1000000,0,1001345,998521,22,4074,1001336,998724,4234,8190,1,1000224,1000353,3920,8192,2645,7934,16384,9,4
4276,1098234168,2633926852,0,0,0,0,1000000,1000000,1000000,0,1001345,998521,22,4074,1001336,998724,4234,8190,1,1000224,1000353,3920,8192,2645,7934,17408,9,4
4277,1098690035,2634952430,0,0,0,0,1000000,1000000,1000000,0,1001345,998523,4067,4074,1001336,998726,3913,8187,1,1000224,1000353,3920,8192,2645,7934,18432,9,4
4278,1098737541,2635069317,0,0,0,0,1000000,1000000,1000000,0,1001345,998523,4067,4074,1001336,998726,3913,8187,1,1000224,1000353,3920,8192,2645,7934,19456,9,4
4279,1099086993,2635887746,0,0,0,0,1000000,1000000,1000000,0,1001345,998526,4055,4074,1001336,998729,3838,8183,1,1000224,1000353,3920,8192,2645,7934,20480,9,4
4280,1099236698,2636211783,0,0,0,0,1000000,1000000,1000000,0,1001345,998526,4055,4074,1001336,998729,3838,8183,1,1000224,1000353,3920,8192,2645,7934,21504,9,4
4281,1099697487,2637249848,0,0,0,0,1000000,1000000,1000000,0,1001345,998529,4055,4074,1001336,998732,3838,8183,1,1000224,1000353,3920,8192,2645,7934,22528,9,4
4282,1099738810,2637354265,0,0,0,0,1000000,1000000,1000000,0,1001345,998529,4055,4074,1001336,998732,3838,8183,1,1000224,1000353,3920,8192,2645,7934,23552,9,4
4283,1100093994,2638187801,0,0,0,0,1000000,1000000,1000000,0,1001345,998532,4039,4074,1001336,998735,3738,8175,1,1000224,1000353,3920,8192,2645,7934,24576,9,4
4284,1100236224,2638496720,0,0,0,0,1000000,1000000,1000000,0,1001345,998532,4039,4074,1001336,998735,3738,8175,1,1000224,1000353,3920,8192,2645,7934,25600,9,4
4285,1100706299,2639559276,0,0,0,0,1000000,1000000,1000000,0,1001345,998535,4039,4074,1001336,998738,3738,8175,1,1000224,1000353,3920,8192,2645,7934,26624,9,4
4286,1100742646,2639653534,0,0,0,0,1000000,1000000,1000000,0,1001345,998535,4039,4074,1001336,998738,3738,8175,1,1000224,1000353,3920,8192,2645,7934,27648,9,4
4287,1101100276,2640493453,0,0,0,0,1000000,1000000,1000000,0,1001344,998537,4039,4074,1001335,998740,3738,8175,1,1000224,1000353,3920,8192,2645,7934,28672,9,4
4288,1101232306,2640781678,0,0,0,0,1000000,1000000,1000000,0,1001344,998537,4039,4074,1001335,998740,3738,8175,1,1000224,1000353,3920,8192,2645,7934,29696,9,4
4289,1101699873,2641838186,0,0,0,0,1000000,1000000,1000000,0,1001344,998540,4039,4074,1001335,998743,3738,8175,1,1000224,1000353,3920,8192,2645,7934,30720,9,4
4290,1101736213,2641932475,0,0,0,0,1000000,1000000,1000000,0,1001344,998540,4039,4074,1001335,998743,3738,8175,1,1000224,1000353,3920,8192,2645,7934,31744,9,4
4291,1102092921,2642767704,0,0,0,0,1000000,1000000,1000000,0,1001344,998543,4039,4074,1001335,998746,3738,8175,1,1000224,1000353,3920,8192,2645,7934,32768,9,4
4292,1102230205,2643066617,0,0,0,0,1000000,1000000,1000000,0,1001344,998543,4039,4074,1001335,998746,3738,8175,1,1000224,1000353,3920,8192,2645,7934,33792,9,4
4293,1102690823,2644102776,0,0,0,0,1000000,1000000,1000000,0,1001344,998546,4039,4074,1001335,998749,3738,8175,1,1000224,1000353,3920,8192,2645,7934,34816,9,4
4294,1102733024,2644209096,0,0,0,0,1000000,1000000,1000000,0,1001344,998546,4039,4074,1001335,998749,3738,8175,1,1000224,1000353,3920,8192,2645,7934,35840,9,4
4295,1103250133,2645381642,0,0,0,0,1000000,1000000,1000000,0,1001343,998549,4089,79,1001375,998750,4051,8191,1,1000224,1000353,4723,8152,2645,7934,36864,9,4
4296,1103286412,2645475522,0,0,0,0,1000000,1000000,1000000,0,1001343,998549,4089,79,1001375,998750,4051,8191,1,1000224,1000353,4723,8152,2645,7934,37888,9,4
4297,1103497263,2645922802,0,0,0,0,1000000,1000000,1000000,0,1001343,998549,4089,79,1001375,998750,4051,8191,1,1000224,1000353,4723,8152,2645,7934,38912,9,4
4298,1104155099,2647382754,0,0,0,0,1000000,1000000,1000000,0,1001344,998553,147,246,1001435,998736,5011,8088,1,1000224,1000353,5879,7800,2645,7934,39936,9,4
4299,1104190039,2647472759,0,0,0,0,1000000,1000000,1000000,0,1001344,998553,147,246,1001435,998736,5011,8088,1,1000224,1000353,5879,7800,2645,7934,40960,9,4
4300,1104260616,2647636491,0,0,0,0,1000000,1000000,1000000,0,1001344,998553,147,246,1001435,998736,5011,8088,1,1000224,1000353,5879,7800,2645,7934,41984,9,4
4301,1104816874,2648920317,0,0,0,0,1000000,1000000,1000000,0,1001346,998557,351,471,1001488,998705,6196,7613,1,1000224,1000353,6878,7114,2645,7934,43008,9,4
4302,1104853173,2649014112,0,0,0,0,1000000,1000000,1000000,0,1001346,998557,351,471,1001488,998705,6196,7613,1,1000224,1000353,6878,7114,2645,7934,44032,9,4
4303,1105009350,2649350222,0,0,0,0,1000000,1000000,1000000,0,1001346,998557,351,471,1001488,998705,6196,7613,1,1000224,1000353,6878,7114,2645,7934,45056,9,4
4304,1105699621,2650896888,0,0,0,0,1000000,1000000,1000000,0,1001349,998560,555,723,1001529,998660,7177,6795,1,1000224,1000353,7640,6183,2639,7933,46080,9,4
4305,1105735479,2650989340,0,0,0,0,1000000,1000000,1000000,0,1001349,998560,555,723,1001529,998660,7177,6795,1,1000224,1000353,7640,6183,2639,7933,47104,9,4
4306,1105772610,2651086206,0,0,0,0,1000000,1000000,1000000,0,1001349,998560,555,723,1001529,998660,7177,6795,1,1000224,1000353,7640,6183,2639,7933,48128,9,4
4307,1106350052,2652396855,0,0,0,0,1000000,1000000,1000000,0,1001352,998562,759,902,1001556,998606,7858,5716,1,1000224,1000353,8094,5056,2645,7934,49152,9,4
4308,1106391671,2652501508,0,0,0,0,1000000,1000000,1000000,0,1001352,998562,759,902,1001556,998606,7858,5716,1,1000224,1000353,8094,5056,2645,7934,50176,9,4
4309,1106517568,2652777629,0,0,0,0,1000000,1000000,1000000,0,1001352,998562,759,902,1001556,998606,7858,5716,1,1000224,1000353,8094,5056,2645,7934,51200,9,4
4310,1107457892,2654787298,0,0,0,0,1000000,1000000,1000000,0,1001356,998563,963,811,1001549,998641,8173,4479,1,1000224,1000350,7879,5675,2701,7953,52224,9,4
4311,1107497646,2654887721,0,0,0,0,1000000,1000000,1000000,0,1001356,998563,963,811,1001549,998641,8173,4479,1,1000224,1000350,7879,5675,2701,7953,53248,9,4
4312,1107534097,2654982883,0,0,0,0,1000000,1000000,1000000,0,1001356,998563,963,811,1001549,998641,8173,4479,1,1000224,1000350,7879,5675,2701,7953,54272,9,4
4313,1107569733,2655076036,0,0,0,0,1000000,1000000,1000000,0,1001356,998563,963,811,1001549,998641,8173,4479,1,1000224,1000350,7879,5675,2701,7953,55296,9,4
4314,1108181019,2656463351,0,0,0,0,1000000,1000000,1000000,0,1001362,998562,1209,653,1001530,998686,8029,2950,1,1000224,1000345,7415,6503,2787,7989,56320,9,4
4315,1108217102,2656556603,0,0,0,0,1000000,1000000,1000000,0,1001362,998562,1209,653,1001530,998686,8029,2950,1,1000224,1000345,7415,6503,2787,7989,57344,9,4
4316,1108314898,2656776271,0,0,0,0,1000000,1000000,1000000,0,1001362,998562,1209,653,1001530,998686,8029,2950,1,1000224,1000345,7415,6503,2787,7989,58368,9,4
4317,1109147816,2658568482,0,0,0,0,1000000,1000000,1000000,0,1001366,998560,1357,498,1001510,998712,7669,2094,1,1000224,1000341,6955,7032,2860,8007,59392,9,4
4318,1109183608,2658662033,0,0,0,0,1000000,1000000,1000000,0,1001366,998560,1357,498,1001510,998712,7669,2094,1,1000224,1000341,6955,7032,2860,8007,60416,9,4
4319,1109218070,2658751925,0,0,0,0,1000000,1000000,1000000,0,1001366,998560,1357,498,1001510,998712,7669,2094,1,1000224,1000341,6955,7032,2860,8007,61440,9,4
4320,1109360142,2659061221,0,0,0,0,1000000,1000000,1000000,0,1001366,998560,1357,498,1001510,998712,7669,2094,1,1000224,1000341,6955,7032,2860,8007,62464,9,4
4321,1109920035,2660331748,0,0,0,0,1000000,1000000,1000000,0,1001371,998558,1237,312,1001477,998740,7975,2782,1,1000224,1000336,6230,7595,2947,8043,63488,9,4
4322,1109955845,2660425394,0,0,0,0,1000000,1000000,1000000,0,1001371,998558,1237,312,1001477,998740,7975,2782,1,1000224,1000336,6230,7595,2947,8043,64512,9,4
4323,1110118261,2660774928,0,0,0,0,1000000,1000000,1000000,0,1001371,998558,1237,312,1001477,998740,7975,2782,1,1000224,1000336,6230,7595,2947,8043,65536,9,4
4324,1110754273,2662180561,0,0,0,0,1000000,1000000,1000000,0,1001375,998556,1338,203,1001448,998755,7726,2199,1,1000224,1000331,5608,7904,3040,8062,66560,9,4
4325,1110789001,2662271221,0,0,0,0,1000000,1000000,1000000,0,1001375,998556,1338,203,1001448,998755,7726,2199,1,1000224,1000331,5608,7904,3040,8062,67584,9,4
4326,1110885698,2662488639,0,0,0,0,1000000,1000000,1000000,0,1001375,998556,1338,203,1001448,998755,7726,2199,1,1000224,1000331,5608,7904,3040,8062,68608,9,4
4327,1111279289,2663407322,0,0,0,0,1000000,1000000,1000000,0,1001378,998554,1271,106,1001416,998765,7902,2582,1,1000224,1000328,4934,8115,3096,8080,69632,9,4
4328,1111379169,2663631122,0,0,0,0,1000000,1000000,1000000,0,1001378,998554,1271,106,1001416,998765,7902,2582,1,1000224,1000328,4934,8115,3096,8080,70656,9,4
4329,1111877516,2664760937,0,0,0,0,1000000,1000000,1000000,0,1001381,998553,1390,47,1001395,998768,7564,1916,1,1000224,1000325,4477,8192,3147,8098,71680,9,4
4330,1111913592,2664855386,0,0,0,0,1000000,1000000,1000000,0,1001381,998553,1390,47,1001395,998768,7564,1916,1,1000224,1000325,4477,8192,3147,8098,72704,9,4
4331,1112297743,2665759689,0,0,0,0,1000000,1000000,1000000,0,1001383,998551,1308,4085,1001372,998767,7810,2368,1,1000224,1000321,4002,8192,3225,8099,73728,9,4
4332,1112364331,2665916045,0,0,0,0,1000000,1000000,1000000,0,1001383,998551,1308,4085,1001372,998767,7810,2368,1,1000224,1000321,4002,8192,3225,8099,74752,9,4
4333,1112860058,2667038759,0,0,0,0,1000000,1000000,1000000,0,1001386,998550,1252,4028,1001351,998765,7945,2693,1,1000224,1000318,3547,8173,3277,8117,75776,9,4
4334,1112896132,2667133354,0,0,0,0,1000000,1000000,1000000,0,1001386,998550,1252,4028,1001351,998765,7945,2693,1,1000224,1000318,3547,8173,3277,8117,76800,9,4
4335,1113283750,2668045399,0,0,0,0,1000000,1000000,1000000,0,1001389,998549,1318,3965,1001329,998759,7783,2311,1,1000224,1000316,3072,8078,3315,8117,77824,9,4
4336,1113349924,2668200991,0,0,0,0,1000000,1000000,1000000,0,1001389,998549,1318,3965,1001329,998759,7783,2311,1,1000224,1000316,3072,8078,3315,8117,78848,9,4
4337,1113957528,2669535713,0,0,0,0,1000000,1000000,1000000,0,1001391,998548,1244,3899,1001307,998750,7961,2740,1,1000224,1000313,2617,7926,3367,8135,79872,9,4
4338,1113998639,2669639981,0,0,0,0,1000000,1000000,1000000,0,1001391,998548,1244,3899,1001307,998750,7961,2740,1,1000224,1000313,2617,7926,3367,8135,80896,9,4
4339,1114123973,2669914715,0,0,0,0,1000000,1000000,1000000,0,1001391,998548,1244,3899,1001307,998750,7961,2740,1,1000224,1000313,2617,7926,3367,8135,81920,9,4
4340,1114469569,2670758002,0,0,0,0,1000000,1000000,1000000,0,1001395,998547,1239,3786,1001276,998733,7971,2770,1,1000224,1000311,1964,7606,3408,8136,82944,9,4
4341,1114606982,2671057156,0,0,0,0,1000000,1000000,1000000,0,1001395,998547,1239,3786,1001276,998733,7971,2770,1,1000224,1000311,1964,7606,3408,8136,83968,9,4
4342,1115255599,2672588686,0,0,0,0,1000000,1000000,1000000,0,1001398,998546,1172,3698,1001258,998718,8087,3175,1,1000224,1000311,1579,7327,3411,8136,84992,9,4
4343,1115292911,2672684388,0,0,0,0,1000000,1000000,1000000,0,1001398,998546,1172,3698,1001258,998718,8087,3175,1,1000224,1000311,1579,7327,3411,8136,0,9,4
4344,1115330694,2672782793,0,0,0,0,1000000,1000000,1000000,0,1001398,998546,1172,3698,1001258,998718,8087,3175,1,1000224,1000311,1579,7327,3411,8136,1024,9,4
4345,1115900031,2674167200,0,0,0,0,1000000,1000000,1000000,0,1001402,998546,1079,3533,1001234,998692,8178,3752,1,1000224,1000311,1053,6839,3411,8136,2048,9,4
4346,1115940132,2674269646,0,0,0,0,1000000,1000000,1000000,0,1001402,998546,1079,3533,1001234,998692,8178,3752,1,1000224,1000311,1053,6839,3411,8136,3072,9,4
4347,1116035734,2674484595,0,0,0,0,1000000,1000000,1000000,0,1001402,998546,1079,3533,1001234,998692,8178,3752,2,1000224,1000311,1053,6839,3411,8136,1024,9,4
4348,1116887599,2676413370,0,0,0,0,1000000,1000000,1000000,0,1001413,998544,1098,3481,1001232,998680,8166,3633,2,1000224,1000311,888,6663,3408,8136,2048,9,4
4349,1116922294,2676503097,0,0,0,0,1000000,1000000,1000000,0,1001413,998544,1098,3481,1001232,998680,8166,3633,2,1000224,1000311,888,6663,3408,8136,3072,9,4
4350,1116959548,2676599967,0,0,0,0,1000000,1000000,1000000,0,1001413,998544,1098,3481,1001232,998680,8166,3633,2,1000224,1000311,888,6663,3408,8136,4096,9,4
4351,1117033241,2676769530,0,0,0,0,1000000,1000000,1000000,0,1001413,998544,1098,3481,1001232,998680,8166,3633,2,1000224,1000311,888,6663,3408,8136,5120,9,4
4352,1117564263,2678073578,0,0,0,0,1000000,1000000,1000000,0,1001431,998542,1098,3481,1001247,998678,8166,3633,2,1000224,1000311,888,6663,3408,8136,6144,9,4
4353,1117599057,2678163555,0,0,0,0,1000000,1000000,1000000,0,1001431,998542,1098,3481,1001247,998678,8166,3633,2,1000224,1000311,888,6663,3408,8136,7168,9,4
4354,1117746091,2678483246,0,0,0,0,1000000,1000000,1000000,0,1001431,998542,1098,3481,1001247,998678,8166,3633,2,1000224,1000311,888,6663,3408,8136,8192,9,4
4355,1118562538,2680321593,0,0,0,0,1000000,1000000,1000000,0,1001445,998540,1118,3481,1001260,998676,8150,3508,2,1000224,1000311,888,6663,3408,8136,9216,9,4
4356,1118603602,2680426049,0,0,0,0,1000000,1000000,1000000,0,1001445,998540,1118,3481,1001260,998676,8150,3508,2,1000224,1000311,888,6663,3408,8136,10240,9,4
4357,1118637280,2680513731,0,0,0,0,1000000,1000000,1000000,0,1001445,998540,1118,3481,1001260,998676,8150,3508,2,1000224,1000311,888,6663,3408,8136,11264,9,4
4358,1118752354,2680768192,0,0,0,0,1000000,1000000,1000000,0,1001445,998540,1118,3481,1001260,998676,8150,3508,2,1000224,1000311,888,6663,3408,8136,12288,9,4
4359,1119094669,2681572485,0,0,0,0,1000000,1000000,1000000,0,1001464,998537,1159,3481,1001279,998673,8104,3255,2,1000224,1000311,888,6663,3408,8136,13312,9,4
4360,1119251109,2681910657,0,0,0,0,1000000,1000000,1000000,0,1001464,998537,1159,3481,1001279,998673,8104,3255,2,1000224,1000311,888,6663,3408,8136,14336,9,4
4361,1119684803,2682881974,0,0,0,0,1000000,1000000,1000000,0,1001473,998535,1171,3481,1001288,998671,8088,3181,2,1000224,1000311,888,6663,3408,8136,15360,9,4
4362,1119758915,2683053149,0,0,0,0,1000000,1000000,1000000,0,1001473,998535,1171,3481,1001288,998671,8088,3181,2,1000224,1000311,888,6663,3408,8136,16384,9,4
4363,1120091007,2683826168,0,0,0,0,1000000,1000000,1000000,0,1001482,998533,1171,3481,1001297,998669,8088,3181,2,1000224,1000311,888,6663,3408,8136,17408,9,4
4364,1120262851,2684195613,0,0,0,0,1000000,1000000,1000000,0,1001482,998533,1171,3481,1001297,998669,8088,3181,2,1000224,1000311,888,6663,3408,8136,18432,9,4
4365,1120689655,2685148512,0,0,0,0,1000000,1000000,1000000,0,1001491,998531,1185,3481,1001306,998667,8068,3095,2,1000224,1000311,888,6663,3408,8136,19456,9,4
4366,1120772887,2685338076,0,0,0,0,1000000,1000000,1000000,0,1001491,998531,1185,3481,1001306,998667,8068,3095,2,1000224,1000311,888,6663,3408,8136,20480,9,4
4367,1121120452,2686150281,0,0,0,0,1000000,1000000,1000000,0,1001500,998528,1185,3481,1001315,998665,8068,3095,2,1000224,1000311,888,6663,3408,8136,21504,9,4
4368,1121272796,2686480553,0,0,0,0,1000000,1000000,1000000,0,1001500,998528,1185,3481,1001315,998665,8068,3095,2,1000224,1000311,888,6663,3408,8136,22528,9,4
4369,1121884803,2687780321,0,0,0,0,1000000,1000000,1000000,0,1001509,998526,1185,3481,1001324,998663,8068,3095,2,1000224,1000311,888,6663,3408,8136,23552,9,4
4370,1121920075,2687872285,0,0,0,0,1000000,1000000,1000000,0,1001509,998526,1185,3481,1001324,998663,8068,3095,2,1000224,1000311,888,6663,3408,8136,24576,9,4
4371,1122069231,2688194248,0,0,0,0,1000000,1000000,1000000,0,1001509,998526,1185,3481,1001324,998663,8068,3095,2,1000224,1000311,888,6663,3408,8136,25600,9,4
4372,1122404240,2688977840,0,0,0,0,1000000,1000000,1000000,0,1001523,998522,1185,3481,1001338,998660,8068,3095,2,1000224,1000311,888,6663,3408,8136,26624,9,4
4373,1122571659,2689336714,0,0,0,0,1000000,1000000,1000000,0,1001523,998522,1185,3481,1001338,998660,8068,3095,2,1000224,1000311,888,6663,3408,8136,27648,9,4
4374,1123020124,2690336184,0,0,0,0,1000000,1000000,1000000,0,1001527,998520,1185,3481,1001345,998658,8068,3095,2,1000224,1000311,888,6663,3408,8136,28672,9,4
4375,1123078619,2690479186,0,0,0,0,1000000,1000000,1000000,0,1001527,998520,1185,3481,1001345,998658,8068,3095,2,1000224,1000311,888,6663,3408,8136,29696,9,4
4376,1123438293,2691321414,0,0,0,0,1000000,1000000,1000000,0,1001527,998518,1185,3481,1001350,998656,8068,3095,2,1000224,1000311,888,6663,3408,8136,30720,9,4
4377,1123574411,2691621653,0,0,0,0,1000000,1000000,1000000,0,1001527,998518,1185,3481,1001350,998656,8068,3095,2,1000224,1000311,888,6663,3408,8136,31744,9,4
4378,1124023986,2692624828,0,0,0,0,1000000,1000000,1000000,0,1001527,998516,1185,3481,1001352,998654,8068,3095,2,1000224,1000311,888,6663,3408,8136,0,9,4
4379,1124081782,2692766314,0,0,0,0,1000000,1000000,1000000,0,1001527,998516,1185,3481,1001352,998654,8068,3095,2,1000224,1000311,888,6663,3408,8136,1024,9,4
4380,1124441395,2693608141,0,0,0,0,1000000,1000000,1000000,0,1001527,998513,1185,3481,1001354,998652,8068,3095,2,1000224,1000311,888,6663,3408,8136,2048,9,4
4381,1124576640,2693906584,0,0,0,0,1000000,1000000,1000000,0,1001527,998513,1185,3481,1001354,998652,8068,3095,2,1000224,1000311,888,6663,3408,8136,3072,9,4
4382,1125025538,2694907801,0,0,0,0,1000000,1000000,1000000,0,1001527,998511,1185,3481,1001356,998650,8068,3095,2,1000224,1000311,888,6663,3408,8136,4096,9,4
4383,1125083338,2695049374,0,0,0,0,1000000,1000000,1000000,0,1001527,998511,1185,3481,1001356,998650,8068,3095,2,1000224,1000311,888,6663,3408,8136,5120,9,4
4384,1125443008,2695891543,0,0,0,0,1000000,1000000,1000000,0,1001527,998509,1185,3481,1001357,998648,8068,3095,2,1000224,1000311,888,6663,3408,8136,6144,9,4
4385,1125578477,2696191540,0,0,0,0,1000000,1000000,1000000,0,1001527,998509,1185,3481,1001357,998648,8068,3095,2,1000224,1000311,888,6663,3408,8136,7168,9,4
4386,1126069080,2697297303,0,0,0,0,1000000,1000000,1000000,0,1001527,998507,1153,3393,1001342,998626,8112,3291,2,1000224,1000311,621,6275,3411,8136,8192,9,4
4387,1126128652,2697443497,0,0,0,0,1000000,1000000,1000000,0,1001527,998507,1153,3393,1001342,998626,8112,3291,2,1000224,1000311,621,6275,3411,8136,9216,9,4
4388,1126528017,2698383937,0,0,0,0,1000000,1000000,1000000,0,1001527,998505,1091,3316,1001330,998602,8170,3677,2,1000224,1000311,395,5862,3411,8136,10240,9,4
4389,1126585839,2698525000,0,0,0,0,1000000,1000000,1000000,0,1001527,998505,1091,3316,1001330,998602,8170,3677,0,1000224,1000311,395,5862,3411,8136,0,9,4
4390,1127052493,2699603831,0,0,0,0,1000000,1000000,1000000,0,1001527,998505,1031,3245,1001324,998575,8192,4052,0,1000224,1000311,211,5416,3398,8135,613,9,4
4391,1127113164,2699748717,0,0,0,0,1000000,1000000,1000000,0,1001527,998505,1031,3245,1001324,998575,8192,4052,0,1000224,1000311,211,5416,3398,8135,1226,9,4
4392,1127491450,2700652600,0,0,0,0,1000000,1000000,1000000,0,1001527,998506,972,3208,1001325,998560,8178,4422,2,1000224,1000310,138,5154,3401,8134,0,9,4
4393,1127551950,2700797018,0,0,0,0,1000000,1000000,1000000,0,1001527,998506,972,3208,1001325,998560,8178,4422,0,1000224,1000310,138,5154,3401,8134,0,9,4
4394,1127977108,2701807557,0,0,0,0,1000000,1000000,1000000,0,1001527,998506,963,3198,1001325,998556,8173,4479,0,1000224,1000310,119,5080,3398,8133,613,9,4
4395,1128039696,2701958027,0,0,0,0,1000000,1000000,1000000,0,1001527,998506,963,3198,1001325,998556,8173,4479,2,1000224,1000310,119,5080,3398,8133,0,9,4
4396,1128396141,2702826970,0,0,0,0,1000000,1000000,1000000,0,1001527,998507,953,3193,1001324,998555,8167,4541,0,1000224,1000310,99,5041,3398,8133,0,9,4
4397,1128492295,2703046384,0,0,0,0,1000000,1000000,1000000,0,1001527,998507,953,3193,1001324,998555,8167,4541,2,1000224,1000310,99,5041,3398,8133,0,9,4
4398,1128875305,2703944997,0,0,0,0,1000000,1000000,1000000,0,1001527,998508,953,3193,1001324,998556,8167,4541,0,1000224,1000310,99,5041,3398,8133,0,9,4
4399,1128983578,2704188852,0,0,0,0,1000000,1000000,1000000,0,1001527,998508,953,3193,1001324,998556,8167,4541,2,1000224,1000310,99,5041,3398,8133,0,9,4
4400,1129318187,2705008323,0,0,0,0,1000000,1000000,1000000,0,1001527,998510,953,3193,1001324,998558,8167,4541,2,1000224,1000310,99,5041,3398,8133,1024,9,4
4401,1129466328,2705331315,0,0,0,0,1000000,1000000,1000000,0,1001527,998510,953,3193,1001324,998558,8167,4541,0,1000224,1000310,99,5041,3398,8133,0,9,4
4402,1129855037,2706237074,0,0,0,0,1000000,1000000,1000000,0,1001527,998511,953,3193,1001324,998559,8167,4541,2,1000224,1000310,99,5041,3398,8133,0,9,4
4403,1129960580,2706473800,0,0,0,0,1000000,1000000,1000000,0,1001527,998511,953,3193,1001324,998559,8167,4541,0,1000224,1000310,99,5041,3398,8133,0,9,4
4404,1130288820,2707264792,0,0,0,0,1000000,1000000,1000000,0,1001527,998512,953,3193,1001324,998560,8167,4541,2,1000224,1000310,99,5041,3398,8133,0,9,4
4405,1130451001,2707616242,0,0,0,0,1000000,1000000,1000000,0,1001527,998512,953,3193,1001324,998560,8167,4541,0,1000224,1000310,99,5041,3398,8133,0,9,4
4406,1130839666,2708521871,0,0,0,0,1000000,1000000,1000000,0,1001527,998513,953,3193,1001324,998561,8167,4541,2,1000224,1000310,99,5041,3398,8133,0,9,4
4407,1130945305,2708758742,0,0,0,0,1000000,1000000,1000000,0,1001527,998513,953,3193,1001324,998561,8167,4541,0,1000224,1000310,99,5041,3398,8133,0,9,4
4408,1131273508,2709549809,0,0,0,0,1000000,1000000,1000000,0,1001527,998514,953,3193,1001324,998562,8167,4541,2,1000224,1000310,99,5041,3398,8133,0,9,4
4409,1131435641,2709901202,0,0,0,0,1000000,1000000,1000000,0,1001527,998514,953,3193,1001324,998562,8167,4541,0,1000224,1000310,99,5041,3398,8133,0,9,4
4410,1131824334,2710806625,0,0,0,0,1000000,1000000,1000000,0,1001527,998515,953,3193,1001324,998563,8167,4541,2,1000224,1000310,99,5041,3398,8133,0,9,4
4411,1131930069,2711043672,0,0,0,0,1000000,1000000,1000000,0,1001527,998515,953,3193,1001324,998563,8167,4541,0,1000224,1000310,99,5041,3398,8133,0,9,4
4412,1132257790,2711833675,0,0,0,0,1000000,1000000,1000000,0,1001527,998516,953,3193,1001324,998564,8167,4541,2,1000224,1000310,99,5041,3398,8133,0,9,4
4413,1132420463,2712186152,0,0,0,0,1000000,1000000,1000000,0,1001527,998516,953,3193,1001324,998564,8167,4541,0,1000224,1000310,99,5041,3398,8133,0,9,4
4414,1132808639,2713090371,0,0,0,0,1000000,1000000,1000000,0,1001527,998517,953,3193,1001324,998565,8167,4541,2,1000224,1000310,99,5041,3398,8133,0,9,4
4415,1132915022,2713328629,0,0,0,0,1000000,1000000,1000000,0,1001527,998517,953,3193,1001324,998565,8167,4541,0,1000224,1000310,99,5041,3398,8133,0,9,4
4416,1133242853,2714118771,0,0,0,0,1000000,1000000,1000000,0,1001527,998518,953,3193,1001324,998566,8167,4541,2,1000224,1000310,99,5041,3398,8133,0,9,4
4417,1133405466,2714471098,0,0,0,0,1000000,1000000,1000000,0,1001527,998518,953,3193,1001324,998566,8167,4541,0,1000224,1000310,99,5041,3398,8133,0,9,4
4418,1133793732,2715375839,0,0,0,0,1000000,1000000,1000000,0,1001527,998519,953,3193,1001324,998567,8167,4541,2,1000224,1000310,99,5041,3398,8133,0,9,4
4419,1133899767,2715613569,0,0,0,0,1000000,1000000,1000000,0,1001527,998519,953,3193,1001324,998567,8167,4541,0,1000224,1000310,99,5041,3398,8133,0,9,4
4420,1134227559,2716403876,0,0,0,0,1000000,1000000,1000000,0,1001527,998520,953,3193,1001324,998568,8167,4541,2,1000224,1000310,99,5041,3398,8133,0,9,4
4421,1134390136,2716756044,0,0,0,0,1000000,1000000,1000000,0,1001527,998520,953,3193,1001324,998568,8167,4541,0,1000224,1000310,99,5041,3398,8133,0,9,4
4422,1134778416,2717660797,0,0,0,0,1000000,1000000,1000000,0,1001527,998521,953,3193,1001324,998569,8167,4541,2,1000224,1000310,99,5041,3398,8133,0,9,4
4423,1134884451,2717898519,0,0,0,0,1000000,1000000,1000000,0,1001527,998521,953,3193,1001324,998569,8167,4541,0,1000224,1000310,99,5041,3398,8133,0,9,4
4424,1135212168,2718688669,0,0,0,0,1000000,1000000,1000000,0,1001527,998522,953,3193,1001324,998570,8167,4541,2,1000224,1000310,99,5041,3398,8133,0,9,4
4425,1135374817,2719040977,0,0,0,0,1000000,1000000,1000000,0,1001527,998522,953,3193,1001324,998570,8167,4541,0,1000224,1000310,99,5041,3398,8133,0,9,4
4426,1135762998,2719945552,0,0,0,0,1000000,1000000,1000000,0,1001527,998523,953,3193,1001324,998571,8167,4541,2,1000224,1000310,99,5041,3398,8133,0,9,4
4427,1135869153,2720183456,0,0,0,0,1000000,1000000,1000000,0,1001527,998523,953,3193,1001324,998571,8167,4541,0,1000224,1000310,99,5041,3398,8133,0,9,4
4428,1136196889,2720973295,0,0,0,0,1000000,1000000,1000000,0,1001527,998524,953,3193,1001324,998572,8167,4541,2,1000224,1000310,99,5041,3398,8133,0,9,4
4429,1136359634,2721325925,0,0,0,0,1000000,1000000,1000000,0,1001527,998524,953,3193,1001324,998572,8167,4541,0,1000224,1000310,99,5041,3398,8133,0,9,4
4430,1136747819,2722230392,0,0,0,0,1000000,1000000,1000000,0,1001527,998525,953,3193,1001324,998573,8167,4541,2,1000224,1000310,99,5041,3398,8133,0,9,4
4431,1136853986,2722468407,0,0,0,0,1000000,1000000,1000000,0,1001527,998525,953,3193,1001324,998573,8167,4541,0,1000224,1000310,99,5041,3398,8133,0,9,4
4432,1137181719,2723258448,0,0,0,0,1000000,1000000,1000000,0,1001527,998526,953,3193,1001324,998574,8167,4541,2,1000224,1000310,99,5041,3398,8133,0,9,4
4433,1137344404,2723610861,0,0,0,0,1000000,1000000,1000000,0,1001527,998526,953,3193,1001324,998574,8167,4541,0,1000224,1000310,99,5041,3398,8133,0,9,4
4434,1137732639,2724515475,0,0,0,0,1000000,1000000,1000000,0,1001527,998527,953,3193,1001324,998575,8167,4541,2,1000224,1000310,99,5041,3398,8133,0,9,4
4435,1137838782,2724753339,0,0,0,0,1000000,1000000,1000000,0,1001527,998527,953,3193,1001324,998575,8167,4541,0,1000224,1000310,99,5041,3398,8133,0,9,4
4436,1138165830,2725541703,0,0,0,0,1000000,1000000,1000000,0,1001527,998528,976,3193,1001324,998576,8181,4397,2,1000224,1000310,99,5041,3398,8133,0,9,4
4437,1138329314,2725895804,0,0,0,0,1000000,1000000,1000000,0,1001527,998528,976,3193,1001324,998576,8181,4397,0,1000224,1000310,99,5041,3398,8133,0,9,4
4438,1138719249,2726817176,0,0,0,0,1000000,1000000,1000000,0,1001527,998528,976,3193,1001324,998576,8181,4397,0,1000224,1000310,99,5041,3398,8133,613,9,4
4439,1138816233,2727038290,0,0,0,0,1000000,1000000,1000000,0,1001527,998528,976,3193,1001324,998576,8181,4397,2,1000224,1000310,99,5041,3398,8133,0,9,4
4440,1139137460,2727818458,0,0,0,0,1000000,1000000,1000000,0,1001527,998529,976,3193,1001324,998577,8181,4397,0,1000224,1000310,99,5041,3398,8133,0,9,4
4441,1139304884,2728180765,0,0,0,0,1000000,1000000,1000000,0,1001527,998529,976,3193,1001324,998577,8181,4397,0,1000224,1000310,99,5041,3398,8133,613,9,4
4442,1139692628,2729084285,0,0,0,0,1000000,1000000,1000000,0,1001527,998530,976,3193,1001324,998578,8181,4397,2,1000224,1000310,99,5041,3398,8133,0,9,4
4443,1139799760,2729323220,0,0,0,0,1000000,1000000,1000000,0,1001527,998530,976,3193,1001324,998578,8181,4397,0,1000224,1000310,99,5041,3398,8133,0,9,4
4444,1140164000,2730215825,0,0,0,0,1000000,1000000,1000000,0,1001527,998530,1007,3208,1001325,998584,8190,4204,0,1000224,1000316,138,5154,3289,8115,613,9,4
4445,1140276426,2730465694,0,0,0,0,1000000,1000000,1000000,0,1001527,998530,1007,3208,1001325,998584,8190,4204,0,1000224,1000316,138,5154,3289,8115,1226,9,4
4446,1140730907,2731511151,0,0,0,0,1000000,1000000,1000000,0,1001527,998530,1021,3221,1001325,998589,8191,4115,0,1000224,1000322,157,5246,3182,8096,1839,9,4
4447,1140791573,2731656153,0,0,0,0,1000000,1000000,1000000,0,1001527,998530,1021,3221,1001325,998589,8191,4115,0,1000224,1000322,157,5246,3182,8096,2452,9,4
4448,1141179937,2732598201,0,0,0,0,1000000,1000000,1000000,0,1001527,998530,1034,3237,1001326,998595,8192,4033,0,1000224,1000328,195,5357,3077,8078,3065,9,4
4449,1141243285,2732750629,0,0,0,0,1000000,1000000,1000000,0,1001527,998530,1034,3237,1001326,998595,8192,4033,0,1000224,1000328,195,5357,3077,8078,3678,9,4
4450,1141733420,2733868003,0,0,0,0,1000000,1000000,1000000,0,1001527,998530,1059,3246,1001325,998599,8186,3877,0,1000224,1000333,212,5422,3003,8043,4291,9,4
4451,1141791585,2734010427,0,0,0,0,1000000,1000000,1000000,0,1001527,998530,1059,3246,1001325,998599,8186,3877,2,1000224,1000333,212,5422,3003,8043,0,9,4
4452,1142191077,2734963958,0,0,0,0,1000000,1000000,1000000,0,1001527,998529,1059,3245,1001323,998598,8186,3877,0,1000224,1000333,210,5410,3008,8062,0,9,4
4453,1142247232,2735100714,0,0,0,0,1000000,1000000,1000000,0,1001527,998529,1059,3245,1001323,998598,8186,3877,0,1000224,1000333,210,5410,3008,8062,613,9,4
4454,1142703206,2736144688,0,0,0,0,1000000,1000000,1000000,0,1001527,998529,1059,3245,1001323,998598,8186,3877,0,1000224,1000333,210,5410,3008,8062,1226,9,4
4455,1142761372,2736287142,0,0,0,0,1000000,1000000,1000000,0,1001527,998529,1059,3245,1001323,998598,8186,3877,2,1000224,1000333,210,5410,3008,8062,0,9,4
4456,1143118332,2737133656,0,0,0,0,1000000,1000000,1000000,0,1001527,998528,1075,3245,1001323,998597,8180,3777,0,1000224,1000333,210,5410,3008,8062,0,9,4
4457,1143198411,2737320541,0,0,0,0,1000000,1000000,1000000,0,1001527,998528,1075,3245,1001323,998597,8180,3777,2,1000224,1000333,210,5410,3008,8062,0,9,4
4458,1143645118,2738335333,0,0,0,0,1000000,1000000,1000000,0,1001527,998527,1106,3245,1001323,998596,8160,3583,0,1000224,1000333,210,5410,3008,8062,0,9,4
4459,1143703251,2738477748,0,0,0,0,1000000,1000000,1000000,0,1001527,998527,1106,3245,1001323,998596,8160,3583,2,1000224,1000333,210,5410,3008,8062,0,9,4
4460,1144059743,2739323001,0,0,0,0,1000000,1000000,1000000,0,1001527,998526,1106,3245,1001323,998595,8160,3583,0,1000224,1000333,210,5410,3008,8062,0,9,4
4461,1144187018,2739605466,0,0,0,0,1000000,1000000,1000000,0,1001527,998526,1106,3245,1001323,998595,8160,3583,2,1000224,1000333,210,5410,3008,8062,0,9,4
4462,1144646273,2740657666,0,0,0,0,1000000,1000000,1000000,0,1001527,998524,1106,3245,1001323,998593,8160,3583,2,1000224,1000333,210,5410,3008,8062,1024,9,4
4463,1144702304,2740794033,0,0,0,0,1000000,1000000,1000000,0,1001527,998524,1106,3245,1001323,998593,8160,3583,0,1000224,1000333,210,5410,3008,8062,0,9,4
4464,1145065087,2741648282,0,0,0,0,1000000,1000000,1000000,0,1001527,998523,1122,3245,1001323,998592,8146,3483,2,1000224,1000333,210,5410,3008,8062,0,9,4
4465,1145172349,2741890437,0,0,0,0,1000000,1000000,1000000,0,1001527,998523,1122,3245,1001323,998592,8146,3483,2,1000224,1000333,210,5410,3008,8062,1024,9,4
4466,1145619519,2742906181,0,0,0,0,1000000,1000000,1000000,0,1001527,998522,1122,3245,1001323,998591,8146,3483,0,1000224,1000333,210,5410,3008,8062,0,9,4
4467,1145677676,2743048578,0,0,0,0,1000000,1000000,1000000,0,1001527,998522,1122,3245,1001323,998591,8146,3483,2,1000224,1000333,210,5410,3008,8062,0,9,4
4468,1146046589,2743930533,0,0,0,0,1000000,1000000,1000000,0,1001527,998520,1122,3245,1001323,998589,8146,3483,2,1000224,1000333,210,5410,3008,8062,1024,9,4
4469,1146156186,2744175375,0,0,0,0,1000000,1000000,1000000,0,1001527,998520,1122,3245,1001323,998589,8146,3483,0,1000224,1000333,210,5410,3008,8062,0,9,4
4470,1146609684,2745200247,0,0,0,0,1000000,1000000,1000000,0,1001527,998519,1122,3245,1001323,998588,8146,3483,2,1000224,1000333,210,5410,3008,8062,0,9,4
4471,1146667719,2745342626,0,0,0,0,1000000,1000000,1000000,0,1001527,998519,1122,3245,1001323,998588,8146,3483,2,1000224,1000333,210,5410,3008,8062,1024,9,4
4472,1147037325,2746226379,0,0,0,0,1000000,1000000,1000000,0,1001527,998517,1143,3245,1001323,998586,8124,3353,2,1000224,1000333,210,5410,3008,8062,2048,9,4
4473,1147140526,2746460297,0,0,0,0,1000000,1000000,1000000,0,1001527,998517,1143,3245,1001323,998586,8124,3353,2,1000224,1000333,210,5410,3008,8062,3072,9,4
4474,1147592128,2747480041,0,0,0,0,1000000,1000000,1000000,0,1001527,998515,1143,3245,1001323,998584,8124,3353,2,1000224,1000333,210,5410,3008,8062,4096,9,4
4475,1147648178,2747616503,0,0,0,0,1000000,1000000,1000000,0,1001527,998515,1143,3245,1001323,998584,8124,3353,0,1000224,1000333,210,5410,3008,8062,0,9,4
4476,1148010063,2748468659,0,0,0,0,1000000,1000000,1000000,0,1001527,998514,1160,3245,1001323,998583,8103,3248,2,1000224,1000333,210,5410,3008,8062,0,9,4
4477,1148134312,2748745254,0,0,0,0,1000000,1000000,1000000,0,1001527,998514,1160,3245,1001323,998583,8103,3248,2,1000224,1000333,210,5410,3008,8062,1024,9,4
4478,1148593899,2749797980,0,0,0,0,1000000,1000000,1000000,0,1001527,998511,1200,3245,1001323,998581,8044,3004,2,1000224,1000333,210,5410,3008,8062,2048,9,4
4479,1148651958,2749940269,0,0,0,0,1000000,1000000,1000000,0,1001527,998511,1200,3245,1001323,998581,8044,3004,2,1000224,1000333,210,5410,3008,8062,3072,9,4
4480,1149012838,2750789682,0,0,0,0,1000000,1000000,1000000,0,1001527,998509,1200,3245,1001323,998579,8044,3004,2,1000224,1000333,210,5410,3008,8062,4096,9,4
4481,1149119364,2751030202,0,0,0,0,1000000,1000000,1000000,0,1001527,998509,1200,3245,1001323,998579,8044,3004,2,1000224,1000333,210,5410,3008,8062,5120,9,4
4482,1149571691,2752069308,0,0,0,0,1000000,1000000,1000000,0,1001527,998506,1200,3245,1001323,998577,8044,3004,2,1000224,1000333,210,5410,3008,8062,6144,9,4
4483,1149629751,2752211697,0,0,0,0,1000000,1000000,1000000,0,1001527,998506,1200,3245,1001323,998577,8044,3004,2,1000224,1000333,210,5410,3008,8062,7168,9,4
4484,1149971319,2753004103,0,0,0,0,1000000,1000000,1000000,0,1001527,998503,1268,3245,1001323,998575,7909,2599,2,1000224,1000333,210,5410,3008,8062,8192,9,4
4485,1150112800,2753315136,0,0,0,0,1000000,1000000,1000000,0,1001527,998503,1268,3245,1001323,998575,7909,2599,2,1000224,1000333,210,5410,3008,8062,9216,9,4
4486,1150553354,2754304849,0,0,0,0,1000000,1000000,1000000,0,1001527,998499,1404,3245,1001323,998571,7516,1842,2,1000224,1000333,210,5410,3008,8062,10240,9,4
4487,1150616701,2754457602,0,0,0,0,1000000,1000000,1000000,0,1001527,998499,1404,3245,1001323,998571,7516,1842,2,1000224,1000333,210,5410,3008,8062,11264,9,4
4488,1150963244,2755262800,0,0,0,0,1000000,1000000,1000000,0,1001527,998493,1429,3245,1001323,998567,7427,1712,2,1000224,1000333,210,5410,3008,8062,12288,9,4
4489,1151117693,2755600075,0,0,0,0,1000000,1000000,1000000,0,1001527,998493,1429,3245,1001323,998567,7427,1712,2,1000224,1000333,210,5410,3008,8062,13312,9,4
4490,1151557183,2756587497,0,0,0,0,1000000,1000000,1000000,0,1001527,998488,1429,3245,1001323,998563,7427,1712,2,1000224,1000333,210,5410,3008,8062,14336,9,4
4491,1151621613,2756742546,0,0,0,0,1000000,1000000,1000000,0,1001527,998488,1429,3245,1001323,998563,7427,1712,0,1000224,1000333,210,5410,3008,8062,0,9,4
4492,1152043743,2757750438,0,0,0,0,1000000,1000000,1000000,0,1001527,998488,1565,3253,1001324,998563,6861,1074,0,1000224,1000333,229,5467,3008,8062,613,9,4
4493,1152106376,2757901915,0,0,0,0,1000000,1000000,1000000,0,1001527,998488,1565,3253,1001324,998563,6861,1074,0,1000224,1000333,229,5467,3008,8062,1226,9,4
4494,1152624548,2759103021,0,0,0,0,1000000,1000000,1000000,0,1001527,998488,1593,3259,1001325,998563,6728,958,0,1000224,1000333,248,5505,3008,8062,1839,9,4
4495,1152686932,2759253575,0,0,0,0,1000000,1000000,1000000,0,1001527,998488,1593,3259,1001325,998563,6728,958,0,1000224,1000333,248,5505,3008,8062,2452,9,4
4496,1152844829,2759598761,0,0,0,0,1000000,1000000,1000000,0,1001527,998488,1593,3259,1001325,998563,6728,958,0,1000224,1000333,248,5505,3008,8062,3065,9,4
4497,1153270920,2760626967,0,0,0,0,1000000,1000000,1000000,0,1001527,998488,1610,3270,1001326,998566,6646,891,0,1000224,1000333,267,5581,3008,8062,3678,9,4
4498,1153334309,2760780521,0,0,0,0,1000000,1000000,1000000,0,1001527,998488,1610,3270,1001326,998566,6646,891,0,1000224,1000333,267,5581,3008,8062,4291,9,4
4499,1153787388,2761795690,0,0,0,0,1000000,1000000,1000000,0,1001527,998488,1474,3270,1001326,998566,7254,1489,0,1000224,1000333,267,5581,3008,8062,4904,9,4
4500,1153850508,2761948363,0,0,0,0,1000000,1000000,1000000,0,1001527,998488,1474,3270,1001326,998566,7254,1489,0,1000224,1000333,267,5581,3008,8062,5517,9,4
4501,1154218272,2762817451,0,0,0,0,1000000,1000000,1000000,0,1001527,998486,1338,3270,1001326,998565,7726,2199,2,1000224,1000333,267,5581,3008,8062,0,9,4
4502,1154308943,2763026160,0,0,0,0,1000000,1000000,1000000,0,1001527,998486,1338,3270,1001326,998565,7726,2199,0,1000224,1000333,267,5581,3008,8062,0,9,4
4503,1154778481,2764103492,0,0,0,0,1000000,1000000,1000000,0,1001527,998486,1261,3270,1001326,998564,7925,2640,0,1000224,1000333,267,5581,3008,8062,613,9,4
4504,1154841772,2764256905,0,0,0,0,1000000,1000000,1000000,0,1001527,998486,1261,3270,1001326,998564,7925,2640,0,1000224,1000333,267,5581,3008,8062,1226,9,4
4505,1155212103,2765130263,0,0,0,0,1000000,1000000,1000000,0,1001527,998486,1180,3270,1001326,998564,8075,3126,0,1000224,1000333,267,5581,3008,8062,1839,9,4
4506,1155288919,2765311107,0,0,0,0,1000000,1000000,1000000,0,1001527,998486,1180,3270,1001326,998564,8075,3126,0,1000224,1000333,267,5581,3008,8062,2452,9,4
4507,1155754497,2766380151,0,0,0,0,1000000,1000000,1000000,0,1001527,998486,1109,3270,1001326,998564,8157,3564,0,1000224,1000333,267,5581,3008,8062,3065,9,4
4508,1155817770,2766533574,0,0,0,0,1000000,1000000,1000000,0,1001527,998486,1109,3270,1001326,998564,8157,3564,0,1000224,1000333,267,5581,3008,8062,3678,9,4
4509,1156184604,2767399994,0,0,0,0,1000000,1000000,1000000,0,1001527,998486,1085,3270,1001326,998564,8174,3714,0,1000224,1000333,267,5581,3008,8062,4291,9,4
4510,1156269128,2767596054,0,0,0,0,1000000,1000000,1000000,0,1001527,998486,1085,3270,1001326,998564,8174,3714,0,1000224,1000333,267,5581,3008,8062,4904,9,4
4511,1156717475,2768601324,0,0,0,0,1000000,1000000,1000000,0,1001527,998486,1085,3270,1001326,998564,8174,3714,0,1000224,1000333,267,5581,3008,8062,5517,9,4
4512,1156780501,2768753797,0,0,0,0,1000000,1000000,1000000,0,1001527,998486,1085,3270,1001326,998564,8174,3714,0,1000224,1000333,267,5581,3008,8062,6130,9,4
4513,1157137588,2769588015,0,0,0,0,1000000,1000000,1000000,0,1001527,998486,1029,3270,1001326,998564,8192,4065,0,1000224,1000333,267,5581,3008,8062,6743,9,4
4514,1157270251,2769881009,0,0,0,0,1000000,1000000,1000000,0,1001527,998486,1029,3270,1001326,998564,8192,4065,0,1000224,1000333,267,5581,3008,8062,7356,9,4
4515,1157718873,2770886623,0,0,0,0,1000000,1000000,1000000,0,1001527,998486,1029,3270,1001326,998564,8192,4065,0,1000224,1000333,267,5581,3008,8062,7969,9,4
4516,1157777326,2771029175,0,0,0,0,1000000,1000000,1000000,0,1001527,998486,1029,3270,1001326,998564,8192,4065,0,1000224,1000333,267,5581,3008,8062,8582,9,4
4517,1158134013,2771862413,0,0,0,0,1000000,1000000,1000000,0,1001527,998486,1029,3270,1001326,998564,8192,4065,0,1000224,1000333,267,5581,3008,8062,9195,9,4
4518,1158271872,2772165947,0,0,0,0,1000000,1000000,1000000,0,1001527,998486,1029,3270,1001326,998564,8192,4065,0,1000224,1000333,267,5581,3008,8062,9808,9,4
4519,1158721083,2773173187,0,0,0,0,1000000,1000000,1000000,0,1001527,998486,1029,3270,1001326,998564,8192,4065,0,1000224,1000333,267,5581,3008,8062,10421,9,4
4520,1158779536,2773315757,0,0,0,0,1000000,1000000,1000000,0,1001527,998486,1029,3270,1001326,998564,8192,4065,0,1000224,1000333,267,5581,3008,8062,11034,9,4
4521,1159136608,2774149949,0,0,0,0,1000000,1000000,1000000,0,1001527,998486,1014,3270,1001326,998564,8191,4160,0,1000224,1000333,267,5581,3008,8062,11647,9,4
4522,1159273163,2774450901,0,0,0,0,1000000,1000000,1000000,0,1001527,998486,1014,3270,1001326,998564,8191,4160,0,1000224,1000333,267,5581,3008,8062,12260,9,4
4523,1159722793,2775459085,0,0,0,0,1000000,1000000,1000000,0,1001527,998486,1014,3270,1001326,998564,8191,4160,0,1000224,1000333,267,5581,3008,8062,12873,9,4
4524,1159781226,2775601639,0,0,0,0,1000000,1000000,1000000,0,1001527,998486,1014,3270,1001326,998564,8191,4160,0,1000224,1000333,267,5581,3008,8062,13486,9,4
4525,1160137683,2776433999,0,0,0,0,1000000,1000000,1000000,0,1001527,998486,1014,3270,1001326,998564,8191,4160,0,1000224,1000333,267,5581,3008,8062,14099,9,4
4526,1160274694,2776735828,0,0,0,0,1000000,1000000,1000000,0,1001527,998486,1014,3270,1001326,998564,8191,4160,0,1000224,1000333,267,5581,3008,8062,14712,9,4
4527,1160724045,2777743304,0,0,0,0,1000000,1000000,1000000,0,1001527,998486,1014,3270,1001326,998564,8191,4160,0,1000224,1000333,267,5581,3008,8062,15325,9,4
4528,1160782478,2777885883,0,0,0,0,1000000,1000000,1000000,0,1001527,998486,1014,3270,1001326,998564,8191,4160,0,1000224,1000333,267,5581,3008,8062,15938,9,4
4529,1161152037,2778759327,0,0,0,0,1000000,1000000,1000000,0,1001527,998487,1014,3270,1001326,998565,8191,4160,2,1000224,1000333,267,5581,3008,8062,0,9,4
4530,1161269018,2779020769,0,0,0,0,1000000,1000000,1000000,0,1001527,998487,1014,3270,1001326,998565,8191,4160,0,1000224,1000333,267,5581,3008,8062,0,9,4
4531,1161734515,2780089557,0,0,0,0,1000000,1000000,1000000,0,1001527,998487,1014,3270,1001326,998565,8191,4160,0,1000224,1000333,267,5581,3008,8062,613,9,4
4532,1161793219,2780233026,0,0,0,0,1000000,1000000,1000000,0,1001527,998487,1014,3270,1001326,998565,8191,4160,0,1000224,1000333,267,5581,3008,8062,1226,9,4
4533,1162159377,2781097843,0,0,0,0,1000000,1000000,1000000,0,1001527,998487,1014,3270,1001326,998565,8191,4160,0,1000224,1000333,267,5581,3008,8062,1839,9,4
4534,1162249823,2781305720,0,0,0,0,1000000,1000000,1000000,0,1001527,998487,1014,3270,1001326,998565,8191,4160,0,1000224,1000333,267,5581,3008,8062,2452,9,4
4535,1162715358,2782374433,0,0,0,0,1000000,1000000,1000000,0,1001527,998487,1014,3270,1001326,998565,8191,4160,0,1000224,1000333,267,5581,3008,8062,3065,9,4
4536,1162774038,2782517914,0,0,0,0,1000000,1000000,1000000,0,1001527,998487,1014,3270,1001326,998565,8191,4160,0,1000224,1000333,267,5581,3008,8062,3678,9,4
4537,1163141090,2783384933,0,0,0,0,1000000,1000000,1000000,0,1001527,998487,1014,3270,1001326,998565,8191,4160,0,1000224,1000333,267,5581,3008,8062,4291,9,4
4538,1163230677,2783590679,0,0,0,0,1000000,1000000,1000000,0,1001527,998487,1014,3270,1001326,998565,8191,4160,0,1000224,1000333,267,5581,3008,8062,4904,9,4
4539,1163679917,2784597884,0,0,0,0,1000000,1000000,1000000,0,1001527,998487,1014,3270,1001326,998565,8191,4160,0,1000224,1000333,267,5581,3008,8062,5517,9,4
4540,1163738343,2784740390,0,0,0,0,1000000,1000000,1000000,0,1001527,998487,1014,3270,1001326,998565,8191,4160,0,1000224,1000333,267,5581,3008,8062,6130,9,4
4541,1164095995,2785576168,0,0,0,0,1000000,1000000,1000000,0,1001527,998487,1014,3270,1001326,998565,8191,4160,0,1000224,1000333,267,5581,3008,8062,6743,9,4
4542,1164231859,2785875623,0,0,0,0,1000000,1000000,1000000,0,1001527,998487,1014,3270,1001326,998565,8191,4160,0,1000224,1000333,267,5581,3008,8062,7356,9,4
4543,1164694830,2786925200,0,0,0,0,1000000,1000000,1000000,0,1001527,998488,1014,3270,1001326,998566,8191,4160,2,1000224,1000333,267,5581,3008,8062,0,9,4
4544,1164753386,2787068218,0,0,0,0,1000000,1000000,1000000,0,1001527,998488,1014,3270,1001326,998566,8191,4160,0,1000224,1000333,267,5581,3008,8062,0,9,4
4545,1165126651,2787963740,0,0,0,0,1000000,1000000,1000000,0,1001527,998488,1014,3270,1001326,998566,8191,4160,0,1000224,1000333,267,5581,3008,8062,613,9,4
4546,1165211630,2788160551,0,0,0,0,1000000,1000000,1000000,0,1001527,998488,1014,3270,1001326,998566,8191,4160,0,1000224,1000333,267,5581,3008,8062,1226,9,4
4547,1165670100,2789198748,0,0,0,0,1000000,1000000,1000000,0,1001527,998488,1014,3270,1001326,998566,8191,4160,0,1000224,1000333,267,5581,3008,8062,1839,9,4
4548,1165729090,2789342918,0,0,0,0,1000000,1000000,1000000,0,1001527,998488,1014,3270,1001326,998566,8191,4160,0,1000224,1000333,267,5581,3008,8062,2452,9,4
4549,1166154241,2790371591,0,0,0,0,1000000,1000000,1000000,0,1001527,998488,1024,3297,1001332,998574,8192,4096,0,1000224,1000342,347,5749,2847,8008,3065,9,4
4550,1166213191,2790515740,0,0,0,0,1000000,1000000,1000000,0,1001527,998488,1024,3297,1001332,998574,8192,4096,0,1000224,1000342,347,5749,2847,8008,3678,9,4
4551,1166729687,2791699496,0,0,0,0,1000000,1000000,1000000,0,1001527,998488,1046,3323,1001338,998581,8190,3958,0,1000224,1000351,410,5909,2682,7953,4291,9,4
4552,1166790892,2791848989,0,0,0,0,1000000,1000000,1000000,0,1001527,998488,1046,3323,1001338,998581,8190,3958,2,1000224,1000351,410,5909,2682,7953,0,9,4
4553,1166932489,2792159206,0,0,0,0,1000000,1000000,1000000,0,1001527,998488,1046,3323,1001338,998581,8190,3958,0,1000224,1000351,410,5909,2682,7953,0,9,4
4554,1167364775,2793201296,0,0,0,0,1000000,1000000,1000000,0,1001527,998487,1080,3366,1001348,998590,8177,3745,0,1000224,1000365,537,6144,2440,7846,613,9,4
4555,1167425212,2793348896,0,0,0,0,1000000,1000000,1000000,0,1001527,998487,1080,3366,1001348,998590,8177,3745,2,1000224,1000365,537,6144,2440,7846,0,9,4
4556,1167954181,2794562439,0,0,0,0,1000000,1000000,1000000,0,1001527,998486,1105,3383,1001353,998592,8161,3589,0,1000224,1000370,586,6234,2341,7808,0,9,4
4557,1168015317,2794708788,0,0,0,0,1000000,1000000,1000000,0,1001527,998486,1105,3383,1001353,998592,8161,3589,0,1000224,1000370,586,6234,2341,7808,613,9,4
4558,1168154550,2795015384,0,0,0,0,1000000,1000000,1000000,0,1001527,998486,1105,3383,1001353,998592,8161,3589,0,1000224,1000370,586,6234,2341,7808,1226,9,4
4559,1168527325,2795887495,0,0,0,0,1000000,1000000,1000000,0,1001527,998486,1105,3383,1001353,998592,8161,3589,0,1000224,1000370,586,6234,2341,7808,1839,9,4
4560,1168648633,2796157857,0,0,0,0,1000000,1000000,1000000,0,1001527,998486,1105,3383,1001353,998592,8161,3589,0,1000224,1000370,586,6234,2341,7808,2452,9,4
4561,1169124273,2797240265,0,0,0,0,1000000,1000000,1000000,0,1001527,998486,1105,3383,1001353,998592,8161,3589,0,1000224,1000370,586,6234,2341,7808,3065,9,4
4562,1169188090,2797394205,0,0,0,0,1000000,1000000,1000000,0,1001527,998486,1105,3383,1001353,998592,8161,3589,0,1000224,1000370,586,6234,2341,7808,3678,9,4
4563,1169560919,2798266906,0,0,0,0,1000000,1000000,1000000,0,1001527,998486,1105,3383,1001353,998592,8161,3589,0,1000224,1000370,586,6234,2341,7808,4291,9,4
4564,1169635771,2798442793,0,0,0,0,1000000,1000000,1000000,0,1001527,998486,1105,3383,1001353,998592,8161,3589,0,1000224,1000370,586,6234,2341,7808,4904,9,4
4565,1170098929,2799471419,0,0,0,0,1000000,1000000,1000000,0,1001527,998486,1105,3383,1001353,998592,8161,3589,0,1000224,1000370,586,6234,2341,7808,5517,9,4
4566,1170157924,2799614543,0,0,0,0,1000000,1000000,1000000,0,1001527,998486,1105,3383,1001353,998592,8161,3589,0,1000224,1000370,586,6234,2341,7808,6130,9,4
4567,1170524696,2800462282,0,0,0,0,1000000,1000000,1000000,0,1001527,998486,1105,3383,1001353,998592,8161,3589,0,1000224,1000370,586,6234,2341,7808,6743,9,4
4568,1170644053,2800727737,0,0,0,0,1000000,1000000,1000000,0,1001527,998486,1105,3383,1001353,998592,8161,3589,0,1000224,1000370,586,6234,2341,7808,7356,9,4
4569,1171108212,2801758566,0,0,0,0,1000000,1000000,1000000,0,1001527,998486,1105,3383,1001353,998592,8161,3589,0,1000224,1000370,586,6234,2341,7808,7969,9,4
4570,1171171782,2801911648,0,0,0,0,1000000,1000000,1000000,0,1001527,998486,1105,3383,1001353,998592,8161,3589,0,1000224,1000370,586,6234,2341,7808,8582,9,4
4571,1171534721,2802751705,0,0,0,0,1000000,1000000,1000000,0,1001527,998486,1105,3383,1001353,998592,8161,3589,0,1000224,1000370,586,6234,2341,7808,9195,9,4
4572,1171651573,2803012702,0,0,0,0,1000000,1000000,1000000,0,1001527,998486,1105,3383,1001353,998592,8161,3589,0,1000224,1000370,586,6234,2341,7808,9808,9,4
4573,1172110879,2804033234,0,0,0,0,1000000,1000000,1000000,0,1001527,998486,1105,3383,1001353,998592,8161,3589,0,1000224,1000370,586,6234,2341,7808,10421,9,4
4574,1172174465,2804186267,0,0,0,0,1000000,1000000,1000000,0,1001527,998486,1105,3383,1001353,998592,8161,3589,0,1000224,1000370,586,6234,2341,7808,11034,9,4
4575,1172536892,2805024904,0,0,0,0,1000000,1000000,1000000,0,1001527,998486,1105,3383,1001353,998592,8161,3589,0,1000224,1000370,586,6234,2341,7808,11647,9,4
4576,1172659540,2805297643,0,0,0,0,1000000,1000000,1000000,0,1001527,998486,1105,3383,1001353,998592,8161,3589,0,1000224,1000370,586,6234,2341,7808,12260,9,4
4577,1173122228,2806325315,0,0,0,0,1000000,1000000,1000000,0,1001527,998486,1105,3383,1001353,998592,8161,3589,0,1000224,1000370,586,6234,2341,7808,12873,9,4
4578,1173181199,2806468388,0,0,0,0,1000000,1000000,1000000,0,1001527,998486,1105,3383,1001353,998592,8161,3589,0,1000224,1000370,586,6234,2341,7808,13486,9,4
4579,1173548096,2807316769,0,0,0,0,1000000,1000000,1000000,0,1001527,998486,1105,3383,1001353,998592,8161,3589,0,1000224,1000370,586,6234,2341,7808,14099,9,4
4580,1173667633,2807582577,0,0,0,0,1000000,1000000,1000000,0,1001527,998486,1105,3383,1001353,998592,8161,3589,0,1000224,1000370,586,6234,2341,7808,14712,9,4
4581,1174131156,2808612195,0,0,0,0,1000000,1000000,1000000,0,1001527,998486,1105,3383,1001353,998592,8161,3589,0,1000224,1000370,586,6234,2341,7808,15325,9,4
4582,1174194726,2808765167,0,0,0,0,1000000,1000000,1000000,0,1001527,998486,1105,3383,1001353,998592,8161,3589,0,1000224,1000370,586,6234,2341,7808,15938,9,4
4583,1174556161,2809601135,0,0,0,0,1000000,1000000,1000000,0,1001527,998486,1105,3383,1001353,998592,8161,3589,0,1000224,1000370,586,6234,2341,7808,16551,9,4
4584,1174675641,2809867535,0,0,0,0,1000000,1000000,1000000,0,1001527,998486,1105,3383,1001353,998592,8161,3589,0,1000224,1000370,586,6234,2341,7808,17164,9,4
4585,1175134547,2810887205,0,0,0,0,1000000,1000000,1000000,0,1001527,998486,1105,3383,1001353,998592,8161,3589,0,1000224,1000370,586,6234,2341,7808,17777,9,4
4586,1175198134,2811040118,0,0,0,0,1000000,1000000,1000000,0,1001527,998486,1105,3383,1001353,998592,8161,3589,0,1000224,1000370,586,6234,2341,7808,18390,9,4
4587,1175560648,2811879137,0,0,0,0,1000000,1000000,1000000,0,1001527,998486,1098,3383,1001353,998592,8166,3633,0,1000224,1000370,586,6234,2341,7808,19003,9,4
4588,1175683606,2812152465,0,0,0,0,1000000,1000000,1000000,0,1001527,998486,1098,3383,1001353,998592,8166,3633,0,1000224,1000370,586,6234,2341,7808,19616,9,4
4589,1176142529,2813172358,0,0,0,0,1000000,1000000,1000000,0,1001527,998486,1098,3383,1001353,998592,8166,3633,0,1000224,1000370,586,6234,2341,7808,20229,9,4
4590,1176206085,2813325348,0,0,0,0,1000000,1000000,1000000,0,1001527,998486,1098,3383,1001353,998592,8166,3633,0,1000224,1000370,586,6234,2341,7808,20842,9,4
4591,1176568120,2814162946,0,0,0,0,1000000,1000000,1000000,0,1001527,998486,1098,3383,1001353,998592,8166,3633,0,1000224,1000370,586,6234,2341,7808,21455,9,4
4592,1176691663,2814437423,0,0,0,0,1000000,1000000,1000000,0,1001527,998486,1098,3383,1001353,998592,8166,3633,0,1000224,1000370,586,6234,2341,7808,22068,9,4
4593,1177164098,2815498812,0,0,0,0,1000000,1000000,1000000,0,1001527,998487,962,3383,1001353,998593,8173,4485,2,1000224,1000370,586,6234,2341,7808,0,9,4
4594,1177225203,2815648260,0,0,0,0,1000000,1000000,1000000,0,1001527,998487,962,3383,1001353,998593,8173,4485,2,1000224,1000370,586,6234,2341,7808,1024,9,4
4595,1177592677,2816513802,0,0,0,0,1000000,1000000,1000000,0,1001527,998488,914,3383,1001353,998594,8134,4784,0,1000224,1000370,586,6234,2341,7808,0,9,4
4596,1177683035,2816722367,0,0,0,0,1000000,1000000,1000000,0,1001527,998488,914,3383,1001353,998594,8134,4784,2,1000224,1000370,586,6234,2341,7808,0,9,4
4597,1178160775,2817809513,0,0,0,0,1000000,1000000,1000000,0,1001527,998490,914,3383,1001353,998596,8134,4784,2,1000224,1000370,586,6234,2341,7808,1024,9,4
4598,1178221857,2817958977,0,0,0,0,1000000,1000000,1000000,0,1001527,998490,914,3383,1001353,998596,8134,4784,2,1000224,1000370,586,6234,2341,7808,2048,9,4
4599,1178602739,2818864269,0,0,0,0,1000000,1000000,1000000,0,1001527,998492,858,3383,1001353,998598,8059,5128,2,1000224,1000370,586,6234,2341,7808,3072,9,4
4600,1178663570,2819012913,0,0,0,0,1000000,1000000,1000000,0,1001527,998492,858,3383,1001353,998598,8059,5128,2,1000224,1000370,586,6234,2341,7808,4096,9,4
4601,1179145768,2820111866,0,0,0,0,1000000,1000000,1000000,0,1001527,998495,858,3383,1001353,998600,8059,5128,2,1000224,1000370,586,6234,2341,7808,5120,9,4
4602,1179206849,2820261272,0,0,0,0,1000000,1000000,1000000,0,1001527,998495,858,3383,1001353,998600,8059,5128,2,1000224,1000370,586,6234,2341,7808,6144,9,4
4603,1179592191,2821179195,0,0,0,0,1000000,1000000,1000000,0,1001527,998497,846,3383,1001353,998602,8040,5201,2,1000224,1000370,586,6234,2341,7808,7168,9,4
4604,1179652781,2821327036,0,0,0,0,1000000,1000000,1000000,0,1001527,998497,846,3383,1001353,998602,8040,5201,2,1000224,1000370,586,6234,2341,7808,8192,9,4
4605,1180110772,2822345199,0,0,0,0,1000000,1000000,1000000,0,1001527,998500,846,3383,1001353,998604,8040,5201,2,1000224,1000370,586,6234,2341,7808,9216,9,4
4606,1180171613,2822493836,0,0,0,0,1000000,1000000,1000000,0,1001527,998500,846,3383,1001353,998604,8040,5201,2,1000224,1000370,586,6234,2341,7808,10240,9,4
4607,1180531757,2823327660,0,0,0,0,1000000,1000000,1000000,0,1001527,998502,846,3383,1001353,998606,8040,5201,2,1000224,1000370,586,6234,2341,7808,11264,9,4
4608,1180642545,2823577184,0,0,0,0,1000000,1000000,1000000,0,1001527,998502,846,3383,1001353,998606,8040,5201,2,1000224,1000370,586,6234,2341,7808,12288,9,4
4609,1181158663,2824756627,0,0,0,0,1000000,1000000,1000000,0,1001528,998504,846,3391,1001355,998610,8040,5201,1,1000224,1000370,606,6275,2341,7808,34816,9,4
4610,1181217747,2824899808,0,0,0,0,1000000,1000000,1000000,0,1001528,998504,846,3391,1001355,998610,8040,5201,0,1000224,1000370,606,6275,2341,7808,0,9,4
4611,1181400726,2825290892,0,0,0,0,1000000,1000000,1000000,0,1001528,998504,846,3391,1001355,998610,8040,5201,1,1000224,1000370,606,6275,2341,7808,0,9,4
4612,1181833213,2826323719,0,0,0,0,1000000,1000000,1000000,0,1001529,998505,862,3430,1001362,998622,8065,5104,0,1000224,1000370,727,6456,2341,7808,0,9,4
4613,1181891649,2826465494,0,0,0,0,1000000,1000000,1000000,0,1001529,998505,862,3430,1001362,998622,8065,5104,0,1000224,1000370,727,6456,2341,7808,613,9,4
4614,1182427796,2827690644,0,0,0,0,1000000,1000000,1000000,0,1001529,998506,882,3505,1001373,998638,8094,4981,1,1000224,1000371,964,6746,2331,7809,0,9,4
4615,1182485844,2827831082,0,0,0,0,1000000,1000000,1000000,0,1001529,998506,882,3505,1001373,998638,8094,4981,0,1000224,1000371,964,6746,2331,7809,0,9,4
4616,1182629929,2828147084,0,0,0,0,1000000,1000000,1000000,0,1001529,998506,882,3505,1001373,998638,8094,4981,0,1000224,1000371,964,6746,2331,7809,613,9,4
4617,1183081535,2829235382,0,0,0,0,1000000,1000000,1000000,0,1001529,998506,877,3670,1001399,998662,8087,5012,0,1000224,1000374,1473,7243,2284,7775,1226,9,4
4618,1183142988,2829385639,0,0,0,0,1000000,1000000,1000000,0,1001529,998506,877,3670,1001399,998662,8087,5012,1,1000224,1000374,1473,7243,2284,7775,0,9,4
4619,1183558486,2830380336,0,0,0,0,1000000,1000000,1000000,0,1001529,998507,899,3763,1001419,998676,8116,4877,25,1000224,1000375,1855,7539,2250,7771,0,9,4
4620,1183618516,2830526909,0,0,0,0,1000000,1000000,1000000,0,1001529,998507,899,3763,1001419,998676,8116,4877,25,1000224,1000375,1855,7539,2250,7771,1024,9,4
4621,1184008057,2831476852,0,0,0,0,1000000,1000000,1000000,0,1001529,998507,899,3842,1001439,998688,8116,4877,25,1000224,1000375,2272,7766,2258,7773,2048,9,4
4622,1184068082,2831623544,0,0,0,0,1000000,1000000,1000000,0,1001529,998507,899,3842,1001439,998688,8116,4877,25,1000224,1000375,2272,7766,2258,7773,3072,9,4
4623,1184490216,2832647851,0,0,0,0,1000000,1000000,1000000,0,1001529,998508,899,3913,1001461,998698,8116,4877,25,1000224,1000375,2711,7967,2250,7771,4096,9,4
4624,1184550234,2832794369,0,0,0,0,1000000,1000000,1000000,0,1001529,998508,899,3913,1001461,998698,8116,4877,25,1000224,1000375,2711,7967,2250,7771,5120,9,4
4625,1184910134,2833688732,0,0,0,0,1000000,1000000,1000000,0,1001529,998508,899,3979,1001484,998704,8116,4877,25,1000224,1000374,3179,8090,2268,7771,6144,9,4
4626,1184981998,2833859442,0,0,0,0,1000000,1000000,1000000,0,1001529,998508,899,3979,1001484,998704,8116,4877,25,1000224,1000374,3179,8090,2268,7771,7168,9,4
4627,1185394725,2834817763,0,0,0,0,1000000,1000000,1000000,0,1001529,998508,899,4040,1001507,998709,8116,4877,25,1000224,1000374,3650,8171,2276,7773,8192,9,4
4628,1185473430,2835001906,0,0,0,0,1000000,1000000,1000000,0,1001529,998508,899,4040,1001507,998709,8116,4877,25,1000224,1000374,3650,8171,2276,7773,9216,9,4
4629,1185806890,2835812788,0,0,0,0,1000000,1000000,1000000,0,1001529,998509,899,2,1001530,998712,8116,4877,25,1000224,1000373,4116,8192,2294,7791,10240,9,4
4630,1185958345,2836144375,0,0,0,0,1000000,1000000,1000000,0,1001529,998509,899,2,1001530,998712,8116,4877,25,1000224,1000373,4116,8192,2294,7791,11264,9,4
4631,1186597322,2837516772,0,0,0,0,1000000,1000000,1000000,0,1001529,998509,899,63,1001554,998711,8116,4877,25,1000224,1000371,4600,8171,2323,7808,12288,9,4
4632,1186661965,2837671866,0,0,0,0,1000000,1000000,1000000,0,1001529,998509,899,63,1001554,998711,8116,4877,25,1000224,1000371,4600,8171,2323,7808,13312,9,4
4633,1186745330,2837858099,0,0,0,0,1000000,1000000,1000000,0,1001529,998509,899,63,1001554,998711,8116,4877,25,1000224,1000371,4600,8171,2323,7808,14336,9,4
4634,1187129554,2838773787,0,0,0,0,1000000,1000000,1000000,0,1001529,998509,899,158,1001589,998703,8116,4877,25,1000224,1000368,5306,8010,2370,7824,15360,9,4
4635,1187230339,2839000528,0,0,0,0,1000000,1000000,1000000,0,1001529,998509,899,158,1001589,998703,8116,4877,25,1000224,1000368,5306,8010,2370,7824,16384,9,4
4636,1187945598,2840550579,0,0,0,0,1000000,1000000,1000000,0,1001529,998509,899,222,1001539,998532,8116,4877,25,1000224,1000285,5734,7864,2428,7888,17408,9,4
4637,1187974937,2840625983,0,0,0,0,1000000,1000000,1000000,0,1001529,998509,899,222,1001539,998532,8116,4877,25,1000224,1000285,5734,7864,2428,7888,18432,9,4
4638,1188035212,2840771524,0,0,0,0,1000000,1000000,1000000,0,1001529,998509,899,222,1001539,998532,8116,4877,25,1000224,1000285,5734,7864,2428,7888,19456,9,4
4639,1188493706,2841845081,0,0,0,0,1000000,1000000,1000000,0,1001529,998510,763,315,1001537,998523,7867,5693,1,1000224,1000280,6280,7645,2560,7936,0,9,4
4640,1188554607,2841991520,0,0,0,0,1000000,1000000,1000000,0,1001529,998510,763,315,1001537,998523,7867,5693,0,1000224,1000280,6280,7645,2560,7936,0,9,4
4641,1189178089,2843539288,0,0,0,0,1000000,1000000,1000000,0,1001529,998511,627,448,1001536,998519,7455,6440,1,1000224,1000278,6963,7372,2458,8192,0,9,4
4642,1189238989,2843685710,0,0,0,0,1000000,1000000,1000000,0,1001529,998511,627,448,1001536,998519,7455,6440,0,1000224,1000278,6963,7372,2458,8192,0,9,4
4643,1189299744,2843832638,0,0,0,0,1000000,1000000,1000000,0,1001529,998511,627,448,1001536,998519,7455,6440,1,1000224,1000278,6963,7372,2458,8192,0,9,4
4644,1189872680,2845309490,0,0,0,0,1000000,1000000,1000000,0,1001529,998514,423,615,1001534,998517,6571,7360,1,1000224,1000277,7509,6826,2048,8192,1024,9,4
4645,1189934253,2845458303,0,0,0,0,1000000,1000000,1000000,0,1001529,998514,423,615,1001534,998517,6571,7360,1,1000224,1000277,7509,6826,2048,8192,2048,9,4
4646,1189972676,2845556243,0,0,0,0,1000000,1000000,1000000,0,1001529,998514,423,615,1001534,998517,6571,7360,1,1000224,1000277,7509,6826,2048,8192,3072,9,4
4647,1190108367,2845855402,0,0,0,0,1000000,1000000,1000000,0,1001529,998514,423,615,1001534,998517,6571,7360,1,1000224,1000277,7509,6826,2048,8192,4096,9,4
4648,1190870240,2847662428,0,0,0,0,1000000,1000000,1000000,0,1001529,998519,151,768,1001533,998519,5035,8082,1,1000224,1000276,8192,6144,2048,8192,5120,9,4
4649,1190903673,2847749889,0,0,0,0,1000000,1000000,1000000,0,1001529,998519,151,768,1001533,998519,5035,8082,1,1000224,1000276,8192,6144,2048,8192,6144,9,4
4650,1190941792,2847846962,0,0,0,0,1000000,1000000,1000000,0,1001529,998519,151,768,1001533,998519,5035,8082,1,1000224,1000276,8192,6144,2048,8192,7168,9,4
4651,1191076992,2848140346,0,0,0,0,1000000,1000000,1000000,0,1001529,998519,151,768,1001533,998519,5035,8082,1,1000224,1000276,8192,6144,2048,8192,8192,9,4
4652,1191638524,2849486326,0,0,0,0,1000000,1000000,1000000,0,1001529,998524,3975,768,1001533,998523,3340,8121,1,1000224,1000276,8192,6144,2048,8192,9216,9,4
4653,1191673132,2849577126,0,0,0,0,1000000,1000000,1000000,0,1001529,998524,3975,768,1001533,998523,3340,8121,2,1000224,1000276,8192,6144,2048,8192,3072,9,4
4654,1191799966,2849854053,0,0,0,0,1000000,1000000,1000000,0,1001529,998524,3975,768,1001533,998523,3340,8121,2,1000224,1000276,8192,6144,2048,8192,4096,9,4
4655,1192545712,2851614780,0,0,0,0,1000000,1000000,1000000,0,1001524,998536,3771,717,1001531,998530,2137,7693,2,1000224,1000276,8192,6553,2458,8192,5120,9,4
4656,1192584805,2851714142,0,0,0,0,1000000,1000000,1000000,0,1001524,998536,3771,717,1001531,998530,2137,7693,2,1000224,1000276,8192,6553,2458,8192,6144,9,4
4657,1192617992,2851801220,0,0,0,0,1000000,1000000,1000000,0,1001524,998536,3771,717,1001531,998530,2137,7693,2,1000224,1000276,8192,6553,2458,8192,7168,9,4
4658,1192774803,2852139000,0,0,0,0,1000000,1000000,1000000,0,1001524,998536,3771,717,1001531,998530,2137,7693,2,1000224,1000276,8192,6553,2458,8192,8192,9,4
4659,1193421159,2853719933,0,0,0,0,1000000,1000000,1000000,0,1001511,998549,3499,740,1001526,998544,847,6591,2,1000224,1000278,7782,6144,2458,8192,9216,9,4
4660,1193459041,2853816647,0,0,0,0,1000000,1000000,1000000,0,1001511,998549,3499,740,1001526,998544,847,6591,2,1000224,1000278,7782,6144,2458,8192,10240,9,4
4661,1193492515,2853904645,0,0,0,0,1000000,1000000,1000000,0,1001511,998549,3499,740,1001526,998544,847,6591,2,1000224,1000278,7782,6144,2458,8192,11264,9,4
4662,1194202384,2855481847,0,0,0,0,1000000,1000000,1000000,0,1001499,998555,3295,683,1001520,998555,237,5470,2,1000224,1000279,7606,6436,2634,8192,12288,9,4
4663,1194235641,2855568930,0,0,0,0,1000000,1000000,1000000,0,1001499,998555,3295,683,1001520,998555,237,5470,2,1000224,1000279,7606,6436,2634,8192,13312,9,4
4664,1194274278,2855666750,0,0,0,0,1000000,1000000,1000000,0,1001499,998555,3295,683,1001520,998555,237,5470,2,1000224,1000279,7606,6436,2634,8192,14336,9,4
4665,1194872302,2857025433,0,0,0,0,1000000,1000000,1000000,0,1001485,998557,3091,707,1001525,998570,1,4215,2,1000224,1000287,7589,6264,2617,7964,15360,9,4
4666,1194910850,2857122895,0,0,0,0,1000000,1000000,1000000,0,1001485,998557,3091,707,1001525,998570,1,4215,2,1000224,1000287,7589,6264,2617,7964,16384,9,4
4667,1194978682,2857280126,0,0,0,0,1000000,1000000,1000000,0,1001485,998557,3091,707,1001525,998570,1,4215,2,1000224,1000287,7589,6264,2617,7964,17408,9,4
4668,1195656316,2858782670,0,0,0,0,1000000,1000000,1000000,0,1001471,998555,2887,701,1001532,998586,164,2949,2,1000224,1000296,7617,6323,2619,7923,18432,9,4
4669,1195689309,2858868804,0,0,0,0,1000000,1000000,1000000,0,1001471,998555,2887,701,1001532,998586,164,2949,2,1000224,1000296,7617,6323,2619,7923,19456,9,4
4670,1195741274,2858993827,0,0,0,0,1000000,1000000,1000000,0,1001471,998555,2887,701,1001532,998586,164,2949,2,1000224,1000296,7617,6323,2619,7923,20480,9,4
4671,1196290854,2860268400,0,0,0,0,1000000,1000000,1000000,0,1001457,998553,3004,704,1001536,998595,23,3670,2,1000224,1000303,7569,6273,2682,7948,21504,9,4
4672,1196329550,2860366428,0,0,0,0,1000000,1000000,1000000,0,1001457,998553,3004,704,1001536,998595,23,3670,2,1000224,1000303,7569,6273,2682,7948,22528,9,4
4673,1196488158,2860707543,0,0,0,0,1000000,1000000,1000000,0,1001457,998553,3004,704,1001536,998595,23,3670,2,1000224,1000303,7569,6273,2682,7948,23552,9,4
4674,1197156748,2862202786,0,0,0,0,1000000,1000000,1000000,0,1001443,998552,3037,702,1001539,998605,7,3876,2,1000224,1000310,7571,6288,2692,7957,24576,9,4
4675,1197189754,2862288950,0,0,0,0,1000000,1000000,1000000,0,1001443,998552,3037,702,1001539,998605,7,3876,2,1000224,1000310,7571,6288,2692,7957,25600,9,4
4676,1197245386,2862421246,0,0,0,0,1000000,1000000,1000000,0,1001443,998552,3037,702,1001539,998605,7,3876,2,1000224,1000310,7571,6288,2692,7957,26624,9,4
4677,1197803026,2863713535,0,0,0,0,1000000,1000000,1000000,0,1001429,998552,3101,704,1001540,998614,4,4278,2,1000224,1000317,7591,6285,2665,7958,27648,9,4
4678,1197841992,2863811223,0,0,0,0,1000000,1000000,1000000,0,1001429,998552,3101,704,1001540,998614,4,4278,2,1000224,1000317,7591,6285,2665,7958,28672,9,4
4679,1197992021,2864134941,0,0,0,0,1000000,1000000,1000000,0,1001429,998552,3101,704,1001540,998614,4,4278,2,1000224,1000317,7591,6285,2665,7958,29696,9,4
4680,1198680814,2865674752,0,0,0,0,1000000,1000000,1000000,0,1001415,998552,3101,704,1001542,998624,4,4278,2,1000224,1000324,7585,6280,2664,7962,30720,9,4
4681,1198713830,2865760982,0,0,0,0,1000000,1000000,1000000,0,1001415,998552,3101,704,1001542,998624,4,4278,2,1000224,1000324,7585,6280,2664,7962,31744,9,4
4682,1198753215,2865860062,0,0,0,0,1000000,1000000,1000000,0,1001415,998552,3101,704,1001542,998624,4,4278,2,1000224,1000324,7585,6280,2664,7962,0,9,4
4683,1199328259,2867188663,0,0,0,0,1000000,1000000,1000000,0,1001401,998553,3118,702,1001543,998635,10,4384,2,1000224,1000331,7576,6291,2664,7940,1024,9,4
4684,1199367501,2867287307,0,0,0,0,1000000,1000000,1000000,0,1001401,998553,3118,702,1001543,998635,10,4384,2,1000224,1000331,7576,6291,2664,7940,2048,9,4
4685,1199493526,2867562356,0,0,0,0,1000000,1000000,1000000,0,1001401,998553,3118,702,1001543,998635,10,4384,2,1000224,1000331,7576,6291,2664,7940,3072,9,4
4686,1200177070,2869088583,0,0,0,0,1000000,1000000,1000000,0,1001387,998554,3109,701,1001543,998645,6,4328,2,1000224,1000337,7565,6288,2671,7943,4096,9,4
4687,1200210082,2869174750,0,0,0,0,1000000,1000000,1000000,0,1001387,998554,3109,701,1001543,998645,6,4328,2,1000224,1000337,7565,6288,2671,7943,5120,9,4
4688,1200249376,2869276063,0,0,0,0,1000000,1000000,1000000,0,1001387,998554,3109,701,1001543,998645,6,4328,2,1000224,1000337,7565,6288,2671,7943,6144,9,4
4689,1200821729,2870599488,0,0,0,0,1000000,1000000,1000000,0,1001373,998552,2941,702,1001539,998649,83,3278,2,1000224,1000341,7561,6279,2675,7958,7168,9,4
4690,1200858119,2870694129,0,0,0,0,1000000,1000000,1000000,0,1001373,998552,2941,702,1001539,998649,83,3278,2,1000224,1000341,7561,6279,2675,7958,8192,9,4
4691,1200994333,2870989789,0,0,0,0,1000000,1000000,1000000,0,1001373,998552,2941,702,1001539,998649,83,3278,2,1000224,1000341,7561,6279,2675,7958,9216,9,4
4692,1201678185,2872521654,0,0,0,0,1000000,1000000,1000000,0,1001359,998550,2941,703,1001532,998651,83,3278,2,1000224,1000344,7566,6273,2677,7948,10240,9,4
4693,1201711210,2872607827,0,0,0,0,1000000,1000000,1000000,0,1001359,998550,2941,703,1001532,998651,83,3278,2,1000224,1000344,7566,6273,2677,7948,11264,9,4
4694,1201747956,2872703506,0,0,0,0,1000000,1000000,1000000,0,1001359,998550,2941,703,1001532,998651,83,3278,2,1000224,1000344,7566,6273,2677,7948,12288,9,4
4695,1202313110,2874006673,0,0,0,0,1000000,1000000,1000000,0,1001346,998544,2737,701,1001524,998652,529,2082,2,1000224,1000346,7565,6290,2679,7955,13312,9,4
4696,1202348689,2874099722,0,0,0,0,1000000,1000000,1000000,0,1001346,998544,2737,701,1001524,998652,529,2082,2,1000224,1000346,7565,6290,2679,7955,14336,9,4
4697,1202495630,2874417191,0,0,0,0,1000000,1000000,1000000,0,1001346,998544,2737,701,1001524,998652,529,2082,2,1000224,1000346,7565,6290,2679,7955,15360,9,4
4698,1203177856,2875937129,0,0,0,0,1000000,1000000,1000000,0,1001334,998536,2658,703,1001515,998647,799,1666,2,1000224,1000347,7574,6277,2679,7959,16384,9,4
4699,1203210871,2876023309,0,0,0,0,1000000,1000000,1000000,0,1001334,998536,2658,703,1001515,998647,799,1666,2,1000224,1000347,7574,6277,2679,7959,17408,9,4
4700,1203253403,2876130899,0,0,0,0,1000000,1000000,1000000,0,1001334,998536,2658,703,1001515,998647,799,1666,2,1000224,1000347,7574,6277,2679,7959,18432,9,4
4701,1203851479,2877507368,0,0,0,0,1000000,1000000,1000000,0,1001327,998527,2610,701,1001506,998641,986,1430,2,1000224,1000348,7563,6285,2687,7944,19456,9,4
4702,1203910254,2877651756,0,0,0,0,1000000,1000000,1000000,0,1001327,998527,2610,701,1001506,998641,986,1430,2,1000224,1000348,7563,6285,2687,7944,20480,9,4
4703,1203993356,2877844621,0,0,0,0,1000000,1000000,1000000,0,1001327,998527,2610,701,1001506,998641,986,1430,2,1000224,1000348,7563,6285,2687,7944,21504,9,4
4704,1204710926,2879450262,0,0,0,0,1000000,1000000,1000000,0,1001327,998518,2574,704,1001504,998633,1138,1263,2,1000224,1000349,7572,6273,2687,7947,22528,9,4
4705,1204767681,2879589654,0,0,0,0,1000000,1000000,1000000,0,1001327,998518,2574,704,1001504,998633,1138,1263,2,1000224,1000349,7572,6273,2687,7947,23552,9,4
4706,1204826459,2879734087,0,0,0,0,1000000,1000000,1000000,0,1001327,998518,2574,704,1001504,998633,1138,1263,2,1000224,1000349,7572,6273,2687,7947,24576,9,4
4707,1205424198,2881107752,0,0,0,0,1000000,1000000,1000000,0,1001327,998508,2574,700,1001502,998626,1138,1263,2,1000224,1000351,7558,6292,2663,7949,25600,9,4
4708,1205483203,2881252968,0,0,0,0,1000000,1000000,1000000,0,1001327,998508,2574,700,1001502,998626,1138,1263,2,1000224,1000351,7558,6292,2663,7949,26624,9,4
4709,1205539948,2881392348,0,0,0,0,1000000,1000000,1000000,0,1001327,998508,2574,700,1001502,998626,1138,1263,2,1000224,1000351,7558,6292,2663,7949,27648,9,4
4710,1206246633,2882966817,0,0,0,0,1000000,1000000,1000000,0,1001327,998498,2557,701,1001504,998618,1214,1186,2,1000224,1000351,7564,6290,2676,7952,28672,9,4
4711,1206303333,2883106042,0,0,0,0,1000000,1000000,1000000,0,1001327,998498,2557,701,1001504,998618,1214,1186,2,1000224,1000351,7564,6290,2676,7952,29696,9,4
4712,1206362301,2883251114,0,0,0,0,1000000,1000000,1000000,0,1001327,998498,2557,701,1001504,998618,1214,1186,2,1000224,1000351,7564,6290,2676,7952,30720,9,4
4713,1206892400,2884452560,0,0,0,0,1000000,1000000,1000000,0,1001327,998488,2557,701,1001504,998609,1214,1186,2,1000224,1000351,7564,6290,2676,7952,31744,9,4
4714,1206953727,2884601626,0,0,0,0,1000000,1000000,1000000,0,1001327,998488,2557,701,1001504,998609,1214,1186,0,1000224,1000351,7564,6290,2676,7952,0,9,4
4715,1207012020,2884743485,0,0,0,0,1000000,1000000,1000000,0,1001327,998488,2557,701,1001504,998609,1214,1186,0,1000224,1000351,7564,6290,2676,7952,613,9,4
4716,1207670601,2886219958,0,0,0,0,1000000,1000000,1000000,0,1001327,998488,2557,701,1001504,998603,1214,1186,0,1000224,1000351,7564,6290,2676,7952,1226,9,4
4717,1207729488,2886362629,0,0,0,0,1000000,1000000,1000000,0,1001327,998488,2557,701,1001504,998603,1214,1186,0,1000224,1000351,7564,6290,2676,7952,1839,9,4
4718,1207790326,2886511298,0,0,0,0,1000000,1000000,1000000,0,1001327,998488,2557,701,1001504,998603,1214,1186,0,1000224,1000351,7564,6290,2676,7952,2452,9,4
4719,1208335145,2887774687,0,0,0,0,1000000,1000000,1000000,0,1001327,998488,2557,701,1001504,998600,1214,1186,0,1000224,1000351,7564,6290,2676,7952,3065,9,4
4720,1208396570,2887924154,0,0,0,0,1000000,1000000,1000000,0,1001327,998488,2557,701,1001504,998600,1214,1186,0,1000224,1000351,7564,6290,2676,7952,3678,9,4
4721,1208484932,2888126861,0,0,0,0,1000000,1000000,1000000,0,1001327,998488,2557,701,1001504,998600,1214,1186,0,1000224,1000351,7564,6290,2676,7952,4291,9,4
4722,1209129646,2889549224,0,0,0,0,1000000,1000000,1000000,0,1001327,998488,2589,701,1001504,998600,1074,1331,0,1000224,1000351,7564,6290,2676,7952,4904,9,4
4723,1209188267,2889690966,0,0,0,0,1000000,1000000,1000000,0,1001327,998488,2589,701,1001504,998600,1074,1331,0,1000224,1000351,7564,6290,2676,7952,5517,9,4
4724,1209249803,2889840558,0,0,0,0,1000000,1000000,1000000,0,1001327,998488,2589,701,1001504,998600,1074,1331,0,1000224,1000351,7564,6290,2676,7952,6130,9,4
4725,1209775161,2891034046,0,0,0,0,1000000,1000000,1000000,0,1001327,998488,2657,701,1001504,998600,803,1661,0,1000224,1000351,7564,6290,2676,7952,6743,9,4
4726,1209834516,2891180101,0,0,0,0,1000000,1000000,1000000,0,1001327,998488,2657,701,1001504,998600,803,1661,2,1000224,1000351,7564,6290,2676,7952,0,9,4
4727,1210007588,2891554283,0,0,0,0,1000000,1000000,1000000,0,1001327,998488,2657,701,1001504,998600,803,1661,0,1000224,1000351,7564,6290,2676,7952,0,9,4
4728,1210668665,2893039694,0,0,0,0,1000000,1000000,1000000,0,1001327,998486,2671,701,1001504,998598,751,1731,0,1000224,1000351,7564,6290,2676,7952,613,9,4
4729,1210727833,2893182811,0,0,0,0,1000000,1000000,1000000,0,1001327,998486,2671,701,1001504,998598,751,1731,0,1000224,1000351,7564,6290,2676,7952,1226,9,4
4730,1210788946,2893331821,0,0,0,0,1000000,1000000,1000000,0,1001327,998486,2671,701,1001504,998598,751,1731,0,1000224,1000351,7564,6290,2676,7952,1839,9,4
4731,1211331868,2894591224,0,0,0,0,1000000,1000000,1000000,0,1001327,998486,2807,701,1001504,998598,334,2476,0,1000224,1000351,7564,6290,2676,7952,2452,9,4
4732,1211393599,2894741214,0,0,0,0,1000000,1000000,1000000,0,1001327,998486,2807,701,1001504,998598,334,2476,0,1000224,1000351,7564,6290,2676,7952,3065,9,4
4733,1211500647,2894981684,0,0,0,0,1000000,1000000,1000000,0,1001327,998486,2807,701,1001504,998598,334,2476,0,1000224,1000351,7564,6290,2676,7952,3678,9,4
4734,1212157170,2896442786,0,0,0,0,1000000,1000000,1000000,0,1001327,998486,2948,701,1001504,998598,75,3321,0,1000224,1000351,7564,6290,2676,7952,4291,9,4
4735,1212216086,2896585014,0,0,0,0,1000000,1000000,1000000,0,1001327,998486,2948,701,1001504,998598,75,3321,0,1000224,1000351,7564,6290,2676,7952,4904,9,4
4736,1212272572,2896723743,0,0,0,0,1000000,1000000,1000000,0,1001327,998486,2948,701,1001504,998598,75,3321,0,1000224,1000351,7564,6290,2676,7952,5517,9,4
4737,1212796805,2897916940,0,0,0,0,1000000,1000000,1000000,0,1001327,998486,3007,701,1001504,998598,21,3688,0,1000224,1000351,7564,6290,2676,7952,6130,9,4
4738,1212858278,2898065971,0,0,0,0,1000000,1000000,1000000,0,1001327,998486,3007,701,1001504,998598,21,3688,0,1000224,1000351,7564,6290,2676,7952,6743,9,4
4739,1213016467,2898409100,0,0,0,0,1000000,1000000,1000000,0,1001327,998486,3007,701,1001504,998598,21,3688,0,1000224,1000351,7564,6290,2676,7952,7356,9,4
4740,1213662590,2899836347,0,0,0,0,1000000,1000000,1000000,0,1001327,998486,3007,701,1001504,998598,21,3688,0,1000224,1000351,7564,6290,2676,7952,7969,9,4
4741,1213717254,2899969181,0,0,0,0,1000000,1000000,1000000,0,1001327,998486,3007,701,1001504,998598,21,3688,0,1000224,1000351,7564,6290,2676,7952,8582,9,4
4742,1213781157,2900122824,0,0,0,0,1000000,1000000,1000000,0,1001327,998486,3007,701,1001504,998598,21,3688,0,1000224,1000351,7564,6290,2676,7952,9195,9,4
4743,1214309882,2901325975,0,0,0,0,1000000,1000000,1000000,0,1001327,998486,3035,701,1001504,998598,7,3863,0,1000224,1000351,7564,6290,2676,7952,9808,9,4
4744,1214367103,2901465674,0,0,0,0,1000000,1000000,1000000,0,1001327,998486,3035,701,1001504,998598,7,3863,0,1000224,1000351,7564,6290,2676,7952,10421,9,4
4745,1214539017,2901836526,0,0,0,0,1000000,1000000,1000000,0,1001327,998486,3035,701,1001504,998598,7,3863,0,1000224,1000351,7564,6290,2676,7952,11034,9,4
4746,1215181155,2903255127,0,0,0,0,1000000,1000000,1000000,0,1001327,998486,3042,701,1001504,998598,5,3907,0,1000224,1000351,7564,6290,2676,7952,11647,9,4
4747,1215240194,2903397477,0,0,0,0,1000000,1000000,1000000,0,1001327,998486,3042,701,1001504,998598,5,3907,0,1000224,1000351,7564,6290,2676,7952,12260,9,4
4748,1215303662,2903550219,0,0,0,0,1000000,1000000,1000000,0,1001327,998486,3042,701,1001504,998598,5,3907,0,1000224,1000351,7564,6290,2676,7952,12873,9,4
4749,1215828267,2904744161,0,0,0,0,1000000,1000000,1000000,0,1001327,998486,3042,701,1001504,998598,5,3907,0,1000224,1000351,7564,6290,2676,7952,13486,9,4
4750,1215885497,2904883870,0,0,0,0,1000000,1000000,1000000,0,1001327,998486,3042,701,1001504,998598,5,3907,0,1000224,1000351,7564,6290,2676,7952,14099,9,4
4751,1216061584,2905263950,0,0,0,0,1000000,1000000,1000000,0,1001327,998486,3042,701,1001504,998598,5,3907,0,1000224,1000351,7564,6290,2676,7952,14712,9,4
4752,1216702844,2906680574,0,0,0,0,1000000,1000000,1000000,0,1001327,998486,3020,701,1001504,998598,14,3770,0,1000224,1000351,7564,6290,2676,7952,15325,9,4
4753,1216761970,2906823296,0,0,0,0,1000000,1000000,1000000,0,1001327,998486,3020,701,1001504,998598,14,3770,0,1000224,1000351,7564,6290,2676,7952,15938,9,4
4754,1216826132,2906977643,0,0,0,0,1000000,1000000,1000000,0,1001327,998486,3020,701,1001504,998598,14,3770,0,1000224,1000351,7564,6290,2676,7952,16551,9,4
4755,1217354215,2908179313,0,0,0,0,1000000,1000000,1000000,0,1001327,998486,2986,701,1001504,998598,36,3557,0,1000224,1000351,7564,6290,2676,7952,17164,9,4
4756,1217415969,2908329028,0,0,0,0,1000000,1000000,1000000,0,1001327,998486,2986,701,1001504,998598,36,3557,0,1000224,1000351,7564,6290,2676,7952,17777,9,4
4757,1217582774,2908691349,0,0,0,0,1000000,1000000,1000000,0,1001327,998486,2986,701,1001504,998598,36,3557,0,1000224,1000351,7564,6290,2676,7952,18390,9,4
4758,1218283811,2910259890,0,0,0,0,1000000,1000000,1000000,0,1001327,998486,2878,675,1001500,998604,180,2895,0,1000224,1000351,7486,6408,2676,7952,19003,9,4
4759,1218344744,2910407628,0,0,0,0,1000000,1000000,1000000,0,1001327,998486,2878,675,1001500,998604,180,2895,0,1000224,1000351,7486,6408,2676,7952,19616,9,4
4760,1218405570,2910555462,0,0,0,0,1000000,1000000,1000000,0,1001327,998486,2878,675,1001500,998604,180,2895,0,1000224,1000351,7486,6408,2676,7952,20229,9,4
4761,1219008425,2911927460,0,0,0,0,1000000,1000000,1000000,0,1001327,998486,2856,647,1001495,998610,223,2763,0,1000224,1000351,7404,6537,2669,7951,20842,9,4
4762,1219070184,2912077171,0,0,0,0,1000000,1000000,1000000,0,1001327,998486,2856,647,1001495,998610,223,2763,0,1000224,1000351,7404,6537,2669,7951,21455,9,4
4763,1219130256,2912223200,0,0,0,0,1000000,1000000,1000000,0,1001327,998486,2856,647,1001495,998610,223,2763,0,1000224,1000351,7404,6537,2669,7951,22068,9,4
4764,1219842140,2913798491,0,0,0,0,1000000,1000000,1000000,0,1001327,998486,2718,598,1001488,998620,590,1979,0,1000224,1000351,7251,6722,2676,7952,22681,9,4
4765,1219903105,2913946324,0,0,0,0,1000000,1000000,1000000,0,1001327,998486,2718,598,1001488,998620,590,1979,0,1000224,1000351,7251,6722,2676,7952,23294,9,4
4766,1219963948,2914094208,0,0,0,0,1000000,1000000,1000000,0,1001327,998486,2718,598,1001488,998620,590,1979,0,1000224,1000351,7251,6722,2676,7952,23907,9,4
4767,1220558071,2915441143,0,0,0,0,1000000,1000000,1000000,0,1001327,998486,2634,539,1001479,998630,891,1546,0,1000224,1000351,7074,6918,2676,7952,24520,9,4
4768,1220620109,2915591943,0,0,0,0,1000000,1000000,1000000,0,1001327,998486,2634,539,1001479,998630,891,1546,0,1000224,1000351,7074,6918,2676,7952,25133,9,4
4769,1220679909,2915736909,0,0,0,0,1000000,1000000,1000000,0,1001327,998486,2634,539,1001479,998630,891,1546,0,1000224,1000351,7074,6918,2676,7952,25746,9,4
4770,1221363576,2917254412,0,0,0,0,1000000,1000000,1000000,0,1001327,998486,2454,459,1001467,998642,1707,769,0,1000224,1000351,6839,7153,2676,7952,26359,9,4
4771,1221424545,2917402220,0,0,0,0,1000000,1000000,1000000,0,1001327,998486,2454,459,1001467,998642,1707,769,0,1000224,1000351,6839,7153,2676,7952,26972,9,4
4772,1221485412,2917550087,0,0,0,0,1000000,1000000,1000000,0,1001327,998486,2454,459,1001467,998642,1707,769,0,1000224,1000351,6839,7153,2676,7952,27585,9,4
4773,1222062393,2918864320,0,0,0,0,1000000,1000000,1000000,0,1001327,998486,2393,391,1001454,998652,2029,560,0,1000224,1000351,6584,7349,2676,7952,28198,9,4
4774,1222124440,2919015090,0,0,0,0,1000000,1000000,1000000,0,1001327,998486,2393,391,1001454,998652,2029,560,0,1000224,1000351,6584,7349,2676,7952,28811,9,4
4775,1222184201,2919159997,0,0,0,0,1000000,1000000,1000000,0,1001327,998486,2393,391,1001454,998652,2029,560,0,1000224,1000351,6584,7349,2676,7952,29424,9,4
4776,1222737820,2920417835,0,0,0,0,1000000,1000000,1000000,0,1001327,998486,2300,328,1001440,998662,2553,302,0,1000224,1000351,6310,7545,2676,7952,30037,9,4
4777,1222798483,2920564593,0,0,0,0,1000000,1000000,1000000,0,1001327,998486,2300,328,1001440,998662,2553,302,0,1000224,1000351,6310,7545,2676,7952,30650,9,4
4778,1222847145,2920687300,0,0,0,0,1000000,1000000,1000000,0,1001327,998486,2300,328,1001440,998662,2553,302,2,1000224,1000351,6310,7545,2676,7952,0,9,4
4779,1223299828,2921773419,0,0,0,0,1000000,1000000,1000000,0,1001326,998486,2250,271,1001424,998671,2847,195,0,1000224,1000351,6016,7721,2676,7952,0,9,4
4780,1223361691,2921924254,0,0,0,0,1000000,1000000,1000000,0,1001326,998486,2250,271,1001424,998671,2847,195,0,1000224,1000351,6016,7721,2676,7952,613,9,4
4781,1223924335,2923235050,0,0,0,0,1000000,1000000,1000000,0,1001326,998486,2212,234,1001413,998676,3077,129,0,1000224,1000351,5809,7837,2669,7951,1226,9,4
4782,1223985923,2923384921,0,0,0,0,1000000,1000000,1000000,0,1001326,998486,2212,234,1001413,998676,3077,129,0,1000224,1000351,5809,7837,2669,7951,1839,9,4
4783,1224051939,2923543489,0,0,0,0,1000000,1000000,1000000,0,1001326,998486,2212,234,1001413,998676,3077,129,0,1000224,1000351,5809,7837,2669,7951,2452,9,4
4784,1224519029,2924677412,0,0,0,0,1000000,1000000,1000000,0,1001326,998486,2164,181,1001396,998683,3372,64,0,1000224,1000351,5467,7956,2676,7952,3065,9,4
4785,1224579804,2924825342,0,0,0,0,1000000,1000000,1000000,0,1001326,998486,2164,181,1001396,998683,3372,64,0,1000224,1000351,5467,7956,2676,7952,3678,9,4
4786,1225110085,2926046925,0,0,0,0,1000000,1000000,1000000,0,1001326,998486,2133,150,1001385,998687,3564,35,0,1000224,1000351,5252,8035,2676,7952,4291,9,4
4787,1225170345,2926192982,0,0,0,0,1000000,1000000,1000000,0,1001326,998486,2133,150,1001385,998687,3564,35,0,1000224,1000351,5252,8035,2676,7952,4904,9,4
4788,1225261436,2926399673,0,0,0,0,1000000,1000000,1000000,0,1001326,998486,2133,150,1001385,998687,3564,35,0,1000224,1000351,5252,8035,2676,7952,5517,9,4
4789,1225661034,2927346960,0,0,0,0,1000000,1000000,1000000,0,1001326,998486,2088,102,1001367,998691,3845,8,0,1000224,1000351,4899,8113,2676,7952,6130,9,4
4790,1225746444,2927542137,0,0,0,0,1000000,1000000,1000000,0,1001326,998486,2088,102,1001367,998691,3845,8,0,1000224,1000351,4899,8113,2676,7952,6743,9,4
4791,1226261866,2928713057,0,0,0,0,1000000,1000000,1000000,0,1001326,998486,2058,71,1001355,998694,4033,0,0,1000224,1000351,4661,8152,2682,7953,7356,9,4
4792,1226307263,2928826485,0,0,0,0,1000000,1000000,1000000,0,1001326,998486,2058,71,1001355,998694,4033,0,0,1000224,1000351,4661,8152,2682,7953,7969,9,4
4793,1226509214,2929255858,0,0,0,0,1000000,1000000,1000000,0,1001326,998486,2058,71,1001355,998694,4033,0,0,1000224,1000351,4661,8152,2682,7953,8582,9,4
4794,1226889912,2930164904,0,0,0,0,1000000,1000000,1000000,0,1001327,998486,2044,71,1001356,998694,4122,1,2,1000224,1000351,4661,8152,2682,7953,0,9,4
4795,1226995016,2930398300,0,0,0,0,1000000,1000000,1000000,0,1001327,998486,2044,71,1001356,998694,4122,1,0,1000224,1000351,4661,8152,2682,7953,0,9,4
4796,1227477986,2931513604,0,0,0,0,1000000,1000000,1000000,0,1001327,998486,2044,71,1001356,998694,4122,1,0,1000224,1000351,4661,8152,2682,7953,613,9,4
4797,1227521360,2931622074,0,0,0,0,1000000,1000000,1000000,0,1001327,998486,2044,71,1001356,998694,4122,1,0,1000224,1000351,4661,8152,2682,7953,1226,9,4
4798,1227897675,2932519813,0,0,0,0,1000000,1000000,1000000,0,1001327,998486,2055,71,1001356,998694,4052,0,0,1000224,1000351,4661,8152,2682,7953,1839,9,4
4799,1227967330,2932683238,0,0,0,0,1000000,1000000,1000000,0,1001327,998486,2055,71,1001356,998694,4052,0,2,1000224,1000351,4661,8152,2682,7953,0,9,4
4800,1228441747,2933771282,0,0,0,0,1000000,1000000,1000000,0,1001326,998486,2055,71,1001355,998694,4052,0,0,1000224,1000351,4661,8152,2682,7953,0,9,4
4801,1228484979,2933879565,0,0,0,0,1000000,1000000,1000000,0,1001326,998486,2055,71,1001355,998694,4052,0,0,1000224,1000351,4661,8152,2682,7953,613,9,4
4802,1228867920,2934807081,0,0,0,0,1000000,1000000,1000000,0,1001326,998486,2055,71,1001355,998694,4052,0,0,1000224,1000351,4661,8152,2682,7953,1226,9,4
4803,1228937212,2934968198,0,0,0,0,1000000,1000000,1000000,0,1001326,998486,2055,71,1001355,998694,4052,0,0,1000224,1000351,4661,8152,2682,7953,1839,9,4
4804,1229436252,2936119630,0,0,0,0,1000000,1000000,1000000,0,1001326,998486,2127,71,1001355,998694,3602,30,0,1000224,1000351,4661,8152,2682,7953,2452,9,4
4805,1229479236,2936226989,0,0,0,0,1000000,1000000,1000000,0,1001326,998486,2127,71,1001355,998694,3602,30,0,1000224,1000351,4661,8152,2682,7953,3065,9,4
4806,1229691284,2936681911,0,0,0,0,1000000,1000000,1000000,0,1001326,998486,2127,71,1001355,998694,3602,30,0,1000224,1000351,4661,8152,2682,7953,3678,9,4
4807,1230083003,2937613370,0,0,0,0,1000000,1000000,1000000,0,1001326,998486,2161,71,1001355,998694,3390,61,0,1000224,1000351,4661,8152,2682,7953,4291,9,4
4808,1230174830,2937824384,0,0,0,0,1000000,1000000,1000000,0,1001326,998486,2161,71,1001355,998694,3390,61,0,1000224,1000351,4661,8152,2682,7953,4904,9,4
4809,1230653693,2938903733,0,0,0,0,1000000,1000000,1000000,0,1001326,998486,2203,71,1001355,998694,3132,115,0,1000224,1000351,4661,8152,2682,7953,5517,9,4
4810,1230715025,2939052972,0,0,0,0,1000000,1000000,1000000,0,1001326,998486,2203,71,1001355,998694,3132,115,0,1000224,1000351,4661,8152,2682,7953,6130,9,4
4811,1231094090,2939944882,0,0,0,0,1000000,1000000,1000000,0,1001326,998486,2203,71,1001355,998694,3132,115,0,1000224,1000351,4661,8152,2682,7953,6743,9,4
4812,1231162856,2940109325,0,0,0,0,1000000,1000000,1000000,0,1001326,998486,2203,71,1001355,998694,3132,115,0,1000224,1000351,4661,8152,2682,7953,7356,9,4
4813,1231642083,2941189740,0,0,0,0,1000000,1000000,1000000,0,1001326,998486,2203,71,1001355,998694,3132,115,0,1000224,1000351,4661,8152,2682,7953,7969,9,4
4814,1231703413,2941339028,0,0,0,0,1000000,1000000,1000000,0,1001326,998486,2203,71,1001355,998694,3132,115,0,1000224,1000351,4661,8152,2682,7953,8582,9,4
4815,1232083111,2942232687,0,0,0,0,1000000,1000000,1000000,0,1001326,998486,2221,71,1001355,998694,3023,143,0,1000224,1000351,4661,8152,2682,7953,9195,9,4
4816,1232150503,2942394277,0,0,0,0,1000000,1000000,1000000,0,1001326,998486,2221,71,1001355,998694,3023,143,0,1000224,1000351,4661,8152,2682,7953,9808,9,4
4817,1232629375,2943473783,0,0,0,0,1000000,1000000,1000000,0,1001326,998486,2221,71,1001355,998694,3023,143,0,1000224,1000351,4661,8152,2682,7953,10421,9,4
4818,1232690705,2943622982,0,0,0,0,1000000,1000000,1000000,0,1001326,998486,2221,71,1001355,998694,3023,143,0,1000224,1000351,4661,8152,2682,7953,11034,9,4
4819,1233102989,2944597310,0,0,0,0,1000000,1000000,1000000,0,1001326,998486,2186,54,1001348,998694,3236,92,0,1000224,1000351,4527,8172,2676,7952,11647,9,4
4820,1233164559,2944747225,0,0,0,0,1000000,1000000,1000000,0,1001326,998486,2186,54,1001348,998694,3236,92,0,1000224,1000351,4527,8172,2676,7952,12260,9,4
4821,1233673962,2945901447,0,0,0,0,1000000,1000000,1000000,0,1001326,998486,2150,19,1001334,998695,3458,50,0,1000224,1000351,4252,8192,2676,7952,12873,9,4
4822,1233735263,2946050408,0,0,0,0,1000000,1000000,1000000,0,1001326,998486,2150,19,1001334,998695,3458,50,0,1000224,1000351,4252,8192,2676,7952,13486,9,4
4823,1233893823,2946392932,0,0,0,0,1000000,1000000,1000000,0,1001326,998486,2150,19,1001334,998695,3458,50,0,1000224,1000351,4252,8192,2676,7952,14099,9,4
4824,1234295787,2947344810,0,0,0,0,1000000,1000000,1000000,0,1001327,998486,1996,4057,1001311,998695,4422,14,2,1000224,1000351,3783,8192,2676,7952,0,9,4
4825,1234379224,2947535378,0,0,0,0,1000000,1000000,1000000,0,1001327,998486,1996,4057,1001311,998695,4422,14,0,1000224,1000351,3783,8192,2676,7952,0,9,4
4826,1234876740,2948672584,0,0,0,0,1000000,1000000,1000000,0,1001329,998486,1879,4008,1001314,998567,5146,138,2,1000224,1000304,3397,8142,2684,7956,0,9,4
4827,1234927402,2948797373,0,0,0,0,1000000,1000000,1000000,0,1001329,998486,1879,4008,1001314,998567,5146,138,2,1000224,1000304,3397,8142,2684,7956,1024,9,4
4828,1235345219,2949798849,0,0,0,0,1000000,1000000,1000000,0,1001332,998486,1825,3957,1001315,998541,5471,237,2,1000224,1000295,3019,8048,2663,7987,2048,9,4
4829,1235394232,2949920241,0,0,0,0,1000000,1000000,1000000,0,1001332,998486,1825,3957,1001315,998541,5471,237,2,1000224,1000295,3019,8048,2663,7987,3072,9,4
4830,1235879800,2951059433,0,0,0,0,1000000,1000000,1000000,0,1001336,998486,1689,3901,1001316,998528,6240,606,2,1000224,1000290,2607,8005,2672,8013,4096,9,4
4831,1235928537,2951179898,0,0,0,0,1000000,1000000,1000000,0,1001336,998486,1689,3901,1001316,998528,6240,606,2,1000224,1000290,2607,8005,2672,8013,5120,9,4
4832,1236092037,2951534070,0,0,0,0,1000000,1000000,1000000,0,1001336,998486,1689,3901,1001316,998528,6240,606,2,1000224,1000290,2607,8005,2672,8013,6144,9,4
4833,1236513671,2952561937,0,0,0,0,1000000,1000000,1000000,0,1001345,998486,1536,3802,1001318,998519,6992,1200,2,1000224,1000288,2048,7653,2663,7987,7168,9,4
4834,1236563289,2952684550,0,0,0,0,1000000,1000000,1000000,0,1001345,998486,1536,3802,1001318,998519,6992,1200,2,1000224,1000288,2048,7653,2663,7987,8192,9,4
4835,1237096255,2953887603,0,0,0,0,1000000,1000000,1000000,0,1001353,998486,1400,3704,1001320,998516,7530,1863,2,1000224,1000288,1550,7417,2626,7981,9216,9,4
4836,1237145862,2954010136,0,0,0,0,1000000,1000000,1000000,0,1001353,998486,1400,3704,1001320,998516,7530,1863,2,1000224,1000288,1550,7417,2626,7981,10240,9,4
4837,1237322741,2954390241,0,0,0,0,1000000,1000000,1000000,0,1001353,998486,1400,3704,1001320,998516,7530,1863,2,1000224,1000288,1550,7417,2626,7981,11264,9,4
4838,1237755711,2955396568,0,0,0,0,1000000,1000000,1000000,0,1001366,998486,1224,3565,1001325,998513,8001,2859,2,1000224,1000288,1078,7006,2663,7987,12288,9,4
4839,1237812239,2955532685,0,0,0,0,1000000,1000000,1000000,0,1001366,998486,1224,3565,1001325,998513,8001,2859,2,1000224,1000288,1078,7006,2663,7987,13312,9,4
4840,1238300074,2956633449,0,0,0,0,1000000,1000000,1000000,0,1001375,998486,1088,3472,1001329,998511,8172,3695,2,1000224,1000289,820,6656,2634,7996,14336,9,4
4841,1238337283,2956728106,0,0,0,0,1000000,1000000,1000000,0,1001375,998486,1088,3472,1001329,998511,8172,3695,2,1000224,1000289,820,6656,2634,7996,15360,9,4
4842,1238711706,2957612806,0,0,0,0,1000000,1000000,1000000,0,1001384,998486,952,3390,1001332,998509,8166,4547,2,1000224,1000289,572,6286,2731,8009,16384,9,4
4843,1238803292,2957817628,0,0,0,0,1000000,1000000,1000000,0,1001384,998486,952,3390,1001332,998509,8166,4547,2,1000224,1000289,572,6286,2731,8009,17408,9,4
4844,1239273117,2958888184,0,0,0,0,1000000,1000000,1000000,0,1001393,998488,839,3327,1001336,998509,8028,5243,2,1000224,1000290,357,5965,2731,8021,18432,9,4
4845,1239310298,2958982853,0,0,0,0,1000000,1000000,1000000,0,1001393,998488,839,3327,1001336,998509,8028,5243,2,1000224,1000290,357,5965,2731,8021,19456,9,4
4846,1239690569,2959883155,0,0,0,0,1000000,1000000,1000000,0,1001402,998492,739,3253,1001339,998507,7806,5830,2,1000224,1000292,164,5488,2705,7960,20480,9,4
4847,1239789333,2960102575,0,0,0,0,1000000,1000000,1000000,0,1001402,998492,739,3253,1001339,998507,7806,5830,2,1000224,1000292,164,5488,2705,7960,21504,9,4
4848,1240179744,2961017012,0,0,0,0,1000000,1000000,1000000,0,1001410,998497,603,3195,1001341,998505,7366,6561,2,1000224,1000293,75,5064,2755,7980,22528,9,4
4849,1240282765,2961245045,0,0,0,0,1000000,1000000,1000000,0,1001410,998497,603,3195,1001341,998505,7366,6561,2,1000224,1000293,75,5064,2755,7980,23552,9,4
4850,1240604883,2962020102,0,0,0,0,1000000,1000000,1000000,0,1001416,998504,467,3141,1001344,998504,6785,7186,2,1000224,1000294,0,4651,2775,7993,24576,9,4
4851,1240776691,2962387510,0,0,0,0,1000000,1000000,1000000,0,1001416,998504,467,3141,1001344,998504,6785,7186,2,1000224,1000294,0,4651,2775,7993,25600,9,4
4852,1241178190,2963325019,0,0,0,0,1000000,1000000,1000000,0,1001421,998512,359,3111,1001345,998507,6239,7587,2,1000224,1000296,0,4411,2771,8011,26624,9,4
4853,1241269615,2963529980,0,0,0,0,1000000,1000000,1000000,0,1001421,998512,359,3111,1001345,998507,6239,7587,2,1000224,1000296,0,4411,2771,8011,27648,9,4
4854,1241603586,2964331237,0,0,0,0,1000000,1000000,1000000,0,1001426,998520,359,3115,1001346,998514,6239,7587,2,1000224,1000298,0,4447,2768,7970,28672,9,4
4855,1241762269,2964672470,0,0,0,0,1000000,1000000,1000000,0,1001426,998520,359,3115,1001346,998514,6239,7587,2,1000224,1000298,0,4447,2768,7970,29696,9,4
4856,1242153142,2965583070,0,0,0,0,1000000,1000000,1000000,0,1001431,998528,359,3112,1001347,998522,6239,7587,2,1000224,1000300,0,4423,2748,7984,30720,9,4
4857,1242257849,2965814943,0,0,0,0,1000000,1000000,1000000,0,1001431,998528,359,3112,1001347,998522,6239,7587,2,1000224,1000300,0,4423,2748,7984,31744,9,4
4858,1242581311,2966589943,0,0,0,0,1000000,1000000,1000000,0,1001436,998535,427,3116,1001347,998530,6591,7345,2,1000224,1000302,0,4454,2731,7996,0,9,4
4859,1242752905,2966957396,0,0,0,0,1000000,1000000,1000000,0,1001436,998535,427,3116,1001347,998530,6591,7345,2,1000224,1000302,0,4454,2731,7996,1024,9,4
4860,1243143199,2967867468,0,0,0,0,1000000,1000000,1000000,0,1001443,998542,563,3113,1001347,998537,7210,6757,2,1000224,1000304,0,4429,2746,7966,2048,9,4
4861,1243248177,2968099885,0,0,0,0,1000000,1000000,1000000,0,1001443,998542,563,3113,1001347,998537,7210,6757,2,1000224,1000304,0,4429,2746,7966,3072,9,4
4862,1243571062,2968874669,0,0,0,0,1000000,1000000,1000000,0,1001450,998548,582,3117,1001348,998544,7285,6665,2,1000224,1000306,0,4456,2731,7978,4096,9,4
4863,1243742812,2969242338,0,0,0,0,1000000,1000000,1000000,0,1001450,998548,582,3117,1001348,998544,7285,6665,2,1000224,1000306,0,4456,2731,7978,5120,9,4
4864,1244133836,2970153446,0,0,0,0,1000000,1000000,1000000,0,1001458,998553,649,3114,1001349,998550,7532,6325,2,1000224,1000308,0,4433,2731,7991,6144,9,4
4865,1244238293,2970384814,0,0,0,0,1000000,1000000,1000000,0,1001458,998553,649,3114,1001349,998550,7532,6325,2,1000224,1000308,0,4433,2731,7991,7168,9,4
4866,1244562259,2971161298,0,0,0,0,1000000,1000000,1000000,0,1001466,998558,649,3116,1001351,998557,7532,6325,2,1000224,1000310,0,4453,2744,7966,8192,9,4
4867,1244733156,2971527282,0,0,0,0,1000000,1000000,1000000,0,1001466,998558,649,3116,1001351,998557,7532,6325,2,1000224,1000310,0,4453,2744,7966,9216,9,4
4868,1245125068,2972440272,0,0,0,0,1000000,1000000,1000000,0,1001474,998563,649,3118,1001352,998564,7532,6325,2,1000224,1000312,0,4468,2755,7980,10240,9,4
4869,1245228602,2972669762,0,0,0,0,1000000,1000000,1000000,0,1001474,998563,649,3118,1001352,998564,7532,6325,2,1000224,1000312,0,4468,2755,7980,11264,9,4
4870,1245551919,2973444671,0,0,0,0,1000000,1000000,1000000,0,1001482,998568,649,3115,1001353,998569,7532,6325,2,1000224,1000314,0,4446,2764,7992,12288,9,4
4871,1245723622,2973812236,0,0,0,0,1000000,1000000,1000000,0,1001482,998568,649,3115,1001353,998569,7532,6325,2,1000224,1000314,0,4446,2764,7992,13312,9,4
4872,1246114470,2974722420,0,0,0,0,1000000,1000000,1000000,0,1001490,998572,785,3117,1001355,998575,7920,5565,2,1000224,1000317,0,4462,2742,7971,14336,9,4
4873,1246219423,2974954709,0,0,0,0,1000000,1000000,1000000,0,1001490,998572,785,3117,1001355,998575,7920,5565,2,1000224,1000317,0,4462,2742,7971,15360,9,4
4874,1246542733,2975729400,0,0,0,0,1000000,1000000,1000000,0,1001499,998574,902,3115,1001356,998579,8120,4858,2,1000224,1000319,0,4442,2751,7982,16384,9,4
4875,1246714586,2976097181,0,0,0,0,1000000,1000000,1000000,0,1001499,998574,902,3115,1001356,998579,8120,4858,2,1000224,1000319,0,4442,2751,7982,17408,9,4
4876,1247100843,2976994169,0,0,0,0,1000000,1000000,1000000,0,1001509,998576,902,3116,1001356,998582,8120,4858,2,1000224,1000322,0,4452,2750,7967,18432,9,4
4877,1247212297,2977239636,0,0,0,0,1000000,1000000,1000000,0,1001509,998576,902,3116,1001356,998582,8120,4858,2,1000224,1000322,0,4452,2750,7967,19456,9,4
4878,1247529509,2977997895,0,0,0,0,1000000,1000000,1000000,0,1001518,998577,949,3117,1001357,998585,8164,4566,2,1000224,1000324,0,4460,2767,7979,20480,9,4
4879,1247709334,2978382132,0,0,0,0,1000000,1000000,1000000,0,1001518,998577,949,3117,1001357,998585,8164,4566,2,1000224,1000324,0,4460,2767,7979,21504,9,4
4880,1248093191,2979273368,0,0,0,0,1000000,1000000,1000000,0,1001527,998578,964,3118,1001358,998588,8174,4472,2,1000224,1000328,0,4468,2740,7965,22528,9,4
4881,1248205142,2979524592,0,0,0,0,1000000,1000000,1000000,0,1001527,998578,964,3118,1001358,998588,8174,4472,2,1000224,1000328,0,4468,2740,7965,23552,9,4
4882,1248555937,2980365319,0,0,0,0,1000000,1000000,1000000,0,1001527,998579,964,3116,1001356,998590,8174,4472,0,1000224,1000330,0,4449,2755,7976,0,9,4
4883,1248692760,2980667072,0,0,0,0,1000000,1000000,1000000,0,1001527,998579,964,3116,1001356,998590,8174,4472,2,1000224,1000330,0,4449,2755,7976,0,9,4
4884,1249114565,2981656672,0,0,0,0,1000000,1000000,1000000,0,1001527,998580,1032,3117,1001351,998593,8192,4046,0,1000224,1000333,0,4457,2746,7986,0,9,4
4885,1249177833,2981809538,0,0,0,0,1000000,1000000,1000000,0,1001527,998580,1032,3117,1001351,998593,8192,4046,2,1000224,1000333,0,4457,2746,7986,0,9,4
4886,1249547618,2982712586,0,0,0,0,1000000,1000000,1000000,0,1001527,998578,1120,3118,1001347,998594,8148,3495,2,1000224,1000335,0,4468,2753,7971,1024,9,4
4887,1249654521,2982952020,0,0,0,0,1000000,1000000,1000000,0,1001527,998578,1120,3118,1001347,998594,8148,3495,0,1000224,1000335,0,4468,2753,7971,0,9,4
4888,1250081686,2983947569,0,0,0,0,1000000,1000000,1000000,0,1001527,998577,1120,3117,1001345,998593,8148,3495,2,1000224,1000337,0,4460,2738,7976,0,9,4
4889,1250141941,2984094484,0,0,0,0,1000000,1000000,1000000,0,1001527,998577,1120,3117,1001345,998593,8148,3495,2,1000224,1000337,0,4460,2738,7976,1024,9,4
4890,1250516585,2985010294,0,0,0,0,1000000,1000000,1000000,0,1001527,998575,1162,3116,1001343,998591,8100,3236,2,1000224,1000338,0,4452,2745,7980,2048,9,4
4891,1250616233,2985236953,0,0,0,0,1000000,1000000,1000000,0,1001527,998575,1162,3116,1001343,998591,8100,3236,2,1000224,1000338,0,4452,2745,7980,3072,9,4
4892,1251046853,2986241563,0,0,0,0,1000000,1000000,1000000,0,1001527,998573,1166,3118,1001339,998590,8095,3212,2,1000224,1000339,0,4466,2752,7985,4096,9,4
4893,1251104888,2986383842,0,0,0,0,1000000,1000000,1000000,0,1001527,998573,1166,3118,1001339,998590,8095,3212,2,1000224,1000339,0,4466,2752,7985,5120,9,4
4894,1251476920,2987293172,0,0,0,0,1000000,1000000,1000000,0,1001527,998571,1166,3117,1001337,998588,8095,3212,2,1000224,1000340,0,4462,2752,7967,6144,9,4
4895,1251577530,2987521889,0,0,0,0,1000000,1000000,1000000,0,1001527,998571,1166,3117,1001337,998588,8095,3212,2,1000224,1000340,0,4462,2752,7967,7168,9,4
4896,1251987232,2988461978,0,0,0,0,1000000,1000000,1000000,0,1001527,998569,1170,3117,1001335,998586,8090,3187,2,1000224,1000341,0,4458,2745,7970,8192,9,4
4897,1252075050,2988664376,0,0,0,0,1000000,1000000,1000000,0,1001527,998569,1170,3117,1001335,998586,8090,3187,2,1000224,1000341,0,4458,2745,7970,9216,9,4
4898,1252426867,2989501843,0,0,0,0,1000000,1000000,1000000,0,1001527,998567,1170,3116,1001333,998584,8090,3187,2,1000224,1000341,0,4454,2758,7972,10240,9,4
4899,1252565331,2989806851,0,0,0,0,1000000,1000000,1000000,0,1001527,998567,1170,3116,1001333,998584,8090,3187,2,1000224,1000341,0,4454,2758,7972,11264,9,4
4900,1252976253,2990750005,0,0,0,0,1000000,1000000,1000000,0,1001527,998565,1170,3116,1001331,998582,8090,3187,2,1000224,1000342,0,4451,2751,7974,12288,9,4
4901,1253062540,2990949326,0,0,0,0,1000000,1000000,1000000,0,1001527,998565,1170,3116,1001331,998582,8090,3187,2,1000224,1000342,0,4451,2751,7974,13312,9,4
4902,1253413452,2991784082,0,0,0,0,1000000,1000000,1000000,0,1001527,998563,1170,3118,1001329,998581,8090,3187,2,1000224,1000343,0,4468,2744,7976,14336,9,4
4903,1253553303,2992091797,0,0,0,0,1000000,1000000,1000000,0,1001527,998563,1170,3118,1001329,998581,8090,3187,2,1000224,1000343,0,4468,2744,7976,15360,9,4
4904,1253961309,2993027040,0,0,0,0,1000000,1000000,1000000,0,1001527,998561,1162,3118,1001327,998579,8100,3236,2,1000224,1000343,0,4464,2757,7978,16384,9,4
4905,1254051528,2993234274,0,0,0,0,1000000,1000000,1000000,0,1001527,998561,1162,3118,1001327,998579,8100,3236,2,1000224,1000343,0,4464,2757,7978,17408,9,4
4906,1254402618,2994068551,0,0,0,0,1000000,1000000,1000000,0,1001527,998559,1162,3117,1001325,998577,8100,3236,2,1000224,1000344,0,4460,2750,7980,18432,9,4
4907,1254542653,2994376732,0,0,0,0,1000000,1000000,1000000,0,1001527,998559,1162,3117,1001325,998577,8100,3236,2,1000224,1000344,0,4460,2750,7980,19456,9,4
4908,1254949845,2995309201,0,0,0,0,1000000,1000000,1000000,0,1001527,998557,1153,3117,1001324,998575,8112,3291,2,1000224,1000344,0,4459,2757,7981,20480,9,4
4909,1255041469,2995519208,0,0,0,0,1000000,1000000,1000000,0,1001527,998557,1153,3117,1001324,998575,8112,3291,2,1000224,1000344,0,4459,2757,7981,21504,9,4
4910,1255358608,2996268780,0,0,0,0,1000000,1000000,1000000,0,1001527,998555,1153,3117,1001324,998573,8112,3291,2,1000224,1000344,0,4459,2757,7981,22528,9,4
4911,1255540470,2996661685,0,0,0,0,1000000,1000000,1000000,0,1001527,998555,1153,3117,1001324,998573,8112,3291,2,1000224,1000344,0,4459,2757,7981,23552,9,4
4912,1255917604,2997519109,0,0,0,0,1000000,1000000,1000000,0,1001527,998553,1153,3117,1001324,998571,8112,3291,2,1000224,1000344,0,4459,2757,7981,24576,9,4
4913,1256046247,2997804158,0,0,0,0,1000000,1000000,1000000,0,1001527,998553,1153,3117,1001324,998571,8112,3291,2,1000224,1000344,0,4459,2757,7981,25600,9,4
4914,1256373017,2998592417,0,0,0,0,1000000,1000000,1000000,0,1001527,998552,1137,3117,1001324,998570,8131,3390,0,1000224,1000344,0,4459,2757,7981,0,9,4
4915,1256535713,2998946627,0,0,0,0,1000000,1000000,1000000,0,1001527,998552,1137,3117,1001324,998570,8131,3390,2,1000224,1000344,0,4459,2757,7981,0,9,4
4916,1256936959,2999888094,0,0,0,0,1000000,1000000,1000000,0,1001527,998550,1137,3117,1001324,998568,8131,3390,2,1000224,1000344,0,4459,2757,7981,1024,9,4
4917,1257023940,3000089088,0,0,0,0,1000000,1000000,1000000,0,1001527,998550,1137,3117,1001324,998568,8131,3390,2,1000224,1000344,0,4459,2757,7981,2048,9,4
4918,1257361603,3000910528,0,0,0,0,1000000,1000000,1000000,0,1001527,998548,1137,3117,1001324,998566,8131,3390,2,1000224,1000344,0,4459,2757,7981,3072,9,4
4919,1257508815,3001231563,0,0,0,0,1000000,1000000,1000000,0,1001527,998548,1137,3117,1001324,998566,8131,3390,0,1000224,1000344,0,4459,2757,7981,0,9,4
4920,1257903209,3002143566,0,0,0,0,1000000,1000000,1000000,0,1001527,998547,1137,3117,1001324,998565,8131,3390,2,1000224,1000344,0,4459,2757,7981,0,9,4
4921,1258004710,3002374040,0,0,0,0,1000000,1000000,1000000,0,1001527,998547,1137,3117,1001324,998565,8131,3390,2,1000224,1000344,0,4459,2757,7981,1024,9,4
4922,1258341527,3003193137,0,0,0,0,1000000,1000000,1000000,0,1001527,998545,1137,3117,1001324,998563,8131,3390,2,1000224,1000344,0,4459,2757,7981,2048,9,4
4923,1258488962,3003516512,0,0,0,0,1000000,1000000,1000000,0,1001527,998545,1137,3117,1001324,998563,8131,3390,2,1000224,1000344,0,4459,2757,7981,3072,9,4
4924,1258872922,3004396181,0,0,0,0,1000000,1000000,1000000,0,1001527,998544,1137,3117,1001324,998562,8131,3390,0,1000224,1000344,0,4459,2757,7981,0,9,4
4925,1258990476,3004658988,0,0,0,0,1000000,1000000,1000000,0,1001527,998544,1137,3117,1001324,998562,8131,3390,2,1000224,1000344,0,4459,2757,7981,0,9,4
4926,1259327545,3005478829,0,0,0,0,1000000,1000000,1000000,0,1001527,998542,1128,3117,1001324,998560,8140,3446,2,1000224,1000344,0,4459,2757,7981,1024,9,4
4927,1259474536,3005801442,0,0,0,0,1000000,1000000,1000000,0,1001527,998542,1128,3117,1001324,998560,8140,3446,2,1000224,1000344,0,4459,2757,7981,2048,9,4
4928,1259876192,3006744152,0,0,0,0,1000000,1000000,1000000,0,1001527,998540,1128,3117,1001324,998558,8140,3446,2,1000224,1000344,0,4459,2757,7981,3072,9,4
4929,1259963550,3006943933,0,0,0,0,1000000,1000000,1000000,0,1001527,998540,1128,3117,1001324,998558,8140,3446,0,1000224,1000344,0,4459,2757,7981,0,9,4
4930,1260292726,3007731420,0,0,0,0,1000000,1000000,1000000,0,1001527,998539,1124,3117,1001324,998557,8144,3471,2,1000224,1000344,0,4459,2757,7981,0,9,4
4931,1260455680,3008086399,0,0,0,0,1000000,1000000,1000000,0,1001527,998539,1124,3117,1001324,998557,8144,3471,2,1000224,1000344,0,4459,2757,7981,1024,9,4
4932,1260845596,3008993688,0,0,0,0,1000000,1000000,1000000,0,1001527,998538,1124,3117,1001324,998556,8144,3471,0,1000224,1000344,0,4459,2757,7981,0,9,4
4933,1260949526,3009228868,0,0,0,0,1000000,1000000,1000000,0,1001527,998538,1124,3117,1001324,998556,8144,3471,2,1000224,1000344,0,4459,2757,7981,0,9,4
4934,1261286790,3010048817,0,0,0,0,1000000,1000000,1000000,0,1001527,998536,1116,3117,1001324,998554,8152,3520,2,1000224,1000344,0,4459,2757,7981,1024,9,4
4935,1261434704,3010371337,0,0,0,0,1000000,1000000,1000000,0,1001527,998536,1116,3117,1001324,998554,8152,3520,0,1000224,1000344,0,4459,2757,7981,0,9,4
4936,1261829534,3011284126,0,0,0,0,1000000,1000000,1000000,0,1001527,998535,1116,3117,1001324,998553,8152,3520,2,1000224,1000344,0,4459,2757,7981,0,9,4
4937,1261930705,3011513823,0,0,0,0,1000000,1000000,1000000,0,1001527,998535,1116,3117,1001324,998553,8152,3520,2,1000224,1000344,0,4459,2757,7981,1024,9,4
4938,1262256935,3012300216,0,0,0,0,1000000,1000000,1000000,0,1001527,998534,1116,3117,1001324,998552,8152,3520,0,1000224,1000344,0,4459,2757,7981,0,9,4
4939,1262420525,3012656277,0,0,0,0,1000000,1000000,1000000,0,1001527,998534,1116,3117,1001324,998552,8152,3520,2,1000224,1000344,0,4459,2757,7981,0,9,4
4940,1262821369,3013597270,0,0,0,0,1000000,1000000,1000000,0,1001527,998532,1107,3117,1001324,998550,8159,3577,2,1000224,1000344,0,4459,2757,7981,1024,9,4
4941,1262909543,3013798752,0,0,0,0,1000000,1000000,1000000,0,1001527,998532,1107,3117,1001324,998550,8159,3577,0,1000224,1000344,0,4459,2757,7981,0,9,4
4942,1263238703,3014586763,0,0,0,0,1000000,1000000,1000000,0,1001527,998531,1107,3117,1001324,998549,8159,3577,2,1000224,1000344,0,4459,2757,7981,0,9,4
4943,1263402403,3014941228,0,0,0,0,1000000,1000000,1000000,0,1001527,998531,1107,3117,1001324,998549,8159,3577,0,1000224,1000344,0,4459,2757,7981,0,9,4
4944,1263795393,3015850090,0,0,0,0,1000000,1000000,1000000,0,1001527,998530,1107,3117,1001324,998548,8159,3577,2,1000224,1000344,0,4459,2757,7981,0,9,4
4945,1263898490,3016083698,0,0,0,0,1000000,1000000,1000000,0,1001527,998530,1107,3117,1001324,998548,8159,3577,2,1000224,1000344,0,4459,2757,7981,1024,9,4
4946,1264244029,3016916044,0,0,0,0,1000000,1000000,1000000,0,1001529,998529,1059,3117,1001324,998547,8186,3877,1,1000224,1000345,0,4457,2750,7964,5120,9,4
4947,1264385911,3017226183,0,0,0,0,1000000,1000000,1000000,0,1001529,998529,1059,3117,1001324,998547,8186,3877,0,1000224,1000345,0,4457,2750,7964,0,9,4
4948,1264816524,3018241772,0,0,0,0,1000000,1000000,1000000,0,1001529,998529,1059,3116,1001324,998547,8186,3877,0,1000224,1000345,0,4455,2750,7983,613,9,4
4949,1264872644,3018378399,0,0,0,0,1000000,1000000,1000000,0,1001529,998529,1059,3116,1001324,998547,8186,3877,0,1000224,1000345,0,4455,2750,7983,1226,9,4
4950,1265205074,3019187079,0,0,0,0,1000000,1000000,1000000,0,1001529,998529,1059,3116,1001324,998547,8186,3877,0,1000224,1000345,0,4455,2750,7983,1839,9,4
4951,1265353712,3019511110,0,0,0,0,1000000,1000000,1000000,0,1001529,998529,1059,3116,1001324,998547,8186,3877,0,1000224,1000345,0,4455,2750,7983,2452,9,4
4952,1265788179,3020534839,0,0,0,0,1000000,1000000,1000000,0,1001529,998529,1008,3134,1001325,998554,8191,4197,0,1000224,1000346,20,4595,2737,7965,3065,9,4
4953,1265846871,3020677886,0,0,0,0,1000000,1000000,1000000,0,1001529,998529,1008,3134,1001325,998554,8191,4197,0,1000224,1000346,20,4595,2737,7965,3678,9,4
4954,1266218272,3021585497,0,0,0,0,1000000,1000000,1000000,0,1001529,998529,1038,3164,1001325,998566,8192,4008,0,1000224,1000349,60,4828,2700,7949,4291,9,4
4955,1266310530,3021796071,0,0,0,0,1000000,1000000,1000000,0,1001529,998529,1038,3164,1001325,998566,8192,4008,0,1000224,1000349,60,4828,2700,7949,4904,9,4
4956,1266772995,3022849190,0,0,0,0,1000000,1000000,1000000,0,1001529,998529,1060,3203,1001327,998581,8186,3870,0,1000224,1000352,119,5120,2657,7933,5517,9,4
4957,1266831223,3022990250,0,0,0,0,1000000,1000000,1000000,0,1001529,998529,1060,3203,1001327,998581,8186,3870,0,1000224,1000352,119,5120,2657,7933,6130,9,4
4958,1267226250,3023926262,0,0,0,0,1000000,1000000,1000000,0,1001529,998529,1010,3245,1001331,998596,8191,4185,0,1000224,1000357,216,5409,2579,7917,6743,9,4
4959,1267291235,3024081015,0,0,0,0,1000000,1000000,1000000,0,1001529,998529,1010,3245,1001331,998596,8191,4185,0,1000224,1000357,216,5409,2579,7917,7356,9,4
4960,1267795660,3025224168,0,0,0,0,1000000,1000000,1000000,0,1001529,998529,993,3288,1001337,998610,8187,4291,0,1000224,1000360,316,5691,2531,7882,7969,9,4
4961,1267853573,3025364104,0,0,0,0,1000000,1000000,1000000,0,1001529,998529,993,3288,1001337,998610,8187,4291,0,1000224,1000360,316,5691,2531,7882,8582,9,4
4962,1268054436,3025794739,0,0,0,0,1000000,1000000,1000000,0,1001529,998529,993,3288,1001337,998610,8187,4291,0,1000224,1000360,316,5691,2531,7882,9195,9,4
4963,1268465884,3026764566,0,0,0,0,1000000,1000000,1000000,0,1001529,998529,963,3322,1001343,998620,8173,4479,0,1000224,1000363,416,5896,2476,7864,9808,9,4
4964,1268539415,3026937207,0,0,0,0,1000000,1000000,1000000,0,1001529,998529,963,3322,1001343,998620,8173,4479,0,1000224,1000363,416,5896,2476,7864,10421,9,4
4965,1269055027,3028116260,0,0,0,0,1000000,1000000,1000000,0,1001529,998530,883,3292,1001339,998612,8095,4975,1,1000224,1000363,319,5726,2469,7862,0,9,4
4966,1269114090,3028259409,0,0,0,0,1000000,1000000,1000000,0,1001529,998530,883,3292,1001339,998612,8095,4975,0,1000224,1000363,319,5726,2469,7862,0,9,4
4967,1269295787,3028650912,0,0,0,0,1000000,1000000,1000000,0,1001529,998530,883,3292,1001339,998612,8095,4975,0,1000224,1000363,319,5726,2469,7862,613,9,4
4968,1269716046,3029647495,0,0,0,0,1000000,1000000,1000000,0,1001529,998531,814,3229,1001331,998592,7981,5393,1,1000224,1000363,179,5303,2476,7864,0,9,4
4969,1269776572,3029793356,0,0,0,0,1000000,1000000,1000000,0,1001529,998531,814,3229,1001331,998592,7981,5393,0,1000224,1000363,179,5303,2476,7864,0,9,4
4970,1270242049,3030869577,0,0,0,0,1000000,1000000,1000000,0,1001529,998532,757,3164,1001325,998569,7853,5727,1,1000224,1000361,60,4828,2506,7881,0,9,4
4971,1270301157,3031012777,0,0,0,0,1000000,1000000,1000000,0,1001529,998532,757,3164,1001325,998569,7853,5727,0,1000224,1000361,60,4828,2506,7881,0,9,4
4972,1270676218,3031910656,0,0,0,0,1000000,1000000,1000000,0,1001529,998533,705,3106,1001321,998547,7710,6022,1,1000224,1000360,0,4371,2531,7882,0,9,4
4973,1270746376,3032078305,0,0,0,0,1000000,1000000,1000000,0,1001529,998533,705,3106,1001321,998547,7710,6022,1,1000224,1000360,0,4371,2531,7882,1024,9,4
4974,1271209402,3033147319,0,0,0,0,1000000,1000000,1000000,0,1001529,998534,730,3045,1001321,998523,7782,5882,0,1000224,1000359,0,3880,2542,7899,0,9,4
4975,1271270591,3033296584,0,0,0,0,1000000,1000000,1000000,0,1001529,998534,730,3045,1001321,998523,7782,5882,1,1000224,1000359,0,3880,2542,7899,0,9,4
4976,1271677564,3034283929,0,0,0,0,1000000,1000000,1000000,0,1001529,998536,651,2986,1001323,998501,7539,6314,1,1000224,1000358,40,3407,2560,7899,1024,9,4
4977,1271737861,3034431332,0,0,0,0,1000000,1000000,1000000,0,1001529,998536,651,2986,1001323,998501,7539,6314,1,1000224,1000358,40,3407,2560,7899,2048,9,4
4978,1272286985,3035698907,0,0,0,0,1000000,1000000,1000000,0,1001529,998538,550,2922,1001328,998479,7156,6819,1,1000224,1000358,157,2940,2567,7900,3072,9,4
4979,1272346661,3035845236,0,0,0,0,1000000,1000000,1000000,0,1001529,998538,550,2922,1001328,998479,7156,6819,1,1000224,1000358,157,2940,2567,7900,4096,9,4
4980,1272448073,3036076987,0,0,0,0,1000000,1000000,1000000,0,1001529,998538,550,2922,1001328,998479,7156,6819,1,1000224,1000358,157,2940,2567,7900,5120,9,4
4981,1272905633,3037163307,0,0,0,0,1000000,1000000,1000000,0,1001529,998540,558,2819,1001341,998447,7189,6781,0,1000224,1000357,412,2274,2579,7917,0,9,4
4982,1272970393,3037320379,0,0,0,0,1000000,1000000,1000000,0,1001529,998540,558,2819,1001341,998447,7189,6781,1,1000224,1000357,412,2274,2579,7917,0,9,4
4983,1273666492,3038859977,0,0,0,0,1000000,1000000,1000000,0,1001529,998543,444,2741,1001353,998428,6674,7278,1,1000224,1000357,647,1862,2579,7917,1024,9,4
4984,1273729578,3039013704,0,0,0,0,1000000,1000000,1000000,0,1001529,998543,444,2741,1001353,998428,6674,7278,1,1000224,1000357,647,1862,2579,7917,2048,9,4
4985,1273790441,3039162116,0,0,0,0,1000000,1000000,1000000,0,1001529,998543,444,2741,1001353,998428,6674,7278,1,1000224,1000357,647,1862,2579,7917,3072,9,4
4986,1274207158,3040165833,0,0,0,0,1000000,1000000,1000000,0,1001529,998546,306,2597,1001375,998402,5949,7750,1,1000224,1000357,1093,1307,2586,7918,4096,9,4
4987,1274266406,3040309197,0,0,0,0,1000000,1000000,1000000,0,1001529,998546,306,2597,1001375,998402,5949,7750,1,1000224,1000357,1093,1307,2586,7918,5120,9,4
4988,1274420216,3040646879,0,0,0,0,1000000,1000000,1000000,0,1001529,998546,306,2597,1001375,998402,5949,7750,1,1000224,1000357,1093,1307,2586,7918,6144,9,4
4989,1274831943,3041619459,0,0,0,0,1000000,1000000,1000000,0,1001529,998550,295,2597,1001375,998405,5886,7780,1,1000224,1000357,1093,1307,2586,7918,7168,9,4
4990,1274903487,3041789352,0,0,0,0,1000000,1000000,1000000,0,1001529,998550,295,2597,1001375,998405,5886,7780,1,1000224,1000357,1093,1307,2586,7918,8192,9,4
4991,1275225137,3042559021,0,0,0,0,1000000,1000000,1000000,0,1001529,998552,295,2597,1001375,998407,5886,7780,1,1000224,1000357,1093,1307,2586,7918,9216,9,4
4992,1275396672,3042931808,0,0,0,0,1000000,1000000,1000000,0,1001529,998552,295,2597,1001375,998407,5886,7780,1,1000224,1000357,1093,1307,2586,7918,10240,9,4
4993,1275815376,3043895447,0,0,0,0,1000000,1000000,1000000,0,1001529,998555,295,2597,1001375,998409,5886,7780,1,1000224,1000357,1093,1307,2586,7918,11264,9,4
4994,1275893631,3044074276,0,0,0,0,1000000,1000000,1000000,0,1001529,998555,295,2597,1001375,998409,5886,7780,1,1000224,1000357,1093,1307,2586,7918,12288,9,4
4995,1276241205,3044902717,0,0,0,0,1000000,1000000,1000000,0,1001529,998557,321,2597,1001375,998411,6032,7705,1,1000224,1000357,1093,1307,2586,7918,13312,9,4
4996,1276383689,3045216752,0,0,0,0,1000000,1000000,1000000,0,1001529,998557,321,2597,1001375,998411,6032,7705,1,1000224,1000357,1093,1307,2586,7918,14336,9,4
4997,1276771139,3046108158,0,0,0,0,1000000,1000000,1000000,0,1001529,998560,348,2597,1001375,998413,6180,7622,1,1000224,1000357,1093,1307,2586,7918,15360,9,4
4998,1276882684,3046359239,0,0,0,0,1000000,1000000,1000000,0,1001529,998560,348,2597,1001375,998413,6180,7622,1,1000224,1000357,1093,1307,2586,7918,16384,9,4
4999,1277226403,3047177028,0,0,0,0,1000000,1000000,1000000,0,1001529,998562,348,2597,1001375,998415,6180,7622,1,1000224,1000357,1093,1307,2586,7918,17408,9,4
5000,1277374133,3047501701,0,0,0,0,1000000,1000000,1000000,0,1001529,998562,348,2597,1001375,998415,6180,7622,1,1000224,1000357,1093,1307,2586,7918,18432,9,4
5001,1277764488,3048400767,0,0,0,0,1000000,1000000,1000000,0,1001529,998565,416,2597,1001375,998417,6536,7386,1,1000224,1000357,1093,1307,2586,7918,19456,9,4
5002,1277872316,3048644174,0,0,0,0,1000000,1000000,1000000,0,1001529,998565,416,2597,1001375,998417,6536,7386,1,1000224,1000357,1093,1307,2586,7918,20480,9,4
5003,1278213765,3049457028,0,0,0,0,1000000,1000000,1000000,0,1001529,998567,552,2597,1001375,998419,7164,6809,1,1000224,1000357,1093,1307,2586,7918,21504,9,4
5004,1278364689,3049786632,0,0,0,0,1000000,1000000,1000000,0,1001529,998567,552,2597,1001375,998419,7164,6809,0,1000224,1000357,1093,1307,2586,7918,0,9,4
5005,1278792439,3050780881,0,0,0,0,1000000,1000000,1000000,0,1001529,998568,612,2597,1001375,998421,7400,6516,1,1000224,1000357,1093,1307,2586,7918,0,9,4
5006,1278855221,3050933752,0,0,0,0,1000000,1000000,1000000,0,1001529,998568,612,2597,1001375,998421,7400,6516,1,1000224,1000357,1093,1307,2586,7918,1024,9,4
5007,1279220687,3051827674,0,0,0,0,1000000,1000000,1000000,0,1001529,998570,656,2597,1001375,998423,7557,6287,1,1000224,1000357,1093,1307,2586,7918,2048,9,4
5008,1279329320,3052071592,0,0,0,0,1000000,1000000,1000000,0,1001529,998570,656,2597,1001375,998423,7557,6287,0,1000224,1000357,1093,1307,2586,7918,0,9,4
5009,1279761230,3053076752,0,0,0,0,1000000,1000000,1000000,0,1001529,998571,775,2597,1001375,998425,7896,5623,1,1000224,1000357,1093,1307,2586,7918,0,9,4
5010,1279822074,3053223767,0,0,0,0,1000000,1000000,1000000,0,1001529,998571,775,2597,1001375,998425,7896,5623,0,1000224,1000357,1093,1307,2586,7918,0,9,4
5011,1280185204,3054100353,0,0,0,0,1000000,1000000,1000000,0,1001529,998572,775,2597,1001375,998427,7896,5623,1,1000224,1000357,1093,1307,2586,7918,0,9,4
5012,1280299874,3054356530,0,0,0,0,1000000,1000000,1000000,0,1001529,998572,775,2597,1001375,998427,7896,5623,0,1000224,1000357,1093,1307,2586,7918,0,9,4
5013,1280734657,3055369090,0,0,0,0,1000000,1000000,1000000,0,1001529,998573,775,2597,1001375,998429,7896,5623,1,1000224,1000357,1093,1307,2586,7918,0,9,4
5014,1280795519,3055516208,0,0,0,0,1000000,1000000,1000000,0,1001529,998573,775,2597,1001375,998429,7896,5623,0,1000224,1000357,1093,1307,2586,7918,0,9,4
5015,1281156561,3056386858,0,0,0,0,1000000,1000000,1000000,0,1001529,998574,901,2597,1001375,998431,8118,4865,1,1000224,1000357,1093,1307,2586,7918,0,9,4
5016,1281270451,3056641477,0,0,0,0,1000000,1000000,1000000,0,1001529,998574,901,2597,1001375,998431,8118,4865,0,1000224,1000357,1093,1307,2586,7918,0,9,4
5017,1281707284,3057671470,0,0,0,0,1000000,1000000,1000000,0,1001529,998574,901,2597,1001375,998431,8118,4865,0,1000224,1000357,1093,1307,2586,7918,613,9,4
5018,1281768237,3057818941,0,0,0,0,1000000,1000000,1000000,0,1001529,998574,901,2597,1001375,998431,8118,4865,0,1000224,1000357,1093,1307,2586,7918,1226,9,4
5019,1282129373,3058689700,0,0,0,0,1000000,1000000,1000000,0,1001529,998575,901,2597,1001375,998432,8118,4865,1,1000224,1000357,1093,1307,2586,7918,0,9,4
5020,1282234451,3058926429,0,0,0,0,1000000,1000000,1000000,0,1001529,998575,901,2597,1001375,998432,8118,4865,0,1000224,1000357,1093,1307,2586,7918,0,9,4
5021,1282730257,3060108607,0,0,0,0,1000000,1000000,1000000,0,1001529,998575,961,2578,1001378,998429,8172,4491,0,1000224,1000357,1151,1249,2586,7918,613,9,4
5022,1282791205,3060255860,0,0,0,0,1000000,1000000,1000000,0,1001529,998575,961,2578,1001378,998429,8172,4491,0,1000224,1000357,1151,1249,2586,7918,1226,9,4
5023,1282968281,3060640139,0,0,0,0,1000000,1000000,1000000,0,1001529,998575,961,2578,1001378,998429,8172,4491,2,1000224,1000357,1151,1249,2586,7918,0,9,4
5024,1283393017,3061681336,0,0,0,0,1000000,1000000,1000000,0,1001529,998576,932,2507,1001389,998420,8151,4672,0,1000224,1000357,1353,1039,2579,7917,0,9,4
5025,1283455198,3061832438,0,0,0,0,1000000,1000000,1000000,0,1001529,998576,932,2507,1001389,998420,8151,4672,2,1000224,1000357,1353,1039,2579,7917,0,9,4
5026,1283940341,3063009279,0,0,0,0,1000000,1000000,1000000,0,1001529,998578,906,2462,1001397,998415,8124,4834,2,1000224,1000357,1510,902,2579,7917,1024,9,4
5027,1284002123,3063159334,0,0,0,0,1000000,1000000,1000000,0,1001529,998578,906,2462,1001397,998415,8124,4834,2,1000224,1000357,1510,902,2579,7917,2048,9,4
5028,1284155465,3063496325,0,0,0,0,1000000,1000000,1000000,0,1001529,998578,906,2462,1001397,998415,8124,4834,2,1000224,1000357,1510,902,2579,7917,3072,9,4
5029,1284582785,3064553251,0,0,0,0,1000000,1000000,1000000,0,1001529,998581,865,2405,1001409,998409,8070,5085,2,1000224,1000357,1745,726,2579,7917,4096,9,4
5030,1284645902,3064707050,0,0,0,0,1000000,1000000,1000000,0,1001529,998581,865,2405,1001409,998409,8070,5085,2,1000224,1000357,1745,726,2579,7917,5120,9,4
5031,1285176083,3065978249,0,0,0,0,1000000,1000000,1000000,0,1001529,998584,843,2362,1001419,998404,8035,5219,2,1000224,1000357,1951,605,2586,7918,6144,9,4
5032,1285238940,3066131111,0,0,0,0,1000000,1000000,1000000,0,1001529,998584,843,2362,1001419,998404,8035,5219,2,1000224,1000357,1951,605,2586,7918,7168,9,4
5033,1285335894,3066352494,0,0,0,0,1000000,1000000,1000000,0,1001529,998584,843,2362,1001419,998404,8035,5219,2,1000224,1000357,1951,605,2586,7918,8192,9,4
5034,1285787538,3067443697,0,0,0,0,1000000,1000000,1000000,0,1001529,998589,752,2301,1001436,998398,7841,5756,2,1000224,1000357,2274,412,2579,7917,9216,9,4
5035,1285849367,3067593867,0,0,0,0,1000000,1000000,1000000,0,1001529,998589,752,2301,1001436,998398,7841,5756,2,1000224,1000357,2274,412,2579,7917,10240,9,4
5036,1286391283,3068853061,0,0,0,0,1000000,1000000,1000000,0,1001529,998593,710,2262,1001448,998395,7725,5994,2,1000224,1000357,2509,314,2579,7917,11264,9,4
5037,1286452590,3069001458,0,0,0,0,1000000,1000000,1000000,0,1001529,998593,710,2262,1001448,998395,7725,5994,2,1000224,1000357,2509,314,2579,7917,12288,9,4
5038,1286542094,3069208670,0,0,0,0,1000000,1000000,1000000,0,1001529,998593,710,2262,1001448,998395,7725,5994,2,1000224,1000357,2509,314,2579,7917,13312,9,4
5039,1287022250,3070351152,0,0,0,0,1000000,1000000,1000000,0,1001529,998601,597,2203,1001468,998392,7344,6591,2,1000224,1000358,2907,176,2574,7902,14336,9,4
5040,1287084850,3070503121,0,0,0,0,1000000,1000000,1000000,0,1001529,998601,597,2203,1001468,998392,7344,6591,2,1000224,1000358,2907,176,2574,7902,15360,9,4
5041,1287279388,3070922374,0,0,0,0,1000000,1000000,1000000,0,1001529,998601,597,2203,1001468,998392,7344,6591,2,1000224,1000358,2907,176,2574,7902,16384,9,4
5042,1287913826,3072346265,0,0,0,0,1000000,1000000,1000000,0,1001529,998611,393,2140,1001492,998396,6418,7470,2,1000224,1000359,3368,60,2542,7899,17408,9,4
5043,1287975373,3072495471,0,0,0,0,1000000,1000000,1000000,0,1001529,998611,393,2140,1001492,998396,6418,7470,2,1000224,1000359,3368,60,2542,7899,18432,9,4
5044,1288037347,3072646985,0,0,0,0,1000000,1000000,1000000,0,1001529,998611,393,2140,1001492,998396,6418,7470,2,1000224,1000359,3368,60,2542,7899,19456,9,4
5045,1288637664,3073995919,0,0,0,0,1000000,1000000,1000000,0,1001529,998624,189,2075,1001518,998404,5266,8022,2,1000224,1000360,3880,0,2531,7882,20480,9,4
5046,1288700262,3074147848,0,0,0,0,1000000,1000000,1000000,0,1001529,998624,189,2075,1001518,998404,5266,8022,2,1000224,1000360,3880,0,2531,7882,21504,9,4
5047,1288789766,3074349805,0,0,0,0,1000000,1000000,1000000,0,1001529,998624,189,2075,1001518,998404,5266,8022,2,1000224,1000360,3880,0,2531,7882,22528,9,4
5048,1289644291,3076174392,0,0,0,0,1000000,1000000,1000000,0,1001529,998638,4081,2007,1001546,998416,4001,8191,2,1000224,1000361,4430,0,2513,7882,23552,9,4
5049,1289684883,3076275984,0,0,0,0,1000000,1000000,1000000,0,1001529,998638,4081,2007,1001546,998416,4001,8191,2,1000224,1000361,4430,0,2513,7882,24576,9,4
5050,1289723065,3076374199,0,0,0,0,1000000,1000000,1000000,0,1001529,998638,4081,2007,1001546,998416,4001,8191,2,1000224,1000361,4430,0,2513,7882,25600,9,4
5051,1289841466,3076634739,0,0,0,0,1000000,1000000,1000000,0,1001529,998638,4081,2007,1001546,998416,4001,8191,2,1000224,1000361,4430,0,2513,7882,26624,9,4
5052,1290454831,3078033829,0,0,0,0,1000000,1000000,1000000,0,1001524,998656,3809,1905,1001582,998441,2350,7801,2,1000224,1000362,5204,139,2487,7881,27648,9,4
5053,1290494693,3078132525,0,0,0,0,1000000,1000000,1000000,0,1001524,998656,3809,1905,1001582,998441,2350,7801,2,1000224,1000362,5204,139,2487,7881,28672,9,4
5054,1290591510,3078348460,0,0,0,0,1000000,1000000,1000000,0,1001524,998656,3809,1905,1001582,998441,2350,7801,2,1000224,1000362,5204,139,2487,7881,29696,9,4
5055,1291629400,3080568163,0,0,0,0,1000000,1000000,1000000,0,1001516,998667,3605,1828,1001587,998500,1294,7084,2,1000224,1000345,5724,321,2481,7873,30720,9,4
5056,1291672825,3080675861,0,0,0,0,1000000,1000000,1000000,0,1001516,998667,3605,1828,1001587,998500,1294,7084,2,1000224,1000345,5724,321,2481,7873,31744,9,4
5057,1291710640,3080771356,0,0,0,0,1000000,1000000,1000000,0,1001516,998667,3605,1828,1001587,998500,1294,7084,2,1000224,1000345,5724,321,2481,7873,0,9,4
5058,1291749598,3080870043,0,0,0,0,1000000,1000000,1000000,0,1001516,998667,3605,1828,1001587,998500,1294,7084,2,1000224,1000345,5724,321,2481,7873,1024,9,4
5059,1292502735,3082568665,0,0,0,0,1000000,1000000,1000000,0,1001500,998678,3434,1773,1001586,998524,615,6255,2,1000224,1000344,6042,481,2467,7866,2048,9,4
5060,1292542593,3082668771,0,0,0,0,1000000,1000000,1000000,0,1001500,998678,3434,1773,1001586,998524,615,6255,2,1000224,1000344,6042,481,2467,7866,3072,9,4
5061,1292575392,3082754206,0,0,0,0,1000000,1000000,1000000,0,1001500,998678,3434,1773,1001586,998524,615,6255,2,1000224,1000344,6042,481,2467,7866,4096,9,4
5062,1292646493,3082918322,0,0,0,0,1000000,1000000,1000000,0,1001500,998678,3434,1773,1001586,998524,615,6255,2,1000224,1000344,6042,481,2467,7866,5120,9,4
5063,1293580051,3084963626,0,0,0,0,1000000,1000000,1000000,0,1001485,998689,3505,1758,1001575,998536,870,6620,2,1000224,1000346,6119,525,2449,7848,6144,9,4
5064,1293619684,3085063173,0,0,0,0,1000000,1000000,1000000,0,1001485,998689,3505,1758,1001575,998536,870,6620,2,1000224,1000346,6119,525,2449,7848,7168,9,4
5065,1293652509,3085148716,0,0,0,0,1000000,1000000,1000000,0,1001485,998689,3505,1758,1001575,998536,870,6620,2,1000224,1000346,6119,525,2449,7848,8192,9,4
5066,1293689436,3085245070,0,0,0,0,1000000,1000000,1000000,0,1001485,998689,3505,1758,1001575,998536,870,6620,2,1000224,1000346,6119,525,2449,7848,9216,9,4
5067,1294473458,3086991127,0,0,0,0,1000000,1000000,1000000,0,1001470,998701,3505,1758,1001567,998536,870,6620,2,1000224,1000352,6120,530,2450,7854,10240,9,4
5068,1294511555,3087088598,0,0,0,0,1000000,1000000,1000000,0,1001470,998701,3505,1758,1001567,998536,870,6620,2,1000224,1000352,6120,530,2450,7854,11264,9,4
5069,1294544919,3087174645,0,0,0,0,1000000,1000000,1000000,0,1001470,998701,3505,1758,1001567,998536,870,6620,2,1000224,1000352,6120,530,2450,7854,12288,9,4
5070,1294689297,3087488216,0,0,0,0,1000000,1000000,1000000,0,1001470,998701,3505,1758,1001567,998536,870,6620,2,1000224,1000352,6120,530,2450,7854,13312,9,4
5071,1295606080,3089488552,0,0,0,0,1000000,1000000,1000000,0,1001457,998714,3698,1758,1001559,998539,1747,7452,2,1000224,1000357,6122,523,2438,7852,14336,9,4
5072,1295644205,3089586177,0,0,0,0,1000000,1000000,1000000,0,1001457,998714,3698,1758,1001559,998539,1747,7452,2,1000224,1000357,6122,523,2438,7852,15360,9,4
5073,1295677684,3089672603,0,0,0,0,1000000,1000000,1000000,0,1001457,998714,3698,1758,1001559,998539,1747,7452,2,1000224,1000357,6122,523,2438,7852,16384,9,4
5074,1295716867,3089773169,0,0,0,0,1000000,1000000,1000000,0,1001457,998714,3698,1758,1001559,998539,1747,7452,2,1000224,1000357,6122,523,2438,7852,17408,9,4
5075,1296498759,3091506018,0,0,0,0,1000000,1000000,1000000,0,1001447,998729,3698,1758,1001550,998548,1747,7452,2,1000224,1000359,6122,528,2446,7861,18432,9,4
5076,1296539616,3091609627,0,0,0,0,1000000,1000000,1000000,0,1001447,998729,3698,1758,1001550,998548,1747,7452,2,1000224,1000359,6122,528,2446,7861,19456,9,4
5077,1296572455,3091695190,0,0,0,0,1000000,1000000,1000000,0,1001447,998729,3698,1758,1001550,998548,1747,7452,2,1000224,1000359,6122,528,2446,7861,20480,9,4
5078,1296740881,3092058112,0,0,0,0,1000000,1000000,1000000,0,1001447,998729,3698,1758,1001550,998548,1747,7452,2,1000224,1000359,6122,528,2446,7861,21504,9,4
5079,1297853839,3094413675,0,0,0,0,1000000,1000000,1000000,0,1001439,998747,3839,1757,1001543,998561,2523,7877,2,1000224,1000361,6133,520,2439,7849,22528,9,4
5080,1297892208,3094512147,0,0,0,0,1000000,1000000,1000000,0,1001439,998747,3839,1757,1001543,998561,2523,7877,2,1000224,1000361,6133,520,2439,7849,23552,9,4
5081,1297925543,3094598172,0,0,0,0,1000000,1000000,1000000,0,1001439,998747,3839,1757,1001543,998561,2523,7877,2,1000224,1000361,6133,520,2439,7849,24576,9,4
5082,1297962319,3094693321,0,0,0,0,1000000,1000000,1000000,0,1001439,998747,3839,1757,1001543,998561,2523,7877,2,1000224,1000361,6133,520,2439,7849,25600,9,4
5083,1298061912,3094914295,0,0,0,0,1000000,1000000,1000000,0,1001439,998747,3839,1757,1001543,998561,2523,7877,2,1000224,1000361,6133,520,2439,7849,26624,9,4
5084,1298835791,3096627890,0,0,0,0,1000000,1000000,1000000,0,1001430,998768,3869,1758,1001535,998577,2698,7946,2,1000224,1000363,6123,528,2439,7856,27648,9,4
5085,1298870842,3096718364,0,0,0,0,1000000,1000000,1000000,0,1001430,998768,3869,1758,1001535,998577,2698,7946,2,1000224,1000363,6123,528,2439,7856,28672,9,4
5086,1298907224,3096812666,0,0,0,0,1000000,1000000,1000000,0,1001430,998768,3869,1758,1001535,998577,2698,7946,2,1000224,1000363,6123,528,2439,7856,29696,9,4
5087,1299088040,3097199255,0,0,0,0,1000000,1000000,1000000,0,1001430,998768,3869,1758,1001535,998577,2698,7946,2,1000224,1000363,6123,528,2439,7856,30720,9,4
5088,1299991703,3099159184,0,0,0,0,1000000,1000000,1000000,0,1001424,998786,3877,1768,1001526,998590,2745,7963,2,1000224,1000365,6064,498,2440,7846,31744,9,4
5089,1300026857,3099249971,0,0,0,0,1000000,1000000,1000000,0,1001424,998786,3877,1768,1001526,998590,2745,7963,2,1000224,1000365,6064,498,2440,7846,0,9,4
5090,1300063202,3099344156,0,0,0,0,1000000,1000000,1000000,0,1001424,998786,3877,1768,1001526,998590,2745,7963,2,1000224,1000365,6064,498,2440,7846,1024,9,4
5091,1300122315,3099484176,0,0,0,0,1000000,1000000,1000000,0,1001424,998786,3877,1768,1001526,998590,2745,7963,2,1000224,1000365,6064,498,2440,7846,2048,9,4
5092,1300871218,3101139958,0,0,0,0,1000000,1000000,1000000,0,1001418,998804,3888,1804,1001510,998603,2811,7985,2,1000224,1000365,5865,398,2440,7846,3072,9,4
5093,1300906539,3101231421,0,0,0,0,1000000,1000000,1000000,0,1001418,998804,3888,1804,1001510,998603,2811,7985,2,1000224,1000365,5865,398,2440,7846,4096,9,4
5094,1300942894,3101325667,0,0,0,0,1000000,1000000,1000000,0,1001418,998804,3888,1804,1001510,998603,2811,7985,2,1000224,1000365,5865,398,2440,7846,5120,9,4
5095,1301761111,3103100077,0,0,0,0,1000000,1000000,1000000,0,1001415,998817,3954,1873,1001484,998609,3211,8094,2,1000224,1000370,5427,202,2341,7808,6144,9,4
5096,1301797497,3103194383,0,0,0,0,1000000,1000000,1000000,0,1001415,998817,3954,1873,1001484,998609,3211,8094,2,1000224,1000370,5427,202,2341,7808,7168,9,4
5097,1301832571,3103284970,0,0,0,0,1000000,1000000,1000000,0,1001415,998817,3954,1873,1001484,998609,3211,8094,2,1000224,1000370,5427,202,2341,7808,8192,9,4
5098,1301919871,3103482830,0,0,0,0,1000000,1000000,1000000,0,1001415,998817,3954,1873,1001484,998609,3211,8094,2,1000224,1000370,5427,202,2341,7808,9216,9,4
5099,1302593942,3104960865,0,0,0,0,1000000,1000000,1000000,0,1001412,998836,4029,1958,1001449,998623,3676,8169,2,1000224,1000379,4809,62,2193,7738,10240,9,4
5100,1302630289,3105055052,0,0,0,0,1000000,1000000,1000000,0,1001412,998836,4029,1958,1001449,998623,3676,8169,2,1000224,1000379,4809,62,2193,7738,11264,9,4
5101,1302690287,3105196537,0,0,0,0,1000000,1000000,1000000,0,1001412,998836,4029,1958,1001449,998623,3676,8169,2,1000224,1000379,4809,62,2193,7738,12288,9,4
5102,1303347803,3106636377,0,0,0,0,1000000,1000000,1000000,0,1001410,998850,4017,1994,1001432,998637,3601,8161,2,1000224,1000383,4528,21,2121,7702,13312,9,4
5103,1303383099,3106727631,0,0,0,0,1000000,1000000,1000000,0,1001410,998850,4017,1994,1001432,998637,3601,8161,2,1000224,1000383,4528,21,2121,7702,14336,9,4
5104,1303462926,3106910262,0,0,0,0,1000000,1000000,1000000,0,1001410,998850,4017,1994,1001432,998637,3601,8161,2,1000224,1000383,4528,21,2121,7702,15360,9,4
5105,1303981688,3108076960,0,0,0,0,1000000,1000000,1000000,0,1001409,998864,4041,2017,1001421,998652,3751,8177,2,1000224,1000386,4345,0,2067,7666,16384,9,4
5106,1304019173,3108173478,0,0,0,0,1000000,1000000,1000000,0,1001409,998864,4041,2017,1001421,998652,3751,8177,2,1000224,1000386,4345,0,2067,7666,17408,9,4
5107,1304232082,3108623966,0,0,0,0,1000000,1000000,1000000,0,1001409,998864,4041,2017,1001421,998652,3751,8177,2,1000224,1000386,4345,0,2067,7666,18432,9,4
5108,1304806188,3109880773,0,0,0,0,1000000,1000000,1000000,0,1001407,998878,4024,2017,1001419,998666,3645,8166,2,1000224,1000386,4345,0,2067,7666,19456,9,4
5109,1304840348,3109968318,0,0,0,0,1000000,1000000,1000000,0,1001407,998878,4024,2017,1001419,998666,3645,8166,2,1000224,1000386,4345,0,2067,7666,20480,9,4
5110,1305012419,3110337658,0,0,0,0,1000000,1000000,1000000,0,1001407,998878,4024,2017,1001419,998666,3645,8166,2,1000224,1000386,4345,0,2067,7666,21504,9,4
5111,1305464868,3111359041,0,0,0,0,1000000,1000000,1000000,0,1001406,998892,4024,2017,1001418,998680,3645,8166,2,1000224,1000386,4345,0,2067,7666,22528,9,4
5112,1305514434,3111480126,0,0,0,0,1000000,1000000,1000000,0,1001406,998892,4024,2017,1001418,998680,3645,8166,2,1000224,1000386,4345,0,2067,7666,23552,9,4
5113,1306079939,3112710727,0,0,0,0,1000000,1000000,1000000,0,1001405,998901,4073,2017,1001417,998689,3951,8189,2,1000224,1000386,4345,0,2067,7666,24576,9,4
5114,1306116894,3112805805,0,0,0,0,1000000,1000000,1000000,0,1001405,998901,4073,2017,1001417,998689,3951,8189,2,1000224,1000386,4345,0,2067,7666,25600,9,4
5115,1306299020,3113193833,0,0,0,0,1000000,1000000,1000000,0,1001405,998901,4073,2017,1001417,998689,3951,8189,2,1000224,1000386,4345,0,2067,7666,26624,9,4
5116,1306759341,3114233691,0,0,0,0,1000000,1000000,1000000,0,1001405,998915,4073,2017,1001417,998703,3951,8189,2,1000224,1000386,4345,0,2067,7666,27648,9,4
5117,1306800797,3114336290,0,0,0,0,1000000,1000000,1000000,0,1001405,998915,4073,2017,1001417,998703,3951,8189,2,1000224,1000386,4345,0,2067,7666,28672,9,4
5118,1307388609,3115618451,0,0,0,0,1000000,1000000,1000000,0,1001404,998924,4073,2017,1001416,998712,3951,8189,2,1000224,1000386,4345,0,2067,7666,29696,9,4
5119,1307423336,3115707432,0,0,0,0,1000000,1000000,1000000,0,1001404,998924,4073,2017,1001416,998712,3951,8189,2,1000224,1000386,4345,0,2067,7666,30720,9,4
5120,1307582198,3116050016,0,0,0,0,1000000,1000000,1000000,0,1001404,998924,4073,2017,1001416,998712,3951,8189,2,1000224,1000386,4345,0,2067,7666,31744,9,4
5121,1308020889,3117026658,0,0,0,0,1000000,1000000,1000000,0,1001405,998939,16,2017,1001417,998727,4197,8191,2,1000224,1000386,4345,0,2067,7666,0,9,4
5122,1308092894,3117192482,0,0,0,0,1000000,1000000,1000000,0,1001405,998939,16,2017,1001417,998727,4197,8191,2,1000224,1000386,4345,0,2067,7666,1024,9,4
5123,1308656085,3118413011,0,0,0,0,1000000,1000000,1000000,0,1001405,998948,24,2017,1001417,998736,4247,8189,2,1000224,1000386,4345,0,2067,7666,2048,9,4
5124,1308695536,3118513130,0,0,0,0,1000000,1000000,1000000,0,1001405,998948,24,2017,1001417,998736,4247,8189,2,1000224,1000386,4345,0,2067,7666,3072,9,4
5125,1308880301,3118906212,0,0,0,0,1000000,1000000,1000000,0,1001405,998948,24,2017,1001417,998736,4247,8189,2,1000224,1000386,4345,0,2067,7666,4096,9,4
5126,1309328058,3119906496,0,0,0,0,1000000,1000000,1000000,0,1001405,998962,28,2017,1001417,998750,4272,8188,2,1000224,1000386,4345,0,2067,7666,5120,9,4
5127,1309388327,3120048641,0,0,0,0,1000000,1000000,1000000,0,1001405,998962,28,2017,1001417,998750,4272,8188,1,1000224,1000386,4345,0,2067,7666,15360,9,4
5128,1309961421,3121309162,0,0,0,0,1000000,1000000,1000000,0,1001406,998965,28,2017,1001418,998757,4272,8188,1,1000224,1000386,4345,0,2067,7666,16384,9,4
5129,1309996920,3121399759,0,0,0,0,1000000,1000000,1000000,0,1001406,998965,28,2017,1001418,998757,4272,8188,1,1000224,1000386,4345,0,2067,7666,17408,9,4
5130,1310165362,3121762384,0,0,0,0,1000000,1000000,1000000,0,1001406,998965,28,2017,1001418,998757,4272,8188,1,1000224,1000386,4345,0,2067,7666,18432,9,4
5131,1310629018,3122813672,0,0,0,0,1000000,1000000,1000000,0,1001406,998969,48,2017,1001418,998764,4397,8181,1,1000224,1000386,4345,0,2067,7666,19456,9,4
5132,1310668026,3122913287,0,0,0,0,1000000,1000000,1000000,0,1001406,998969,48,2017,1001418,998764,4397,8181,1,1000224,1000386,4345,0,2067,7666,20480,9,4
5133,1311236987,3124168160,0,0,0,0,1000000,1000000,1000000,0,1001406,998972,48,2017,1001418,998768,4397,8181,1,1000224,1000386,4345,0,2067,7666,21504,9,4
5134,1311275970,3124267717,0,0,0,0,1000000,1000000,1000000,0,1001406,998972,48,2017,1001418,998768,4397,8181,1,1000224,1000386,4345,0,2067,7666,22528,9,4
5135,1311439488,3124618555,0,0,0,0,1000000,1000000,1000000,0,1001406,998972,48,2017,1001418,998768,4397,8181,1,1000224,1000386,4345,0,2067,7666,23552,9,4
5136,1311898336,3125666598,0,0,0,0,1000000,1000000,1000000,0,1001406,998976,48,2017,1001418,998773,4397,8181,1,1000224,1000386,4345,0,2067,7666,24576,9,4
5137,1311935712,3125761007,0,0,0,0,1000000,1000000,1000000,0,1001406,998976,48,2017,1001418,998773,4397,8181,1,1000224,1000386,4345,0,2067,7666,25600,9,4
5138,1312496582,3126983583,0,0,0,0,1000000,1000000,1000000,0,1001407,998979,81,2017,1001419,998776,4603,8161,1,1000224,1000386,4345,0,2067,7666,26624,9,4
5139,1312531786,3127073164,0,0,0,0,1000000,1000000,1000000,0,1001407,998979,81,2017,1001419,998776,4603,8161,1,1000224,1000386,4345,0,2067,7666,27648,9,4
5140,1312719848,3127474758,0,0,0,0,1000000,1000000,1000000,0,1001407,998979,81,2017,1001419,998776,4603,8161,1,1000224,1000386,4345,0,2067,7666,28672,9,4
5141,1313166581,3128481049,0,0,0,0,1000000,1000000,1000000,0,1001407,998983,81,2017,1001419,998780,4603,8161,1,1000224,1000386,4345,0,2067,7666,29696,9,4
5142,1313223685,3128617218,0,0,0,0,1000000,1000000,1000000,0,1001407,998983,81,2017,1001419,998780,4603,8161,1,1000224,1000386,4345,0,2067,7666,30720,9,4
5143,1313777365,3129826441,0,0,0,0,1000000,1000000,1000000,0,1001407,998984,81,2017,1001419,998782,4603,8161,1,1000224,1000386,4345,0,2067,7666,31744,9,4
5144,1313815908,3129924730,0,0,0,0,1000000,1000000,1000000,0,1001407,998984,81,2017,1001419,998782,4603,8161,1,1000224,1000386,4345,0,2067,7666,32768,9,4
5145,1314006746,3130330915,0,0,0,0,1000000,1000000,1000000,0,1001407,998984,81,2017,1001419,998782,4603,8161,1,1000224,1000386,4345,0,2067,7666,33792,9,4
5146,1314466819,3131371059,0,0,0,0,1000000,1000000,1000000,0,1001408,998989,81,2017,1001420,998786,4603,8161,1,1000224,1000386,4345,0,2067,7666,34816,9,4
5147,1314507883,3131473360,0,0,0,0,1000000,1000000,1000000,0,1001408,998989,81,2017,1001420,998786,4603,8161,1,1000224,1000386,4345,0,2067,7666,35840,9,4
5148,1315070663,3132698443,0,0,0,0,1000000,1000000,1000000,0,1001408,998991,81,2017,1001420,998788,4603,8161,1,1000224,1000386,4345,0,2067,7666,36864,9,4
5149,1315105942,3132788647,0,0,0,0,1000000,1000000,1000000,0,1001408,998991,81,2017,1001420,998788,4603,8161,1,1000224,1000386,4345,0,2067,7666,37888,9,4
5150,1315292250,3133187118,0,0,0,0,1000000,1000000,1000000,0,1001408,998991,81,2017,1001420,998788,4603,8161,1,1000224,1000386,4345,0,2067,7666,38912,9,4
5151,1315746999,3134213535,0,0,0,0,1000000,1000000,1000000,0,1001409,998995,81,2017,1001421,998792,4603,8161,1,1000224,1000386,4345,0,2067,7666,39936,9,4
5152,1315794097,3134329567,0,0,0,0,1000000,1000000,1000000,0,1001409,998995,81,2017,1001421,998792,4603,8161,1,1000224,1000386,4345,0,2067,7666,40960,9,4
5153,1316374144,3135614473,0,0,0,0,1000000,1000000,1000000,0,1001409,998998,81,2017,1001421,998795,4603,8161,26,1000224,1000386,4345,0,2067,7666,0,9,4
5154,1316412941,3135712819,0,0,0,0,1000000,1000000,1000000,0,1001409,998998,81,2017,1001421,998795,4603,8161,26,1000224,1000386,4345,0,2067,7666,0,9,4
5155,1316566820,3136043277,0,0,0,0,1000000,1000000,1000000,0,1001409,998998,81,2017,1001421,998795,4603,8161,26,1000224,1000386,4345,0,2067,7666,0,9,4
5156,1317032696,3137093243,0,0,0,0,1000000,1000000,1000000,0,1001410,999002,81,2017,1001422,998799,4603,8161,26,1000224,1000386,4345,0,2067,7666,0,9,4
5157,1317069322,3137185730,0,0,0,0,1000000,1000000,1000000,0,1001410,999002,81,2017,1001422,998799,4603,8161,26,1000224,1000386,4345,0,2067,7666,0,9,4
5158,1317654583,3138482139,0,0,0,0,1000000,1000000,1000000,0,1001410,999005,81,2017,1001422,998802,4603,8161,26,1000224,1000386,4345,0,2067,7666,0,9,4
5159,1317689871,3138571452,0,0,0,0,1000000,1000000,1000000,0,1001410,999005,81,2017,1001422,998802,4603,8161,26,1000224,1000386,4345,0,2067,7666,0,9,4
5160,1317841651,3138899470,0,0,0,0,1000000,1000000,1000000,0,1001410,999005,81,2017,1001422,998802,4603,8161,26,1000224,1000386,4345,0,2067,7666,0,9,4
5161,1318288717,3139901314,0,0,0,0,1000000,1000000,1000000,0,1001410,999009,81,2017,1001422,998806,4603,8161,26,1000224,1000386,4345,0,2067,7666,0,9,4
5162,1318348369,3140041942,0,0,0,0,1000000,1000000,1000000,0,1001410,999009,81,2017,1001422,998806,4603,8161,26,1000224,1000386,4345,0,2067,7666,0,9,4
5163,1318902128,3141240486,0,0,0,0,1000000,1000000,1000000,0,1001411,999011,81,2017,1001423,998808,4603,8161,26,1000224,1000386,4345,0,2067,7666,0,9,4
5164,1318940671,3141337865,0,0,0,0,1000000,1000000,1000000,0,1001411,999011,81,2017,1001423,998808,4603,8161,26,1000224,1000386,4345,0,2067,7666,0,9,4
5165,1319137866,3141755633,0,0,0,0,1000000,1000000,1000000,0,1001411,999011,81,2017,1001423,998808,4603,8161,26,1000224,1000386,4345,0,2067,7666,0,9,4
5166,1319578792,3142738848,0,0,0,0,1000000,1000000,1000000,0,1001411,999015,81,2017,1001423,998812,4603,8161,26,1000224,1000386,4345,0,2067,7666,0,9,4
5167,1319648555,3142898094,0,0,0,0,1000000,1000000,1000000,0,1001411,999015,81,2017,1001423,998812,4603,8161,26,1000224,1000386,4345,0,2067,7666,0,9,4
5168,1320202881,3144096063,0,0,0,0,1000000,1000000,1000000,0,1001411,999017,81,2017,1001423,998814,4603,8161,26,1000224,1000386,4345,0,2067,7666,0,9,4
5169,1320237922,3144184500,0,0,0,0,1000000,1000000,1000000,0,1001411,999017,81,2017,1001423,998814,4603,8161,26,1000224,1000386,4345,0,2067,7666,0,9,4
5170,1320438904,3144611822,0,0,0,0,1000000,1000000,1000000,0,1001411,999017,81,2017,1001423,998814,4603,8161,26,1000224,1000386,4345,0,2067,7666,0,9,4
5171,1320867034,3145565400,0,0,0,0,1000000,1000000,1000000,0,1001412,999019,81,2017,1001424,998817,4603,8161,26,1000224,1000386,4345,0,2067,7666,0,9,4
5172,1320950531,3145754287,0,0,0,0,1000000,1000000,1000000,0,1001412,999019,81,2017,1001424,998817,4603,8161,26,1000224,1000386,4345,0,2067,7666,0,9,4
5173,1321499243,3146938654,0,0,0,0,1000000,1000000,1000000,0,1001412,999021,81,2017,1001424,998819,4603,8161,26,1000224,1000386,4345,0,2067,7666,0,9,4
5174,1321537774,3147036110,0,0,0,0,1000000,1000000,1000000,0,1001412,999021,81,2017,1001424,998819,4603,8161,26,1000224,1000386,4345,0,2067,7666,0,9,4
5175,1321743145,3147467993,0,0,0,0,1000000,1000000,1000000,0,1001412,999021,81,2017,1001424,998819,4603,8161,26,1000224,1000386,4345,0,2067,7666,0,9,4
5176,1322180557,3148442627,0,0,0,0,1000000,1000000,1000000,0,1001412,999023,80,2017,1001424,998822,4597,8161,26,1000224,1000386,4345,0,2067,7666,0,9,4
5177,1322254577,3148610454,0,0,0,0,1000000,1000000,1000000,0,1001412,999023,80,2017,1001424,998822,4597,8161,26,1000224,1000386,4345,0,2067,7666,0,9,4
5178,1322797995,3149785227,0,0,0,0,1000000,1000000,1000000,0,1001412,999024,81,2017,1001424,998824,4603,8161,26,1000224,1000386,4345,0,2067,7666,0,9,4
5179,1322833036,3149873667,0,0,0,0,1000000,1000000,1000000,0,1001412,999024,81,2017,1001424,998824,4603,8161,26,1000224,1000386,4345,0,2067,7666,0,9,4
5180,1323046675,3150324187,0,0,0,0,1000000,1000000,1000000,0,1001412,999024,81,2017,1001424,998824,4603,8161,26,1000224,1000386,4345,0,2067,7666,0,9,4
5181,1323482679,3151296049,0,0,0,0,1000000,1000000,1000000,0,1001412,999026,80,2017,1001424,998827,4597,8161,26,1000224,1000386,4345,0,2067,7666,0,9,4
5182,1323558331,3151466657,0,0,0,0,1000000,1000000,1000000,0,1001412,999026,80,2017,1001424,998827,4597,8161,26,1000224,1000386,4345,0,2067,7666,0,9,4
5183,1324108089,3152655488,0,0,0,0,1000000,1000000,1000000,0,1001413,999026,80,2017,1001425,998829,4597,8161,26,1000224,1000386,4345,0,2067,7666,0,9,4
5184,1324146631,3152752886,0,0,0,0,1000000,1000000,1000000,0,1001413,999026,80,2017,1001425,998829,4597,8161,26,1000224,1000386,4345,0,2067,7666,0,9,4
5185,1324349808,3153180365,0,0,0,0,1000000,1000000,1000000,0,1001413,999026,80,2017,1001425,998829,4597,8161,26,1000224,1000386,4345,0,2067,7666,0,9,4
5186,1324781777,3154144889,0,0,0,0,1000000,1000000,1000000,0,1001413,999027,80,2017,1001425,998830,4597,8161,26,1000224,1000386,4345,0,2067,7666,0,9,4
5187,1324862004,3154322801,0,0,0,0,1000000,1000000,1000000,0,1001413,999027,80,2017,1001425,998830,4597,8161,26,1000224,1000386,4345,0,2067,7666,0,9,4
5188,1325416998,3155524672,0,0,0,0,1000000,1000000,1000000,0,1001413,999028,81,2017,1001425,998831,4603,8161,26,1000224,1000386,4345,0,2067,7666,0,9,4
5189,1325442238,3155590819,0,0,0,0,1000000,1000000,1000000,0,1001413,999028,81,2017,1001425,998831,4603,8161,26,1000224,1000386,4345,0,2067,7666,0,9,4
5190,1325653526,3156036535,0,0,0,0,1000000,1000000,1000000,0,1001413,999028,81,2017,1001425,998831,4603,8161,26,1000224,1000386,4345,0,2067,7666,0,9,4
5191,1326082001,3156991703,0,0,0,0,1000000,1000000,1000000,0,1001413,999028,80,2017,1001425,998831,4597,8161,26,1000224,1000386,4345,0,2067,7666,0,9,4
5192,1326165905,3157179012,0,0,0,0,1000000,1000000,1000000,0,1001413,999028,80,2017,1001425,998831,4597,8161,26,1000224,1000386,4345,0,2067,7666,0,9,4
5193,1326707369,3158349072,0,0,0,0,1000000,1000000,1000000,0,1001413,999028,80,2017,1001425,998831,4597,8161,26,1000224,1000386,4345,0,2067,7666,0,9,4
5194,1326736102,3158424169,0,0,0,0,1000000,1000000,1000000,0,1001413,999028,80,2017,1001425,998831,4597,8161,26,1000224,1000386,4345,0,2067,7666,0,9,4
5195,1326959588,3158892721,0,0,0,0,1000000,1000000,1000000,0,1001413,999028,80,2017,1001425,998831,4597,8161,26,1000224,1000386,4345,0,2067,7666,0,9,4
5196,1327391533,3159856897,0,0,0,0,1000000,1000000,1000000,0,1001413,999028,80,2017,1001425,998831,4597,8161,26,1000224,1000386,4345,0,2067,7666,0,9,4
5197,1327471915,3160035161,0,0,0,0,1000000,1000000,1000000,0,1001413,999028,80,2017,1001425,998831,4597,8161,26,1000224,1000386,4345,0,2067,7666,0,9,4
5198,1328017120,3161214764,0,0,0,0,1000000,1000000,1000000,0,1001413,999028,81,2017,1001425,998831,4603,8161,26,1000224,1000386,4345,0,2067,7666,0,9,4
5199,1328042355,3161280889,0,0,0,0,1000000,1000000,1000000,0,1001413,999028,81,2017,1001425,998831,4603,8161,26,1000224,1000386,4345,0,2067,7666,0,9,4
5200,1328264652,3161748909,0,0,0,0,1000000,1000000,1000000,0,1001413,999028,81,2017,1001425,998831,4603,8161,26,1000224,1000386,4345,0,2067,7666,0,9,4
5201,1328704377,3162732367,0,0,0,0,1000000,1000000,1000000,0,1001413,999029,80,2017,1001425,998832,4597,8161,26,1000224,1000386,4345,0,2067,7666,0,9,4
5202,1328774298,3162891380,0,0,0,0,1000000,1000000,1000000,0,1001413,999029,80,2017,1001425,998832,4597,8161,26,1000224,1000386,4345,0,2067,7666,0,9,4
5203,1329317092,3164066766,0,0,0,0,1000000,1000000,1000000,0,1001413,999029,79,2017,1001425,998832,4590,8162,26,1000224,1000386,4345,0,2067,7666,0,9,4
5204,1329345808,3164141843,0,0,0,0,1000000,1000000,1000000,0,1001413,999029,79,2017,1001425,998832,4590,8162,26,1000224,1000386,4345,0,2067,7666,0,9,4
5205,1329566636,3164605076,0,0,0,0,1000000,1000000,1000000,0,1001413,999029,79,2017,1001425,998832,4590,8162,26,1000224,1000386,4345,0,2067,7666,0,9,4
5206,1329999919,3165574614,0,0,0,0,1000000,1000000,1000000,0,1001413,999029,79,2017,1001425,998832,4590,8162,26,1000224,1000386,4345,0,2067,7666,0,9,4
5207,1330077630,3165747540,0,0,0,0,1000000,1000000,1000000,0,1001413,999029,79,2017,1001425,998832,4590,8162,26,1000224,1000386,4345,0,2067,7666,0,9,4
5208,1330624141,3166932353,0,0,0,0,1000000,1000000,1000000,0,1001413,999029,76,2017,1001425,998832,4572,8164,26,1000224,1000386,4345,0,2067,7666,0,9,4
5209,1330649340,3166998481,0,0,0,0,1000000,1000000,1000000,0,1001413,999029,76,2017,1001425,998832,4572,8164,26,1000224,1000386,4345,0,2067,7666,0,9,4
5210,1330869046,3167461271,0,0,0,0,1000000,1000000,1000000,0,1001413,999029,76,2017,1001425,998832,4572,8164,26,1000224,1000386,4345,0,2067,7666,0,9,4
5211,1331298304,3168420569,0,0,0,0,1000000,1000000,1000000,0,1001413,999029,73,2017,1001425,998832,4553,8166,26,1000224,1000386,4345,0,2067,7666,0,9,4
5212,1331380138,3168603726,0,0,0,0,1000000,1000000,1000000,0,1001413,999029,73,2017,1001425,998832,4553,8166,26,1000224,1000386,4345,0,2067,7666,0,9,4
5213,1331933402,3169810982,0,0,0,0,1000000,1000000,1000000,0,1001413,999029,5,2017,1001425,998832,4127,8192,0,1000224,1000386,4345,0,2067,7666,0,9,4
5214,1331961340,3169883973,0,0,0,0,1000000,1000000,1000000,0,1001413,999029,5,2017,1001425,998832,4127,8192,0,1000224,1000386,4345,0,2067,7666,613,9,4
5215,1332167747,3170317437,0,0,0,0,1000000,1000000,1000000,0,1001413,999029,5,2017,1001425,998832,4127,8192,0,1000224,1000386,4345,0,2067,7666,1226,9,4
5216,1332619144,3171343643,0,0,0,0,1000000,1000000,1000000,0,1001413,999029,5,2017,1001425,998832,4127,8192,0,1000224,1000386,4345,0,2067,7666,1839,9,4
5217,1332669148,3171459897,0,0,0,0,1000000,1000000,1000000,0,1001413,999029,5,2017,1001425,998832,4127,8192,0,1000224,1000386,4345,0,2067,7666,2452,9,4
5218,1333232565,3172697959,0,0,0,0,1000000,1000000,1000000,0,1001413,999029,5,2017,1001425,998832,4127,8192,0,1000224,1000386,4345,0,2067,7666,3065,9,4
5219,1333257009,3172762036,0,0,0,0,1000000,1000000,1000000,0,1001413,999029,5,2017,1001425,998832,4127,8192,0,1000224,1000386,4345,0,2067,7666,3678,9,4
5220,1333451722,3173173633,0,0,0,0,1000000,1000000,1000000,0,1001413,999029,5,2017,1001425,998832,4127,8192,0,1000224,1000386,4345,0,2067,7666,4291,9,4
5221,1333890133,3174159492,0,0,0,0,1000000,1000000,1000000,0,1001413,999029,5,2017,1001425,998832,4127,8192,0,1000224,1000386,4345,0,2067,7666,4904,9,4
5222,1333959331,3174316085,0,0,0,0,1000000,1000000,1000000,0,1001413,999029,5,2017,1001425,998832,4127,8192,0,1000224,1000386,4345,0,2067,7666,5517,9,4
5223,1334510735,3175516038,0,0,0,0,1000000,1000000,1000000,0,1001413,999029,5,2017,1001425,998832,4127,8192,0,1000224,1000386,4345,0,2067,7666,6130,9,4
5224,1334538413,3175588102,0,0,0,0,1000000,1000000,1000000,0,1001413,999029,5,2017,1001425,998832,4127,8192,0,1000224,1000386,4345,0,2067,7666,6743,9,4
5225,1334749060,3176029808,0,0,0,0,1000000,1000000,1000000,0,1001413,999029,5,2017,1001425,998832,4127,8192,0,1000224,1000386,4345,0,2067,7666,7356,9,4
5226,1335192073,3177027203,0,0,0,0,1000000,1000000,1000000,0,1001413,999029,5,2017,1001425,998832,4127,8192,0,1000224,1000386,4345,0,2067,7666,7969,9,4
5227,1335256457,3177172249,0,0,0,0,1000000,1000000,1000000,0,1001413,999029,5,2017,1001425,998832,4127,8192,0,1000224,1000386,4345,0,2067,7666,8582,9,4
5228,1335811714,3178381997,0,0,0,0,1000000,1000000,1000000,0,1001413,999029,5,2017,1001425,998832,4127,8192,0,1000224,1000386,4345,0,2067,7666,9195,9,4
5229,1335835898,3178445131,0,0,0,0,1000000,1000000,1000000,0,1001413,999029,5,2017,1001425,998832,4127,8192,0,1000224,1000386,4345,0,2067,7666,9808,9,4
5230,1336045231,3178885980,0,0,0,0,1000000,1000000,1000000,0,1001413,999029,5,2017,1001425,998832,4127,8192,0,1000224,1000386,4345,0,2067,7666,10421,9,4
5231,1336483641,3179871373,0,0,0,0,1000000,1000000,1000000,0,1001413,999029,5,2017,1001425,998832,4127,8192,0,1000224,1000386,4345,0,2067,7666,11034,9,4
5232,1336553079,3180028440,0,0,0,0,1000000,1000000,1000000,0,1001413,999029,5,2017,1001425,998832,4127,8192,0,1000224,1000386,4345,0,2067,7666,11647,9,4
5233,1337104608,3181228665,0,0,0,0,1000000,1000000,1000000,0,1001413,999029,5,2017,1001425,998832,4127,8192,0,1000224,1000386,4345,0,2067,7666,12260,9,4
5234,1337132286,3181300723,0,0,0,0,1000000,1000000,1000000,0,1001413,999029,5,2017,1001425,998832,4127,8192,0,1000224,1000386,4345,0,2067,7666,12873,9,4
5235,1337342801,3181742171,0,0,0,0,1000000,1000000,1000000,0,1001413,999029,5,2017,1001425,998832,4127,8192,0,1000224,1000386,4345,0,2067,7666,13486,9,4
5236,1337784198,3182735508,0,0,0,0,1000000,1000000,1000000,0,1001413,999029,5,2017,1001425,998832,4127,8192,0,1000224,1000386,4345,0,2067,7666,14099,9,4
5237,1337850598,3182884609,0,0,0,0,1000000,1000000,1000000,0,1001413,999029,5,2017,1001425,998832,4127,8192,0,1000224,1000386,4345,0,2067,7666,14712,9,4
5238,1338405736,3184094508,0,0,0,0,1000000,1000000,1000000,0,1001413,999029,5,2017,1001425,998832,4127,8192,0,1000224,1000386,4345,0,2067,7666,15325,9,4
5239,1338429920,3184157717,0,0,0,0,1000000,1000000,1000000,0,1001413,999029,5,2017,1001425,998832,4127,8192,0,1000224,1000386,4345,0,2067,7666,15938,9,4
5240,1338639145,3184598357,0,0,0,0,1000000,1000000,1000000,0,1001413,999029,5,2017,1001425,998832,4127,8192,0,1000224,1000386,4345,0,2067,7666,16551,9,4
5241,1339077813,3185584860,0,0,0,0,1000000,1000000,1000000,0,1001413,999029,5,2017,1001425,998832,4127,8192,0,1000224,1000386,4345,0,2067,7666,17164,9,4
5242,1339146687,3185740814,0,0,0,0,1000000,1000000,1000000,0,1001413,999029,5,2017,1001425,998832,4127,8192,0,1000224,1000386,4345,0,2067,7666,17777,9,4
5243,1339698342,3186941337,0,0,0,0,1000000,1000000,1000000,0,1001413,999029,5,2017,1001425,998832,4127,8192,0,1000224,1000386,4345,0,2067,7666,18390,9,4
5244,1339726020,3187013408,0,0,0,0,1000000,1000000,1000000,0,1001413,999029,5,2017,1001425,998832,4127,8192,0,1000224,1000386,4345,0,2067,7666,19003,9,4
5245,1339936391,3187454516,0,0,0,0,1000000,1000000,1000000,0,1001413,999029,5,2017,1001425,998832,4127,8192,0,1000224,1000386,4345,0,2067,7666,19616,9,4
5246,1340377907,3188448167,0,0,0,0,1000000,1000000,1000000,0,1001413,999029,5,2017,1001425,998832,4127,8192,0,1000224,1000386,4345,0,2067,7666,20229,9,4
5247,1340444151,3188596961,0,0,0,0,1000000,1000000,1000000,0,1001413,999029,5,2017,1001425,998832,4127,8192,0,1000224,1000386,4345,0,2067,7666,20842,9,4
5248,1340999171,3189806238,0,0,0,0,1000000,1000000,1000000,0,1001413,999029,5,2017,1001425,998832,4127,8192,0,1000224,1000386,4345,0,2067,7666,21455,9,4
5249,1341023355,3189869416,0,0,0,0,1000000,1000000,1000000,0,1001413,999029,5,2017,1001425,998832,4127,8192,0,1000224,1000386,4345,0,2067,7666,22068,9,4
