HIERARCHY
ROOT Hips
{
	OFFSET -0.001795 -0.223333 0.028219
	CHANNELS 6 Xposition Yposition Zposition Zrotation Yrotation Xrotation 
	JOINT LeftUpLeg
	{
		OFFSET 0.069520 -0.091406 -0.006815
		CHANNELS 3 Zrotation Yrotation Xrotation
		JOINT LeftLeg
		{
			OFFSET 0.034277 -0.375199 -0.004496
			CHANNELS 3 Zrotation Yrotation Xrotation
			JOINT LeftFoot
			{
				OFFSET -0.013596 -0.397961 -0.043693
				CHANNELS 3 Zrotation Yrotation Xrotation
				JOINT LeftToe
				{
					OFFSET 0.026358 -0.055791 0.119288
					CHANNELS 3 Zrotation Yrotation Xrotation
					End Site
					{
						OFFSET 0.000000 0.000000 0.000000
					}
				}
			}
		}
	}
	JOINT RightUpLeg
	{
		OFFSET -0.067670 -0.090522 -0.004320
		CHANNELS 3 Zrotation Yrotation Xrotation
		JOINT RightLeg
		{
			OFFSET -0.038290 -0.382569 -0.008850
			CHANNELS 3 Zrotation Yrotation Xrotation
			JOINT RightFoot
			{
				OFFSET 0.015774 -0.398415 -0.042312
				CHANNELS 3 Zrotation Yrotation Xrotation
				JOINT RightToe
				{
					OFFSET -0.025372 -0.048144 0.123348
					CHANNELS 3 Zrotation Yrotation Xrotation
					End Site
					{
						OFFSET 0.000000 0.000000 0.000000
					}
				}
			}
		}
	}
	JOINT Spine
	{
		OFFSET -0.002533 0.108963 -0.026696
		CHANNELS 3 Zrotation Yrotation Xrotation
		JOINT Spine1
		{
			OFFSET 0.005487 0.135180 0.001092
			CHANNELS 3 Zrotation Yrotation Xrotation
			JOINT Spine2
			{
				OFFSET 0.001457 0.052922 0.025425
				CHANNELS 3 Zrotation Yrotation Xrotation
				JOINT Neck
				{
					OFFSET -0.002778 0.213870 -0.042857
					CHANNELS 3 Zrotation Yrotation Xrotation
					JOINT Head
					{
						OFFSET 0.005152 0.064970 0.051349
						CHANNELS 3 Zrotation Yrotation Xrotation
						End Site
						{
							OFFSET 0.000000 0.000000 0.000000
						}
					}
				}
				JOINT LeftShoulder
				{
					OFFSET 0.078845 0.121749 -0.034090
					CHANNELS 3 Zrotation Yrotation Xrotation
					JOINT LeftArm
					{
						OFFSET 0.090977 0.030469 -0.008868
						CHANNELS 3 Zrotation Yrotation Xrotation
						JOINT LeftForeArm
						{
							OFFSET 0.259612 -0.012772 -0.027456
							CHANNELS 3 Zrotation Yrotation Xrotation
							JOINT LeftHand
							{
								OFFSET 0.249234 0.008986 -0.001171
								CHANNELS 3 Zrotation Yrotation Xrotation
								End Site
								{
									OFFSET 0.000000 0.000000 0.000000
								}
							}
						}
					}
				}
				JOINT RightShoulder
				{
					OFFSET -0.081759 0.118833 -0.038615
					CHANNELS 3 Zrotation Yrotation Xrotation
					JOINT RightArm
					{
						OFFSET -0.096012 0.032551 -0.009143
						CHANNELS 3 Zrotation Yrotation Xrotation
						JOINT RightForeArm
						{
							OFFSET -0.253742 -0.013329 -0.021401
							CHANNELS 3 Zrotation Yrotation Xrotation
							JOINT RightHand
							{
								OFFSET -0.255298 0.007772 -0.005559
								CHANNELS 3 Zrotation Yrotation Xrotation
								End Site
								{
									OFFSET 0.000000 0.000000 0.000000
								}
							}
						}
					}
				}
			}
		}
	}
}
MOTION
Frames: 156
Frame Time: 0.050000
0.000000 0.861569 0.000000 -1.595267 2.809956 -13.275017 19.021619 0.819846 -9.968632 -6.354843 0.838767 32.362742 6.924399 13.375806 -3.502063 0.000000 0.000000 0.000000 -9.548799 0.017691 -11.865856 8.753175 -3.139518 41.861775 -2.859791 -2.438787 -11.238778 0.000000 0.000000 0.000000 -1.492615 -0.966915 26.397568 5.269313 -0.964282 -21.058847 -0.154490 -0.729418 24.478069 -2.131018 2.908350 -21.701366 0.000000 0.000000 0.000000 -29.835007 -10.819951 4.724898 -38.921952 -27.894449 2.228083 29.081522 -72.630189 -17.407863 0.000000 0.000000 0.000000 23.691919 12.772830 6.333135 42.983024 16.795966 -0.663939 -23.545402 68.379780 -11.651772 0.000000 0.000000 0.000000 
0.007486 0.857688 0.004511 -2.357081 2.004914 -13.490956 20.796711 0.982088 -9.241703 -8.311781 1.705673 32.616241 7.327153 13.869576 -5.471982 0.000000 0.000000 0.000000 -9.155965 0.086443 -11.941724 8.693339 -3.007636 42.707852 -2.800818 -1.911236 -11.603742 0.000000 0.000000 0.000000 -1.643845 -0.880528 25.815159 5.406960 -0.965592 -22.033983 1.043273 -0.442859 24.994725 -2.348588 3.018420 -21.079052 0.000000 0.000000 0.000000 -31.180614 -9.961566 4.273729 -38.530039 -27.605751 2.003129 25.843113 -75.907198 -15.856604 0.000000 0.000000 0.000000 22.943352 12.543606 6.130031 44.340033 16.595714 -0.777815 -21.762801 70.709494 -10.779825 0.000000 0.000000 0.000000 
0.015613 0.856981 0.008764 -2.596378 3.135754 -14.676691 19.822560 0.812420 -8.677475 -7.298746 1.120697 33.768446 7.229885 13.237845 -6.755726 0.000000 0.000000 0.000000 -10.027789 -0.107294 -9.944228 9.140136 -3.462929 42.375416 -2.780619 -2.115512 -11.412849 0.000000 0.000000 0.000000 -1.885410 -0.901873 25.632784 7.278941 -1.521475 -21.865351 -0.394828 0.223988 24.696851 -1.584721 2.785736 -22.460432 0.000000 0.000000 0.000000 -32.373343 -10.246615 3.878587 -38.576956 -27.590564 2.211615 22.480868 -75.534189 -13.490573 0.000000 0.000000 0.000000 24.393146 12.843391 6.790835 42.303448 17.570611 -0.549627 -20.898634 69.493628 -9.898633 0.000000 0.000000 0.000000 
0.023622 0.856763 0.012386 -2.478278 2.562837 -16.219103 19.817851 0.800519 -7.060133 -8.038637 1.480755 34.734734 7.377243 13.481365 -7.298626 0.000000 0.000000 0.000000 -10.267802 -0.162385 -8.596241 8.260821 -2.879591 43.201639 -2.460621 -1.276687 -10.772282 0.000000 0.000000 0.000000 -2.612137 -0.745781 25.707459 7.656032 -1.727077 -21.384785 0.178055 0.396691 24.782827 -2.226087 3.167492 -21.623608 0.000000 0.000000 0.000000 -33.272270 -9.428256 3.395068 -38.646184 -27.834080 2.298185 15.462474 -74.360795 -7.856335 0.000000 0.000000 0.000000 23.594980 14.070468 7.313486 42.658267 18.026583 -0.329626 -19.611453 70.029470 -9.194544 0.000000 0.000000 0.000000 
0.030546 0.856416 0.015460 -2.259481 2.290747 -16.552026 18.799200 0.766574 -7.103334 -7.531530 1.315118 36.119293 7.632940 14.070525 -7.531703 0.000000 0.000000 0.000000 -10.732800 -0.203573 -8.451938 7.745188 -2.547987 43.816167 -2.257473 -0.833090 -10.284526 0.000000 0.000000 0.000000 -2.921261 -0.657608 25.274948 8.036884 -1.849131 -21.466074 0.235559 1.537968 24.681682 -1.889731 3.139720 -22.256275 0.000000 0.000000 0.000000 -32.656064 -9.989270 3.361458 -39.421131 -27.175505 2.306606 8.049595 -72.651728 -2.382329 0.000000 0.000000 0.000000 23.720738 14.322303 7.744011 41.730504 19.464648 0.076814 -17.695250 68.236595 -7.517780 0.000000 0.000000 0.000000 
0.035576 0.852819 0.017803 -2.169170 2.320978 -16.996732 19.018963 0.828416 -7.496882 -8.456445 1.727360 37.944789 7.728073 14.155058 -8.202317 0.000000 0.000000 0.000000 -10.937836 -0.237430 -8.599240 7.087562 -2.263834 45.975529 -2.236397 -0.123636 -11.276330 0.000000 0.000000 0.000000 -2.933935 -0.646053 24.875810 7.979920 -1.835047 -21.499453 0.527193 1.707967 24.663521 -1.603001 2.964310 -21.832848 0.000000 0.000000 0.000000 -32.527732 -10.252841 3.470295 -39.195301 -26.873177 2.207372 0.541284 -69.968145 2.891433 0.000000 0.000000 0.000000 23.198087 15.677562 8.475548 40.569696 20.876058 0.517928 -15.635422 65.948233 -6.046364 0.000000 0.000000 0.000000 
0.038544 0.846925 0.019813 -2.103760 1.946958 -17.484276 19.172438 0.930706 -8.101441 -8.871293 2.007756 40.410288 7.938520 14.567406 -8.898336 0.000000 0.000000 0.000000 -10.841487 -0.223656 -9.300897 6.521689 -1.902580 47.985914 -2.317203 -0.282799 -11.363435 0.000000 0.000000 0.000000 -2.841968 -0.640460 24.774300 7.934765 -1.855231 -21.324198 0.510797 2.286007 24.116495 -1.066068 2.665058 -21.563727 0.000000 0.000000 0.000000 -32.201621 -11.296802 3.990450 -38.427856 -26.485936 2.102264 -2.781078 -67.002153 4.741076 0.000000 0.000000 0.000000 23.310071 16.141383 8.818642 39.646163 22.238120 0.941564 -12.071397 63.379317 -3.714574 0.000000 0.000000 0.000000 
0.039860 0.839244 0.022004 -2.351519 2.060222 -18.238812 19.703839 1.022407 -8.554191 -9.135762 2.113115 42.824381 8.021472 14.495956 -10.176694 0.000000 0.000000 0.000000 -10.914925 -0.255762 -9.315100 6.417231 -1.910632 49.381658 -2.258142 0.258204 -11.882212 0.000000 0.000000 0.000000 -2.547841 -0.698725 24.648296 8.302364 -1.982429 -21.281234 0.371091 2.472915 24.236011 -0.516826 2.370865 -21.925924 0.000000 0.000000 0.000000 -32.301668 -11.879707 4.262600 -37.697843 -26.330981 2.015358 -5.294334 -63.490580 5.881224 0.000000 0.000000 0.000000 23.444461 17.070188 9.437314 37.766709 23.716077 1.242409 -9.491337 59.702355 -2.185673 0.000000 0.000000 0.000000 
0.039756 0.831033 0.024465 -2.042109 1.571627 -19.102684 19.862071 1.092189 -8.258320 -9.450606 2.398441 44.689634 8.250957 14.888112 -11.477411 0.000000 0.000000 0.000000 -11.126156 -0.280750 -9.623134 6.032336 -1.526602 50.909984 -2.260484 0.548524 -12.165971 0.000000 0.000000 0.000000 -2.681723 -0.644740 24.488581 8.462015 -2.151106 -20.450905 0.245369 2.839410 23.915733 -0.390153 2.281212 -21.497026 0.000000 0.000000 0.000000 -33.113861 -12.309896 4.496776 -36.727001 -26.160173 1.939194 -7.242763 -59.501941 6.451085 0.000000 0.000000 0.000000 23.463391 17.618827 9.722621 36.598573 24.709076 1.479705 -6.237115 56.100886 -0.509512 0.000000 0.000000 0.000000 
0.038372 0.824688 0.027381 -2.168214 1.231476 -19.856816 20.073869 1.132042 -7.849714 -9.021586 2.229222 46.067749 8.407475 15.106766 -12.655060 0.000000 0.000000 0.000000 -10.725190 -0.243040 -9.445374 5.584334 -1.162712 51.486957 -2.259805 0.814850 -12.473081 0.000000 0.000000 0.000000 -2.308084 -0.684945 24.146615 8.243444 -2.122539 -20.198155 0.038071 2.613993 24.167197 -0.096900 2.084469 -22.443996 0.000000 0.000000 0.000000 -33.162084 -12.701980 4.943218 -36.679273 -26.181941 1.884102 -7.413400 -55.171492 6.028540 0.000000 0.000000 0.000000 23.814757 18.243632 10.020707 36.172426 24.527964 1.404304 -3.372856 52.693362 0.772837 0.000000 0.000000 0.000000 
0.036195 0.821284 0.030497 -2.142785 1.170237 -20.461286 20.057022 1.099863 -7.073056 -8.567506 1.973358 46.398300 8.475751 15.115486 -13.543975 0.000000 0.000000 0.000000 -10.533292 -0.239915 -8.763775 5.425790 -1.039006 51.991930 -2.533392 0.784796 -13.780716 0.000000 0.000000 0.000000 -2.380406 -0.666184 23.901172 8.133694 -2.102464 -20.127000 0.154336 2.177682 24.616925 -0.247324 2.088419 -22.233028 0.000000 0.000000 0.000000 -33.905809 -12.925850 5.345994 -36.204954 -25.559381 1.571178 -8.285087 -52.109589 6.111977 0.000000 0.000000 0.000000 24.108473 18.361488 9.983922 35.848160 23.553784 1.100062 -0.623158 50.886994 1.901812 0.000000 0.000000 0.000000 
0.034093 0.822005 0.033525 -2.060694 1.150019 -20.304987 20.000282 1.036611 -6.385719 -8.376182 1.874436 45.406504 8.513799 15.140267 -13.959420 0.000000 0.000000 0.000000 -10.443346 -0.230038 -8.174062 5.414087 -1.018111 51.203077 -2.757981 0.723873 -14.824915 0.000000 0.000000 0.000000 -2.649898 -0.607382 23.341454 8.654461 -2.298737 -19.845754 -0.186871 2.064291 24.316201 -0.308811 2.114946 -22.465889 0.000000 0.000000 0.000000 -34.193066 -12.403635 5.037940 -36.011735 -25.167713 1.444700 -8.346831 -49.987981 5.856784 0.000000 0.000000 0.000000 24.450485 18.311220 9.962862 36.195004 22.467378 0.843624 0.781447 49.414101 2.442427 0.000000 0.000000 0.000000 
0.032761 0.827018 0.036568 -2.034259 0.980641 -20.049263 19.694199 0.915599 -5.071285 -7.886460 1.646635 43.193799 8.535723 15.239485 -13.838078 0.000000 0.000000 0.000000 -10.035291 -0.186703 -7.436921 5.052630 -0.755313 49.759872 -2.730055 0.726134 -14.658632 0.000000 0.000000 0.000000 -2.437309 -0.610327 22.649365 8.278932 -2.166160 -19.835360 -0.153826 1.214756 24.342294 -0.519921 2.068383 -22.139500 0.000000 0.000000 0.000000 -34.145069 -11.772080 5.041267 -36.208612 -24.610989 1.150847 -8.222902 -49.532866 5.861614 0.000000 0.000000 0.000000 24.027214 18.231030 9.569733 36.851192 21.223291 0.604189 1.579479 49.113036 2.711612 0.000000 0.000000 0.000000 
0.032283 0.834282 0.039734 -1.718910 0.411661 -19.709944 19.394532 0.820270 -3.633975 -7.978628 1.813574 40.761245 8.529054 15.528466 -12.805810 0.000000 0.000000 0.000000 -9.942443 -0.160508 -6.644656 4.619161 -0.338271 47.826541 -2.514782 1.216439 -14.052798 0.000000 0.000000 0.000000 -2.630027 -0.533767 21.926588 8.342100 -2.173821 -20.042470 -0.097197 1.127658 24.234736 -1.283993 2.493296 -22.067428 0.000000 0.000000 0.000000 -34.587763 -11.066184 4.763274 -36.223997 -23.827905 0.864542 -8.180431 -48.655729 5.776046 0.000000 0.000000 0.000000 23.768195 17.734153 9.111804 37.198739 20.379531 0.408772 2.868366 48.334222 3.198000 0.000000 0.000000 0.000000 
0.032243 0.842429 0.043380 -1.615655 0.279286 -19.028538 19.095394 0.692986 -2.383233 -7.947031 1.804880 37.783362 8.477675 15.586872 -11.922908 0.000000 0.000000 0.000000 -9.834224 -0.139912 -5.932304 4.398672 -0.211159 45.571296 -2.278003 1.367867 -13.066660 0.000000 0.000000 0.000000 -2.505329 -0.520387 20.976578 8.178895 -2.067480 -20.459373 -0.169280 0.689845 24.553736 -1.634234 2.630017 -22.052136 0.000000 0.000000 0.000000 -34.626687 -10.028208 4.302015 -36.423830 -23.715305 0.729139 -7.717903 -48.557513 5.646671 0.000000 0.000000 0.000000 23.420604 17.533799 8.828411 37.016922 20.211048 0.352817 2.905497 47.571580 3.115101 0.000000 0.000000 0.000000 
0.032183 0.848418 0.047538 -1.340194 0.047351 -18.759047 18.483832 0.597087 -1.237862 -7.616472 1.683920 35.885075 8.470504 15.790524 -10.984695 0.000000 0.000000 0.000000 -9.786583 -0.133216 -5.132830 3.917515 0.090018 43.986642 -2.087804 1.607282 -12.397667 0.000000 0.000000 0.000000 -2.622540 -0.480044 20.381544 7.738060 -1.941479 -20.324011 0.156981 0.709395 24.252324 -2.240112 2.991686 -21.679342 0.000000 0.000000 0.000000 -34.940357 -9.570945 4.037020 -36.476623 -23.404505 0.638672 -7.562408 -48.654659 5.607328 0.000000 0.000000 0.000000 23.335827 17.370111 8.672089 36.527123 19.718482 0.214718 3.017424 46.971357 3.074361 0.000000 0.000000 0.000000 
0.031946 0.851842 0.051944 -1.399571 0.298325 -18.522289 18.323334 0.500173 -0.342788 -7.346871 1.508814 34.260304 8.403543 15.602216 -10.885040 0.000000 0.000000 0.000000 -9.714472 -0.144453 -4.117287 3.893560 0.013307 42.428416 -2.128333 1.460668 -12.462664 0.000000 0.000000 0.000000 -2.611170 -0.478442 19.745207 7.838887 -1.967530 -20.214207 0.014435 0.469226 24.278154 -2.615453 3.224542 -21.979586 0.000000 0.000000 0.000000 -35.104371 -8.994074 3.670821 -36.465896 -23.943936 0.780176 -6.341908 -48.425072 5.052598 0.000000 0.000000 0.000000 23.103883 17.628026 8.778054 35.881322 19.703484 0.186229 2.387199 46.146109 2.722578 0.000000 0.000000 0.000000 
0.031459 0.853447 0.055907 -1.462384 0.853202 -18.332391 18.432962 0.442560 -0.132027 -7.413663 1.451688 33.647570 8.257370 15.135913 -10.865540 0.000000 0.000000 0.000000 -9.781504 -0.172523 -3.331347 4.086859 -0.213946 41.434708 -2.246887 1.084733 -12.683403 0.000000 0.000000 0.000000 -2.831408 -0.470223 19.716782 8.010768 -1.987420 -20.404415 0.079871 0.567669 24.097378 -2.745146 3.378174 -22.208239 0.000000 0.000000 0.000000 -35.120283 -8.948173 3.431408 -36.557943 -24.152562 0.915040 -5.743976 -48.616510 4.764763 0.000000 0.000000 0.000000 23.143167 17.734881 8.967666 35.081787 19.194735 -0.011409 1.736759 45.932714 2.439997 0.000000 0.000000 0.000000 
0.030996 0.853856 0.058882 -1.662278 1.371240 -18.247322 18.687234 0.418430 -0.316961 -7.412233 1.372072 33.795742 8.119789 14.684513 -10.880136 0.000000 0.000000 0.000000 -9.645810 -0.184416 -3.081182 4.246977 -0.411592 41.388500 -2.300780 0.633783 -12.495142 0.000000 0.000000 0.000000 -2.972187 -0.475778 19.823928 8.308219 -2.058644 -20.447835 0.133432 0.784596 23.825608 -2.829583 3.531345 -23.090084 0.000000 0.000000 0.000000 -34.620801 -8.837596 3.097964 -37.111009 -24.827905 1.254601 -5.288615 -48.630771 4.517888 0.000000 0.000000 0.000000 22.895026 17.646166 9.037800 34.760149 19.428275 0.017470 1.093521 45.218039 2.164036 0.000000 0.000000 0.000000 
0.030678 0.854362 0.060794 -1.833866 2.169540 -17.823728 18.939629 0.396449 -0.976550 -7.581418 1.332738 33.836795 7.947809 14.097574 -10.929630 0.000000 0.000000 0.000000 -9.573260 -0.196641 -3.044746 4.468853 -0.697459 41.065972 -2.444366 -0.081231 -12.468214 0.000000 0.000000 0.000000 -2.866374 -0.522023 20.064656 8.016189 -1.935785 -20.473841 0.461429 0.617037 23.288286 -2.825059 3.560531 -22.875448 0.000000 0.000000 0.000000 -34.693427 -9.100891 3.100818 -37.180627 -25.437424 1.536792 -4.834157 -49.199170 4.325149 0.000000 0.000000 0.000000 22.880374 17.689783 9.151070 34.113120 19.054372 -0.097612 0.429684 45.445386 1.907313 0.000000 0.000000 0.000000 
0.030579 0.854096 0.061968 -1.904008 2.998115 -17.492932 18.929718 0.388606 -1.853790 -7.548460 1.206877 34.352407 7.803341 13.584683 -10.991190 0.000000 0.000000 0.000000 -9.850599 -0.226029 -3.266673 4.982095 -1.132313 41.247957 -2.520662 -0.669828 -12.236754 0.000000 0.000000 0.000000 -2.890454 -0.562808 20.596568 8.152164 -1.890448 -21.131577 0.583053 0.814688 23.315690 -2.827258 3.675098 -23.084616 0.000000 0.000000 0.000000 -34.497998 -9.213263 2.868729 -37.322453 -25.886784 1.772272 -5.483272 -50.499688 4.693330 0.000000 0.000000 0.000000 23.004966 17.319581 9.177942 33.669765 19.158319 -0.162135 0.312250 45.679483 1.920701 0.000000 0.000000 0.000000 
0.030587 0.854251 0.062714 -2.018458 3.861886 -16.950433 18.836239 0.386703 -2.992297 -7.382394 1.017888 34.835293 7.666894 13.117704 -10.949529 0.000000 0.000000 0.000000 -9.935148 -0.240635 -3.617668 5.320246 -1.494533 41.215764 -2.641146 -1.403261 -12.031511 0.000000 0.000000 0.000000 -2.772203 -0.625989 21.134316 8.053988 -1.819621 -21.204037 0.758886 1.045485 22.686713 -2.468396 3.544896 -22.877723 0.000000 0.000000 0.000000 -34.318606 -9.426612 2.645845 -37.724705 -26.364047 2.113973 -6.034783 -51.444189 4.967025 0.000000 0.000000 0.000000 22.747460 17.259653 9.315826 33.332271 18.750160 -0.288551 -0.005177 46.458047 1.876396 0.000000 0.000000 0.000000 
0.030542 0.854232 0.063203 -1.934167 4.387238 -16.430586 18.767978 0.396316 -3.915558 -7.562953 1.027648 35.197062 7.582873 12.873918 -10.836752 0.000000 0.000000 0.000000 -10.212555 -0.259485 -3.831283 5.622641 -1.744485 40.892767 -2.767250 -1.806939 -12.280556 0.000000 0.000000 0.000000 -2.568954 -0.694000 21.787062 7.887134 -1.714938 -21.536983 0.742973 1.286267 22.696740 -2.376650 3.574806 -22.927362 0.000000 0.000000 0.000000 -34.435107 -9.577437 2.493576 -37.644489 -26.514202 2.225345 -7.536246 -52.873849 5.807974 0.000000 0.000000 0.000000 23.017174 17.200483 9.502663 32.721962 18.396586 -0.456415 0.159498 47.348380 2.024481 0.000000 0.000000 0.000000 
0.030203 0.855710 0.063663 -1.737028 4.895988 -15.387486 18.592964 0.387897 -4.913389 -7.838669 1.102828 34.738843 7.505124 12.714691 -10.535787 0.000000 0.000000 0.000000 -10.685837 -0.276931 -4.411032 6.144598 -2.080909 40.165814 -2.841172 -2.182750 -12.264773 0.000000 0.000000 0.000000 -2.664426 -0.714836 22.349837 8.144459 -1.756687 -21.657352 0.514155 1.614521 22.354213 -1.641323 3.183363 -22.649722 0.000000 0.000000 0.000000 -33.843142 -9.406162 2.104097 -37.904405 -26.109640 2.223327 -9.888113 -54.469313 7.145519 0.000000 0.000000 0.000000 22.769286 16.946017 9.508807 32.466588 17.898090 -0.612687 0.342579 49.078811 2.271758 0.000000 0.000000 0.000000 
0.029553 0.858829 0.064323 -1.597623 5.292019 -14.381613 18.455128 0.378147 -5.780076 -8.016825 1.150060 34.133291 7.359772 12.549017 -9.742589 0.000000 0.000000 0.000000 -10.836606 -0.273381 -4.705097 6.379542 -2.220086 38.961518 -2.882728 -2.575868 -12.003678 0.000000 0.000000 0.000000 -2.356103 -0.785038 22.627324 7.669530 -1.590356 -21.638494 0.502805 1.581849 22.507210 -1.062029 2.850328 -22.868394 0.000000 0.000000 0.000000 -33.768813 -9.507778 2.094522 -37.566409 -25.211407 1.917930 -13.014018 -55.979175 9.033105 0.000000 0.000000 0.000000 22.954427 16.501324 9.382703 31.567724 17.067545 -0.879607 2.234627 50.525079 3.231069 0.000000 0.000000 0.000000 
0.028677 0.864453 0.065251 -1.363341 5.210870 -13.065075 18.351207 0.364841 -6.258891 -8.394394 1.351753 32.559564 7.240585 12.675836 -8.403679 0.000000 0.000000 0.000000 -11.116457 -0.255529 -5.089485 6.756388 -2.289641 37.090165 -2.744696 -2.528657 -11.205951 0.000000 0.000000 0.000000 -1.909969 -0.877179 23.325663 7.462083 -1.470247 -22.105440 0.037455 1.936514 22.049441 -0.377305 2.458979 -22.817517 0.000000 0.000000 0.000000 -33.326654 -8.764597 1.420397 -37.517105 -23.491991 1.467610 -18.302790 -55.765570 11.768661 0.000000 0.000000 0.000000 22.644029 15.750477 9.016117 31.028421 16.052111 -1.119992 6.288045 50.448836 5.109097 0.000000 0.000000 0.000000 
0.028019 0.872836 0.066084 -1.399663 5.030071 -11.833022 18.211686 0.327779 -6.281451 -8.265940 1.345899 30.303711 7.057277 12.770639 -6.582314 0.000000 0.000000 0.000000 -11.000662 -0.208814 -5.395986 6.998173 -2.270297 35.015740 -2.408691 -2.440819 -9.193833 0.000000 0.000000 0.000000 -1.343718 -1.005745 24.162847 6.994755 -1.254591 -22.836791 0.070550 1.924060 22.220039 0.204565 2.123824 -23.637402 0.000000 0.000000 0.000000 -33.535623 -8.041364 0.958686 -36.916606 -21.526433 0.811081 -22.729160 -55.206510 14.032528 0.000000 0.000000 0.000000 22.123136 15.034266 8.538567 30.359415 15.025177 -1.369265 9.521542 50.290603 6.564621 0.000000 0.000000 0.000000 
0.027914 0.883340 0.066749 -1.332599 4.777068 -10.038515 18.048808 0.290445 -6.562044 -8.440921 1.448537 27.438814 6.853715 12.976017 -4.181979 0.000000 0.000000 0.000000 -10.934273 -0.148032 -5.740068 7.147298 -2.139024 31.883471 -2.026524 -2.360131 -6.911391 0.000000 0.000000 0.000000 -0.808820 -1.155741 25.324144 6.816903 -1.119020 -23.669609 -0.348328 2.111465 21.430074 0.482043 1.980615 -23.977710 0.000000 0.000000 0.000000 -33.266002 -6.865471 0.081386 -36.819336 -19.293588 0.233808 -26.646952 -53.420995 15.526797 0.000000 0.000000 0.000000 20.883016 13.804803 7.698035 30.653683 14.241421 -1.490757 12.130594 49.688339 7.732908 0.000000 0.000000 0.000000 
0.028671 0.894770 0.067233 -1.401799 4.669745 -8.458146 17.957087 0.235622 -6.594691 -8.563502 1.481071 24.408549 6.559053 12.996774 -1.611867 0.000000 0.000000 0.000000 -10.694275 -0.085840 -5.955699 7.113105 -1.967931 28.904695 -1.558743 -2.391431 -3.900305 0.000000 0.000000 0.000000 -0.186803 -1.318299 25.938928 6.656620 -1.013485 -24.215416 -0.440391 1.924279 21.416731 0.834607 1.791400 -24.961060 0.000000 0.000000 0.000000 -32.893139 -5.804684 -0.519632 -36.880746 -17.347593 -0.363104 -29.358637 -51.912884 16.462604 0.000000 0.000000 0.000000 19.798114 12.711464 6.921395 30.233670 13.843868 -1.547188 13.174062 49.189715 8.114451 0.000000 0.000000 0.000000 
0.030544 0.904837 0.067663 -1.195800 4.555586 -6.738719 17.420673 0.176950 -6.855812 -8.570980 1.462837 21.630781 6.380315 13.178822 0.678447 0.000000 0.000000 0.000000 -10.863000 -0.047548 -6.214665 8.171131 -2.127698 24.766801 -2.436258 -6.267481 0.290616 0.000000 0.000000 0.000000 0.301205 -1.487356 26.938975 6.134386 -0.806069 -24.929101 -0.576055 1.471733 21.207344 0.255163 2.066615 -25.370377 0.000000 0.000000 0.000000 -32.733084 -4.965956 -0.859197 -36.263627 -16.118936 -0.773309 -30.624947 -51.044127 16.859976 0.000000 0.000000 0.000000 18.809743 11.726638 6.161355 30.357172 13.860182 -1.492827 12.696885 48.911120 7.847356 0.000000 0.000000 0.000000 
0.033528 0.911567 0.067709 -1.116358 4.213483 -5.474784 17.124936 0.144385 -6.906095 -6.974038 1.017234 19.533298 4.319736 9.636140 2.282992 0.000000 0.000000 0.000000 -10.630315 0.014671 -6.757613 10.338991 -2.521486 20.256055 -6.656145 -16.817627 6.993980 0.000000 0.000000 0.000000 0.521378 -1.597534 28.048742 6.123680 -0.719272 -26.001115 -0.629720 1.310176 22.008238 0.186748 2.086248 -26.138163 0.000000 0.000000 0.000000 -32.869987 -4.185077 -1.203715 -35.623089 -15.655199 -1.024851 -30.273924 -49.818535 16.304686 0.000000 0.000000 0.000000 18.036157 11.056762 5.675494 29.796197 14.252300 -1.433208 11.942803 48.878615 7.473989 0.000000 0.000000 0.000000 
0.037646 0.915234 0.066947 -1.035881 4.012330 -4.169914 16.995933 0.150099 -7.765121 -5.613155 0.668648 17.531577 2.137560 6.485728 5.245855 0.000000 0.000000 0.000000 -10.682164 0.054120 -7.313690 12.654704 -2.832412 16.016279 -12.317973 -26.803901 13.171608 0.000000 0.000000 0.000000 0.326823 -1.645404 29.557633 6.312244 -0.752611 -26.012588 -0.639352 1.081552 21.849715 -0.649989 2.517126 -26.478272 0.000000 0.000000 0.000000 -33.480869 -3.612972 -1.511143 -34.331496 -15.223242 -1.160767 -28.129402 -50.057789 15.360135 0.000000 0.000000 0.000000 17.880383 10.610880 5.343252 29.447617 15.385388 -1.165585 9.116128 48.509526 6.129278 0.000000 0.000000 0.000000 
0.042775 0.915906 0.065531 -1.137679 3.575080 -3.076659 17.333051 0.226259 -9.120474 -4.667353 0.463797 15.897195 -0.332436 3.705514 9.737303 0.000000 0.000000 0.000000 -10.686105 0.102012 -8.754426 12.267771 -2.704238 16.125528 -12.201984 -26.520181 13.818720 0.000000 0.000000 0.000000 -0.169034 -1.599374 31.320993 6.410119 -0.726875 -26.601330 -0.033100 1.282974 22.855855 -0.903507 2.709329 -28.057764 0.000000 0.000000 0.000000 -34.004672 -3.843605 -1.298673 -33.797663 -15.997843 -1.057484 -23.261121 -50.494448 13.159733 0.000000 0.000000 0.000000 17.859575 10.604200 5.352487 29.171331 16.683905 -0.967819 4.831812 48.299223 4.230644 0.000000 0.000000 0.000000 
0.049197 0.915535 0.064027 -1.248632 3.550259 -2.039075 17.562558 0.278123 -10.485708 -4.384360 0.415311 14.017118 -2.243435 2.427103 14.609215 0.000000 0.000000 0.000000 -10.779722 0.125220 -10.012754 11.892169 -2.604916 16.167964 -12.277799 -26.561448 14.334544 0.000000 0.000000 0.000000 -0.846646 -1.494025 32.718388 6.879720 -0.886786 -25.790964 0.101815 1.598596 22.550222 -1.609979 3.154578 -28.700384 0.000000 0.000000 0.000000 -34.038093 -3.807051 -1.462766 -33.397830 -16.418966 -0.898759 -18.520331 -50.567918 10.840954 0.000000 0.000000 0.000000 18.543806 10.827487 5.595354 29.788004 17.611767 -0.764158 -0.041651 46.770185 2.090316 0.000000 0.000000 0.000000 
0.057430 0.912829 0.063518 -1.670571 3.567211 -1.276038 18.304092 0.356028 -11.494792 -5.243557 0.608488 12.460053 -2.917848 2.735175 18.174854 0.000000 0.000000 0.000000 -10.876143 0.137327 -11.127423 11.875534 -2.639960 16.613395 -12.374909 -26.705048 14.402718 0.000000 0.000000 0.000000 -1.283615 -1.460002 34.207130 6.753937 -0.864671 -25.587822 0.875012 1.863264 22.757370 -2.422127 3.650641 -30.216482 0.000000 0.000000 0.000000 -34.367746 -3.676397 -1.687061 -33.885872 -17.006341 -0.727979 -13.856577 -49.737436 8.457089 0.000000 0.000000 0.000000 18.746073 10.704867 5.608633 31.447015 18.228060 -0.600107 -3.661335 45.510683 0.661356 0.000000 0.000000 0.000000 
0.068212 0.910987 0.063987 -2.008718 3.844370 -0.889109 18.403353 0.359655 -12.033297 -5.984884 0.756524 12.640658 -2.614698 2.640014 16.619522 0.000000 0.000000 0.000000 -10.916988 0.132996 -11.771201 11.299087 -2.550558 17.211134 -12.519444 -26.836375 14.921472 0.000000 0.000000 0.000000 -2.199947 -1.272031 35.401777 7.455783 -1.035244 -25.425501 1.101089 2.293142 23.133647 -2.610108 3.840323 -30.823848 0.000000 0.000000 0.000000 -34.480554 -3.969135 -1.724035 -34.263746 -17.031258 -0.678147 -10.144215 -48.096236 6.440225 0.000000 0.000000 0.000000 19.338162 11.011236 5.987897 32.839190 18.373274 -0.587677 -5.974162 44.083959 -0.164559 0.000000 0.000000 0.000000 
0.081893 0.908386 0.065108 -2.476583 3.964473 -0.498363 18.715898 0.390790 -12.573982 -7.169326 1.008015 13.007088 -2.123969 2.626889 14.579533 0.000000 0.000000 0.000000 -11.475883 0.082121 -12.240576 11.506400 -2.641536 17.491273 -12.508294 -26.720134 15.481945 0.000000 0.000000 0.000000 -2.848310 -1.145890 36.685457 7.734878 -1.071398 -25.724328 1.699020 2.668404 23.528571 -3.324162 4.274797 -32.510943 0.000000 0.000000 0.000000 -35.269153 -3.249860 -2.532410 -34.533620 -17.413625 -0.531319 -9.559468 -45.989771 5.868155 0.000000 0.000000 0.000000 19.185753 10.822376 5.986776 34.770582 18.702313 -0.477244 -7.632589 42.695830 -0.662528 0.000000 0.000000 0.000000 
0.098199 0.906649 0.065861 -2.343123 3.993099 -0.323259 17.914614 0.355773 -13.146527 -7.932925 1.192880 13.941085 -1.628404 2.699704 12.728655 0.000000 0.000000 0.000000 -12.355166 -0.008049 -12.494885 10.817307 -2.476267 17.889721 -12.368157 -26.377047 16.228379 0.000000 0.000000 0.000000 -3.676174 -0.912390 37.850789 8.032142 -1.150761 -25.590757 2.085458 3.144673 23.386856 -3.203766 4.280290 -33.496899 0.000000 0.000000 0.000000 -34.993914 -3.228886 -2.730242 -35.265499 -16.963853 -0.565285 -9.653855 -44.900081 5.720125 0.000000 0.000000 0.000000 18.923286 10.846036 6.065771 35.670182 18.428574 -0.492948 -8.903808 42.030427 -1.060378 0.000000 0.000000 0.000000 
0.115518 0.905150 0.066273 -2.305201 4.061391 -0.149350 17.362311 0.339453 -13.914903 -9.086759 1.484458 15.129226 -1.207360 2.767602 11.128814 0.000000 0.000000 0.000000 -13.358112 -0.125724 -13.057290 10.379184 -2.417111 18.755775 -12.176659 -25.880835 17.512093 0.000000 0.000000 0.000000 -4.229309 -0.753769 38.605775 8.118026 -1.143389 -25.853634 2.268943 3.438635 23.316460 -3.510623 4.468751 -34.199207 0.000000 0.000000 0.000000 -35.157560 -2.638961 -3.346248 -35.498861 -17.260514 -0.419883 -9.479208 -43.354350 5.412047 0.000000 0.000000 0.000000 19.054441 10.202294 5.807376 35.927223 18.280781 -0.541195 -8.872691 41.087398 -0.981140 0.000000 0.000000 0.000000 
0.131115 0.906025 0.066423 -2.189234 4.284673 0.029202 16.496061 0.261964 -14.362859 -9.692509 1.630297 15.606741 -1.065475 2.754816 10.449288 0.000000 0.000000 0.000000 -13.989298 -0.196043 -12.871327 9.441455 -2.129072 18.334423 -12.013433 -25.399908 19.075568 0.000000 0.000000 0.000000 -4.798001 -0.601178 39.308495 8.228496 -1.085302 -26.700059 2.498888 3.346574 23.338755 -4.138583 4.754494 -35.277746 0.000000 0.000000 0.000000 -35.626879 -2.633190 -3.412456 -34.714992 -17.063178 -0.482661 -10.488123 -41.934664 5.598077 0.000000 0.000000 0.000000 19.200682 10.157453 5.790192 36.150244 17.668371 -0.698031 -8.734856 40.716980 -0.935461 0.000000 0.000000 0.000000 
0.143240 0.908263 0.066687 -2.030376 4.203256 0.217458 15.781892 0.183409 -14.014930 -10.228858 1.725013 14.805963 -0.968284 2.885033 10.383917 0.000000 0.000000 0.000000 -14.453070 -0.228842 -12.659281 8.571527 -1.834367 17.678400 -11.693888 -24.746454 20.596222 0.000000 0.000000 0.000000 -5.480615 -0.344523 39.653549 8.605110 -1.150683 -26.880037 2.357672 3.240490 22.884670 -4.267920 4.780179 -35.427447 0.000000 0.000000 0.000000 -35.232001 -2.652515 -3.276682 -34.037707 -17.182650 -0.459158 -9.808915 -41.149336 5.216056 0.000000 0.000000 0.000000 19.401673 10.180109 5.766627 36.397400 17.665021 -0.641741 -7.554902 40.666549 -0.547704 0.000000 0.000000 0.000000 
0.151316 0.910380 0.067030 -2.228674 4.115665 0.234720 15.612884 0.170724 -13.951540 -10.524524 1.794270 14.759577 -0.970781 2.962021 10.611830 0.000000 0.000000 0.000000 -14.657116 -0.228233 -12.235751 8.405326 -1.739099 16.872084 -11.412710 -24.216377 21.811023 0.000000 0.000000 0.000000 -6.133678 -0.115917 40.704246 8.766889 -1.097132 -27.825823 2.642921 3.179642 22.888439 -3.923144 4.595190 -36.642345 0.000000 0.000000 0.000000 -34.877321 -2.321148 -3.386627 -33.448587 -17.875358 -0.329884 -10.477218 -40.233605 5.330694 0.000000 0.000000 0.000000 19.340767 9.847212 5.522164 36.849465 17.563903 -0.627586 -5.199623 40.834134 0.254257 0.000000 0.000000 0.000000 
0.155888 0.912356 0.066889 -2.273951 4.383635 0.407888 15.066086 0.098216 -13.870014 -10.069073 1.651142 14.178524 -1.092517 2.845636 10.766257 0.000000 0.000000 0.000000 -14.490363 -0.203060 -11.776569 7.745141 -1.526290 15.861741 -11.430488 -24.118464 22.702296 0.000000 0.000000 0.000000 -6.535120 -0.005156 40.582851 9.039418 -1.127925 -28.070418 2.302866 2.909830 22.967175 -3.733900 4.486847 -37.031077 0.000000 0.000000 0.000000 -34.099490 -2.587492 -3.015807 -32.766749 -18.420223 -0.246594 -9.845485 -39.640144 5.005437 0.000000 0.000000 0.000000 19.447178 10.043849 5.620955 38.182465 17.527631 -0.588482 -3.705336 41.136305 0.816666 0.000000 0.000000 0.000000 
0.158176 0.913590 0.066406 -2.370986 4.809766 0.715067 14.773143 0.051347 -14.359995 -9.675222 1.542629 14.197449 -1.279919 2.662787 10.995399 0.000000 0.000000 0.000000 -14.196764 -0.170795 -11.353563 7.225218 -1.361069 14.687786 -11.628471 -24.283966 23.288758 0.000000 0.000000 0.000000 -6.413631 -0.121337 40.792846 8.829215 -1.050362 -28.339341 2.308004 2.387130 22.792695 -3.568618 4.352794 -38.110313 0.000000 0.000000 0.000000 -33.976497 -2.660382 -2.794587 -32.149017 -19.140816 -0.128372 -9.668650 -39.191390 4.897710 0.000000 0.000000 0.000000 19.688298 10.282443 5.686045 38.620849 17.771808 -0.459529 -1.593666 40.323349 1.487601 0.000000 0.000000 0.000000 
0.159248 0.914392 0.065390 -2.158997 4.741994 1.126914 14.549293 0.039045 -14.950329 -9.818186 1.586058 14.364430 -1.301818 2.823581 11.523341 0.000000 0.000000 0.000000 -14.196250 -0.142717 -11.039756 6.728776 -1.178461 13.257508 -11.624835 -24.274076 23.393474 0.000000 0.000000 0.000000 -6.630024 -0.016952 40.812925 8.795265 -0.991357 -28.818545 2.312763 2.303354 22.986757 -3.597339 4.344782 -38.747033 0.000000 0.000000 0.000000 -34.186427 -3.058558 -2.479324 -31.272548 -19.595934 -0.080658 -9.615084 -38.730669 4.816284 0.000000 0.000000 0.000000 20.037050 10.744241 5.961234 38.627502 17.549121 -0.538259 -0.640050 39.944831 1.774883 0.000000 0.000000 0.000000 
0.159906 0.915864 0.064609 -2.250209 4.703702 1.863353 14.263283 0.006217 -15.563808 -9.221837 1.443181 13.955389 -1.279123 2.997685 11.886441 0.000000 0.000000 0.000000 -13.728222 -0.075393 -11.201696 6.057399 -0.979552 12.010195 -11.660768 -24.271771 23.862435 0.000000 0.000000 0.000000 -6.541954 -0.029069 40.501933 8.839327 -0.978000 -28.939316 2.195957 2.130395 22.807604 -3.699471 4.348920 -39.381599 0.000000 0.000000 0.000000 -34.456650 -3.267783 -2.294487 -31.002431 -19.783573 -0.058099 -9.970645 -38.704414 4.955723 0.000000 0.000000 0.000000 20.669265 11.079178 6.175915 38.018557 17.410763 -0.584800 0.828730 39.178518 2.180936 0.000000 0.000000 0.000000 
0.160303 0.917622 0.064427 -2.190317 4.291754 2.519815 14.028630 -0.008169 -15.724835 -8.950880 1.378036 13.153242 -1.152267 3.365094 12.425673 0.000000 0.000000 0.000000 -13.372174 -0.003891 -11.360168 5.298656 -0.768757 10.814468 -11.470141 -24.018833 24.200716 0.000000 0.000000 0.000000 -6.454528 0.020969 40.193297 8.779454 -0.952254 -28.991599 2.318509 2.163705 22.812589 -3.658596 4.302936 -39.659000 0.000000 0.000000 0.000000 -34.907232 -3.554474 -2.071768 -30.995551 -19.571185 -0.125604 -10.674244 -39.270050 5.308556 0.000000 0.000000 0.000000 21.334205 11.490278 6.446259 37.366455 17.225396 -0.658573 1.254211 38.514321 2.233121 0.000000 0.000000 0.000000 
0.160897 0.919104 0.065365 -2.175255 4.135366 3.018808 13.846239 -0.042856 -15.187392 -8.721153 1.279590 11.448532 -1.104079 3.503735 12.635061 0.000000 0.000000 0.000000 -12.893285 0.056413 -11.671791 4.395219 -0.566379 10.445144 -11.386294 -23.878482 24.612660 0.000000 0.000000 0.000000 -6.345685 0.019044 39.791934 8.830517 -0.963760 -28.901931 2.234382 2.193131 22.719721 -3.873279 4.380798 -39.475865 0.000000 0.000000 0.000000 -35.225052 -3.503935 -2.149988 -31.361955 -19.594886 -0.095562 -11.298596 -39.283351 5.550416 0.000000 0.000000 0.000000 21.777406 11.772220 6.655745 37.092720 16.920561 -0.744757 1.666390 37.796183 2.294328 0.000000 0.000000 0.000000 
0.161861 0.920738 0.067368 -2.188871 3.963296 3.235124 13.546697 -0.088237 -14.118146 -8.283166 1.139027 9.489787 -1.069721 3.585633 12.751915 0.000000 0.000000 0.000000 -12.286297 0.126855 -11.625063 3.293900 -0.330971 10.099329 -11.242032 -23.663556 25.018644 0.000000 0.000000 0.000000 -6.146579 -0.019246 39.486466 8.700152 -0.941086 -28.809300 2.263870 2.167263 22.645855 -4.170722 4.485021 -39.337797 0.000000 0.000000 0.000000 -35.292761 -3.565189 -2.064970 -31.968265 -19.116952 -0.191887 -12.151105 -39.546896 5.919206 0.000000 0.000000 0.000000 22.267008 11.867882 6.738307 36.821032 16.641959 -0.827097 1.567897 36.931525 2.177912 0.000000 0.000000 0.000000 
0.163782 0.922267 0.070164 -2.151006 4.290337 3.423399 13.224284 -0.158788 -12.875358 -8.025540 1.011883 7.141953 -1.276581 3.342719 12.892902 0.000000 0.000000 0.000000 -12.108473 0.140484 -11.124044 2.764522 -0.232341 9.351265 -11.338478 -23.693195 25.634433 0.000000 0.000000 0.000000 -5.955124 -0.130433 39.108816 8.812333 -0.963252 -28.785030 2.189156 1.992608 22.737210 -4.531860 4.627189 -39.568149 0.000000 0.000000 0.000000 -35.747304 -3.637666 -2.069621 -32.003485 -19.023241 -0.209388 -12.799635 -39.171005 6.096193 0.000000 0.000000 0.000000 22.429053 12.051147 6.874304 36.711705 16.419746 -0.903030 1.664224 36.034435 2.133129 0.000000 0.000000 0.000000 
0.166772 0.923378 0.073348 -2.109352 4.495390 3.420964 12.894045 -0.209535 -11.688056 -7.884029 0.931348 5.366959 -1.418656 3.149974 12.920719 0.000000 0.000000 0.000000 -12.022847 0.140856 -10.948919 2.264281 -0.134856 9.538709 -11.335354 -23.609848 26.189540 0.000000 0.000000 0.000000 -5.722111 -0.239740 38.834193 8.668172 -0.940301 -28.705056 2.261399 2.046247 22.816199 -4.632436 4.694365 -39.311544 0.000000 0.000000 0.000000 -35.976618 -3.570406 -2.225246 -32.251482 -19.013938 -0.185267 -13.294757 -38.749961 6.197781 0.000000 0.000000 0.000000 22.450018 11.764336 6.760952 36.694001 15.999303 -1.043753 1.712752 35.594997 2.123849 0.000000 0.000000 0.000000 
0.170744 0.924182 0.076710 -2.001619 4.706166 3.360422 12.118084 -0.271228 -10.887880 -7.197988 0.807132 4.443806 -1.499518 2.953666 12.666905 0.000000 0.000000 0.000000 -11.855080 0.150477 -10.346501 1.383874 0.031845 9.138490 -11.324578 -23.518604 26.716402 0.000000 0.000000 0.000000 -5.474266 -0.346423 38.334607 8.510146 -0.919415 -28.591572 2.348885 2.223397 23.006188 -5.251526 4.997016 -39.103395 0.000000 0.000000 0.000000 -35.998099 -3.486666 -2.437310 -32.459415 -18.787724 -0.201406 -13.921374 -38.371606 6.335019 0.000000 0.000000 0.000000 22.380170 11.724514 6.832578 36.716385 15.694752 -1.166638 1.517279 35.226929 2.053367 0.000000 0.000000 0.000000 
0.175131 0.924096 0.080364 -1.775367 5.221687 3.217052 11.525657 -0.319933 -10.643636 -7.102646 0.786330 4.590087 -1.666934 2.562447 12.208786 0.000000 0.000000 0.000000 -12.031069 0.115915 -9.853708 0.847539 0.133567 9.320121 -11.494031 -23.631632 27.167691 0.000000 0.000000 0.000000 -5.181775 -0.517777 38.153278 8.045592 -0.821121 -28.631399 2.631633 2.279935 23.105097 -5.820780 5.279973 -38.828360 0.000000 0.000000 0.000000 -36.180845 -3.478036 -2.621870 -32.835266 -18.843194 -0.132261 -14.246948 -37.558433 6.288667 0.000000 0.000000 0.000000 21.638804 11.729379 6.845362 37.179507 15.564290 -1.209021 1.551922 34.727487 2.049528 0.000000 0.000000 0.000000 
0.179399 0.924008 0.084292 -1.605595 5.830933 3.124837 11.181750 -0.356984 -10.670886 -7.305166 0.811033 5.112450 -1.878620 2.122247 11.820393 0.000000 0.000000 0.000000 -12.240441 0.086426 -8.761513 0.508909 0.172641 8.428065 -11.734369 -23.823388 27.634193 0.000000 0.000000 0.000000 -5.019797 -0.653802 38.028050 7.845374 -0.780514 -28.573693 2.886597 2.620165 23.179333 -6.231860 5.517928 -39.191028 0.000000 0.000000 0.000000 -36.048740 -3.413093 -2.973181 -33.252134 -18.713966 -0.063827 -14.965545 -37.049330 6.401354 0.000000 0.000000 0.000000 21.153467 11.957404 7.099442 37.379638 15.623512 -1.213635 0.459405 34.006239 1.705412 0.000000 0.000000 0.000000 
0.183315 0.923430 0.088496 -1.440523 6.384062 2.769914 10.700191 -0.391423 -10.748513 -7.209251 0.810414 6.317793 -2.007021 1.680745 11.141248 0.000000 0.000000 0.000000 -12.377455 0.055306 -7.893398 0.096678 0.246156 8.446568 -11.935993 -23.989298 27.921827 0.000000 0.000000 0.000000 -5.131057 -0.694505 38.090548 7.652641 -0.734473 -28.667764 3.129446 3.047272 23.244654 -6.275127 5.643492 -38.938591 0.000000 0.000000 0.000000 -36.147930 -3.606425 -3.184116 -33.263006 -18.260403 -0.083530 -15.734568 -36.492983 6.507607 0.000000 0.000000 0.000000 20.616887 12.085877 7.288510 37.677504 16.067995 -1.115213 0.794052 33.331739 1.778986 0.000000 0.000000 0.000000 
0.186873 0.922495 0.093307 -1.410148 7.004324 2.475465 10.295617 -0.431515 -11.359509 -6.922637 0.785379 8.386750 -2.092260 1.232272 10.315802 0.000000 0.000000 0.000000 -12.472339 0.029834 -6.874574 -0.071839 0.264861 8.168074 -12.210299 -24.249749 28.136177 0.000000 0.000000 0.000000 -5.217441 -0.749037 37.988250 7.516015 -0.710778 -28.627561 3.283303 3.450565 23.173283 -6.029921 5.611274 -39.676589 0.000000 0.000000 0.000000 -35.909915 -3.247514 -3.776887 -33.649809 -18.018884 -0.026985 -15.981369 -35.889911 6.423343 0.000000 0.000000 0.000000 20.213938 12.093929 7.414801 37.959009 16.421662 -1.017231 0.644483 32.210675 1.678978 0.000000 0.000000 0.000000 
0.190225 0.921691 0.099210 -1.320427 7.622797 2.155877 9.734557 -0.478607 -11.643779 -6.433838 0.702181 10.084196 -2.191853 0.765545 9.553566 0.000000 0.000000 0.000000 -12.362451 0.011184 -6.233018 -0.648230 0.386144 8.745548 -12.472642 -24.485069 28.411285 0.000000 0.000000 0.000000 -5.299851 -0.793005 37.688002 7.281040 -0.678177 -28.437012 3.412674 3.697958 22.878157 -5.875172 5.631240 -39.265043 0.000000 0.000000 0.000000 -35.742671 -3.138512 -4.115638 -33.969534 -17.389479 -0.076585 -16.300714 -35.334617 6.376444 0.000000 0.000000 0.000000 20.078185 12.217543 7.594254 37.861087 16.710290 -0.934381 0.850037 31.396503 1.681560 0.000000 0.000000 0.000000 
0.193533 0.920837 0.106705 -1.479727 8.165958 1.630187 9.524016 -0.498730 -11.809678 -6.049937 0.617805 12.133361 -2.252513 0.327615 8.775243 0.000000 0.000000 0.000000 -11.891919 0.011837 -5.326815 -1.341397 0.536607 9.316590 -12.681131 -24.663753 28.682940 0.000000 0.000000 0.000000 -5.332940 -0.850198 37.396613 7.090033 -0.635467 -28.556437 3.573037 3.914216 23.002686 -5.860894 5.687909 -39.578211 0.000000 0.000000 0.000000 -35.608647 -2.862486 -4.532304 -34.336771 -16.741543 -0.177011 -16.367949 -34.553998 6.212089 0.000000 0.000000 0.000000 20.194815 12.170760 7.703411 37.698636 16.823679 -0.940704 0.969520 30.284976 1.626999 0.000000 0.000000 0.000000 
0.197070 0.920887 0.115773 -1.782345 8.212829 1.309062 9.102767 -0.511613 -11.573715 -5.029859 0.401970 13.429644 -2.105517 0.253843 8.086836 0.000000 0.000000 0.000000 -11.214335 0.039598 -4.924127 -2.158537 0.736700 10.217960 -12.592957 -24.502042 29.079091 0.000000 0.000000 0.000000 -5.407318 -0.808752 36.775163 6.927506 -0.613706 -28.479100 3.676454 4.166999 22.944485 -5.688740 5.664491 -39.490173 0.000000 0.000000 0.000000 -35.429894 -2.445404 -4.959049 -34.671837 -15.932980 -0.334302 -16.424044 -33.606375 6.023889 0.000000 0.000000 0.000000 19.733029 11.759243 7.470524 38.233796 16.652034 -0.972137 1.551344 29.983215 1.772386 0.000000 0.000000 0.000000 
0.200960 0.921779 0.126175 -2.255212 8.271888 0.936572 9.100276 -0.487242 -10.785703 -4.423669 0.263589 13.937029 -2.066611 0.127562 7.678395 0.000000 0.000000 0.000000 -10.537297 0.062306 -4.834987 -2.626356 0.900773 11.833831 -12.434160 -24.209307 29.803190 0.000000 0.000000 0.000000 -5.646804 -0.708590 35.891500 7.316217 -0.742292 -27.943201 3.620826 4.280873 22.611239 -4.836435 5.322750 -40.004781 0.000000 0.000000 0.000000 -35.156089 -1.290107 -5.860584 -35.403724 -14.830256 -0.560950 -16.921453 -33.294409 6.088900 0.000000 0.000000 0.000000 19.866505 10.953081 7.074984 38.771734 16.437057 -1.011200 1.433324 29.027930 1.693611 0.000000 0.000000 0.000000 
0.204977 0.923662 0.137618 -2.521903 7.910733 0.152462 8.736436 -0.443746 -9.316913 -3.612987 0.089926 14.360379 -1.988633 0.281088 7.736944 0.000000 0.000000 0.000000 -10.524644 0.056638 -5.691072 -2.400063 1.000625 15.723950 -11.843394 -23.426402 30.774517 0.000000 0.000000 0.000000 -6.393970 -0.419821 35.447250 7.893973 -0.856808 -28.262697 3.511965 4.131271 23.310236 -3.787419 4.905369 -39.397837 0.000000 0.000000 0.000000 -35.403462 -0.391913 -6.392337 -35.196051 -14.534497 -0.724269 -16.811552 -32.358173 5.894158 0.000000 0.000000 0.000000 20.356948 10.344721 6.757380 39.055996 16.063974 -1.223488 0.979011 29.558076 1.649727 0.000000 0.000000 0.000000 
0.208655 0.926010 0.149389 -3.102816 7.909627 -0.822656 9.295889 -0.377632 -7.918055 -3.718115 0.092199 15.027461 -2.226033 0.138663 8.284509 0.000000 0.000000 0.000000 -10.033898 0.069828 -7.002391 -0.465693 0.560573 20.908377 -14.288776 -26.364966 31.640963 0.000000 0.000000 0.000000 -6.802665 -0.284674 34.400907 8.051928 -1.046090 -26.577222 3.744645 3.487465 22.472282 -3.642556 4.752316 -39.532835 0.000000 0.000000 0.000000 -35.088585 0.632264 -6.776539 -35.612349 -13.911620 -0.909929 -16.274375 -31.254681 5.546292 0.000000 0.000000 0.000000 19.784524 9.365131 5.902618 40.050402 15.201199 -1.328928 1.968881 29.950754 1.931378 0.000000 0.000000 0.000000 
0.211233 0.929295 0.161626 -3.950519 7.902984 -2.076807 9.859076 -0.312480 -5.520669 -3.135623 -0.020503 14.438375 -2.502500 -0.067496 8.801964 0.000000 0.000000 0.000000 -10.269732 0.025497 -9.730487 3.328402 -0.893867 28.754796 -16.458080 -28.739653 33.125500 0.000000 0.000000 0.000000 -7.307205 -0.178584 34.519075 8.657718 -1.130237 -27.494790 3.724372 2.423050 23.812117 -2.397427 4.133404 -41.202785 0.000000 0.000000 0.000000 -34.709430 1.769965 -6.940314 -35.192490 -13.825194 -1.189150 -16.737656 -30.525894 5.594656 0.000000 0.000000 0.000000 20.764977 8.029663 5.015445 39.751855 14.898891 -1.546414 3.200637 30.589265 2.283739 0.000000 0.000000 0.000000 
0.212598 0.931809 0.174922 -4.876317 7.069277 -2.917031 10.734408 -0.268644 -3.304177 -2.888799 -0.029667 13.817097 -2.359441 0.366777 9.286410 0.000000 0.000000 0.000000 -10.245839 0.028314 -13.592123 6.910259 -2.625936 34.231970 -16.712827 -28.859043 34.580749 0.000000 0.000000 0.000000 -7.642228 -0.000858 33.610523 9.196555 -1.366356 -26.517677 3.996968 1.640419 23.539765 -3.477143 4.417911 -40.835050 0.000000 0.000000 0.000000 -33.655765 2.551248 -6.694733 -35.611320 -13.244836 -1.523549 -16.809726 -30.017401 5.573200 0.000000 0.000000 0.000000 20.339635 7.415710 4.273150 40.923328 14.059229 -1.672606 3.144642 31.040050 2.281419 0.000000 0.000000 0.000000 
0.212400 0.932716 0.189677 -5.093279 6.793391 -3.599993 10.824082 -0.259937 -1.210990 -2.380126 -0.111338 13.213755 -2.361293 0.470351 9.528120 0.000000 0.000000 0.000000 -9.927106 0.056255 -15.763128 8.951254 -3.395411 33.007841 -20.069727 -31.799993 37.781789 0.000000 0.000000 0.000000 -7.918196 0.089468 33.507876 9.685698 -1.437079 -27.120699 3.454811 0.626400 23.766422 -2.989469 4.082180 -40.995487 0.000000 0.000000 0.000000 -33.797750 3.161366 -6.629979 -34.486653 -12.843206 -1.764453 -16.614667 -28.941115 5.354104 0.000000 0.000000 0.000000 20.903688 6.938745 3.749906 41.669269 13.422450 -1.870970 3.576936 30.427805 2.307283 0.000000 0.000000 0.000000 
0.210465 0.932161 0.205828 -5.461879 6.506366 -4.227402 11.157754 -0.278816 1.369611 -1.774926 -0.176547 11.793847 -2.212862 0.553764 9.192305 0.000000 0.000000 0.000000 -9.148659 0.174056 -17.515165 9.482037 -3.020753 26.901382 -19.932732 -31.956941 35.917949 0.000000 0.000000 0.000000 -7.993108 0.120715 33.317669 10.230180 -1.566685 -27.260596 3.284241 -0.054129 23.664659 -3.472395 4.177476 -40.712957 0.000000 0.000000 0.000000 -33.694817 3.584022 -6.545804 -34.216667 -12.572403 -1.919877 -15.812781 -27.687266 4.936056 0.000000 0.000000 0.000000 21.535090 6.327823 3.175757 41.692682 12.245504 -2.186193 3.334753 29.914650 2.153734 0.000000 0.000000 0.000000 
0.206557 0.930045 0.223057 -5.513287 6.573314 -4.203315 11.188400 -0.311965 2.969163 -0.985681 -0.293928 10.872645 -2.075402 0.557481 8.684157 0.000000 0.000000 0.000000 -8.730759 0.243455 -18.121377 8.748023 -2.022252 17.107187 -11.495582 -23.840275 22.053684 0.000000 0.000000 0.000000 -7.728077 0.044084 32.864786 9.772150 -1.438258 -27.472653 3.253722 -1.707118 23.428737 -3.250681 3.867236 -41.395346 0.000000 0.000000 0.000000 -33.821519 4.391542 -6.454871 -34.128851 -12.591199 -2.097589 -15.557473 -27.251233 4.861364 0.000000 0.000000 0.000000 20.984357 6.420787 2.757811 42.803054 10.689339 -2.579056 4.250872 29.424113 2.267970 0.000000 0.000000 0.000000 
0.200791 0.926789 0.241764 -5.068922 6.439822 -3.877876 10.586383 -0.305803 4.908051 0.129608 -0.416862 9.155670 -1.773469 0.789895 8.094132 0.000000 0.000000 0.000000 -8.773212 0.250568 -18.629573 7.616944 -1.207551 7.151775 -10.050597 -21.584018 24.103341 0.000000 0.000000 0.000000 -7.687327 0.062009 33.160111 10.041368 -1.405150 -28.311355 2.624807 -2.071191 23.050671 -3.415942 3.878668 -42.404531 0.000000 0.000000 0.000000 -33.043880 4.993254 -6.571018 -34.557713 -12.756990 -2.107020 -15.690027 -27.775654 5.014322 0.000000 0.000000 0.000000 21.651262 5.623540 2.166971 43.108966 9.425983 -2.950499 3.965766 28.265808 2.075412 0.000000 0.000000 0.000000 
0.192958 0.921755 0.263057 -4.391892 6.760983 -3.777009 10.340570 -0.330324 7.050740 0.635312 -0.425079 7.612387 -1.719737 0.581509 7.426356 0.000000 0.000000 0.000000 -8.333299 0.311405 -18.667378 6.220375 -0.835632 2.944053 -7.096890 -17.358921 25.016902 0.000000 0.000000 0.000000 -7.223958 -0.091202 33.381683 9.931926 -1.356488 -28.490572 1.645632 -2.504263 22.205719 -3.199868 3.752469 -41.699956 0.000000 0.000000 0.000000 -32.953911 4.986952 -6.494257 -34.316927 -13.354452 -1.904490 -15.283107 -27.737810 4.896906 0.000000 0.000000 0.000000 22.305873 5.430855 1.941564 42.966510 7.991146 -3.321592 3.229530 27.361364 1.809558 0.000000 0.000000 0.000000 
0.183117 0.916080 0.287337 -3.504847 7.321143 -4.171208 9.822988 -0.321069 9.246976 1.648137 -0.568136 7.142498 -1.860368 0.289461 7.260149 0.000000 0.000000 0.000000 -7.966236 0.338782 -18.948864 5.190419 -0.715289 4.938086 -5.619512 -15.173485 24.851271 0.000000 0.000000 0.000000 -6.656193 -0.311267 33.778617 9.256134 -1.193339 -28.640669 1.066083 -3.044703 21.317831 -3.862944 3.988392 -42.527589 0.000000 0.000000 0.000000 -33.160651 4.595519 -6.181938 -33.529666 -13.822172 -1.731224 -15.434391 -28.311646 5.026863 0.000000 0.000000 0.000000 23.224044 5.405234 1.800583 42.561700 6.876771 -3.580169 2.416573 26.480475 1.544451 0.000000 0.000000 0.000000 
0.171404 0.908991 0.314136 -3.026875 8.019423 -4.486441 10.553465 -0.479369 11.272727 1.651646 -0.554953 6.894350 -2.129484 -0.202147 7.145236 0.000000 0.000000 0.000000 -7.888823 0.311572 -19.296638 5.539782 -0.884137 8.864372 -5.605328 -14.967196 23.050329 0.000000 0.000000 0.000000 -5.873427 -0.615926 33.974955 8.836704 -1.126703 -28.316670 0.756364 -3.730603 20.620268 -4.475535 4.183355 -42.202679 0.000000 0.000000 0.000000 -33.016662 4.548344 -6.021756 -33.579040 -14.578353 -1.522716 -14.935502 -28.798415 4.991211 0.000000 0.000000 0.000000 23.390132 5.552746 1.746332 42.213357 5.830028 -3.799759 2.213283 25.842885 1.431546 0.000000 0.000000 0.000000 
0.157981 0.904096 0.342672 -2.423738 8.225736 -4.415239 11.181836 -0.606735 12.300516 1.588151 -0.611675 7.937971 -2.610728 -0.107110 8.968531 0.000000 0.000000 0.000000 -7.714251 0.336881 -20.437814 6.045719 -1.182437 13.953721 -5.896787 -15.277080 20.007437 0.000000 0.000000 0.000000 -4.900705 -0.906137 33.967410 8.667854 -1.025391 -29.011995 0.378774 -4.036540 21.010951 -4.994081 4.359119 -43.428447 0.000000 0.000000 0.000000 -33.673596 3.828819 -5.527188 -32.926255 -14.640596 -1.559980 -14.813591 -29.840013 5.157996 0.000000 0.000000 0.000000 23.611386 5.312461 1.570375 41.325634 5.811943 -3.770457 1.994672 25.334771 1.344728 0.000000 0.000000 0.000000 
0.143328 0.901091 0.372203 -2.434072 8.213540 -4.478220 12.674427 -0.829576 12.460347 1.200423 -0.713231 10.566429 -3.378851 0.318459 12.487759 0.000000 0.000000 0.000000 -7.113294 0.456826 -20.839240 7.213483 -1.707572 17.948492 -6.477127 -16.133313 15.745031 0.000000 0.000000 0.000000 -3.658415 -1.268731 33.991335 8.539005 -1.005957 -28.880411 0.265897 -4.253039 20.487693 -5.423516 4.495432 -43.280410 0.000000 0.000000 0.000000 -34.513291 3.490085 -5.360373 -32.657077 -14.737722 -1.521308 -13.488284 -29.565168 4.755881 0.000000 0.000000 0.000000 23.619096 5.539605 1.616073 40.870250 5.827700 -3.666149 1.603406 24.900737 1.221396 0.000000 0.000000 0.000000 
0.128933 0.901040 0.401991 -2.163837 8.584503 -4.485776 13.379781 -0.905756 11.546751 0.716702 -0.866816 14.223738 -2.343381 4.412204 18.466082 0.000000 0.000000 0.000000 -6.584686 0.537711 -20.540872 7.875350 -2.135025 20.900744 -6.989322 -16.996160 12.467315 0.000000 0.000000 0.000000 -2.510601 -1.651285 34.139769 8.773254 -1.005374 -29.411289 -0.265549 -4.774826 20.313702 -5.159175 4.354832 -43.286811 0.000000 0.000000 0.000000 -35.026289 3.250240 -5.140378 -33.168414 -14.795564 -1.543625 -12.179932 -28.710502 4.295551 0.000000 0.000000 0.000000 23.220276 5.469464 1.487779 39.840575 6.509117 -3.340860 2.195867 24.364212 1.284196 0.000000 0.000000 0.000000 
0.115905 0.902700 0.431116 -1.901176 8.630197 -4.481909 14.550258 -0.905015 8.909538 -0.652920 -0.975957 20.667079 -1.901608 7.290839 25.783263 0.000000 0.000000 0.000000 -5.924533 0.641977 -19.319424 8.322127 -2.383762 22.109171 -7.241166 -17.528904 9.736896 0.000000 0.000000 0.000000 -1.417785 -1.942010 33.771208 8.833765 -1.045933 -29.062191 -0.521213 -4.884718 20.006832 -6.014106 4.682484 -42.316816 0.000000 0.000000 0.000000 -35.915027 3.139703 -5.188934 -33.373755 -14.377582 -1.635555 -11.525392 -27.527644 3.951714 0.000000 0.000000 0.000000 23.053190 6.098402 1.834059 39.138988 6.792473 -3.174409 1.790591 24.405326 1.194261 0.000000 0.000000 0.000000 
0.105680 0.906644 0.457833 -1.472583 7.388294 -4.104875 15.355382 -0.712914 5.425749 -2.935169 -0.645974 28.177367 -0.800464 10.012825 32.958844 0.000000 0.000000 0.000000 -4.896895 0.863596 -18.657001 7.727318 -2.150155 23.149266 -6.876624 -16.954348 8.025468 0.000000 0.000000 0.000000 -0.562666 -1.998874 33.181810 8.681309 -1.031803 -28.802249 -0.311324 -3.804904 19.000806 -6.935206 5.111839 -41.020753 0.000000 0.000000 0.000000 -36.833195 2.950148 -5.444958 -33.309125 -13.438264 -1.734143 -10.946712 -26.696393 3.672615 0.000000 0.000000 0.000000 22.620470 6.251646 2.040176 37.723479 7.602842 -2.811838 2.698831 23.303517 1.300502 0.000000 0.000000 0.000000 
0.098536 0.910806 0.481856 -0.988274 7.075424 -4.235922 16.713743 -0.538049 1.469903 -5.629411 0.132394 34.468477 -0.039694 11.054207 34.833472 0.000000 0.000000 0.000000 -4.547477 0.872895 -17.130407 7.523390 -2.080001 23.580893 -6.763246 -16.766990 6.982343 0.000000 0.000000 0.000000 0.389833 -2.224013 33.062362 8.392599 -1.035328 -28.105963 0.097064 -3.190836 18.177042 -8.732562 5.820120 -41.965317 0.000000 0.000000 0.000000 -38.238865 3.342973 -6.239027 -33.442190 -12.864533 -1.743978 -10.842366 -25.951961 3.525498 0.000000 0.000000 0.000000 21.641436 7.348018 2.764534 36.638894 8.071195 -2.572483 2.877607 23.693093 1.350953 0.000000 0.000000 0.000000 
0.094512 0.914305 0.503115 0.070689 6.122380 -4.681408 16.740499 -0.259588 -1.794748 -8.001072 1.218437 38.824828 2.329733 13.229155 34.155279 0.000000 0.000000 0.000000 -4.676331 0.774996 -14.820471 6.738385 -1.687111 23.030668 -6.359240 -15.970934 5.399392 0.000000 0.000000 0.000000 0.454618 -2.160759 33.605860 8.501291 -0.988142 -29.069026 -0.246818 -1.864446 18.997517 -8.364383 5.814400 -41.756726 0.000000 0.000000 0.000000 -39.168538 3.455624 -6.879649 -32.660957 -12.470107 -1.749572 -11.548814 -26.199938 3.698932 0.000000 0.000000 0.000000 20.960405 8.233231 3.532975 35.817821 10.076175 -2.142263 2.618748 22.589696 1.249632 0.000000 0.000000 0.000000 
0.093423 0.918196 0.522261 0.713566 5.598205 -4.665007 16.337044 -0.077511 -4.576926 -8.967663 1.760922 38.831834 4.786054 14.827356 26.004263 0.000000 0.000000 0.000000 -5.123768 0.680952 -13.746630 6.690044 -1.638206 23.374912 -6.073714 -15.394613 5.208995 0.000000 0.000000 0.000000 0.871084 -2.229798 33.804627 7.492138 -0.766233 -29.152546 0.483176 -0.963006 19.095751 -8.186826 5.842222 -41.226087 0.000000 0.000000 0.000000 -39.609427 2.549069 -6.528214 -32.721073 -12.165577 -1.754468 -11.083312 -25.376230 3.456662 0.000000 0.000000 0.000000 20.805053 8.749647 3.981152 34.291126 11.225407 -1.852921 2.255419 21.590761 1.123365 0.000000 0.000000 0.000000 
0.095549 0.922603 0.539864 1.259821 5.148303 -4.730302 15.669361 0.040791 -6.902514 -9.074889 1.865660 36.408613 5.541546 13.994951 12.818715 0.000000 0.000000 0.000000 -5.458869 0.563814 -11.746763 6.208142 -1.381880 22.120855 -5.784351 -14.802006 4.980858 0.000000 0.000000 0.000000 0.744522 -2.142321 33.972949 7.554818 -0.835776 -28.458363 0.383693 0.126451 18.487822 -7.916218 5.866147 -40.380060 0.000000 0.000000 0.000000 -40.251304 2.190713 -6.857442 -31.442160 -11.557725 -1.671397 -11.228981 -25.192904 3.422028 0.000000 0.000000 0.000000 20.376902 9.642113 4.667321 32.895720 12.030580 -1.629187 2.847140 21.661820 1.229068 0.000000 0.000000 0.000000 
0.101180 0.926688 0.556806 1.421982 4.588211 -4.340835 15.366629 0.135979 -9.323942 -8.866524 1.807702 32.290562 5.187849 12.002258 5.293330 0.000000 0.000000 0.000000 -5.873250 0.485422 -10.469610 6.107955 -1.266118 21.032506 -5.435836 -14.119725 5.277243 0.000000 0.000000 0.000000 0.865491 -2.121769 34.031228 7.435981 -0.778917 -28.819869 0.732673 0.556691 19.046443 -8.280319 6.027714 -40.450275 0.000000 0.000000 0.000000 -40.164337 1.840225 -6.597486 -31.558226 -10.801271 -1.878786 -11.889192 -25.715462 3.648972 0.000000 0.000000 0.000000 20.801930 9.825570 4.846890 31.088339 13.085582 -1.408459 2.446520 21.288333 1.124443 0.000000 0.000000 0.000000 
0.110393 0.930412 0.573693 1.695654 4.441751 -3.821346 15.207870 0.173255 -10.963977 -8.703155 1.671079 26.938390 4.528848 10.989381 5.927229 0.000000 0.000000 0.000000 -6.562048 0.378387 -8.972225 5.818063 -1.114332 19.447950 -5.227631 -13.734089 5.623979 0.000000 0.000000 0.000000 0.842533 -2.031299 33.177949 6.899279 -0.755480 -27.565372 1.117142 1.115688 18.113149 -8.014719 5.976008 -39.740439 0.000000 0.000000 0.000000 -39.911956 1.348867 -6.443982 -31.372585 -9.668629 -2.002202 -12.042809 -26.154863 3.729712 0.000000 0.000000 0.000000 20.740103 9.651441 4.840484 30.457338 13.626627 -1.245995 2.581828 21.679306 1.179099 0.000000 0.000000 0.000000 
0.123084 0.931989 0.590781 1.792838 3.946417 -3.610469 15.167461 0.213545 -11.667262 -7.822086 1.338322 21.887089 3.636314 9.727884 7.188266 0.000000 0.000000 0.000000 -7.487974 0.262396 -7.048394 5.824353 -1.033540 17.631777 -4.886714 -13.033275 5.516515 0.000000 0.000000 0.000000 0.603443 -1.904874 33.083218 7.039700 -0.770828 -27.861488 1.143403 1.308417 18.513126 -7.642030 5.827567 -39.712598 0.000000 0.000000 0.000000 -39.157564 2.116327 -6.848660 -31.671641 -8.908260 -2.235230 -13.315465 -26.982839 4.163076 0.000000 0.000000 0.000000 20.811138 8.998469 4.472985 29.614783 14.093109 -1.165733 2.299131 22.841185 1.200164 0.000000 0.000000 0.000000 
0.139056 0.932098 0.608320 1.571946 3.865593 -3.662158 15.450911 0.250680 -11.910457 -6.742749 0.958043 15.426362 1.916576 7.408456 9.369440 0.000000 0.000000 0.000000 -8.329283 0.160772 -4.931770 5.899642 -1.009222 16.123078 -4.695960 -12.649092 5.548040 0.000000 0.000000 0.000000 0.169856 -1.722063 32.323584 6.940185 -0.791096 -27.358298 1.511270 1.614022 18.589453 -7.729682 5.939095 -38.707661 0.000000 0.000000 0.000000 -38.654499 2.446032 -7.108541 -31.925789 -7.576681 -2.547535 -13.952686 -27.480947 4.394680 0.000000 0.000000 0.000000 20.538385 8.671959 4.351718 30.224311 14.097204 -1.200373 2.649514 24.331401 1.379057 0.000000 0.000000 0.000000 
0.157677 0.930118 0.626166 1.199291 3.564781 -3.755201 15.729180 0.275410 -11.454577 -5.971685 0.733560 8.917555 0.640880 6.246968 12.424859 0.000000 0.000000 0.000000 -9.031836 0.097341 -2.970908 5.673553 -0.908365 14.945658 -4.482764 -12.177110 5.282982 0.000000 0.000000 0.000000 -0.307285 -1.521778 31.607914 7.026961 -0.896180 -26.409611 1.751278 1.928325 18.229494 -7.373720 5.794930 -38.953292 0.000000 0.000000 0.000000 -38.095192 3.361014 -7.788288 -32.038843 -6.984947 -2.645002 -15.161370 -28.030685 4.777708 0.000000 0.000000 0.000000 20.558181 8.611621 4.338580 29.371656 13.677566 -1.256498 4.254365 26.143598 1.834414 0.000000 0.000000 0.000000 
0.179572 0.926269 0.645003 0.830406 3.159920 -4.275424 16.185387 0.313671 -10.548163 -6.701942 0.818793 5.902541 -0.721162 4.789629 14.644535 0.000000 0.000000 0.000000 -10.388650 0.047495 -1.494946 6.061865 -0.999431 15.495655 -4.165430 -11.501154 5.182002 0.000000 0.000000 0.000000 -1.243262 -1.204503 31.167287 6.790841 -0.793336 -27.122876 2.969731 2.744722 19.459194 -7.665203 6.090946 -37.634577 0.000000 0.000000 0.000000 -38.607857 3.112500 -7.889786 -31.597092 -6.518906 -2.761398 -15.488316 -26.839339 4.634749 0.000000 0.000000 0.000000 21.239134 8.109372 4.288109 28.347588 12.846377 -1.571402 6.360588 27.561966 2.427403 0.000000 0.000000 0.000000 
0.205038 0.920933 0.664916 0.137262 3.665163 -5.399610 15.290916 0.264340 -10.784315 -6.494412 0.812130 8.198320 -1.633384 3.494701 14.745192 0.000000 0.000000 0.000000 -11.096452 -0.024124 1.196367 5.619324 -0.908040 15.547657 -4.167524 -11.525524 5.269821 0.000000 0.000000 0.000000 -1.742628 -1.173082 31.971545 7.477307 -0.948900 -27.331589 2.574203 3.453496 20.263429 -6.788391 5.904632 -37.643141 0.000000 0.000000 0.000000 -38.203894 3.254061 -8.377426 -31.655114 -6.387938 -2.722284 -15.489960 -26.555055 4.543324 0.000000 0.000000 0.000000 22.748315 7.889259 4.580868 27.405648 12.981451 -1.681142 6.594550 29.579023 2.708919 0.000000 0.000000 0.000000 
0.233674 0.913899 0.686255 -0.318915 4.100656 -5.599163 13.840896 0.154912 -11.745730 -6.383975 0.824837 12.073455 -1.008446 3.399917 11.706168 0.000000 0.000000 0.000000 -12.500626 -0.034511 2.332970 5.566472 -0.937913 16.718779 -4.155313 -11.569641 5.725422 0.000000 0.000000 0.000000 -2.474864 -0.986520 31.143643 7.089984 -0.854413 -27.339075 3.083993 3.447423 21.297845 -4.888569 5.151462 -36.498545 0.000000 0.000000 0.000000 -36.943866 2.847669 -7.809945 -33.347216 -6.020464 -3.040190 -15.662014 -25.478446 4.397944 0.000000 0.000000 0.000000 23.065056 7.423433 4.441390 28.868833 11.506125 -2.107042 5.869189 31.472670 2.763263 0.000000 0.000000 0.000000 
0.263135 0.909004 0.707176 -0.949760 3.697949 -5.549971 12.710901 0.073146 -11.970875 -6.391089 0.867143 15.310800 0.440613 3.840108 6.512548 0.000000 0.000000 0.000000 -13.595543 -0.024001 0.892744 5.240588 -0.931933 21.641585 -3.807636 -11.140461 7.470553 0.000000 0.000000 0.000000 -4.041037 -0.525763 30.196553 7.916390 -1.153078 -26.197160 3.619750 3.436596 21.727708 -3.327917 4.416377 -37.578944 0.000000 0.000000 0.000000 -37.207847 3.600374 -8.332719 -34.284231 -6.185363 -3.105639 -14.453407 -24.786496 4.029299 0.000000 0.000000 0.000000 23.087335 7.614812 4.499590 30.178170 10.973736 -2.254573 5.193200 33.561660 2.822679 0.000000 0.000000 0.000000 
0.288921 0.908855 0.726693 -1.325803 4.818349 -6.114774 12.168614 -0.012829 -11.163234 -7.792842 1.167689 17.037320 0.665204 3.091048 3.581334 0.000000 0.000000 0.000000 -14.494721 -0.146522 -1.008341 4.900155 -1.076521 28.407376 -3.651513 -11.613642 12.834588 0.000000 0.000000 0.000000 -5.394901 -0.307119 30.778700 8.795654 -1.424020 -25.577969 3.370511 2.539436 21.554840 -3.454098 4.418334 -38.925975 0.000000 0.000000 0.000000 -36.383300 3.246313 -7.686056 -34.958926 -6.598862 -3.119061 -13.290953 -23.333653 3.554552 0.000000 0.000000 0.000000 22.612401 8.268902 4.717627 31.623266 10.310327 -2.390777 5.413781 35.033609 3.036724 0.000000 0.000000 0.000000 
0.308586 0.912635 0.745686 -1.377695 5.417139 -6.969450 10.755493 -0.110940 -8.616615 -7.463042 1.046823 16.538818 0.715030 2.518053 2.072565 0.000000 0.000000 0.000000 -15.382224 -0.377631 -5.282826 5.170555 -1.653189 39.021505 -3.430126 -11.951642 17.970073 0.000000 0.000000 0.000000 -7.212910 0.080332 31.200229 9.694779 -1.713470 -25.113432 3.220750 1.765627 21.313725 -2.486467 3.937989 -39.026261 0.000000 0.000000 0.000000 -35.752409 3.837944 -7.707563 -34.315018 -6.935588 -3.045405 -14.625960 -23.491289 3.859642 0.000000 0.000000 0.000000 22.335823 8.196435 4.490544 33.124466 9.468805 -2.614679 7.461586 36.080401 3.804380 0.000000 0.000000 0.000000 
0.322789 0.918058 0.765311 -2.179525 5.365539 -7.768801 11.141235 -0.069294 -5.708300 -7.985352 1.152289 15.348187 0.639538 2.148722 1.615263 0.000000 0.000000 0.000000 -15.714262 -0.648505 -10.396918 7.716770 -3.464189 46.555821 -5.488395 -15.813943 24.413749 0.000000 0.000000 0.000000 -8.289701 0.322658 32.484030 10.459275 -1.775485 -26.509379 3.625459 1.319711 22.351073 -2.545175 3.919428 -40.401929 0.000000 0.000000 0.000000 -34.375098 3.396548 -6.771908 -34.405669 -7.391395 -3.109707 -15.083353 -23.375036 3.950387 0.000000 0.000000 0.000000 20.943481 7.436067 3.830158 35.975806 8.805284 -2.928420 9.875643 36.320844 4.632484 0.000000 0.000000 0.000000 
0.332800 0.922901 0.786188 -2.911535 5.920195 -8.194149 10.735314 -0.094827 -2.549291 -6.783947 0.838533 12.908689 0.444790 1.424932 0.942162 0.000000 0.000000 0.000000 -14.286396 -0.645816 -13.539838 10.251632 -5.161585 46.868171 -9.487079 -21.316243 24.687410 0.000000 0.000000 0.000000 -8.312092 0.238703 33.401707 10.871790 -1.847943 -26.832661 3.443193 -0.148352 21.267618 -2.378015 3.671238 -39.526550 0.000000 0.000000 0.000000 -34.373584 4.100850 -6.768468 -32.876376 -7.872092 -2.943513 -16.620973 -23.372886 4.283453 0.000000 0.000000 0.000000 20.334897 7.836962 3.655255 38.039167 7.401708 -3.261860 11.775140 35.703966 5.077056 0.000000 0.000000 0.000000 
0.340331 0.926237 0.808467 -3.492844 5.538383 -8.814432 11.073185 -0.108334 1.474979 -6.762695 0.821181 9.792774 0.486894 1.289658 0.511030 0.000000 0.000000 0.000000 -12.264667 -0.400470 -15.666385 10.623810 -4.799983 42.199053 -8.865738 -20.630836 16.544718 0.000000 0.000000 0.000000 -8.769855 0.375052 33.915324 11.436494 -1.907281 -27.637779 3.492031 -0.688587 22.094402 -2.631937 3.696788 -39.973587 0.000000 0.000000 0.000000 -33.953319 3.931901 -6.198143 -32.664533 -9.042165 -2.811373 -15.994605 -24.994906 4.480580 0.000000 0.000000 0.000000 21.365659 7.566995 3.365248 38.404394 7.129882 -3.407609 11.398321 34.532382 4.732638 0.000000 0.000000 0.000000 
0.345851 0.926497 0.831506 -3.454009 5.565866 -8.890091 10.072006 -0.097019 4.398976 -5.413948 0.579975 7.636084 0.723328 1.211220 -0.582727 0.000000 0.000000 0.000000 -10.434176 -0.114675 -16.053230 11.286335 -3.601752 27.424294 -12.710645 -26.364540 17.784619 0.000000 0.000000 0.000000 -8.880865 0.401616 34.046954 11.055658 -1.779591 -27.974626 3.534796 -1.459110 21.926075 -3.464132 3.940739 -40.069018 0.000000 0.000000 0.000000 -33.784697 3.574769 -5.586793 -31.914892 -10.289605 -2.550766 -14.975254 -25.566325 4.367712 0.000000 0.000000 0.000000 20.337802 7.584824 3.134816 40.070450 6.228248 -3.721309 11.585248 33.010526 4.520018 0.000000 0.000000 0.000000 
0.349221 0.924591 0.855180 -3.341742 6.583823 -8.631087 9.479620 -0.118535 6.302398 -4.548314 0.431498 6.307748 0.704640 0.378531 -1.986785 0.000000 0.000000 0.000000 -9.135410 0.057225 -16.618377 10.783517 -2.194459 11.996476 -20.398622 -33.416635 31.155594 0.000000 0.000000 0.000000 -8.473973 0.183954 34.190425 10.913426 -1.612200 -29.056092 3.163753 -2.973108 22.227368 -4.325608 4.169933 -42.665161 0.000000 0.000000 0.000000 -33.404683 4.398055 -5.693889 -32.595193 -12.716870 -2.148393 -14.436381 -27.266963 4.599153 0.000000 0.000000 0.000000 20.335096 6.691363 2.411558 40.681445 5.744331 -3.884274 11.290667 31.470297 4.159807 0.000000 0.000000 0.000000 
0.349923 0.920162 0.880393 -2.778119 7.664770 -8.286873 8.554593 -0.099108 8.538293 -3.511170 0.291695 4.499557 0.804295 -0.493015 -3.753862 0.000000 0.000000 0.000000 -8.474060 0.131206 -17.124247 9.778866 -1.433946 2.976542 -17.191824 -29.576187 31.271171 0.000000 0.000000 0.000000 -7.817522 -0.098578 34.140014 10.295114 -1.428227 -29.365009 2.479861 -4.087819 21.619563 -5.200957 4.437615 -42.256390 0.000000 0.000000 0.000000 -32.837733 4.354990 -5.385178 -33.214361 -14.558276 -1.734336 -13.965829 -28.902342 4.799257 0.000000 0.000000 0.000000 20.726783 6.670689 2.233965 41.209247 4.899539 -4.097618 10.098194 29.957970 3.601714 0.000000 0.000000 0.000000 
0.347788 0.914084 0.907658 -1.833519 8.976619 -7.685557 7.594125 -0.059956 9.856918 -2.596157 0.169846 4.088609 0.964345 -1.501676 -5.755328 0.000000 0.000000 0.000000 -8.222041 0.128130 -17.610389 8.851464 -1.214419 0.889134 -11.769139 -23.289143 27.525576 0.000000 0.000000 0.000000 -7.303088 -0.351064 34.084465 9.780548 -1.208448 -30.341364 1.512360 -4.096014 21.412273 -5.425063 4.595680 -43.039073 0.000000 0.000000 0.000000 -32.407902 3.413272 -4.984790 -33.516940 -15.821530 -1.321898 -14.612222 -30.145499 5.153644 0.000000 0.000000 0.000000 22.361869 6.152331 2.130460 40.642904 4.540326 -4.202473 7.627112 28.661312 2.866926 0.000000 0.000000 0.000000 
0.342673 0.906137 0.937976 -1.360916 10.232648 -7.857861 7.648804 -0.124505 11.609404 -1.920617 0.061038 4.641218 1.310351 -2.557007 -8.248270 0.000000 0.000000 0.000000 -8.013958 0.100990 -18.159846 9.539260 -1.509977 3.822854 -10.889842 -22.035602 26.676523 0.000000 0.000000 0.000000 -5.971658 -0.860711 34.339855 8.929323 -1.059504 -29.804088 0.829914 -4.450284 19.925274 -5.334277 4.599232 -41.613729 0.000000 0.000000 0.000000 -32.124774 2.930120 -4.821112 -34.377079 -16.182704 -1.074029 -14.496549 -30.504032 5.159631 0.000000 0.000000 0.000000 22.755136 6.246730 2.216869 41.239446 4.084855 -4.294805 5.755739 27.490004 2.314374 0.000000 0.000000 0.000000 
0.334863 0.896676 0.972388 -1.040419 11.564823 -7.912907 8.190035 -0.267927 12.122822 -1.203368 -0.157937 7.503193 1.847769 -3.490074 -10.960660 0.000000 0.000000 0.000000 -8.383786 -0.054383 -19.267107 10.602313 -2.193197 9.669435 -9.198838 -19.752559 23.109840 0.000000 0.000000 0.000000 -4.542802 -1.357152 33.724131 8.073578 -0.814875 -30.403147 0.356285 -4.796067 20.743058 -6.318161 5.043462 -42.065010 0.000000 0.000000 0.000000 -32.959770 1.990275 -4.469914 -33.766733 -16.169291 -1.082105 -15.735349 -31.431254 5.653234 0.000000 0.000000 0.000000 23.635317 5.666479 2.072308 40.492446 4.159447 -4.332613 4.678741 28.172699 2.161202 0.000000 0.000000 0.000000 
0.324255 0.889584 1.008614 -1.157534 12.395455 -8.261068 9.364282 -0.493149 12.685836 -0.421403 -0.473694 10.763887 1.973121 -3.898407 -11.704373 0.000000 0.000000 0.000000 -8.281064 -0.093783 -19.678929 12.319126 -3.226730 14.915352 -7.844792 -17.857265 18.055661 0.000000 0.000000 0.000000 -3.171156 -1.724671 32.601109 7.958268 -0.821456 -29.852493 0.013922 -4.670463 20.654096 -6.998712 5.410489 -41.598387 0.000000 0.000000 0.000000 -33.808285 1.383784 -4.482386 -33.253932 -14.985170 -1.290684 -15.747415 -31.904673 5.706458 0.000000 0.000000 0.000000 23.409935 6.504893 2.794296 40.347184 4.917549 -4.154020 2.587797 27.950497 1.684390 0.000000 0.000000 0.000000 
0.311533 0.889017 1.043666 -1.106638 13.560769 -7.964021 10.497842 -0.668154 11.077715 0.333616 -1.023497 15.740767 0.721183 -4.394183 -8.289662 0.000000 0.000000 0.000000 -8.031893 -0.094781 -19.273224 13.631201 -4.082786 17.589796 -8.643843 -19.351412 13.951661 0.000000 0.000000 0.000000 -1.195229 -2.269605 31.721981 7.706916 -0.720084 -30.205601 -0.635214 -4.948747 21.254393 -6.875617 5.424378 -41.241514 0.000000 0.000000 0.000000 -34.729414 1.136891 -4.669787 -33.255830 -14.409911 -1.400590 -16.117034 -31.593054 5.745074 0.000000 0.000000 0.000000 22.799633 6.066521 2.726062 38.648397 6.758496 -3.553392 3.388950 27.898270 1.869895 0.000000 0.000000 0.000000 
0.298519 0.895647 1.075025 -0.726253 13.673771 -7.564623 11.476886 -0.611294 6.712206 -0.847153 -1.579728 24.795184 -0.966006 -1.313294 1.031213 0.000000 0.000000 0.000000 -7.720521 -0.006925 -17.789346 14.727118 -4.484692 17.720896 -8.654348 -19.581169 12.220068 0.000000 0.000000 0.000000 -0.301730 -2.436807 31.128391 8.350820 -0.914942 -29.312720 -1.188398 -3.723877 20.957575 -7.061520 5.668052 -40.758314 0.000000 0.000000 0.000000 -34.234531 1.500705 -5.461669 -35.190913 -14.156538 -1.304044 -14.810967 -30.800087 5.189847 0.000000 0.000000 0.000000 21.685460 6.459382 3.301507 37.487698 8.628594 -3.004354 1.144561 29.744293 1.514508 0.000000 0.000000 0.000000 
0.288002 0.907169 1.101163 -0.287938 13.129147 -6.928984 12.875651 -0.535140 1.887912 -3.897064 -1.273923 32.974898 -2.165260 2.975819 13.276601 0.000000 0.000000 0.000000 -6.513946 0.259672 -16.395073 13.944565 -4.087883 17.052246 -8.333156 -19.068825 12.406869 0.000000 0.000000 0.000000 0.974224 -2.631645 30.484784 7.165293 -0.653542 -29.021297 -0.100780 -2.543819 20.451382 -7.916227 6.189713 -38.758039 0.000000 0.000000 0.000000 -35.045216 0.875210 -5.589929 -35.023558 -12.690933 -1.521821 -15.222506 -32.061763 5.493788 0.000000 0.000000 0.000000 19.320405 6.011395 3.179178 36.796108 9.173231 -2.819971 1.054968 32.873893 1.761066 0.000000 0.000000 0.000000 
0.281011 0.917628 1.123079 0.607099 13.347200 -6.344590 15.250265 -0.462637 -3.499930 -8.991898 0.364323 39.035321 -2.967959 5.299011 22.735116 0.000000 0.000000 0.000000 -7.160597 0.138019 -14.708173 14.681607 -4.163429 15.788756 -8.092571 -18.605829 13.240856 0.000000 0.000000 0.000000 1.885497 -2.918062 30.746713 6.632310 -0.483451 -29.878052 -0.179233 -2.012587 21.077120 -9.159437 6.776103 -38.941938 0.000000 0.000000 0.000000 -35.827521 1.624584 -6.589847 -35.640873 -11.584223 -1.771835 -16.064486 -33.321664 5.964499 0.000000 0.000000 0.000000 18.857637 6.819534 3.766645 34.051384 10.549909 -2.400301 -0.059478 35.948691 1.614626 0.000000 0.000000 0.000000 
0.277388 0.924660 1.141810 2.134980 12.377952 -6.255682 15.954543 -0.319367 -5.655105 -11.208053 1.566412 36.883253 -1.464152 9.262549 30.732892 0.000000 0.000000 0.000000 -7.935145 0.039976 -12.621038 14.381739 -3.816483 14.666685 -7.388522 -17.522452 12.649100 0.000000 0.000000 0.000000 1.673102 -2.767373 30.986063 6.313304 -0.477331 -28.858311 -0.488130 -0.040457 20.790004 -9.421671 7.026413 -39.400549 0.000000 0.000000 0.000000 -36.388944 1.732663 -7.480664 -35.139468 -10.952446 -1.667056 -17.132101 -35.688759 6.659231 0.000000 0.000000 0.000000 17.649619 7.910018 4.585429 33.286674 11.473019 -2.212825 -2.085242 38.576894 1.231835 0.000000 0.000000 0.000000 
0.276807 0.928062 1.157241 3.248582 11.475600 -5.363777 16.031106 -0.300467 -5.537019 -9.376102 1.174575 27.000047 0.565331 11.018395 27.781331 0.000000 0.000000 0.000000 -8.540060 0.000212 -12.432287 13.982355 -3.619944 14.725296 -6.936991 -16.819423 11.819229 0.000000 0.000000 0.000000 2.127251 -2.852836 31.407196 5.253423 -0.276811 -28.223164 0.022259 0.059625 19.835096 -9.653818 7.027027 -39.177021 0.000000 0.000000 0.000000 -36.751087 2.364602 -7.851143 -35.160041 -9.197806 -2.105788 -19.201528 -37.101917 7.674240 0.000000 0.000000 0.000000 16.801902 7.987298 4.396747 32.156005 12.733587 -1.736463 -2.023842 39.347561 1.219121 0.000000 0.000000 0.000000 
0.279688 0.926997 1.170016 3.706297 11.298979 -5.163559 15.528312 -0.333585 -4.532877 -5.166197 0.283764 15.688367 0.979887 8.801534 16.261865 0.000000 0.000000 0.000000 -8.949302 -0.047911 -11.576916 13.894949 -3.565462 14.600511 -6.885850 -16.791344 10.120518 0.000000 0.000000 0.000000 3.250856 -3.275458 32.329486 4.887307 -0.197286 -28.008140 -0.946628 0.268795 19.383835 -9.361440 6.911723 -39.321541 0.000000 0.000000 0.000000 -37.505537 2.053959 -7.894076 -34.572790 -8.689362 -2.135211 -18.152726 -37.742208 7.443484 0.000000 0.000000 0.000000 17.173541 9.432541 5.211995 31.273172 13.542201 -1.521812 -4.184882 40.252663 0.485764 0.000000 0.000000 0.000000 
0.285984 0.924143 1.180092 3.961499 10.909640 -4.727602 16.014162 -0.360215 -3.962422 -2.265584 0.032566 6.797453 -1.697739 4.505101 15.222957 0.000000 0.000000 0.000000 -9.721504 -0.126064 -11.704896 14.332013 -3.748715 15.332692 -6.768711 -16.631667 8.459598 0.000000 0.000000 0.000000 3.803535 -3.515320 33.168626 4.236571 -0.019109 -28.567401 -0.437292 0.401687 20.044434 -8.299382 6.480816 -39.232033 0.000000 0.000000 0.000000 -37.621499 0.636964 -6.736652 -34.413455 -8.453873 -2.265663 -17.061656 -37.756873 7.105097 0.000000 0.000000 0.000000 18.384383 8.228696 4.669559 29.647201 14.237991 -1.425346 -5.541844 40.000218 -0.032854 0.000000 0.000000 0.000000 
0.295587 0.920527 1.187511 3.681938 11.299386 -4.073319 16.977145 -0.414608 -4.269006 -0.937285 0.043490 1.347393 -6.328415 0.430002 21.345231 0.000000 0.000000 0.000000 -10.365336 -0.221068 -12.392670 14.951537 -4.111791 16.350188 -6.990944 -17.074796 7.297754 0.000000 0.000000 0.000000 4.865472 -3.942509 33.365055 4.198624 -0.037110 -27.787949 -0.974972 0.702673 18.895154 -8.259071 6.512651 -38.831825 0.000000 0.000000 0.000000 -37.102597 -0.530160 -6.095520 -34.684645 -8.355414 -2.144963 -15.078749 -36.388236 6.117554 0.000000 0.000000 0.000000 18.486310 7.764862 4.538081 30.611682 14.222264 -1.395286 -6.268921 39.391665 -0.190216 0.000000 0.000000 0.000000 
0.308429 0.917173 1.192928 3.154435 10.218007 -3.900529 17.860478 -0.350074 -4.805555 0.093540 -0.024335 0.419460 -6.474512 1.418976 24.516053 0.000000 0.000000 0.000000 -10.487936 -0.196572 -13.314576 14.864020 -4.228484 18.114950 -6.659654 -16.456996 6.277207 0.000000 0.000000 0.000000 4.801404 -3.843169 33.489388 4.739064 -0.156262 -28.223153 -0.442735 1.011226 19.147430 -7.929632 6.356884 -38.753327 0.000000 0.000000 0.000000 -36.872889 -0.232865 -6.109969 -35.665031 -7.540590 -2.492059 -15.215156 -35.896632 6.106372 0.000000 0.000000 0.000000 18.973146 7.390943 4.311541 30.110927 14.267027 -1.390929 -6.542180 38.930553 -0.320072 0.000000 0.000000 0.000000 
0.324233 0.914097 1.198133 2.549006 9.608005 -3.919550 18.548605 -0.316333 -4.952409 0.194870 -0.020432 0.065363 -5.765182 2.716444 25.714059 0.000000 0.000000 0.000000 -10.844674 -0.220981 -13.545643 14.910608 -4.331023 19.173714 -6.449563 -16.042943 5.484014 0.000000 0.000000 0.000000 4.653070 -3.732512 33.399288 5.063168 -0.244512 -28.051740 -0.216997 0.801613 18.768173 -8.392282 6.471756 -38.869130 0.000000 0.000000 0.000000 -37.129524 0.089768 -6.146825 -35.175864 -7.139372 -2.613838 -15.055141 -35.272187 5.973081 0.000000 0.000000 0.000000 19.981496 7.687193 4.411177 30.244543 13.551889 -1.504986 -6.356830 38.325010 -0.314793 0.000000 0.000000 0.000000 
0.342544 0.910778 1.203350 2.092317 8.911273 -4.143403 18.817204 -0.272176 -4.909211 0.019082 -0.026068 0.657610 -4.648179 4.010907 25.656097 0.000000 0.000000 0.000000 -11.286572 -0.249448 -13.250811 14.557185 -4.231437 19.827533 -6.200889 -15.521177 4.413548 0.000000 0.000000 0.000000 4.054166 -3.420736 32.981256 5.695845 -0.417688 -27.679938 0.029042 0.748561 18.561608 -7.926208 6.234350 -38.798201 0.000000 0.000000 0.000000 -36.594392 0.594850 -6.208936 -35.465633 -7.259240 -2.660626 -15.006970 -34.206544 5.785417 0.000000 0.000000 0.000000 20.244190 7.670416 4.301131 30.437237 12.789264 -1.630456 -4.916215 37.704927 0.108347 0.000000 0.000000 0.000000 
0.363590 0.906736 1.208999 1.719446 7.712324 -4.570458 19.116723 -0.250531 -3.945075 -1.601971 0.119347 1.479952 -1.843580 6.643527 23.257085 0.000000 0.000000 0.000000 -11.957998 -0.284971 -12.827272 14.133187 -4.064826 20.603946 -5.757104 -14.527868 3.203230 0.000000 0.000000 0.000000 3.395895 -2.996877 32.163728 6.032474 -0.515332 -27.604104 0.226735 0.584300 19.143597 -7.649033 6.077845 -38.247211 0.000000 0.000000 0.000000 -36.704668 1.105577 -6.201086 -35.249479 -7.118109 -2.844437 -14.862524 -33.489713 5.668049 0.000000 0.000000 0.000000 20.977829 7.699946 4.177093 30.934312 12.517812 -1.698451 -4.252928 36.296761 0.245590 0.000000 0.000000 0.000000 
0.386953 0.902490 1.214360 1.236312 7.482595 -5.183415 18.755969 -0.265382 -3.196801 -2.320694 0.181254 2.334806 -0.885095 6.784968 19.580100 0.000000 0.000000 0.000000 -12.679880 -0.372950 -12.286117 13.527369 -3.978037 21.768270 -5.606219 -14.142902 2.475983 0.000000 0.000000 0.000000 2.822836 -2.731345 31.476136 6.448127 -0.645394 -27.241629 0.330665 0.420196 18.964663 -7.316261 5.938425 -37.617900 0.000000 0.000000 0.000000 -36.026249 1.210523 -6.020560 -35.443410 -7.303707 -2.846755 -15.151239 -32.657606 5.608205 0.000000 0.000000 0.000000 21.663816 7.216793 3.862892 31.461980 12.024833 -1.806452 -2.645243 35.766267 0.715155 0.000000 0.000000 0.000000 
0.412181 0.897825 1.218759 0.945449 6.675297 -5.954662 18.250893 -0.184257 -3.100774 -3.384759 0.276568 5.046361 0.483733 7.303684 15.251791 0.000000 0.000000 0.000000 -13.538895 -0.458020 -12.080082 12.538320 -3.741579 23.538957 -5.219918 -13.219512 2.006616 0.000000 0.000000 0.000000 1.973409 -2.376149 31.083779 6.615114 -0.702426 -27.290924 0.597159 0.005067 19.510010 -7.119971 5.777822 -37.469059 0.000000 0.000000 0.000000 -36.043124 1.095429 -5.500594 -34.966903 -7.512946 -2.923581 -15.385674 -32.571675 5.708446 0.000000 0.000000 0.000000 22.202494 7.620288 3.893744 32.440208 11.483189 -1.940666 -2.418975 34.690010 0.708984 0.000000 0.000000 0.000000 
0.437934 0.894101 1.222198 0.664818 6.489905 -6.548951 17.345273 -0.101785 -3.858191 -4.019563 0.329109 8.464753 1.586507 7.637402 10.952779 0.000000 0.000000 0.000000 -14.595187 -0.587051 -11.711247 11.708936 -3.539064 24.710095 -4.944907 -12.619828 2.289367 0.000000 0.000000 0.000000 1.127077 -2.112917 30.868146 7.031955 -0.824539 -27.112697 0.599664 -0.431783 19.271628 -6.852702 5.581281 -37.873406 0.000000 0.000000 0.000000 -35.568883 0.876694 -5.013159 -34.974567 -8.403758 -2.748582 -15.338249 -33.069575 5.806322 0.000000 0.000000 0.000000 22.595876 7.358063 3.584232 33.442674 10.961573 -2.035848 -1.645770 34.381466 0.908491 0.000000 0.000000 0.000000 
0.462624 0.891630 1.225348 0.414194 5.717273 -6.824260 16.557526 -0.001999 -4.841607 -4.875078 0.464651 12.011314 2.831987 8.531022 7.408915 0.000000 0.000000 0.000000 -15.784796 -0.690514 -11.584655 11.254148 -3.333278 25.268185 -4.407247 -11.533460 3.148022 0.000000 0.000000 0.000000 0.368390 -1.826359 30.580757 7.321534 -0.894057 -27.346005 0.800681 -1.110236 19.810382 -6.723160 5.402592 -37.716345 0.000000 0.000000 0.000000 -35.600700 0.963162 -4.541452 -34.550387 -9.089567 -2.733803 -16.210903 -34.302705 6.375550 0.000000 0.000000 0.000000 22.373869 7.872334 3.558694 34.979014 10.582457 -2.121910 -1.176973 34.672732 1.010054 0.000000 0.000000 0.000000 
0.485205 0.891663 1.228914 0.403931 4.771565 -6.899062 15.418086 0.063430 -5.710465 -5.455007 0.601645 15.062258 3.868710 9.653517 5.226832 0.000000 0.000000 0.000000 -16.510932 -0.701823 -11.283187 9.937832 -2.735821 25.035646 -3.810102 -10.436913 4.306813 0.000000 0.000000 0.000000 -0.611096 -1.466781 30.187885 7.920678 -1.081620 -26.984487 0.487743 -0.951814 19.374499 -6.425001 5.236186 -37.374995 0.000000 0.000000 0.000000 -34.951150 0.665226 -4.092422 -34.013298 -9.715748 -2.553777 -16.261546 -35.733461 6.677461 0.000000 0.000000 0.000000 22.656063 7.640517 3.309479 35.653779 10.320882 -2.150654 -0.027617 35.288076 1.363999 0.000000 0.000000 0.000000 
0.504379 0.891774 1.232726 0.039432 4.116350 -7.023678 14.765991 0.107193 -6.591195 -5.841495 0.716489 17.895873 4.605182 10.529241 3.601692 0.000000 0.000000 0.000000 -17.416820 -0.759556 -11.198626 9.912391 -2.669333 25.209557 -3.193963 -9.490912 6.031763 0.000000 0.000000 0.000000 -1.114212 -1.261872 29.661786 7.979309 -1.080256 -27.264421 0.277813 -1.369196 20.017967 -5.565362 4.779419 -36.809633 0.000000 0.000000 0.000000 -34.637315 0.174992 -3.317527 -33.745750 -10.608566 -2.472196 -16.355803 -36.871481 6.992227 0.000000 0.000000 0.000000 22.983524 7.882762 3.256166 36.797736 9.843183 -2.314663 0.632863 36.399659 1.595773 0.000000 0.000000 0.000000 
0.519793 0.891934 1.236433 -0.278167 3.218157 -7.256674 14.467027 0.159113 -7.107352 -6.476921 0.944459 20.301107 5.242022 11.469243 2.666743 0.000000 0.000000 0.000000 -17.164875 -0.669421 -11.044558 8.392395 -2.055300 25.359311 -2.672881 -8.670645 7.016596 0.000000 0.000000 0.000000 -1.807144 -1.001929 29.101103 8.163796 -1.171044 -26.971365 0.253633 -0.927026 20.005836 -4.868044 4.474241 -36.067230 0.000000 0.000000 0.000000 -33.618224 -0.281255 -2.841423 -33.733394 -11.656002 -2.215904 -15.389297 -37.832420 6.853747 0.000000 0.000000 0.000000 23.075836 7.695039 3.134555 37.591620 9.219616 -2.514528 2.155417 37.610303 2.168931 0.000000 0.000000 0.000000 
0.531535 0.890524 1.240044 -0.891900 2.912604 -7.334739 14.419497 0.198391 -8.020436 -6.565391 1.002025 22.720569 5.660731 11.996636 1.513090 0.000000 0.000000 0.000000 -16.754331 -0.610497 -11.055430 7.511990 -1.742489 25.772949 -2.462819 -8.395858 7.617565 0.000000 0.000000 0.000000 -1.904225 -0.952883 28.743147 7.999179 -1.081234 -27.600057 0.309940 -1.047202 20.935763 -4.322802 4.196247 -35.650384 0.000000 0.000000 0.000000 -33.263885 -1.078609 -2.061824 -33.673522 -12.616577 -2.093093 -14.106331 -38.416128 6.550678 0.000000 0.000000 0.000000 22.940950 7.517719 2.998011 38.468542 8.791706 -2.746722 3.686260 39.029900 2.802969 0.000000 0.000000 0.000000 
0.540019 0.889146 1.243534 -1.145231 2.491552 -7.596953 14.458167 0.242242 -8.464401 -7.077915 1.213498 24.684033 5.978343 12.476328 0.890527 0.000000 0.000000 0.000000 -16.170942 -0.516420 -10.679120 6.065660 -1.197557 25.840667 -2.306174 -8.088052 7.578568 0.000000 0.000000 0.000000 -2.206043 -0.839680 28.316955 7.794418 -1.087839 -27.112333 0.444873 -0.785284 20.968371 -4.493350 4.286248 -35.246306 0.000000 0.000000 0.000000 -33.346706 -1.706449 -1.643499 -33.394426 -13.218910 -1.927042 -12.543638 -38.899542 6.068231 0.000000 0.000000 0.000000 22.734970 8.155136 3.370942 39.268865 8.352133 -2.917894 4.086471 39.897648 3.031280 0.000000 0.000000 0.000000 
0.545829 0.888451 1.247423 -1.601671 2.642231 -7.573923 14.854088 0.268338 -8.825362 -7.524427 1.356063 25.663826 6.037642 12.458601 0.279328 0.000000 0.000000 0.000000 -15.638429 -0.460967 -10.419780 5.365135 -0.972577 25.890415 -2.356798 -8.231517 7.802869 0.000000 0.000000 0.000000 -2.246932 -0.825904 27.653327 7.641855 -1.034326 -27.289506 0.390722 -0.613131 21.418314 -3.773475 3.989162 -34.832327 0.000000 0.000000 0.000000 -33.231353 -2.142355 -1.428355 -33.330901 -13.818265 -1.775285 -11.484040 -39.226642 5.731507 0.000000 0.000000 0.000000 22.525868 7.953476 3.365730 39.982772 8.286486 -3.044313 5.399005 40.249076 3.580945 0.000000 0.000000 0.000000 
0.549520 0.889174 1.251465 -1.860330 3.026283 -7.634239 14.836827 0.236732 -8.491773 -7.424577 1.281292 25.505314 5.972721 12.216006 -0.181048 0.000000 0.000000 0.000000 -14.836708 -0.382962 -9.716508 4.118830 -0.567585 25.484874 -2.517556 -8.577436 8.017208 0.000000 0.000000 0.000000 -2.359614 -0.796910 26.691815 7.502623 -1.010861 -27.146228 0.418892 -0.875180 21.602061 -3.565655 3.875550 -33.916156 0.000000 0.000000 0.000000 -33.470367 -2.096398 -1.465977 -33.337699 -13.563960 -1.853078 -11.963148 -39.251561 5.911768 0.000000 0.000000 0.000000 22.358784 8.214960 3.515191 40.712317 7.774897 -3.256687 6.209691 40.409984 3.899908 0.000000 0.000000 0.000000 
0.551630 0.891087 1.255718 -2.248686 3.340695 -7.503535 15.200698 0.217391 -8.033052 -7.533185 1.276174 24.753260 5.834324 11.911753 -0.263980 0.000000 0.000000 0.000000 -13.871833 -0.292510 -9.284709 3.079173 -0.238798 25.123296 -2.645464 -8.934658 8.594540 0.000000 0.000000 0.000000 -2.273521 -0.798310 25.563470 7.440111 -0.981513 -27.249402 0.180411 -0.641796 21.716398 -2.829157 3.576622 -33.357587 0.000000 0.000000 0.000000 -33.503086 -2.423145 -1.448010 -33.506191 -13.270044 -1.876225 -12.267630 -38.876955 5.929123 0.000000 0.000000 0.000000 22.558761 8.170053 3.651976 41.224846 7.330918 -3.480993 7.338644 40.231142 4.337896 0.000000 0.000000 0.000000 
0.552777 0.893015 1.260049 -2.426632 3.840735 -7.584685 15.236819 0.175329 -7.531012 -7.362036 1.170048 24.251039 5.601101 11.457300 -0.158513 0.000000 0.000000 0.000000 -13.238632 -0.243720 -8.394687 2.284102 -0.008810 24.479084 -2.828423 -9.342116 8.994962 0.000000 0.000000 0.000000 -2.326684 -0.796217 24.980304 7.246608 -0.916045 -27.396736 0.083631 -0.714015 21.630323 -2.677167 3.528836 -33.089622 0.000000 0.000000 0.000000 -33.537929 -2.264309 -1.677082 -33.438978 -12.981955 -1.908559 -12.787564 -39.269426 6.160826 0.000000 0.000000 0.000000 22.624328 8.341921 3.822036 41.656403 6.771355 -3.698919 8.076984 40.213649 4.618462 0.000000 0.000000 0.000000 
0.553764 0.894287 1.264546 -2.614610 4.157642 -7.706133 15.402283 0.144864 -6.902164 -7.344530 1.131680 23.723256 5.453066 11.130481 -0.232661 0.000000 0.000000 0.000000 -12.653416 -0.203088 -7.840636 1.604380 0.195919 24.404992 -2.945484 -9.618723 9.363120 0.000000 0.000000 0.000000 -2.427501 -0.778631 24.513147 7.262510 -0.884114 -27.820957 -0.050869 -0.518547 21.487085 -2.170888 3.331842 -32.789639 0.000000 0.000000 0.000000 -33.499207 -2.245248 -1.878643 -33.812871 -12.653610 -1.937678 -13.206784 -38.989013 6.237445 0.000000 0.000000 0.000000 22.711752 8.368342 3.958784 41.920358 6.342473 -3.874919 9.456132 40.330898 5.162298 0.000000 0.000000 0.000000 
0.554962 0.895082 1.269218 -2.683911 4.598831 -8.022571 15.515077 0.103429 -6.086049 -7.458836 1.125305 23.219655 5.268619 10.681572 -0.454444 0.000000 0.000000 0.000000 -12.283563 -0.190577 -6.906869 1.012350 0.362657 24.144603 -3.103643 -9.927841 9.537839 0.000000 0.000000 0.000000 -2.466451 -0.773596 23.926321 7.020759 -0.837099 -27.702799 -0.236936 -0.640285 21.050360 -1.975085 3.234958 -31.958390 0.000000 0.000000 0.000000 -33.630926 -2.456183 -1.840364 -33.566214 -12.185545 -1.990773 -13.671736 -38.825357 6.346787 0.000000 0.000000 0.000000 23.041600 8.592372 4.132632 41.422611 5.814321 -3.984890 11.286592 40.535276 5.836379 0.000000 0.000000 0.000000 
0.556473 0.894934 1.273713 -2.648830 4.857871 -8.574604 15.476680 0.060940 -4.969759 -7.523173 1.118575 22.769342 5.200497 10.372869 -0.982451 0.000000 0.000000 0.000000 -11.925893 -0.182484 -5.934106 0.178829 0.630541 24.171438 -3.202570 -10.096818 9.489985 0.000000 0.000000 0.000000 -2.679486 -0.734109 23.549063 7.006682 -0.841473 -27.655953 -0.360791 -0.558098 20.876470 -1.746458 3.144101 -31.448899 0.000000 0.000000 0.000000 -34.083558 -2.451305 -2.015351 -33.074752 -11.910291 -1.988142 -14.282897 -38.261849 6.429540 0.000000 0.000000 0.000000 23.312015 8.626427 4.227931 40.937234 5.575241 -4.033531 12.710903 40.994443 6.441378 0.000000 0.000000 0.000000 
0.557869 0.894613 1.277533 -2.729178 5.094103 -9.005605 15.597659 0.022861 -4.006600 -7.634376 1.127653 22.266304 5.157666 10.088503 -1.569525 0.000000 0.000000 0.000000 -11.752345 -0.187294 -5.053111 -0.127385 0.716360 24.024625 -3.288441 -10.237066 9.407198 0.000000 0.000000 0.000000 -2.719054 -0.722081 23.046346 6.886062 -0.825628 -27.516548 -0.375318 -0.528955 20.715688 -1.798720 3.180562 -30.776268 0.000000 0.000000 0.000000 -34.425978 -2.768899 -1.922196 -32.634617 -11.652438 -1.992614 -15.038814 -37.566746 6.536044 0.000000 0.000000 0.000000 23.524542 8.750623 4.359009 40.506385 5.344503 -4.076584 14.205843 41.441437 7.079752 0.000000 0.000000 0.000000 
0.558682 0.893408 1.280167 -2.802688 5.183085 -9.587232 15.788528 -0.005976 -3.031552 -7.799744 1.163390 21.972973 5.182523 9.894393 -2.302618 0.000000 0.000000 0.000000 -11.494092 -0.189324 -4.446149 -0.555625 0.867119 24.434188 -3.338015 -10.292965 9.175976 0.000000 0.000000 0.000000 -2.851588 -0.697656 22.794406 7.075050 -0.909079 -27.086963 -0.548572 -0.542654 20.392196 -1.767237 3.171875 -30.663934 0.000000 0.000000 0.000000 -34.676962 -2.821201 -1.957208 -32.554735 -11.531695 -1.983940 -16.273474 -36.810346 6.795876 0.000000 0.000000 0.000000 23.990256 9.066405 4.565606 40.316344 5.474278 -4.004143 14.538375 41.473532 7.195592 0.000000 0.000000 0.000000 
0.558615 0.892308 1.281372 -2.941602 5.270198 -9.950731 16.057652 -0.034837 -2.296850 -7.911369 1.182673 21.485450 5.211541 9.723354 -2.971952 0.000000 0.000000 0.000000 -11.278237 -0.189906 -4.111435 -0.684123 0.911959 24.731456 -3.404577 -10.377910 8.923594 0.000000 0.000000 0.000000 -3.090447 -0.661019 22.649462 7.129775 -0.947873 -26.851845 -0.536310 -0.455344 20.312333 -1.644975 3.123041 -30.337404 0.000000 0.000000 0.000000 -34.467077 -3.285256 -1.671343 -32.705510 -11.537733 -1.967092 -17.224759 -36.104152 6.953709 0.000000 0.000000 0.000000 24.442967 9.285019 4.759830 40.343374 5.803124 -3.919861 14.163169 41.251590 7.017447 0.000000 0.000000 0.000000 
0.557710 0.891604 1.281409 -3.119340 5.265247 -10.207752 16.422399 -0.051655 -1.862641 -8.041818 1.214624 21.183095 5.216604 9.616565 -3.305565 0.000000 0.000000 0.000000 -10.889447 -0.174185 -4.016912 -0.912192 0.996874 25.048761 -3.453635 -10.446596 8.757017 0.000000 0.000000 0.000000 -3.277156 -0.622247 22.359526 7.235491 -0.989407 -26.653041 -0.617691 -0.444649 20.414255 -1.922162 3.270469 -30.230204 0.000000 0.000000 0.000000 -34.338925 -3.476842 -1.521129 -33.147004 -11.904941 -1.905106 -17.655083 -35.448712 6.962294 0.000000 0.000000 0.000000 24.844130 9.713615 5.047452 40.680496 6.497152 -3.744289 13.326865 40.492940 6.560160 0.000000 0.000000 0.000000 
0.556462 0.891250 1.280755 -3.235815 5.378966 -10.232285 16.776938 -0.070841 -1.702215 -8.269551 1.265338 20.761374 5.165798 9.445177 -3.457905 0.000000 0.000000 0.000000 -10.789546 -0.172953 -3.949112 -0.731105 0.920545 24.961877 -3.536821 -10.569479 8.544507 0.000000 0.000000 0.000000 -3.378451 -0.605044 22.119778 7.180774 -0.988238 -26.519759 -0.690630 -0.545061 20.394648 -1.919043 3.256553 -29.902090 0.000000 0.000000 0.000000 -34.058040 -3.824743 -1.242460 -33.651801 -11.976640 -1.908516 -18.146484 -35.090659 7.047428 0.000000 0.000000 0.000000 25.226301 10.080510 5.285776 40.957332 7.085839 -3.574210 12.480717 39.794826 6.119738 0.000000 0.000000 0.000000 
0.555217 0.891558 1.280120 -3.368645 5.537521 -10.291704 17.058791 -0.099864 -1.415079 -8.349024 1.268741 20.143717 5.067452 9.221880 -3.447764 0.000000 0.000000 0.000000 -10.641438 -0.172014 -3.815459 -0.583158 0.851934 24.825466 -3.611178 -10.708531 8.556480 0.000000 0.000000 0.000000 -3.459360 -0.593675 21.913340 7.052721 -0.968308 -26.339436 -0.598743 -0.648135 20.322727 -2.428944 3.519558 -29.679887 0.000000 0.000000 0.000000 -34.261955 -3.922651 -1.196603 -34.225265 -11.948682 -1.931838 -18.456844 -35.230438 7.187906 0.000000 0.000000 0.000000 25.650229 10.315436 5.449540 41.223415 7.871488 -3.340126 11.665810 38.284133 5.560661 0.000000 0.000000 0.000000 
0.553926 0.891741 1.279900 -3.333352 5.762703 -10.451555 17.248372 -0.117633 -1.315393 -8.564374 1.310317 20.081357 4.909677 8.941520 -3.239737 0.000000 0.000000 0.000000 -10.896093 -0.199864 -3.480409 -0.107643 0.668691 24.629687 -3.671552 -10.801853 8.443138 0.000000 0.000000 0.000000 -3.550422 -0.581154 21.662462 6.923390 -0.938179 -26.282194 -0.646484 -0.663536 20.412228 -2.516955 3.573646 -29.137511 0.000000 0.000000 0.000000 -34.166918 -4.094793 -1.116854 -35.142290 -11.635827 -2.042573 -18.938720 -35.291129 7.366172 0.000000 0.000000 0.000000 25.989217 10.462286 5.606597 41.441770 8.378714 -3.212522 11.319888 37.391341 5.298752 0.000000 0.000000 0.000000 
0.552385 0.891629 1.280442 -3.379126 6.064750 -10.612890 17.286774 -0.156659 -0.955572 -8.332517 1.222407 19.624453 4.811992 8.649282 -3.395450 0.000000 0.000000 0.000000 -10.681092 -0.205174 -2.950685 -0.205514 0.673018 24.238826 -3.841633 -11.086406 8.163565 0.000000 0.000000 0.000000 -3.580340 -0.571932 21.121441 6.649185 -0.893118 -25.893740 -0.509522 -0.682840 20.396058 -2.857761 3.769118 -28.421387 0.000000 0.000000 0.000000 -34.295042 -4.245513 -1.103937 -36.094269 -11.063880 -2.212517 -18.826149 -35.310636 7.341955 0.000000 0.000000 0.000000 26.340297 10.664965 5.812882 41.716235 8.732243 -3.125917 11.121399 36.326892 5.060060 0.000000 0.000000 0.000000 
0.550397 0.890642 1.281521 -3.354510 6.344134 -10.765391 17.251581 -0.175464 -0.843039 -8.035319 1.125517 19.688420 4.769797 8.423010 -3.694743 0.000000 0.000000 0.000000 -10.647006 -0.221108 -2.366508 -0.109591 0.615617 23.822850 -4.030287 -11.367377 7.484361 0.000000 0.000000 0.000000 -3.384348 -0.594603 20.607826 6.374431 -0.861600 -25.263587 -0.521132 -0.600372 20.263404 -2.837862 3.780963 -27.637577 0.000000 0.000000 0.000000 -34.733046 -4.449337 -1.134384 -36.525735 -10.267863 -2.402304 -19.001749 -35.403470 7.412706 0.000000 0.000000 0.000000 26.847158 10.913658 6.093066 41.702709 8.969234 -3.067560 10.980360 35.715453 4.917914 0.000000 0.000000 0.000000 
0.547951 0.889576 1.282766 -3.358140 6.567113 -11.058522 17.285385 -0.217486 -0.298736 -7.727887 1.027931 19.299038 4.744533 8.181267 -4.110777 0.000000 0.000000 0.000000 -10.453308 -0.231453 -1.828050 -0.177000 0.621392 23.733337 -4.201285 -11.631160 6.830429 0.000000 0.000000 0.000000 -3.294292 -0.606566 20.276950 6.206412 -0.838066 -24.923473 -0.544584 -0.247988 20.546582 -2.427517 3.618637 -26.875559 0.000000 0.000000 0.000000 -35.032599 -4.719566 -1.199072 -36.772735 -9.643556 -2.538229 -18.622023 -35.315059 7.247245 0.000000 0.000000 0.000000 27.377115 10.937362 6.351470 41.799839 9.405989 -3.020966 10.515516 34.880952 4.668266 0.000000 0.000000 0.000000 
0.545393 0.888978 1.283617 -3.326007 6.927564 -11.196629 17.272785 -0.262059 0.126407 -7.423281 0.928647 18.688538 4.655033 7.844779 -4.371928 0.000000 0.000000 0.000000 -10.333402 -0.246684 -1.386239 -0.149907 0.585465 23.530058 -4.409300 -11.997658 6.322609 0.000000 0.000000 0.000000 -3.083763 -0.647818 20.195165 5.976419 -0.796857 -24.512908 -0.556704 -0.214861 20.377155 -2.347510 3.601657 -26.617150 0.000000 0.000000 0.000000 -35.266481 -4.707238 -1.365502 -36.842080 -9.132124 -2.631658 -18.623921 -35.072963 7.178412 0.000000 0.000000 0.000000 27.752254 11.116135 6.586402 41.957177 9.558004 -2.996848 9.803970 34.526700 4.408558 0.000000 0.000000 0.000000 
0.543042 0.889442 1.283914 -3.459496 7.143841 -11.336567 17.506553 -0.339140 0.972607 -7.271644 0.882091 17.272064 4.527497 7.530442 -4.381870 0.000000 0.000000 0.000000 -10.173451 -0.253068 -1.170609 0.115525 0.477828 23.511351 -4.503016 -12.187789 6.304738 0.000000 0.000000 0.000000 -2.790926 -0.703534 20.257430 5.806234 -0.752792 -24.409699 -0.493294 -0.135823 20.438364 -1.920463 3.387405 -26.368927 0.000000 0.000000 0.000000 -35.376479 -4.856806 -1.379516 -36.787593 -8.740269 -2.706732 -18.796791 -34.835021 7.166318 0.000000 0.000000 0.000000 27.882718 11.406781 6.872028 41.973386 9.943308 -2.901874 9.194981 34.142847 4.174879 0.000000 0.000000 0.000000 
0.541101 0.890766 1.283869 -3.477255 7.247532 -11.179174 17.586059 -0.377636 1.275158 -7.176873 0.857626 16.287457 4.375727 7.391904 -3.897821 0.000000 0.000000 0.000000 -10.013238 -0.240328 -1.475800 0.163376 0.452252 23.734082 -4.543502 -12.302294 6.671459 0.000000 0.000000 0.000000 -2.506415 -0.749558 20.298219 5.816995 -0.741593 -24.548019 -0.548519 -0.102678 20.473935 -1.567088 3.198455 -26.290118 0.000000 0.000000 0.000000 -35.219318 -4.764267 -1.478937 -36.783606 -8.363564 -2.802715 -19.014881 -34.650472 7.188831 0.000000 0.000000 0.000000 27.699466 11.470666 6.941972 42.069968 10.038776 -2.884177 9.063361 34.367777 4.177580 0.000000 0.000000 0.000000 
0.539519 0.892113 1.283941 -3.558641 7.051769 -10.896146 17.795814 -0.421266 1.772318 -7.245135 0.883337 14.897471 4.326437 7.494254 -3.428394 0.000000 0.000000 0.000000 -9.920279 -0.221013 -1.620653 0.393446 0.383135 23.310863 -4.481420 -12.192678 6.806234 0.000000 0.000000 0.000000 -2.178915 -0.787978 20.278278 5.906636 -0.751324 -24.774228 -0.487876 0.017831 20.550609 -1.479971 3.136473 -25.894647 0.000000 0.000000 0.000000 -35.098628 -4.923307 -1.355286 -36.774031 -8.026411 -2.899335 -19.291466 -34.256298 7.187212 0.000000 0.000000 0.000000 27.081643 11.619387 6.984530 42.084057 10.143621 -2.840291 9.644258 34.640906 4.392340 0.000000 0.000000 0.000000 
0.538151 0.893071 1.284616 -3.544987 6.788211 -10.831598 17.901536 -0.450058 2.294494 -7.304216 0.905242 14.035885 4.305522 7.637185 -3.010330 0.000000 0.000000 0.000000 -9.889334 -0.213345 -1.425468 0.491556 0.365908 22.782517 -4.388792 -12.005435 6.732842 0.000000 0.000000 0.000000 -1.858405 -0.826464 20.311815 5.907631 -0.766185 -24.610590 -0.481139 -0.058579 20.414931 -1.253197 2.959321 -25.658019 0.000000 0.000000 0.000000 -35.198565 -5.056202 -1.167888 -36.413336 -7.706063 -2.981343 -19.478829 -34.060829 7.209690 0.000000 0.000000 0.000000 26.660948 11.811151 6.966211 41.965995 10.296315 -2.734789 10.170557 34.837144 4.561000 0.000000 0.000000 0.000000 
0.536998 0.893500 1.286099 -3.441465 6.664053 -10.688641 18.019249 -0.501120 2.941988 -7.578111 0.960125 12.851932 4.278482 7.679821 -2.782975 0.000000 0.000000 0.000000 -10.070454 -0.221207 -0.917382 0.745096 0.287926 21.759121 -4.361698 -11.915373 6.333969 0.000000 0.000000 0.000000 -1.714585 -0.832263 20.154435 6.105546 -0.803230 -24.856357 -0.650977 -0.025786 20.632455 -1.197856 2.912077 -25.373036 0.000000 0.000000 0.000000 -35.160924 -5.172504 -1.053600 -36.191120 -7.541414 -3.031500 -19.949686 -33.453817 7.217804 0.000000 0.000000 0.000000 26.460970 11.797192 6.942014 41.833914 10.094321 -2.811230 10.882286 35.223389 4.842919 0.000000 0.000000 0.000000 
0.536050 0.894260 1.288119 -3.430555 6.603529 -10.809791 18.021507 -0.546252 3.644606 -7.458768 0.931944 12.080657 4.213703 7.650445 -2.515999 0.000000 0.000000 0.000000 -10.106145 -0.235619 -0.188531 0.901896 0.239668 20.909351 -4.326025 -11.833700 6.177101 0.000000 0.000000 0.000000 -1.642017 -0.833666 20.020061 6.115281 -0.805775 -24.891087 -0.593444 -0.253167 20.893954 -1.284727 2.918278 -25.299139 0.000000 0.000000 0.000000 -35.165289 -5.323004 -0.803139 -35.823622 -7.545242 -3.060638 -20.605211 -32.848067 7.287341 0.000000 0.000000 0.000000 26.080909 11.631629 6.717872 41.711718 9.744895 -2.913389 11.802357 35.634210 5.188660 0.000000 0.000000 0.000000 
0.535544 0.895562 1.290018 -3.346319 6.373170 -10.650715 17.956509 -0.571217 4.174859 -7.466024 0.932854 11.185414 4.187062 7.807435 -2.011565 0.000000 0.000000 0.000000 -10.029183 -0.228077 0.169551 0.715870 0.305469 20.084159 -4.243214 -11.675875 6.220169 0.000000 0.000000 0.000000 -1.430508 -0.850126 19.939545 5.983076 -0.767786 -24.983675 -0.587405 -0.402251 20.859206 -1.565649 3.047255 -25.544587 0.000000 0.000000 0.000000 -35.243046 -5.081903 -0.853259 -35.454447 -7.570250 -3.057335 -21.473512 -32.068729 7.367838 0.000000 0.000000 0.000000 25.892397 11.504913 6.526569 41.714705 9.124330 -3.082134 12.757587 35.778915 5.504389 0.000000 0.000000 0.000000 
0.535646 0.897236 1.291418 -3.202337 5.863123 -10.598574 17.849568 -0.568897 4.720370 -7.600659 0.967844 10.593029 4.214618 8.151673 -1.326384 0.000000 0.000000 0.000000 -10.081901 -0.215839 0.396950 0.532577 0.382714 19.492282 -4.005067 -11.229250 6.465728 0.000000 0.000000 0.000000 -1.286383 -0.854759 20.001775 5.901097 -0.738515 -25.259825 -0.574650 -0.329508 20.988034 -1.653555 3.076713 -25.844624 0.000000 0.000000 0.000000 -35.515868 -5.056448 -0.782157 -34.942050 -7.474432 -3.078583 -22.580780 -31.687088 7.603329 0.000000 0.000000 0.000000 26.014948 11.163077 6.249742 41.163209 8.363767 -3.291863 13.783365 36.251850 5.901021 0.000000 0.000000 0.000000 
0.536342 0.898752 1.292171 -3.037831 5.374692 -10.544255 17.726680 -0.546452 5.027180 -7.825648 1.022118 10.343698 4.258543 8.487537 -0.710712 0.000000 0.000000 0.000000 -10.221878 -0.202146 0.417796 0.380679 0.449378 19.190891 -3.754548 -10.778557 6.810863 0.000000 0.000000 0.000000 -1.208984 -0.851848 20.133497 6.158661 -0.792268 -25.537821 -0.656411 -0.391701 21.062780 -2.081987 3.285118 -26.354199 0.000000 0.000000 0.000000 -35.641744 -4.835439 -0.776031 -34.695888 -7.608548 -3.075594 -23.774847 -31.271651 7.858463 0.000000 0.000000 0.000000 25.629899 11.224994 6.125767 41.092105 7.745325 -3.442799 13.769459 36.328599 5.885325 0.000000 0.000000 0.000000 
0.537517 0.899957 1.292658 -2.929681 4.818133 -10.362612 17.717636 -0.528529 5.296175 -8.221981 1.104683 9.916481 4.362825 8.889373 -0.220900 0.000000 0.000000 0.000000 -10.457714 -0.181898 0.238023 0.439799 0.454864 18.927457 -3.474485 -10.276737 7.127835 0.000000 0.000000 0.000000 -1.170983 -0.838770 20.200612 6.335363 -0.845128 -25.567724 -0.819788 -0.441948 20.939006 -1.973525 3.186466 -27.104715 0.000000 0.000000 0.000000 -35.508925 -4.743028 -0.651659 -34.863461 -7.785297 -3.086209 -23.823702 -31.084124 7.842744 0.000000 0.000000 0.000000 25.445198 11.356986 6.049462 40.848373 7.350154 -3.493677 13.280968 36.409972 5.709185 0.000000 0.000000 0.000000 
0.538842 0.900541 1.293032 -2.755667 4.625863 -9.913006 17.041312 -0.477872 5.189470 -7.622698 0.994723 9.478684 4.525691 9.235956 -0.182384 0.000000 0.000000 0.000000 -10.505463 -0.163446 0.157713 0.074171 0.551895 18.179448 -3.414238 -10.174346 7.209164 0.000000 0.000000 0.000000 -1.064671 -0.817254 19.658636 6.466510 -0.885343 -25.445651 -1.216535 -0.488844 20.852276 -2.139296 3.261011 -27.312185 0.000000 0.000000 0.000000 -34.906742 -5.204989 -0.203621 -35.382370 -8.516049 -2.940540 -24.105292 -30.700619 7.832528 0.000000 0.000000 0.000000 25.202933 11.233907 5.918736 41.110428 6.915998 -3.616141 12.350493 36.149173 5.372464 0.000000 0.000000 0.000000 
0.540093 0.901088 1.293210 -2.795521 4.452026 -9.737842 17.153364 -0.487644 5.325345 -7.932779 1.044941 9.016208 4.562317 9.362744 -0.036882 0.000000 0.000000 0.000000 -10.640001 -0.154717 0.045793 0.246188 0.505060 17.955485 -3.302859 -9.998181 7.455796 0.000000 0.000000 0.000000 -1.179401 -0.791806 19.593080 6.373251 -0.833038 -25.912747 -0.958439 -0.757229 21.334331 -2.566759 3.458826 -28.056152 0.000000 0.000000 0.000000 -34.875443 -5.494407 0.227587 -35.248943 -9.579468 -2.747108 -23.548941 -30.566137 7.662383 0.000000 0.000000 0.000000 25.132906 11.386711 5.891916 40.862214 6.342782 -3.776867 10.803125 35.577185 4.762339 0.000000 0.000000 0.000000 
0.540975 0.901445 1.292840 -2.658218 4.251338 -9.312486 16.615131 -0.421058 4.792067 -7.436836 0.969596 9.274116 4.725325 9.708666 0.004621 0.000000 0.000000 0.000000 -10.612514 -0.131977 -0.302242 -0.132299 0.609294 17.626982 -3.250785 -9.914392 7.544135 0.000000 0.000000 0.000000 -0.982213 -0.753971 18.423565 6.103351 -0.837614 -24.851142 -1.390610 -0.445168 21.395040 -1.780039 3.039031 -27.508043 0.000000 0.000000 0.000000 -34.421410 -6.537028 0.893257 -34.997140 -10.714878 -2.394163 -22.143132 -31.400208 7.449577 0.000000 0.000000 0.000000 25.957321 10.634943 5.576213 41.305682 6.580239 -3.760573 9.508976 34.955527 4.306226 0.000000 0.000000 0.000000 
0.541423 0.901297 1.291565 -3.049835 4.154443 -9.007980 17.278996 -0.434885 4.297993 -7.928848 1.061298 9.387321 4.775375 9.789879 -0.066790 0.000000 0.000000 0.000000 -10.316991 -0.102071 -1.480342 0.105467 0.574159 18.867181 -3.225981 -9.930468 7.931331 0.000000 0.000000 0.000000 -0.702765 -0.767790 17.912332 6.085923 -0.817913 -25.046276 -1.439484 -0.316537 22.196132 -0.821827 2.455906 -26.135192 0.000000 0.000000 0.000000 -33.457341 -7.093348 1.352613 -36.009575 -12.624994 -1.996591 -22.931888 -30.967215 7.584341 0.000000 0.000000 0.000000 25.471211 10.764324 5.731768 42.384753 8.077268 -3.459913 7.906875 32.888495 3.602342 0.000000 0.000000 0.000000 
0.541563 0.901999 1.289673 -2.795417 4.830930 -9.283325 16.512506 -0.326456 2.627334 -7.030848 0.917367 12.325148 4.548642 9.392485 0.168561 0.000000 0.000000 0.000000 -10.982822 -0.145995 -1.638928 0.734759 0.376788 19.760766 -3.344815 -10.229172 8.491928 0.000000 0.000000 0.000000 -0.836067 -0.709846 16.806933 5.519689 -0.795991 -22.969144 -1.233972 -1.121324 21.966101 -0.154803 1.978650 -25.755506 0.000000 0.000000 0.000000 -32.672178 -7.660297 1.970676 -36.728729 -12.987435 -1.966850 -20.258400 -34.026543 7.595529 0.000000 0.000000 0.000000 24.694591 10.471392 5.348652 42.277006 8.577801 -3.208511 7.900768 32.299861 3.498891 0.000000 0.000000 0.000000 
