HIERARCHY
ROOT Hips
{
	OFFSET -0.001795 -0.223333 0.028219
	CHANNELS 6 Xposition Yposition Zposition Zrotation Yrotation Xrotation
	JOINT LeftUpLeg
	{
		OFFSET 0.069520 -0.091406 -0.006815
		CHANNELS 3 Zrotation Yrotation Xrotation
		JOINT LeftLeg
		{
			OFFSET 0.034277 -0.375199 -0.004496
			CHANNELS 3 Zrotation Yrotation Xrotation
			JOINT LeftFoot
			{
				OFFSET -0.013596 -0.397961 -0.043693
				CHANNELS 3 Zrotation Yrotation Xrotation
				JOINT LeftToe
				{
					OFFSET 0.026358 -0.055791 0.119288
					CHANNELS 3 Zrotation Yrotation Xrotation
					End Site
					{
						OFFSET 0.000000 0.000000 0.000000
					}
				}
			}
		}
	}
	JOINT RightUpLeg
	{
		OFFSET -0.067670 -0.090522 -0.004320
		CHANNELS 3 Zrotation Yrotation Xrotation
		JOINT RightLeg
		{
			OFFSET -0.038290 -0.382569 -0.008850
			CHANNELS 3 Zrotation Yrotation Xrotation
			JOINT RightFoot
			{
				OFFSET 0.015774 -0.398415 -0.042312
				CHANNELS 3 Zrotation Yrotation Xrotation
				JOINT RightToe
				{
					OFFSET -0.025372 -0.048144 0.123348
					CHANNELS 3 Zrotation Yrotation Xrotation
					End Site
					{
						OFFSET 0.000000 0.000000 0.000000
					}
				}
			}
		}
	}
	JOINT Spine
	{
		OFFSET -0.002533 0.108963 -0.026696
		CHANNELS 3 Zrotation Yrotation Xrotation
		JOINT Spine1
		{
			OFFSET 0.005487 0.135180 0.001092
			CHANNELS 3 Zrotation Yrotation Xrotation
			JOINT Spine2
			{
				OFFSET 0.001457 0.052922 0.025425
				CHANNELS 3 Zrotation Yrotation Xrotation
				JOINT Neck
				{
					OFFSET -0.002778 0.213870 -0.042857
					CHANNELS 3 Zrotation Yrotation Xrotation
					JOINT Head
					{
						OFFSET 0.005152 0.064970 0.051349
						CHANNELS 3 Zrotation Yrotation Xrotation
						End Site
						{
							OFFSET 0.000000 0.000000 0.000000
						}
					}
				}
				JOINT LeftShoulder
				{
					OFFSET 0.078845 0.121749 -0.034090
					CHANNELS 3 Zrotation Yrotation Xrotation
					JOINT LeftArm
					{
						OFFSET 0.090977 0.030469 -0.008868
						CHANNELS 3 Zrotation Yrotation Xrotation
						JOINT LeftForeArm
						{
							OFFSET 0.259612 -0.012772 -0.027456
							CHANNELS 3 Zrotation Yrotation Xrotation
							JOINT LeftHand
							{
								OFFSET 0.249234 0.008986 -0.001171
								CHANNELS 3 Zrotation Yrotation Xrotation
								End Site
								{
									OFFSET 0.000000 0.000000 0.000000
								}
							}
						}
					}
				}
				JOINT RightShoulder
				{
					OFFSET -0.081759 0.118833 -0.038615
					CHANNELS 3 Zrotation Yrotation Xrotation
					JOINT RightArm
					{
						OFFSET -0.096012 0.032551 -0.009143
						CHANNELS 3 Zrotation Yrotation Xrotation
						JOINT RightForeArm
						{
							OFFSET -0.253742 -0.013329 -0.021401
							CHANNELS 3 Zrotation Yrotation Xrotation
							JOINT RightHand
							{
								OFFSET -0.255298 0.007772 -0.005559
								CHANNELS 3 Zrotation Yrotation Xrotation
								End Site
								{
									OFFSET 0.000000 0.000000 0.000000
								}
							}
						}
					}
				}
			}
		}
	}
}
MOTION
Frames: 172
Frame Time: 0.050000
0.000000 0.932442 0.000000 -4.914207 -0.256568 -1.812609 11.242060 -0.074513 -2.281253 -3.688344 0.386246 9.999576 0.013270 2.168192 4.906481 0.000000 0.000000 0.000000 -18.723907 -0.092099 -6.940229 -0.481129 0.662758 13.597562 3.636687 -2.457587 22.947300 0.000000 0.000000 0.000000 -2.296400 -0.090363 4.378439 1.139603 -0.603487 1.305743 2.229649 0.173351 1.569477 4.305116 -1.777908 -13.170976 0.000000 0.000000 0.000000 -20.752820 0.805066 -2.484911 -47.201693 -5.282607 -3.372503 -5.567919 -22.951977 1.978599 0.000000 0.000000 0.000000 21.071870 -0.408520 -2.425813 54.307857 -2.645267 -6.164330 -0.213776 21.062330 0.619332 0.000000 0.000000 0.000000
-0.039586 0.928343 0.000114 -4.858015 1.695147 -1.424003 13.590245 -0.112817 -3.396755 -2.880371 0.183519 10.160885 -0.944187 0.721706 5.513673 0.000000 0.000000 0.000000 -17.977410 -0.068911 -5.108073 -0.756761 0.665195 13.201504 3.410001 -2.327447 22.656342 0.000000 0.000000 0.000000 -3.351058 -0.040579 3.836804 1.835839 -0.882671 -0.075810 3.060477 -0.630996 3.153651 1.320762 0.210134 -14.714526 0.000000 0.000000 0.000000 -22.101718 1.740674 -3.128949 -47.617685 -5.681585 -3.392507 -3.508058 -23.254751 1.606897 0.000000 0.000000 0.000000 21.043844 -1.041635 -2.710351 55.423018 -2.140697 -6.246950 -3.906691 22.583572 0.029654 0.000000 0.000000 0.000000
-0.083205 0.923591 0.000401 -3.542530 2.084117 -1.951853 14.133172 -0.095370 -3.651855 -1.124770 -0.201324 11.248122 -1.538056 0.422749 7.238416 0.000000 0.000000 0.000000 -18.276045 -0.132871 -5.229960 0.685079 0.393532 15.495276 0.667733 -6.003480 20.493025 0.000000 0.000000 0.000000 -2.721322 -0.069945 3.993510 1.914028 -0.961513 0.622506 0.874134 -0.891686 3.611025 1.922383 -0.220586 -13.705952 0.000000 0.000000 0.000000 -21.862213 1.800249 -3.222417 -45.875523 -5.734522 -3.270277 -2.445231 -22.504608 1.329585 0.000000 0.000000 0.000000 21.919356 0.638846 -1.732521 54.359206 -0.495352 -5.454491 -3.365620 21.357606 0.142763 0.000000 0.000000 0.000000
-0.130219 0.919974 0.001090 -3.384931 2.294355 -1.764419 16.791554 -0.114535 -3.045699 -0.492992 -0.296561 10.250120 -2.220209 -0.359914 8.201692 0.000000 0.000000 0.000000 -17.449802 -0.137120 -5.822622 0.769233 0.416006 17.471755 1.251478 -4.760862 19.581506 0.000000 0.000000 0.000000 -1.902039 -0.075633 3.148789 1.198875 -0.718975 2.755136 0.452436 -1.289578 2.074987 0.556645 0.569289 -12.840818 0.000000 0.000000 0.000000 -22.328765 2.532714 -3.691193 -45.343665 -5.203242 -3.299191 0.352747 -21.427285 0.740833 0.000000 0.000000 0.000000 22.663477 1.145179 -1.644412 53.369806 -0.214458 -5.047444 -4.966199 22.334146 -0.165380 0.000000 0.000000 0.000000
-0.180612 0.917318 0.001881 -2.960957 1.677477 -2.343492 19.162551 -0.085375 -2.388814 0.513075 -0.522473 11.004068 -3.311007 -1.164124 10.727010 0.000000 0.000000 0.000000 -15.206289 -0.032435 -6.051573 0.892528 0.452920 19.142060 -0.315295 -6.590691 16.230469 0.000000 0.000000 0.000000 -0.865087 -0.105280 3.121533 0.276467 -0.243411 2.898835 -0.360867 -0.559429 2.455270 0.790464 0.393902 -11.866882 0.000000 0.000000 0.000000 -23.014646 2.199445 -3.755548 -44.559991 -4.493139 -3.483716 2.225771 -20.835545 0.362155 0.000000 0.000000 0.000000 22.255964 1.582140 -1.160712 53.857928 0.390361 -4.912474 -3.792605 22.951820 0.073069 0.000000 0.000000 0.000000
-0.231573 0.916369 0.002376 -2.656968 1.680322 -2.556446 21.654498 -0.101732 -2.059265 1.494799 -0.707548 10.677652 -4.540289 -1.608563 14.205821 0.000000 0.000000 0.000000 -12.500836 0.083631 -5.823746 1.863014 0.189968 20.011665 -2.867443 -10.219871 12.004552 0.000000 0.000000 0.000000 -0.582098 -0.121367 3.347207 -0.367101 0.105287 2.397270 -0.413918 0.085775 3.622497 0.867650 0.402292 -11.983153 0.000000 0.000000 0.000000 -23.664028 2.392184 -4.116571 -44.125887 -4.436901 -3.510431 4.289388 -19.391269 -0.021250 0.000000 0.000000 0.000000 22.255622 1.810947 -0.789921 53.530388 2.292404 -4.209387 -3.919859 22.427882 0.093592 0.000000 0.000000 0.000000
-0.280634 0.919087 0.001649 -2.571641 2.602551 -2.637604 23.131120 -0.153870 -2.353340 2.893731 -0.975876 10.296011 -4.809362 -0.362775 17.663095 0.000000 0.000000 0.000000 -9.703759 0.167903 -5.496110 2.719092 -0.116514 19.994813 -4.062157 -11.855994 8.730183 0.000000 0.000000 0.000000 -0.411719 -0.146331 3.857928 0.077582 -0.107291 1.842058 -1.716039 0.023451 4.053555 1.977286 -0.166083 -12.991864 0.000000 0.000000 0.000000 -23.723991 2.373857 -4.307105 -43.832009 -3.445347 -3.806618 5.042493 -19.449331 -0.172048 0.000000 0.000000 0.000000 22.470561 1.857229 -0.552573 53.653089 3.497136 -3.779641 -4.118199 22.022699 0.093271 0.000000 0.000000 0.000000
-0.324670 0.926146 -0.000155 -2.262385 2.911359 -1.903877 24.692176 -0.084487 -3.504872 2.819529 -0.898387 9.386286 -4.377959 2.302986 22.821423 0.000000 0.000000 0.000000 -7.133380 0.301801 -6.015356 3.389944 -0.334546 19.276578 -5.100511 -13.745653 7.337684 0.000000 0.000000 0.000000 -0.586438 -0.119496 3.329750 -0.373712 0.108919 2.078298 -1.099295 -0.173930 3.936340 1.904338 -0.229826 -12.049351 0.000000 0.000000 0.000000 -24.311265 2.180204 -4.234239 -43.607094 -2.556742 -4.087746 4.969946 -19.323100 -0.149891 0.000000 0.000000 0.000000 20.603851 2.205097 -0.302545 54.637107 4.336371 -3.414943 -3.966591 21.376944 0.107606 0.000000 0.000000 0.000000
-0.362438 0.935605 -0.002162 -1.532924 3.756701 -0.928549 23.985959 0.018685 -5.450504 2.729268 -0.918471 9.882642 -2.878292 4.831588 24.079192 0.000000 0.000000 0.000000 -5.465336 0.382852 -6.125911 2.940859 -0.246979 17.202046 -4.606468 -12.773018 8.113317 0.000000 0.000000 0.000000 -0.850703 -0.089107 2.763289 -0.572694 0.232297 1.242072 -1.439054 -0.570425 4.265699 1.509794 0.170932 -13.534174 0.000000 0.000000 0.000000 -24.363546 2.727622 -4.582757 -44.032403 -2.012512 -4.330252 3.472508 -20.216816 0.102588 0.000000 0.000000 0.000000 19.553197 1.109471 -0.803740 55.642931 4.307403 -3.498191 -3.420404 21.918728 0.216379 0.000000 0.000000 0.000000
-0.393587 0.944402 -0.004305 -0.380720 4.128379 -0.580508 20.618760 0.112197 -7.466633 1.625487 -0.901246 13.026450 -1.639455 5.347942 20.224713 0.000000 0.000000 0.000000 -4.418479 0.377407 -5.265970 2.237167 -0.080516 14.992955 -4.125054 -11.781047 8.182488 0.000000 0.000000 0.000000 -1.585253 -0.071432 2.918020 -0.409152 0.211749 -0.372737 -1.735162 -0.666452 5.639692 2.117028 -0.247015 -13.235891 0.000000 0.000000 0.000000 -24.497548 2.943818 -4.727757 -44.440254 -0.752667 -4.911634 1.220599 -22.612040 0.561047 0.000000 0.000000 0.000000 18.787974 -0.037782 -1.297603 55.977370 4.358045 -3.618772 -2.842273 22.737415 0.354742 0.000000 0.000000 0.000000
-0.419447 0.950541 -0.006280 0.400533 3.995764 -0.341886 16.027085 0.028692 -8.812441 1.108571 -1.018546 16.909001 -0.742722 5.117179 15.524282 0.000000 0.000000 0.000000 -3.571724 0.355956 -4.454818 1.015924 0.192078 12.847362 -2.417361 -8.342868 8.443985 0.000000 0.000000 0.000000 -1.604625 -0.083081 3.415110 -0.587331 0.315272 -0.925513 -2.275494 -0.585795 5.574762 1.430163 0.222867 -13.401950 0.000000 0.000000 0.000000 -23.932868 3.811553 -5.169386 -46.622931 -1.055952 -5.054771 0.161561 -23.154798 0.782833 0.000000 0.000000 0.000000 17.824981 0.134061 -1.110935 56.750925 4.425058 -3.605429 -2.996885 22.123755 0.321428 0.000000 0.000000 0.000000
-0.442164 0.954424 -0.008441 1.216465 3.773203 -0.381048 11.519626 -0.172561 -9.380141 0.347737 -1.004018 20.259147 0.227450 4.628949 9.676882 0.000000 0.000000 0.000000 -2.937018 0.315306 -3.659202 -0.281560 0.444752 11.245452 -0.740754 -4.908950 8.477263 0.000000 0.000000 0.000000 -1.703848 -0.095234 4.007809 -1.353329 0.683915 -1.279153 -1.271586 -0.389045 5.410939 1.431643 0.229798 -13.646927 0.000000 0.000000 0.000000 -23.481428 3.600788 -4.921912 -48.377444 -0.600385 -5.451865 -1.640763 -24.217224 1.208066 0.000000 0.000000 0.000000 17.478521 -0.718566 -1.572851 56.428989 3.961830 -3.788979 -2.182541 22.350072 0.460122 0.000000 0.000000 0.000000
-0.463367 0.955510 -0.010686 1.608561 3.819813 -0.983508 7.219737 -0.412134 -9.437932 -0.434785 -0.863877 21.788466 -0.139999 2.183983 5.174618 0.000000 0.000000 0.000000 -1.750977 0.193640 -1.996685 -1.729163 0.657087 9.151133 0.554738 -2.099327 8.208793 0.000000 0.000000 0.000000 -1.697986 -0.131160 5.167107 -1.271722 0.650370 -1.366039 -1.245123 -0.861391 5.297450 1.382882 0.228147 -13.773106 0.000000 0.000000 0.000000 -22.833430 3.432873 -4.581774 -50.901100 -1.031511 -5.622662 -1.616139 -25.173521 1.279384 0.000000 0.000000 0.000000 17.655238 -0.280574 -1.468265 56.295581 3.231330 -4.107562 -2.325745 23.118324 0.426923 0.000000 0.000000 0.000000
-0.483933 0.954843 -0.013208 1.706751 4.038817 -1.665509 4.677231 -0.599524 -10.025896 0.245674 -1.205281 23.750676 -1.747266 -1.536673 3.889488 0.000000 0.000000 0.000000 -0.723833 0.044295 -0.391307 -2.599791 0.717151 7.195838 2.063326 1.234034 7.972544 0.000000 0.000000 0.000000 -1.645961 -0.170370 6.285147 -1.691959 0.839155 -0.857112 -0.697155 -1.430700 4.911006 1.674110 0.015197 -14.095358 0.000000 0.000000 0.000000 -22.955978 3.084373 -4.240180 -51.771690 -2.444861 -5.151272 -1.401075 -24.526135 1.229960 0.000000 0.000000 0.000000 18.144002 0.166681 -1.425383 56.299361 2.685729 -4.328569 -1.887325 22.801838 0.464350 0.000000 0.000000 0.000000
-0.503772 0.952867 -0.016473 0.848025 4.249572 -1.866607 4.386284 -0.679012 -10.993520 1.232452 -1.632782 24.960528 -1.586108 -0.808496 4.654119 0.000000 0.000000 0.000000 0.910673 -0.010185 -0.011126 -2.385530 0.629145 6.289351 3.114732 3.660094 7.716521 0.000000 0.000000 0.000000 -1.514251 -0.194575 6.736512 -0.883351 0.456249 -0.800358 -0.899702 -1.561667 5.012142 1.747655 -0.074992 -13.571865 0.000000 0.000000 0.000000 -22.901179 1.952293 -3.596020 -51.982223 -3.185666 -4.869307 -0.905470 -24.217355 1.108013 0.000000 0.000000 0.000000 19.853420 0.478732 -1.390700 55.921110 2.793657 -4.276955 -2.615253 22.855995 0.337877 0.000000 0.000000 0.000000
-0.521846 0.952603 -0.020364 0.053989 4.031759 -1.272381 4.265016 -0.775988 -12.377248 0.883512 -1.569951 25.962491 -0.295543 1.358971 3.977565 0.000000 0.000000 0.000000 2.273636 0.075277 -0.869750 -1.198002 0.410026 5.890266 3.310820 3.891584 8.069107 0.000000 0.000000 0.000000 -0.953837 -0.193203 5.832390 -0.634970 0.297817 0.294081 -0.425386 -2.163434 3.834911 1.195397 0.136482 -12.623402 0.000000 0.000000 0.000000 -23.394231 1.889949 -3.434574 -51.179182 -2.914232 -4.841053 -1.974583 -24.943186 1.402237 0.000000 0.000000 0.000000 19.413854 0.966220 -1.331098 55.581949 2.108491 -4.405872 0.083321 22.566101 0.760762 0.000000 0.000000 0.000000
-0.536937 0.953278 -0.023732 0.319941 3.766199 -0.848309 3.838151 -0.854917 -13.001611 0.337142 -1.296815 25.029537 -1.946229 -1.651929 4.442036 0.000000 0.000000 0.000000 2.409684 0.134657 -1.388480 -0.268520 0.240852 5.460543 3.545120 4.166167 8.449788 0.000000 0.000000 0.000000 -1.335516 -0.141685 4.937652 -0.697760 0.328286 0.266244 0.452763 -2.068870 3.868754 0.567318 0.565963 -13.261530 0.000000 0.000000 0.000000 -24.367588 1.663948 -3.353408 -50.033795 -2.761979 -4.811890 -3.536474 -25.146298 1.769613 0.000000 0.000000 0.000000 19.630323 0.502766 -1.665254 55.325363 1.317585 -4.736879 2.043300 23.090280 1.128733 0.000000 0.000000 0.000000
-0.549234 0.954814 -0.026422 0.582947 4.511869 -1.373202 1.511066 -1.087543 -13.015553 -0.949713 -0.952519 25.504517 -7.269222 -11.291833 5.786087 0.000000 0.000000 0.000000 3.433099 0.005136 -0.381305 -1.092178 0.324913 4.366081 3.335104 3.547887 8.986088 0.000000 0.000000 0.000000 -1.564012 -0.154209 5.571945 -0.438082 0.260862 -1.235818 0.904888 -3.608247 5.093598 0.598860 0.426338 -13.402577 0.000000 0.000000 0.000000 -24.473274 1.509935 -2.840075 -50.241188 -2.758697 -5.061335 -4.337576 -25.989088 2.106553 0.000000 0.000000 0.000000 19.741029 1.089577 -1.638761 55.421039 1.018118 -4.965000 2.402498 23.406988 1.168296 0.000000 0.000000 0.000000
-0.559244 0.955257 -0.028199 0.692193 4.400251 -1.564075 -0.442269 -1.292046 -13.127948 -1.984106 -0.630710 26.266772 -10.754171 -15.124617 9.594284 0.000000 0.000000 0.000000 3.727907 -0.047186 -0.014294 -0.710302 0.242719 3.781983 3.500860 3.707729 9.347371 0.000000 0.000000 0.000000 -1.789048 -0.146456 5.665620 -0.102035 0.087547 -0.856150 0.641525 -3.753962 4.946294 1.258658 -0.079268 -12.490814 0.000000 0.000000 0.000000 -24.366388 1.138261 -2.561559 -50.572857 -2.912172 -5.033647 -3.601411 -25.406467 1.897826 0.000000 0.000000 0.000000 20.831377 2.682893 -0.929846 55.078441 0.743722 -5.021721 1.816046 23.457770 1.051505 0.000000 0.000000 0.000000
-0.567136 0.954932 -0.029138 0.367594 4.223622 -1.628365 -1.894953 -1.389429 -12.704850 -1.288799 -0.810514 25.339733 -12.093150 -15.327137 12.477765 0.000000 0.000000 0.000000 4.155559 -0.096682 0.289237 0.033372 0.109310 3.118026 3.712198 3.959296 9.696961 0.000000 0.000000 0.000000 -1.611784 -0.158560 5.773026 -0.055848 0.046516 -0.404058 0.788530 -3.194130 4.415464 1.430518 -0.191878 -11.877290 0.000000 0.000000 0.000000 -23.622743 -0.375054 -1.749459 -51.092945 -2.571040 -5.135061 -2.685903 -24.968081 1.628172 0.000000 0.000000 0.000000 22.031412 2.397710 -1.100084 54.167422 0.027195 -5.203719 1.935711 23.604096 1.094237 0.000000 0.000000 0.000000
-0.572731 0.954498 -0.028697 0.072710 3.628230 -1.298020 -2.681195 -1.264265 -11.100649 -1.406716 -0.597897 22.494707 -10.653962 -12.506457 12.903020 0.000000 0.000000 0.000000 4.604478 -0.066083 -0.029631 0.386951 0.055965 2.976644 4.027144 4.452333 9.867836 0.000000 0.000000 0.000000 -1.205106 -0.164505 5.396165 -0.192455 0.129595 -0.918420 1.063364 -3.468284 4.837362 1.082001 -0.025237 -11.803510 0.000000 0.000000 0.000000 -23.876282 -0.752842 -1.340648 -50.563189 -2.144874 -5.339907 -2.709239 -24.907420 1.662919 0.000000 0.000000 0.000000 22.143629 2.784320 -1.060047 53.769462 -0.409008 -5.344161 2.129143 24.347822 1.144378 0.000000 0.000000 0.000000
-0.576324 0.953590 -0.027427 0.036622 2.930409 -1.100916 -3.166344 -1.110180 -9.553899 -0.831299 -0.595239 19.406265 -9.016930 -10.289572 12.031362 0.000000 0.000000 0.000000 5.202673 -0.007223 -0.543070 -0.240945 0.170339 3.618892 4.192812 4.913416 9.468793 0.000000 0.000000 0.000000 -0.984189 -0.146361 4.608477 0.096805 -0.025631 -0.507800 0.837296 -3.516102 4.527634 0.967905 -0.047481 -10.776177 0.000000 0.000000 0.000000 -23.642915 -0.963764 -1.091836 -50.651452 -1.100513 -5.767536 -2.513980 -24.683917 1.618484 0.000000 0.000000 0.000000 22.481077 2.792840 -1.220745 53.449346 -0.517262 -5.285231 1.435201 24.718351 0.999253 0.000000 0.000000 0.000000
-0.578953 0.953767 -0.025868 -0.027395 2.698102 -1.160475 -3.888717 -0.900061 -7.518186 0.199562 -0.700834 15.938133 -7.740081 -8.337176 11.594355 0.000000 0.000000 0.000000 5.197908 0.129674 -1.476797 0.203497 0.172833 5.540031 4.226848 4.990437 9.393711 0.000000 0.000000 0.000000 -0.833858 -0.145370 4.393132 -0.110385 0.094559 -1.125192 0.963557 -4.208628 5.327875 0.656530 0.084670 -10.804771 0.000000 0.000000 0.000000 -23.794682 -1.286917 -0.622222 -50.375983 -1.767727 -5.606771 -2.056151 -23.109021 1.453324 0.000000 0.000000 0.000000 22.123236 2.955453 -1.310908 53.546953 -0.128458 -5.156115 1.192807 24.045525 0.894608 0.000000 0.000000 0.000000
-0.582365 0.953574 -0.025399 0.013740 2.156158 -1.181240 -3.733762 -0.727512 -6.203597 0.710808 -0.685713 13.461403 -8.480620 -9.409545 12.045860 0.000000 0.000000 0.000000 4.816909 0.383503 -3.262091 0.788268 0.192326 9.360161 4.680355 6.553978 8.193527 0.000000 0.000000 0.000000 -1.221486 -0.124838 4.266345 -0.180010 0.102729 -0.446433 0.979102 -4.495364 5.042008 1.229655 -0.291043 -11.607458 0.000000 0.000000 0.000000 -22.812615 -1.124793 -0.497223 -50.808155 -1.884196 -5.601347 -1.575747 -21.939187 1.302071 0.000000 0.000000 0.000000 21.161338 2.652103 -1.552373 54.829994 0.191838 -5.119954 0.580106 23.955902 0.737948 0.000000 0.000000 0.000000
-0.588823 0.953688 -0.026042 -0.264503 1.888033 -1.726953 -2.925882 -0.593844 -5.333794 0.342632 -0.566014 12.791968 -8.020038 -8.646821 12.020468 0.000000 0.000000 0.000000 4.598698 0.740797 -5.792918 1.760139 0.124899 15.617227 5.439275 8.765518 7.235775 0.000000 0.000000 0.000000 -2.123646 -0.114838 5.215076 0.002125 0.000855 -0.018696 1.405230 -4.404664 4.752419 1.687444 -0.599138 -11.657501 0.000000 0.000000 0.000000 -22.590525 -1.549122 -0.212613 -49.722209 -2.547655 -5.213322 -1.506544 -21.133112 1.230807 0.000000 0.000000 0.000000 22.014518 2.366336 -1.870961 54.161252 0.975679 -4.650743 0.741400 23.938430 0.758008 0.000000 0.000000 0.000000
-0.598710 0.955491 -0.027137 -1.056799 1.576646 -2.768476 -0.931703 -0.399819 -4.107351 -0.286009 -0.423240 12.830077 -8.155736 -9.245233 11.467665 0.000000 0.000000 0.000000 4.269289 1.102311 -8.443312 3.704834 -0.359526 22.862147 7.211931 12.015348 8.121487 0.000000 0.000000 0.000000 -2.999613 -0.105395 6.482661 -0.381415 0.180158 0.232345 2.636139 -5.129356 4.839836 1.638341 -0.537332 -13.666480 0.000000 0.000000 0.000000 -23.006388 -0.562184 -0.474477 -48.539821 -3.663210 -4.783972 -0.137565 -20.128468 0.969300 0.000000 0.000000 0.000000 21.117204 3.593055 -1.404027 55.636430 1.649169 -4.479616 0.325465 24.044288 0.622988 0.000000 0.000000 0.000000
-0.610601 0.958165 -0.027291 -1.886165 1.920669 -3.207090 0.550868 -0.283114 -3.253319 0.011410 -0.472109 12.183034 -8.081363 -9.093314 11.405912 0.000000 0.000000 0.000000 2.371215 1.326134 -11.250868 6.590576 -1.522322 29.002610 8.369392 13.444448 9.584602 0.000000 0.000000 0.000000 -4.162337 -0.058739 7.315763 0.867342 -0.407376 -0.282764 2.662872 -4.667445 5.275667 1.927575 -0.655963 -13.861929 0.000000 0.000000 0.000000 -22.529412 -0.744686 -0.520366 -47.944958 -3.679743 -4.725200 -1.479549 -19.547725 1.141029 0.000000 0.000000 0.000000 21.215781 2.773663 -1.653431 54.593721 1.742388 -4.424323 2.386065 24.296597 1.071840 0.000000 0.000000 0.000000
-0.623919 0.960746 -0.026838 -2.868821 1.085409 -3.496315 2.263840 -0.174214 -2.271348 -0.401883 -0.360664 12.002969 -6.064100 -6.706750 9.538368 0.000000 0.000000 0.000000 -0.485051 1.278184 -13.309577 7.429732 -1.887900 32.707298 10.718727 16.757139 11.548884 0.000000 0.000000 0.000000 -4.038399 -0.066177 7.189083 0.766540 -0.368599 -0.073218 3.641163 -4.694000 5.586501 0.825336 0.036454 -14.794914 0.000000 0.000000 0.000000 -22.486878 -0.041822 -0.739814 -48.078984 -4.452444 -4.514536 -1.910738 -19.768231 1.253138 0.000000 0.000000 0.000000 19.106529 3.398410 -1.191400 55.679328 2.203949 -4.395903 3.088492 24.627704 1.197904 0.000000 0.000000 0.000000
-0.638899 0.961750 -0.026182 -3.750077 0.686730 -3.662665 3.732063 -0.151071 -2.270896 -0.173841 -0.436201 12.853036 -4.805037 -5.024128 8.521088 0.000000 0.000000 0.000000 -3.701489 0.988618 -13.968633 6.906993 -1.607431 32.480156 8.035440 11.123985 11.697856 0.000000 0.000000 0.000000 -3.791612 -0.082335 7.265391 0.701978 -0.354243 0.362303 4.203105 -3.980781 5.118869 1.031797 -0.036493 -14.885087 0.000000 0.000000 0.000000 -22.632902 0.028890 -0.927002 -47.774983 -4.278731 -4.490237 -2.237503 -20.245900 1.327158 0.000000 0.000000 0.000000 18.712484 3.298019 -1.096661 55.447213 2.459625 -4.243860 2.949602 23.652969 1.140123 0.000000 0.000000 0.000000
-0.656178 0.961486 -0.025135 -4.529029 0.834705 -4.019403 5.227602 -0.113571 -1.931443 0.356453 -0.599494 13.713774 -3.999363 -4.504424 6.698681 0.000000 0.000000 0.000000 -7.794420 0.511734 -13.689384 5.825003 -1.121549 29.825517 1.171613 -2.850138 12.631339 0.000000 0.000000 0.000000 -3.786795 -0.091834 7.485607 1.124506 -0.555755 0.208832 4.455178 -3.491796 5.631477 1.222480 -0.014150 -16.296498 0.000000 0.000000 0.000000 -23.415742 0.975281 -1.690905 -47.163104 -4.730294 -4.278035 -2.639380 -20.924742 1.433462 0.000000 0.000000 0.000000 18.375697 3.610934 -0.729416 55.693828 2.790511 -4.201952 1.183096 23.278818 0.829964 0.000000 0.000000 0.000000
-0.676321 0.960028 -0.022989 -5.038538 1.396467 -4.016523 6.595125 -0.114571 -2.088041 0.472644 -0.703033 15.006839 -2.593554 -3.102499 4.223947 0.000000 0.000000 0.000000 -11.472762 0.078222 -13.396726 4.653338 -0.678606 25.580112 -1.988002 -9.466996 16.079894 0.000000 0.000000 0.000000 -3.505797 -0.110839 7.380296 1.149541 -0.543898 -0.304987 4.721352 -2.907187 5.922496 1.964861 -0.396188 -16.118251 0.000000 0.000000 0.000000 -23.556218 1.122236 -2.030317 -47.127753 -4.299009 -4.401591 -3.268649 -21.538174 1.571061 0.000000 0.000000 0.000000 18.564779 2.665525 -1.020907 54.910023 2.153284 -4.476829 0.457008 22.510205 0.712909 0.000000 0.000000 0.000000
-0.700115 0.956246 -0.019041 -5.185174 2.797460 -3.910071 7.795536 -0.137796 -2.291077 0.718602 -0.866037 16.144891 -1.459463 -2.365134 1.307331 0.000000 0.000000 0.000000 -14.929696 -0.347418 -12.152530 3.250745 -0.287406 19.632130 -0.778370 -7.990454 19.635615 0.000000 0.000000 0.000000 -3.212370 -0.127811 7.030101 1.106921 -0.544536 0.180400 4.357006 -2.777267 5.161784 1.025299 0.317883 -16.547620 0.000000 0.000000 0.000000 -23.535151 1.780118 -2.728396 -47.163603 -4.112740 -4.318714 -3.033313 -22.258085 1.539115 0.000000 0.000000 0.000000 18.678404 1.718204 -1.325988 55.645042 1.479501 -4.815664 -1.031687 22.348783 0.477300 0.000000 0.000000 0.000000
-0.728309 0.950731 -0.013448 -4.808502 3.333676 -3.726466 8.837924 -0.148573 -2.375967 1.010810 -0.966451 16.338657 -0.778742 -1.402393 0.461545 0.000000 0.000000 0.000000 -18.051258 -0.690808 -11.711726 0.616840 0.399965 16.716075 1.707222 -4.685245 22.517677 0.000000 0.000000 0.000000 -2.618624 -0.143227 6.310992 0.456646 -0.222859 0.117136 4.061318 -2.408316 4.999301 0.332706 0.688079 -14.577397 0.000000 0.000000 0.000000 -23.255288 2.353984 -3.246498 -47.202427 -3.147739 -4.609314 -3.925188 -22.686366 1.716376 0.000000 0.000000 0.000000 20.166018 0.836909 -1.790323 54.457833 0.697046 -5.044329 -1.930035 22.197080 0.346130 0.000000 0.000000 0.000000
-0.761838 0.944253 -0.006661 -4.129206 4.490792 -3.248120 10.487013 -0.186957 -2.957551 0.791892 -0.962499 16.631133 -0.849037 -1.851274 -0.070374 0.000000 0.000000 0.000000 -20.018842 -0.934632 -11.147809 -1.225510 0.783705 14.856576 3.610098 -2.269551 24.862341 0.000000 0.000000 0.000000 -2.807953 -0.116560 5.573393 0.689355 -0.372357 0.798184 2.660896 -1.822302 4.315609 0.474892 0.769736 -14.908168 0.000000 0.000000 0.000000 -23.196901 2.652121 -3.855543 -47.104028 -2.676291 -4.592983 -1.843575 -23.182556 1.263748 0.000000 0.000000 0.000000 22.598612 -0.281101 -2.312530 53.235405 0.273062 -5.094718 -3.669123 21.677122 0.099288 0.000000 0.000000 0.000000
-0.801666 0.937590 0.001379 -3.379488 5.796737 -3.722999 11.849190 -0.218258 -2.689543 0.832100 -1.012054 16.594792 -0.208196 -0.002577 0.793695 0.000000 0.000000 0.000000 -20.044618 -0.959670 -9.834432 -1.165474 0.736742 14.824918 4.145840 -0.890851 23.813652 0.000000 0.000000 0.000000 -3.192303 -0.104824 5.377594 0.288835 -0.275831 2.618746 2.719433 -2.367754 2.348900 0.305598 0.736431 -12.867818 0.000000 0.000000 0.000000 -22.643797 3.269011 -4.173612 -47.440893 -1.743408 -4.823162 -1.383265 -22.963737 1.141684 0.000000 0.000000 0.000000 22.670851 0.518525 -1.947528 53.388115 -0.586234 -5.302037 -4.190442 21.419279 -0.015475 0.000000 0.000000 0.000000
-0.847509 0.932297 0.010472 -2.934677 7.564391 -3.533895 13.943843 -0.304886 -2.977504 1.222473 -1.141299 16.358183 -0.287515 0.414496 1.800008 0.000000 0.000000 0.000000 -20.035763 -1.006562 -8.725934 -0.174170 0.442151 15.082566 2.856045 -2.926995 25.095144 0.000000 0.000000 0.000000 -3.563811 -0.089385 5.035673 0.852247 -0.556381 2.226109 1.427022 -2.336213 2.731145 -0.292570 1.269325 -13.536430 0.000000 0.000000 0.000000 -22.921071 3.955525 -4.938590 -47.700477 -1.319132 -4.958143 1.067207 -23.266326 0.606469 0.000000 0.000000 0.000000 23.893765 -0.760364 -2.429896 53.325197 -0.592559 -5.416269 -4.014646 22.108890 0.075243 0.000000 0.000000 0.000000
-0.896863 0.928815 0.020046 -2.600570 8.477031 -3.406283 16.043927 -0.418126 -2.393140 1.821757 -1.210034 15.186576 -0.184814 1.625381 3.636455 0.000000 0.000000 0.000000 -18.601029 -0.818218 -7.349326 0.313012 0.281503 14.592960 0.276736 -6.214828 23.436073 0.000000 0.000000 0.000000 -3.325822 -0.098715 5.028045 0.769321 -0.486085 1.736429 1.069983 -2.701065 2.821015 -1.115736 1.783333 -13.224230 0.000000 0.000000 0.000000 -23.357042 4.650152 -5.458555 -47.642466 -0.531290 -5.247834 2.959502 -23.470905 0.218451 0.000000 0.000000 0.000000 24.308459 -0.004630 -1.959878 52.926554 -0.866338 -5.517596 -3.590217 22.141956 0.154675 0.000000 0.000000 0.000000
-0.947245 0.927788 0.029031 -2.083283 8.935259 -3.034909 17.968056 -0.493860 -2.698565 1.846337 -1.133498 14.139020 0.088149 4.396896 8.421676 0.000000 0.000000 0.000000 -16.553452 -0.576152 -6.255369 0.711053 0.157821 13.982421 -1.751036 -8.582633 19.623975 0.000000 0.000000 0.000000 -3.239780 -0.095634 4.873981 0.965408 -0.589733 1.748600 0.010476 -2.055169 2.710196 -1.640606 2.270406 -14.301668 0.000000 0.000000 0.000000 -23.315897 4.916062 -5.915492 -48.367606 -0.164104 -5.388961 5.518333 -22.919638 -0.358847 0.000000 0.000000 0.000000 25.020475 -1.029261 -2.294865 52.139861 -0.458136 -5.325980 -2.821361 22.229628 0.335334 0.000000 0.000000 0.000000
-0.996660 0.928727 0.036902 -1.821972 9.315548 -3.004294 19.536442 -0.545159 -2.982726 2.773264 -1.286745 13.468946 -1.214715 3.997883 12.545563 0.000000 0.000000 0.000000 -14.343972 -0.374105 -5.261890 0.525730 0.184331 13.052070 -2.456217 -9.310993 17.203497 0.000000 0.000000 0.000000 -2.873253 -0.119829 5.359073 0.721944 -0.483073 1.947335 -0.299309 -2.332923 2.356512 -2.078030 2.556351 -14.810060 0.000000 0.000000 0.000000 -24.097936 5.903807 -6.634676 -48.206021 1.159060 -5.845656 7.795941 -24.024882 -0.862279 0.000000 0.000000 0.000000 24.402181 -0.379126 -1.879752 52.943371 -0.008835 -5.169644 -2.930889 22.401058 0.312137 0.000000 0.000000 0.000000
-1.044119 0.930783 0.042994 -1.438037 9.435474 -2.932022 20.868789 -0.601208 -3.004755 3.327183 -1.296449 12.269859 -2.618406 3.292459 16.100476 0.000000 0.000000 0.000000 -12.081088 -0.201864 -4.610274 -0.320312 0.370356 12.194408 -1.199905 -6.378981 13.514978 0.000000 0.000000 0.000000 -2.452165 -0.136641 5.449943 -0.391076 0.062025 2.238340 0.241921 -2.857563 2.585181 -2.453256 2.786197 -16.107144 0.000000 0.000000 0.000000 -24.955820 5.808017 -6.577184 -48.833309 1.910510 -6.279881 9.679324 -24.414324 -1.235809 0.000000 0.000000 0.000000 24.300289 0.930250 -1.265070 52.718108 0.885841 -4.754029 -3.645177 22.119068 0.159654 0.000000 0.000000 0.000000
-1.089726 0.933883 0.047520 -1.397811 10.002664 -2.836132 21.721382 -0.609443 -3.733825 4.528539 -1.548295 12.179874 -4.494786 1.639618 18.603364 0.000000 0.000000 0.000000 -10.024936 -0.090574 -3.849742 -0.795943 0.435298 10.582629 0.729961 -2.114476 11.626557 0.000000 0.000000 0.000000 -2.317140 -0.160348 6.030393 0.368110 -0.344331 2.435422 -1.041008 -2.027082 2.482826 -1.936362 2.631703 -16.509820 0.000000 0.000000 0.000000 -25.361030 5.131782 -6.693975 -48.958425 1.952108 -6.189098 10.696079 -24.677182 -1.571158 0.000000 0.000000 0.000000 24.441491 1.063452 -0.741752 53.323488 2.428020 -4.235100 -5.144829 22.209513 -0.036222 0.000000 0.000000 0.000000
-1.133119 0.937717 0.050421 -1.177336 10.459890 -2.406196 21.787470 -0.480938 -5.673804 5.817289 -1.926953 13.010702 -7.485649 -1.871818 20.354760 0.000000 0.000000 0.000000 -8.160963 0.022623 -4.154088 -0.650169 0.381305 9.992188 1.779367 0.473098 10.295161 0.000000 0.000000 0.000000 -2.826134 -0.133803 5.984008 0.120105 -0.337167 3.941838 -0.423010 -2.156395 1.625645 -1.709678 2.488478 -16.787501 0.000000 0.000000 0.000000 -25.590648 5.878608 -7.146758 -49.142305 1.752270 -6.081840 11.399526 -24.808839 -1.736852 0.000000 0.000000 0.000000 22.952195 1.963182 -0.224279 54.246856 4.645015 -3.182670 -6.226400 20.580039 -0.218635 0.000000 0.000000 0.000000
-1.172293 0.941770 0.051932 -1.183909 9.839352 -1.356432 22.290629 -0.284317 -7.734903 5.492177 -2.065991 14.916041 -7.195971 -0.421341 22.881234 0.000000 0.000000 0.000000 -6.327094 0.201434 -5.317738 -0.395995 0.310486 8.819391 3.286036 3.412796 10.456503 0.000000 0.000000 0.000000 -2.469899 -0.128674 5.606690 -0.534576 0.096848 2.675099 -0.467882 -1.454197 2.195340 -1.966928 2.708946 -17.157290 0.000000 0.000000 0.000000 -25.090679 5.636065 -7.034699 -49.262133 1.473756 -5.996382 10.506823 -23.955133 -1.506030 0.000000 0.000000 0.000000 22.280990 1.605113 -0.225363 54.706433 5.802556 -2.739830 -6.203975 19.766558 -0.175322 0.000000 0.000000 0.000000
-1.204521 0.946708 0.052949 -0.838539 10.104732 -1.307339 19.702154 -0.135796 -10.089331 5.437189 -2.657947 19.611678 -3.902050 3.212514 20.521406 0.000000 0.000000 0.000000 -4.743650 0.313048 -5.766176 -0.049789 0.241304 9.197627 3.108199 3.084854 10.463945 0.000000 0.000000 0.000000 -3.031156 -0.115533 6.091518 -0.487737 0.103055 2.166867 0.422794 -1.089456 1.922232 -2.519708 3.074613 -17.688759 0.000000 0.000000 0.000000 -26.379030 4.857384 -6.964584 -47.685251 2.203859 -5.977510 8.156016 -24.242351 -1.034496 0.000000 0.000000 0.000000 20.634505 1.378197 -0.219075 54.773038 5.701946 -2.744054 -4.487112 19.848014 0.087182 0.000000 0.000000 0.000000
-1.229145 0.949963 0.054154 -0.278403 11.484218 -1.403285 15.773692 -0.239682 -12.140904 4.691520 -3.198948 24.587772 -3.701260 1.340423 15.086166 0.000000 0.000000 0.000000 -3.607221 0.327079 -5.160499 -0.156129 0.234023 8.550514 2.457050 1.972728 10.392491 0.000000 0.000000 0.000000 -2.548122 -0.148129 6.234577 -0.689508 0.270338 1.000318 -0.291973 -1.965751 3.073218 -1.191520 2.344183 -17.891660 0.000000 0.000000 0.000000 -25.627048 5.332816 -7.057539 -48.842468 1.004732 -5.795788 5.849201 -23.668431 -0.514543 0.000000 0.000000 0.000000 20.307721 1.211456 -0.242452 55.107934 6.146298 -2.663374 -4.595732 18.339689 0.078770 0.000000 0.000000 0.000000
-1.247536 0.953035 0.056131 0.407260 11.591693 -1.343433 10.925596 -0.474447 -12.535355 3.055579 -3.193818 28.333599 -4.935236 -4.959411 7.689167 0.000000 0.000000 0.000000 -3.242715 0.300022 -4.469470 0.053037 0.171494 7.292769 2.473428 1.922658 10.679799 0.000000 0.000000 0.000000 -2.967447 -0.124856 6.148905 -1.185802 0.554758 0.291031 0.497730 -1.471731 3.512013 -1.154928 2.303553 -16.894497 0.000000 0.000000 0.000000 -24.758815 3.940481 -6.159503 -49.863292 1.513736 -6.177392 3.787267 -23.636589 -0.097318 0.000000 0.000000 0.000000 20.158495 0.404574 -0.567057 54.593695 5.239498 -3.125041 -3.304854 19.132434 0.283885 0.000000 0.000000 0.000000
-1.260980 0.955333 0.058357 0.820936 12.035026 -0.925701 6.514769 -0.745466 -12.337031 1.762987 -2.874012 29.088072 -7.947833 -13.520154 4.392759 0.000000 0.000000 0.000000 -2.552629 0.322562 -4.316826 -0.322470 0.222746 6.417794 2.281749 1.511134 10.966523 0.000000 0.000000 0.000000 -2.763683 -0.113167 5.463573 -0.704439 0.342116 -0.062951 0.074018 -2.342401 3.194152 -2.149710 2.806305 -16.408503 0.000000 0.000000 0.000000 -23.888896 5.182009 -6.537462 -51.205275 2.048649 -6.631020 1.646396 -24.935055 0.382861 0.000000 0.000000 0.000000 19.820131 0.898371 -0.416160 54.754778 4.185007 -3.544672 -3.604802 19.260521 0.223312 0.000000 0.000000 0.000000
-1.270447 0.956283 0.060291 1.055660 11.766713 -0.724467 2.411965 -0.923783 -11.245378 1.541565 -2.606210 27.748991 -7.900574 -15.382200 2.253436 0.000000 0.000000 0.000000 -2.231990 0.314452 -3.980669 -0.233353 0.187346 5.444529 2.424638 1.732311 11.077693 0.000000 0.000000 0.000000 -2.680679 -0.095995 4.800856 -0.840257 0.407518 -0.090806 0.700222 -2.169766 2.618054 -2.106776 2.750669 -16.136327 0.000000 0.000000 0.000000 -22.964050 4.886480 -6.152471 -52.590977 2.413429 -6.978987 -0.284930 -24.604413 0.792029 0.000000 0.000000 0.000000 20.366360 0.070403 -0.955001 53.801163 3.906366 -3.571552 -2.336143 18.477259 0.381280 0.000000 0.000000 0.000000
-1.277183 0.956497 0.061642 0.912925 12.113142 -1.342797 -0.629938 -0.896644 -9.175665 1.456363 -2.104064 23.585472 -5.627113 -9.108158 3.721852 0.000000 0.000000 0.000000 -1.773977 0.196453 -2.395106 0.044211 0.101594 3.851245 2.362347 1.609744 11.229230 0.000000 0.000000 0.000000 -2.469164 -0.124604 5.332990 -0.724859 0.407139 -0.916834 1.225245 -3.232209 3.163941 -2.519898 2.897841 -15.760216 0.000000 0.000000 0.000000 -22.662338 4.743430 -5.734412 -53.605815 1.822445 -7.004886 -0.188787 -24.530201 0.835469 0.000000 0.000000 0.000000 20.712702 0.305369 -1.070186 53.639471 3.353282 -3.838459 -2.676078 18.981144 0.318825 0.000000 0.000000 0.000000
-1.281706 0.955377 0.062332 0.700322 12.153726 -1.191679 -2.593151 -0.789907 -7.451969 2.512797 -1.864553 18.833202 -2.699609 -2.059583 5.309341 0.000000 0.000000 0.000000 -1.189096 0.164680 -1.852387 -0.048666 0.081288 2.489622 2.321786 1.602585 11.078184 0.000000 0.000000 0.000000 -2.330191 -0.105155 4.519880 -0.541599 0.298910 -0.585327 1.512690 -3.987767 3.319165 -2.264487 2.666120 -15.685434 0.000000 0.000000 0.000000 -21.889001 3.995464 -4.952833 -55.185331 1.051014 -6.961860 0.200532 -23.369652 0.766315 0.000000 0.000000 0.000000 21.485312 0.493580 -1.229039 53.694725 3.280657 -3.857222 -2.904648 18.778961 0.259578 0.000000 0.000000 0.000000
-1.284345 0.953690 0.062663 -0.015959 12.285635 -1.042445 -2.491560 -0.520453 -5.285596 3.993051 -1.622455 13.487452 -2.520544 -1.232670 6.003596 0.000000 0.000000 0.000000 -0.467482 0.128885 -1.321896 0.359773 -0.021493 0.956482 2.293339 1.575551 11.099667 0.000000 0.000000 0.000000 -2.278714 -0.088266 3.887422 -0.072877 0.046083 -0.164474 1.894895 -5.136745 3.483482 -2.627420 2.738495 -14.703254 0.000000 0.000000 0.000000 -22.105029 3.600344 -4.458270 -55.156569 0.147965 -6.612949 0.267998 -23.083115 0.808847 0.000000 0.000000 0.000000 22.225247 1.099240 -1.262458 53.576419 3.240370 -3.823999 -3.879218 19.408576 0.086275 0.000000 0.000000 0.000000
-1.285647 0.952321 0.062746 -0.253530 12.166715 -0.719399 -2.232457 -0.304688 -3.444339 4.498912 -1.221375 8.875640 -2.972537 -1.559511 6.813849 0.000000 0.000000 0.000000 -0.337660 0.120558 -1.207616 0.729555 -0.098682 -0.021622 2.357188 1.718426 11.016026 0.000000 0.000000 0.000000 -2.246891 -0.055806 2.679699 0.240862 -0.150278 0.422966 2.006839 -5.854997 3.485096 -3.136546 2.973131 -14.646125 0.000000 0.000000 0.000000 -22.332981 2.303505 -3.532893 -55.100612 -0.345751 -6.419736 0.515391 -22.698078 0.788854 0.000000 0.000000 0.000000 22.326870 1.419544 -1.333539 53.885403 2.777105 -3.992900 -3.788766 19.298232 0.069839 0.000000 0.000000 0.000000
-1.286204 0.951582 0.062916 -0.234821 12.331862 -0.516040 -1.905095 -0.108657 -1.606639 4.674799 -0.837399 4.686942 -4.288604 -3.178773 8.021231 0.000000 0.000000 0.000000 -0.188220 0.097062 -0.956319 0.509432 -0.093906 -0.825101 2.274093 1.604950 10.940718 0.000000 0.000000 0.000000 -2.359018 -0.035416 1.912312 0.276324 -0.184303 0.622357 2.231245 -6.787272 3.266609 -3.557637 3.147638 -14.660897 0.000000 0.000000 0.000000 -22.682526 2.523994 -3.456866 -54.719304 -0.636884 -6.267994 -0.175387 -23.123082 0.986016 0.000000 0.000000 0.000000 22.381329 1.171870 -1.762260 54.551842 1.989154 -4.318407 -3.539731 20.215781 0.072343 0.000000 0.000000 0.000000
-1.286497 0.950988 0.062734 -0.156670 12.659420 -0.620298 -1.534710 0.008528 -0.353052 4.010017 -0.569758 2.627786 -4.584789 -3.630304 8.097798 0.000000 0.000000 0.000000 -0.021947 0.073904 -0.722663 0.117888 -0.050125 -0.968642 2.078957 1.334826 10.701328 0.000000 0.000000 0.000000 -2.648395 -0.020778 1.209589 0.448594 -0.289823 0.885259 2.185079 -7.759653 3.480329 -3.871174 3.273245 -14.947659 0.000000 0.000000 0.000000 -22.480024 2.497055 -3.180648 -54.929877 -1.537109 -5.954672 -0.225546 -23.816778 1.075649 0.000000 0.000000 0.000000 21.941059 1.341375 -1.847746 55.582353 1.571404 -4.583277 -3.388762 20.783302 0.066105 0.000000 0.000000 0.000000
-1.286677 0.950572 0.062483 -0.031171 12.621627 -0.704044 -1.392291 0.067500 0.325987 3.553150 -0.439699 1.623361 -4.647782 -3.700968 8.170255 0.000000 0.000000 0.000000 -0.058371 0.058029 -0.577878 -0.045370 -0.032733 -1.044749 2.067703 1.363273 10.524856 0.000000 0.000000 0.000000 -2.714851 -0.016312 0.900071 0.504361 -0.319691 0.922305 2.143722 -7.984262 3.528372 -3.988807 3.327404 -15.267638 0.000000 0.000000 0.000000 -22.758404 1.994602 -2.852029 -54.699265 -2.082104 -5.708560 -0.499853 -24.213093 1.164784 0.000000 0.000000 0.000000 22.038288 1.414784 -1.887906 56.011088 1.534014 -4.630895 -3.421926 20.192182 0.052498 0.000000 0.000000 0.000000
-1.286949 0.950402 0.062066 0.090710 12.355952 -0.615592 -1.494616 0.076609 0.391086 3.487058 -0.416193 1.384914 -4.542717 -3.511155 8.210638 0.000000 0.000000 0.000000 -0.036369 0.140995 -1.366357 -0.306096 0.043479 0.149360 2.065671 1.455537 10.127490 0.000000 0.000000 0.000000 -2.854787 -0.008597 0.420669 0.601688 -0.372145 0.987327 1.807055 -7.692216 3.778022 -3.348632 2.961206 -15.417765 0.000000 0.000000 0.000000 -22.445597 1.548843 -2.624333 -54.621202 -2.955697 -5.307828 -0.652819 -24.212739 1.184972 0.000000 0.000000 0.000000 22.598551 1.205582 -1.994517 55.880071 1.472684 -4.670058 -3.499975 20.095783 0.052439 0.000000 0.000000 0.000000
-1.287337 0.950500 0.061441 0.123289 12.307091 -0.712146 -1.306636 0.060496 0.281230 3.111756 -0.398324 1.708372 -4.528691 -3.483046 8.229573 0.000000 0.000000 0.000000 -0.077254 0.208017 -2.029276 -0.260516 0.081349 1.454192 2.012651 1.416351 9.876662 0.000000 0.000000 0.000000 -2.969018 -0.009629 0.415422 0.308579 -0.183195 0.427130 2.000559 -7.535739 4.456535 -3.421688 3.027744 -15.726537 0.000000 0.000000 0.000000 -22.520256 1.190263 -2.440001 -54.501337 -3.896262 -4.939160 -0.836261 -24.037337 1.215392 0.000000 0.000000 0.000000 22.656921 0.803933 -2.162427 56.140751 1.340190 -4.838926 -3.737340 19.665625 0.030680 0.000000 0.000000 0.000000
-1.288042 0.950743 0.060588 0.236375 12.020141 -0.802842 -1.076136 0.062449 0.384720 2.512158 -0.332088 1.683572 -4.467318 -3.295238 8.401319 0.000000 0.000000 0.000000 -0.299869 0.272042 -2.728871 -0.032633 0.086252 2.762727 2.091199 1.588855 9.712539 0.000000 0.000000 0.000000 -3.059400 -0.012021 0.567617 0.268653 -0.141044 0.140213 1.929021 -7.403541 4.413765 -2.955720 2.754402 -16.126575 0.000000 0.000000 0.000000 -22.326904 0.792588 -2.198786 -54.647738 -4.229366 -4.793657 -1.351360 -23.627089 1.294048 0.000000 0.000000 0.000000 22.956363 0.921084 -2.129438 56.176386 1.425327 -4.795226 -4.247545 19.608433 -0.046738 0.000000 0.000000 0.000000
-1.289468 0.951394 0.059558 0.183348 11.631659 -0.780936 -0.972928 0.057268 0.363044 2.514977 -0.326641 1.570652 -4.354792 -2.972830 8.660195 0.000000 0.000000 0.000000 -0.295613 0.435488 -4.438222 0.192806 0.112441 5.517790 2.179196 1.741432 9.612685 0.000000 0.000000 0.000000 -3.410239 -0.015083 0.970219 0.420614 -0.198969 -0.062517 2.124397 -7.506946 4.419968 -3.034273 2.772052 -16.337423 0.000000 0.000000 0.000000 -22.613561 0.240260 -1.805793 -54.482345 -4.580206 -4.649825 -0.956268 -23.934555 1.247247 0.000000 0.000000 0.000000 23.150432 0.949262 -2.244812 55.866944 1.469689 -4.723248 -4.302828 19.875454 -0.071562 0.000000 0.000000 0.000000
-1.292307 0.952384 0.058826 -0.048148 10.958604 -1.368594 -0.064334 0.030655 0.383282 1.566350 -0.281990 2.562642 -4.096545 -2.478024 8.838508 0.000000 0.000000 0.000000 -0.820314 0.524442 -5.711041 1.820611 -0.171518 8.524957 2.575350 2.295810 10.006418 0.000000 0.000000 0.000000 -3.682293 -0.026226 1.780479 0.115970 -0.078973 0.358758 3.297892 -8.063120 4.523068 -3.606343 3.029627 -18.770508 0.000000 0.000000 0.000000 -23.049993 0.999712 -1.930692 -53.868028 -6.669601 -3.770997 -0.671803 -22.545024 1.166684 0.000000 0.000000 0.000000 21.976729 1.505134 -2.137148 56.526558 2.197753 -4.420065 -4.698232 20.854618 -0.197903 0.000000 0.000000 0.000000
-1.296634 0.952662 0.059097 -0.252332 10.767533 -1.964873 0.425577 0.089294 1.346737 1.591225 -0.249120 1.922398 -4.092480 -2.389609 9.003359 0.000000 0.000000 0.000000 -3.332492 0.463894 -7.082219 5.459023 -1.093665 12.385734 5.088099 7.164645 10.309636 0.000000 0.000000 0.000000 -3.876875 -0.040894 2.780557 0.754785 -0.288610 -0.996477 3.401821 -8.704701 5.807038 -3.959627 3.168027 -19.283171 0.000000 0.000000 0.000000 -23.639140 0.253645 -1.275612 -53.398723 -7.012731 -3.804256 -0.439696 -22.960495 1.191611 0.000000 0.000000 0.000000 21.926440 1.690319 -2.174885 55.525752 2.754159 -4.166894 -4.105156 22.098224 -0.131673 0.000000 0.000000 0.000000
-1.302958 0.952435 0.060788 -0.161596 9.516746 -1.625499 0.723394 0.118285 1.842766 1.492349 -0.178597 0.756561 -3.596541 -1.488790 9.294145 0.000000 0.000000 0.000000 -6.651311 0.311279 -9.365565 4.784535 -1.024967 16.549871 3.310527 4.396570 7.914288 0.000000 0.000000 0.000000 -3.331965 -0.037686 2.394296 1.096320 -0.497104 -0.431801 3.055447 -8.291737 5.420150 -4.206470 3.288448 -19.740953 0.000000 0.000000 0.000000 -23.211089 -0.105322 -0.986287 -53.844438 -6.443832 -4.032757 -0.160274 -23.661766 1.182481 0.000000 0.000000 0.000000 21.132621 2.459869 -1.718707 55.219562 2.531515 -4.188914 -3.861656 23.196956 -0.117766 0.000000 0.000000 0.000000
-1.312229 0.951816 0.064522 -0.326181 9.361353 -1.844325 2.080975 0.081963 2.176438 0.548262 -0.086675 0.833039 -3.563007 -1.455610 9.275543 0.000000 0.000000 0.000000 -7.983158 0.188488 -9.754587 0.287799 0.244683 17.208847 1.371747 -0.095544 8.992828 0.000000 0.000000 0.000000 -2.642012 -0.057765 2.837548 1.100239 -0.583046 0.710662 3.451404 -8.590633 3.357577 -3.466469 2.807285 -19.754040 0.000000 0.000000 0.000000 -24.035081 0.064941 -1.039599 -53.912416 -6.054557 -4.072625 -0.190528 -24.345128 1.227979 0.000000 0.000000 0.000000 20.760000 2.174207 -2.049281 54.848333 2.420681 -3.996980 -4.528984 23.046291 -0.297930 0.000000 0.000000 0.000000
-1.326133 0.949694 0.069772 -0.016889 10.712516 -1.320793 3.371068 -0.012030 1.819874 -0.403658 0.017366 0.523705 -4.225969 -2.494603 9.261749 0.000000 0.000000 0.000000 -9.965091 -0.050262 -8.812926 -3.065953 1.076410 15.356560 -1.036638 -5.595877 12.306421 0.000000 0.000000 0.000000 -2.474419 -0.048960 2.419051 1.211808 -0.664227 0.967703 3.013571 -9.831406 2.713325 -2.961905 2.485670 -20.607449 0.000000 0.000000 0.000000 -24.426944 0.797791 -1.386063 -52.677616 -5.679493 -4.134857 -1.619420 -24.007772 1.511198 0.000000 0.000000 0.000000 21.332566 1.766491 -2.516121 54.899452 1.715939 -4.220965 -6.046360 23.391767 -0.631068 0.000000 0.000000 0.000000
-1.345504 0.946660 0.077218 -0.009489 11.101135 -1.660699 5.125084 -0.094692 2.136555 -1.033444 0.062289 0.947970 -4.344090 -2.865804 8.935989 0.000000 0.000000 0.000000 -11.174231 -0.181755 -7.111857 -4.438363 1.341921 13.468353 -0.719761 -5.816793 16.679416 0.000000 0.000000 0.000000 -2.359817 -0.050636 2.277927 1.572535 -0.848410 1.008436 2.630146 -9.260293 2.839245 -1.903320 1.999334 -20.669369 0.000000 0.000000 0.000000 -24.202869 0.527481 -1.478675 -52.022689 -5.032025 -4.307296 -1.967729 -24.117393 1.546797 0.000000 0.000000 0.000000 21.547043 1.404729 -2.496815 54.438942 1.001221 -4.549385 -6.151909 24.022154 -0.624460 0.000000 0.000000 0.000000
-1.371959 0.942729 0.085826 0.132664 11.074451 -1.743836 6.794939 -0.208699 1.235746 -1.000747 -0.013649 3.144321 -4.171736 -2.804009 8.550669 0.000000 0.000000 0.000000 -10.811567 -0.148205 -6.656602 -4.434561 1.325352 13.110238 0.715800 -3.241602 16.480208 0.000000 0.000000 0.000000 -2.863189 -0.042618 2.154723 1.927668 -1.036154 1.119726 2.294621 -8.456931 2.496742 -1.468599 1.906975 -21.876468 0.000000 0.000000 0.000000 -23.958039 0.964580 -1.996982 -51.585289 -4.870748 -4.238093 -1.993240 -24.163814 1.511824 0.000000 0.000000 0.000000 21.669931 0.701811 -2.678927 55.243384 0.746916 -4.755097 -6.320093 23.151139 -0.585313 0.000000 0.000000 0.000000
-1.405157 0.938336 0.094633 0.106600 12.250008 -1.801230 9.047020 -0.362357 0.317154 -0.693634 -0.111253 4.572002 -4.760481 -3.548880 8.876886 0.000000 0.000000 0.000000 -9.309705 -0.069013 -5.435977 -3.975886 1.151837 12.092784 0.513783 -2.529269 12.921376 0.000000 0.000000 0.000000 -2.738303 -0.039901 1.817753 1.454579 -0.894436 2.087888 2.146214 -8.464415 1.876600 -1.792841 2.134149 -21.545982 0.000000 0.000000 0.000000 -23.188455 1.488682 -2.427891 -51.192699 -4.635369 -4.195650 -2.159295 -24.733729 1.552418 0.000000 0.000000 0.000000 21.458417 0.573512 -2.585129 56.492898 0.102847 -5.166348 -6.474278 23.267951 -0.597143 0.000000 0.000000 0.000000
-1.442209 0.936130 0.101755 -0.260621 13.083002 -1.891190 10.727997 -0.464231 -1.287662 1.507827 -0.541258 6.756175 -5.455846 -3.734872 10.373810 0.000000 0.000000 0.000000 -7.602560 0.021915 -4.796403 -1.915211 0.643358 11.514134 -0.426114 -3.480057 9.501220 0.000000 0.000000 0.000000 -2.509307 -0.059700 2.643538 1.705667 -0.964731 1.435516 1.280858 -7.526757 2.162086 -1.187542 1.986256 -21.436520 0.000000 0.000000 0.000000 -23.768460 1.106544 -2.740882 -49.453419 -3.593192 -4.390521 -2.250503 -25.316557 1.524152 0.000000 0.000000 0.000000 22.918733 0.250470 -2.472079 55.518421 0.467893 -4.980628 -6.309064 22.715447 -0.456126 0.000000 0.000000 0.000000
-1.477387 0.938064 0.106386 -0.763276 13.412905 -1.395469 13.193091 -0.518483 -5.202896 2.335786 -1.096742 11.765205 -6.861904 -4.270814 13.396061 0.000000 0.000000 0.000000 -5.840169 0.168844 -5.319163 0.132477 0.155483 11.064107 -0.819273 -3.985130 8.170070 0.000000 0.000000 0.000000 -2.108775 -0.064859 2.725988 1.182671 -0.671356 1.076161 1.650883 -6.984773 2.002403 -2.302017 2.674068 -22.053568 0.000000 0.000000 0.000000 -24.253897 1.988734 -3.518265 -48.959454 -2.864560 -4.568426 -2.343145 -26.600691 1.590372 0.000000 0.000000 0.000000 21.912623 0.207032 -2.189170 56.423474 1.472813 -4.628078 -5.658345 20.674074 -0.266228 0.000000 0.000000 0.000000
-1.505463 0.941890 0.109368 -0.688810 13.222319 -1.298148 12.256993 -0.469293 -8.026972 4.748951 -2.138016 16.258698 -5.166973 -1.259909 13.826868 0.000000 0.000000 0.000000 -4.184799 0.259125 -4.868480 0.397587 0.096453 9.633281 -0.822929 -3.970202 8.003763 0.000000 0.000000 0.000000 -1.724687 -0.088254 3.277707 0.763164 -0.435332 0.773954 1.694201 -6.024508 2.251091 -2.613236 2.932298 -21.950424 0.000000 0.000000 0.000000 -25.046104 1.752347 -3.751844 -48.648088 -1.878618 -4.870188 -3.838089 -27.981885 1.992416 0.000000 0.000000 0.000000 21.046826 0.021109 -1.941808 56.141576 2.398847 -4.234814 -4.649335 21.218366 -0.066322 0.000000 0.000000 0.000000
-1.526151 0.946347 0.111529 -0.076270 13.735709 -1.536930 9.019645 -0.548772 -9.777589 5.199843 -2.956275 20.978632 -7.843797 -9.136947 9.070410 0.000000 0.000000 0.000000 -2.814480 0.263046 -3.883478 -0.662969 0.306777 8.440683 -1.049025 -4.480139 8.439222 0.000000 0.000000 0.000000 -1.407883 -0.114474 3.771563 0.523302 -0.290295 0.455173 1.647608 -6.395547 3.176882 -3.614809 3.481570 -23.062045 0.000000 0.000000 0.000000 -26.317973 2.824972 -4.528077 -49.405329 -1.734994 -5.101479 -5.152590 -29.225123 2.449642 0.000000 0.000000 0.000000 20.648078 1.072030 -1.303317 55.775287 3.163421 -3.950484 -4.491475 21.045573 -0.032777 0.000000 0.000000 0.000000
-1.542128 0.949971 0.113195 0.344887 13.768964 -1.795448 5.073092 -0.738126 -10.629927 1.664400 -2.405582 24.659228 -9.430874 -16.741502 4.215698 0.000000 0.000000 0.000000 -1.456995 0.254407 -3.038998 -1.958521 0.543624 7.372403 -1.064893 -4.593343 8.972719 0.000000 0.000000 0.000000 -1.173122 -0.147150 4.432707 -0.399345 0.218592 -0.339661 2.443757 -5.960659 4.493062 -3.527334 3.478529 -22.501900 0.000000 0.000000 0.000000 -26.133471 1.714470 -3.902896 -51.001587 -2.300278 -5.145625 -4.901622 -28.692905 2.339939 0.000000 0.000000 0.000000 21.369158 0.990001 -1.246399 54.894780 3.326027 -3.987147 -4.781617 21.690695 -0.049466 0.000000 0.000000 0.000000
-1.554822 0.952500 0.114962 0.552287 14.420656 -1.930774 1.160332 -0.943999 -10.525106 -1.003491 -1.630020 24.742911 -8.934162 -14.351981 5.522063 0.000000 0.000000 0.000000 -0.594891 0.168932 -1.823250 -2.326510 0.549862 5.548851 -1.273644 -5.049947 9.569223 0.000000 0.000000 0.000000 -1.052832 -0.172682 4.932334 -0.578327 0.306240 -0.359113 2.470235 -6.568039 4.678778 -3.678842 3.531362 -22.527510 0.000000 0.000000 0.000000 -26.465888 1.628411 -3.802965 -51.629185 -2.384067 -5.224669 -4.610311 -27.946466 2.226923 0.000000 0.000000 0.000000 21.943961 1.950397 -0.811269 54.604157 3.173834 -4.049582 -5.879837 22.124954 -0.252127 0.000000 0.000000 0.000000
-1.565146 0.952943 0.116450 0.539298 14.777972 -1.598729 -0.947585 -0.990600 -9.822114 -1.677727 -1.196706 22.179455 -5.455118 -6.021256 7.037198 0.000000 0.000000 0.000000 -0.007410 0.172373 -1.698136 -2.092849 0.473490 4.613225 -1.429456 -5.328872 9.622323 0.000000 0.000000 0.000000 -0.974452 -0.132078 3.910678 -0.705177 0.300439 0.496017 2.191042 -6.049711 5.175231 -2.172080 2.784586 -21.631621 0.000000 0.000000 0.000000 -25.489878 -0.123505 -2.842313 -52.828229 -2.365130 -5.346739 -4.406557 -27.175556 2.074968 0.000000 0.000000 0.000000 23.385027 1.868729 -0.710290 53.708178 2.818681 -4.243586 -5.782290 23.079473 -0.206309 0.000000 0.000000 0.000000
-1.573444 0.952422 0.117769 -0.041573 14.889675 -1.613339 -1.617863 -0.848377 -8.357339 -0.024190 -1.298045 18.638052 -3.037121 -1.380842 7.055826 0.000000 0.000000 0.000000 1.231792 0.159715 -1.337666 -2.198307 0.453773 3.631783 -1.494136 -5.434921 9.615361 0.000000 0.000000 0.000000 -0.940728 -0.122619 3.652499 -0.439477 0.194510 0.197812 2.779230 -6.241962 5.513374 -2.252623 2.782772 -20.958878 0.000000 0.000000 0.000000 -25.987755 -0.230136 -2.767889 -52.884385 -2.721673 -5.250273 -4.515408 -27.031435 2.108021 0.000000 0.000000 0.000000 23.781739 1.952168 -0.727716 53.162917 2.801583 -4.238570 -5.628888 22.901057 -0.182031 0.000000 0.000000 0.000000
-1.579485 0.951625 0.118576 -0.411285 14.338640 -1.501104 -1.881137 -0.740871 -7.367986 1.460720 -1.341984 15.744950 -2.280554 0.525381 7.958072 0.000000 0.000000 0.000000 1.543797 0.158679 -1.294496 -1.397914 0.301872 2.972898 -1.226683 -4.915148 9.428351 0.000000 0.000000 0.000000 -0.945377 -0.091062 2.834164 -0.329105 0.099341 0.731813 3.296513 -5.936423 5.514570 -1.327488 2.229941 -20.405301 0.000000 0.000000 0.000000 -25.385256 -0.774591 -2.320137 -53.379439 -2.750370 -5.309523 -4.962616 -27.356280 2.252188 0.000000 0.000000 0.000000 23.478339 1.716776 -0.882822 52.917534 2.290761 -4.429144 -4.846320 23.211614 -0.049182 0.000000 0.000000 0.000000
-1.583852 0.951182 0.119106 -0.730822 14.665895 -1.259836 -1.640306 -0.626622 -6.495243 2.555661 -1.320166 13.180745 -2.916668 -0.412653 8.189242 0.000000 0.000000 0.000000 1.848930 0.200963 -1.605062 -0.789480 0.201398 2.874452 -1.364228 -5.159401 9.409879 0.000000 0.000000 0.000000 -0.958555 -0.062456 2.043792 -0.270594 0.034501 1.130903 3.592466 -6.443485 5.106965 -1.251262 2.121927 -20.093833 0.000000 0.000000 0.000000 -25.351225 -0.156539 -2.559165 -53.412107 -3.299597 -5.073596 -5.012296 -27.584542 2.307226 0.000000 0.000000 0.000000 23.374423 1.719658 -1.021474 53.266926 1.615977 -4.681954 -3.953224 23.492686 0.090147 0.000000 0.000000 0.000000
-1.587174 0.951112 0.119300 -0.808532 14.214568 -0.753267 -1.387783 -0.543648 -5.826172 2.697871 -1.120598 11.033546 -2.771314 -0.286432 8.017237 0.000000 0.000000 0.000000 2.070402 0.362741 -2.952637 -0.673362 0.217013 4.114787 -1.253526 -4.937752 9.200620 0.000000 0.000000 0.000000 -1.333655 -0.031137 1.223226 -0.094550 -0.007964 0.595497 3.795720 -6.231605 5.611365 -0.804925 1.848660 -19.715736 0.000000 0.000000 0.000000 -25.009824 -0.030860 -2.577013 -53.718231 -3.143374 -5.222147 -4.709589 -27.892749 2.271804 0.000000 0.000000 0.000000 23.112644 1.278869 -1.234332 53.623121 1.023121 -5.017926 -3.089894 24.178902 0.267002 0.000000 0.000000 0.000000
-1.590016 0.951043 0.119623 -0.851431 14.428646 -0.357624 -1.290818 -0.468115 -5.174098 3.044904 -0.990096 9.038837 -2.948181 -0.614470 7.942301 0.000000 0.000000 0.000000 2.057658 0.453764 -3.745532 -0.217921 0.149691 4.708782 -1.370407 -5.147865 9.154616 0.000000 0.000000 0.000000 -1.600847 -0.018017 0.857395 -0.133822 0.009781 0.580665 4.148946 -6.424943 5.588419 -1.039157 1.959883 -19.626622 0.000000 0.000000 0.000000 -24.754416 0.324257 -2.709249 -53.959530 -3.721144 -5.006177 -5.031365 -27.905498 2.363681 0.000000 0.000000 0.000000 23.240812 1.138402 -1.368932 53.819483 1.182303 -4.963215 -3.013323 24.221224 0.277851 0.000000 0.000000 0.000000
-1.592870 0.951124 0.119914 -0.786421 14.720378 -0.160470 -0.978670 -0.402275 -4.598966 2.796623 -0.813621 7.572253 -3.205331 -0.973874 8.054249 0.000000 0.000000 0.000000 1.661608 0.571826 -4.946539 0.714271 -0.006378 6.464055 -1.525181 -5.429626 9.046166 0.000000 0.000000 0.000000 -2.248893 -0.011238 0.720391 0.217734 -0.146835 0.398188 4.240895 -6.522900 5.712007 -1.261564 2.093697 -19.663564 0.000000 0.000000 0.000000 -23.856143 0.812086 -2.899641 -54.486648 -3.552965 -5.144451 -5.075636 -27.966644 2.380692 0.000000 0.000000 0.000000 23.254238 1.200104 -1.310557 53.751940 1.012971 -5.049631 -2.327990 25.403320 0.436029 0.000000 0.000000 0.000000
-1.596103 0.951308 0.120384 -0.677920 15.704113 -0.148262 -0.803568 -0.333496 -3.952574 2.818924 -0.700516 6.220164 -3.807385 -1.822575 8.256142 0.000000 0.000000 0.000000 0.829533 0.644628 -6.085092 2.403379 -0.391690 8.542096 -1.902961 -6.146991 9.154085 0.000000 0.000000 0.000000 -2.625471 -0.019543 1.236050 0.261648 -0.157157 0.234752 4.716005 -7.005335 5.252346 -1.894566 2.425872 -19.281652 0.000000 0.000000 0.000000 -23.830387 0.928591 -2.947322 -54.255333 -3.098824 -5.301927 -5.443360 -28.235520 2.496544 0.000000 0.000000 0.000000 23.149794 0.980507 -1.479580 53.637823 0.852342 -5.067261 -1.688903 25.573239 0.556928 0.000000 0.000000 0.000000
-1.600406 0.951002 0.121059 -0.287509 16.887408 -0.122429 -0.430107 -0.303384 -3.663699 2.095790 -0.546176 5.562714 -4.492708 -2.795257 8.470756 0.000000 0.000000 0.000000 -0.825765 0.655325 -7.626578 5.064199 -1.181824 11.408926 -2.264017 -6.836736 9.355165 0.000000 0.000000 0.000000 -2.683227 -0.029175 1.733048 0.253937 -0.127712 -0.073414 4.804343 -7.520637 5.216350 -2.862964 3.019839 -20.162136 0.000000 0.000000 0.000000 -23.029762 1.797916 -3.381870 -55.072683 -2.846462 -5.498190 -5.348314 -28.291800 2.473518 0.000000 0.000000 0.000000 22.496110 1.438813 -1.119565 53.872040 0.718246 -5.160063 -2.158048 26.223795 0.479406 0.000000 0.000000 0.000000
-1.606983 0.950475 0.123002 0.139885 18.834204 -0.405669 -0.270482 -0.266593 -3.289258 2.049535 -0.519374 5.288212 -5.506286 -4.292843 8.649295 0.000000 0.000000 0.000000 -2.971889 0.528854 -9.316830 4.565495 -1.460864 16.254421 2.995290 4.226960 9.025453 0.000000 0.000000 0.000000 -2.914940 -0.049533 2.686854 0.561775 -0.254437 -0.289594 4.651031 -7.581898 5.030422 -3.287080 3.373613 -20.310164 0.000000 0.000000 0.000000 -23.510917 1.946057 -3.832700 -54.563433 -1.893557 -5.808459 -5.962037 -29.031218 2.625077 0.000000 0.000000 0.000000 22.027585 1.500286 -0.759656 53.938331 1.157132 -5.026577 -2.159742 26.709292 0.542241 0.000000 0.000000 0.000000
-1.617053 0.949073 0.127189 0.374885 21.560062 -0.407663 0.743346 -0.266822 -3.146647 1.420717 -0.396193 4.669462 -6.879832 -6.401720 8.795178 0.000000 0.000000 0.000000 -4.446642 0.319796 -9.889443 0.564597 -0.541721 18.956556 -15.960899 -32.554700 13.069408 0.000000 0.000000 0.000000 -2.738131 -0.063806 3.055309 0.655589 -0.262485 -0.645769 4.132368 -7.212762 5.184314 -3.644082 3.814375 -20.826553 0.000000 0.000000 0.000000 -23.988669 2.139386 -4.627707 -53.740159 -0.853020 -6.057262 -6.320402 -28.772964 2.547685 0.000000 0.000000 0.000000 21.622276 0.812880 -0.545661 54.317630 1.331371 -5.100544 -2.479232 25.555559 0.557208 0.000000 0.000000 0.000000
-1.631879 0.946187 0.134210 0.846663 24.811985 -0.711019 1.412877 -0.306870 -3.466421 1.636169 -0.488200 5.496195 -8.306884 -8.882925 8.634488 0.000000 0.000000 0.000000 -5.955052 0.009653 -8.633787 -6.969534 1.578601 19.569136 -17.764275 -30.884802 23.926072 0.000000 0.000000 0.000000 -2.732838 -0.078478 3.351407 0.709978 -0.317508 -0.413817 3.591492 -6.655555 5.235017 -3.640631 4.065215 -20.198110 0.000000 0.000000 0.000000 -24.305341 2.498285 -5.633193 -52.262115 0.511167 -6.284779 -7.330430 -29.906535 2.728351 0.000000 0.000000 0.000000 20.832661 0.530487 -0.007906 54.240730 1.597271 -5.086112 -1.009959 25.330435 0.958671 0.000000 0.000000 0.000000
-1.652894 0.942895 0.144071 1.372712 27.826022 -1.116556 2.848200 -0.408314 -4.265405 1.168991 -0.591480 7.270812 -9.677402 -11.091328 8.808207 0.000000 0.000000 0.000000 -6.534715 -0.193001 -6.133427 -14.516822 3.363605 17.997343 -6.561445 -12.764252 25.384763 0.000000 0.000000 0.000000 -2.830069 -0.095681 3.747586 0.618210 -0.303711 -0.236751 2.932025 -5.131601 5.325179 -3.643795 4.427271 -20.284619 0.000000 0.000000 0.000000 -24.596632 1.924457 -6.394124 -50.947554 1.466578 -6.233927 -7.270226 -30.140214 2.476976 0.000000 0.000000 0.000000 21.373458 -0.084990 0.534593 54.033006 2.091887 -5.041984 -0.942821 24.300670 1.054093 0.000000 0.000000 0.000000
-1.680363 0.939193 0.155528 1.394173 31.390223 -1.427375 4.699043 -0.553380 -5.269597 1.615746 -0.743160 8.086382 -11.461100 -13.590980 9.490303 0.000000 0.000000 0.000000 -5.715471 -0.239831 -3.809883 -19.785291 4.149348 16.828678 3.558475 3.546163 23.452729 0.000000 0.000000 0.000000 -2.790080 -0.104803 3.765160 0.408913 -0.287340 0.218110 2.503448 -4.555155 5.012166 -3.960768 4.825599 -19.530298 0.000000 0.000000 0.000000 -23.931439 2.197313 -7.132611 -49.643899 2.674940 -6.370432 -7.529591 -30.811725 2.395080 0.000000 0.000000 0.000000 21.030035 0.216611 1.381750 54.505561 1.756571 -5.289499 -0.691902 24.199604 1.175575 0.000000 0.000000 0.000000
-1.712810 0.937921 0.166835 1.157489 34.958786 -1.763803 6.641631 -0.771315 -7.093828 2.579998 -1.028420 9.258342 -13.813520 -15.416431 11.769375 0.000000 0.000000 0.000000 -3.868228 -0.158876 -2.591152 -23.748758 4.559661 17.504866 11.083439 16.397384 19.508222 0.000000 0.000000 0.000000 -2.807916 -0.143922 4.703793 0.417661 -0.227699 -0.325792 2.005710 -3.990089 5.772737 -2.863096 4.517094 -19.161941 0.000000 0.000000 0.000000 -24.364368 1.206740 -7.578504 -48.730350 3.107037 -6.201840 -6.033008 -31.624328 1.828541 0.000000 0.000000 0.000000 21.872386 -0.027967 2.127009 53.872591 2.648636 -5.180165 -1.634792 24.903237 1.153154 0.000000 0.000000 0.000000
-1.746600 0.938467 0.176276 0.428966 37.783113 -2.041017 8.181569 -1.043039 -9.934393 4.686758 -1.704841 11.412588 -15.718322 -16.355130 14.067394 0.000000 0.000000 0.000000 -1.241093 0.067851 -2.487414 -22.861888 4.218345 18.095895 9.096605 14.931084 16.189720 0.000000 0.000000 0.000000 -2.430177 -0.195765 5.568778 0.412071 -0.222603 -0.462626 1.449836 -3.322766 5.431317 -2.163462 4.352828 -19.112614 0.000000 0.000000 0.000000 -24.454545 0.772223 -8.117711 -48.761946 3.666821 -6.215474 -4.518815 -30.783352 1.185727 0.000000 0.000000 0.000000 21.690630 0.199997 2.876171 54.042750 3.687704 -4.790974 -1.821032 24.667478 1.158216 0.000000 0.000000 0.000000
-1.777228 0.940107 0.183415 0.601072 40.067138 -0.969185 9.021916 -1.423131 -13.816758 5.160370 -2.309664 14.049449 -15.938519 -14.370101 16.119240 0.000000 0.000000 0.000000 0.233256 0.311686 -3.892357 -21.933237 3.916158 18.906850 7.744383 13.599454 13.896628 0.000000 0.000000 0.000000 -2.214625 -0.183344 5.285347 0.038013 -0.175687 0.035530 1.534855 -3.474602 5.038855 -1.846108 4.248299 -18.888170 0.000000 0.000000 0.000000 -24.965124 0.896836 -8.688728 -48.663209 4.952614 -6.564296 -4.758817 -32.164855 1.200979 0.000000 0.000000 0.000000 21.323390 0.316659 3.168730 53.224477 4.935369 -4.245668 -1.092007 24.877472 1.339767 0.000000 0.000000 0.000000
-1.803630 0.941766 0.188483 1.320611 41.691705 -0.140349 8.512934 -1.698729 -16.151059 4.531295 -2.837842 16.990322 -10.960566 -7.936865 13.270644 0.000000 0.000000 0.000000 1.210702 0.479428 -4.914296 -21.658410 3.748611 19.596986 6.898047 12.631372 12.434033 0.000000 0.000000 0.000000 -2.070398 -0.203939 5.587005 -0.643507 0.207287 -0.554489 1.464739 -3.280278 5.349906 -1.740852 4.421030 -19.951851 0.000000 0.000000 0.000000 -25.332602 0.128890 -8.848926 -48.432468 5.318195 -6.508721 -5.888461 -31.474043 1.412018 0.000000 0.000000 0.000000 21.056109 -0.436151 3.040769 52.551554 5.639671 -4.019929 -0.598014 25.285532 1.535322 0.000000 0.000000 0.000000
-1.826913 0.942748 0.191848 2.144254 42.705198 0.186762 5.822419 -1.865396 -17.084504 2.028138 -3.656437 22.642538 -0.817736 2.761449 5.219574 0.000000 0.000000 0.000000 2.118544 0.597843 -5.364891 -21.969673 3.717752 20.009976 6.374831 12.020710 11.343044 0.000000 0.000000 0.000000 -2.371988 -0.231601 6.163087 -0.785513 0.445875 -1.657791 1.950899 -3.638326 6.673860 -1.752391 4.660816 -21.658369 0.000000 0.000000 0.000000 -25.927991 0.673737 -9.510120 -48.336140 6.599047 -7.033945 -7.633187 -32.278595 1.928583 0.000000 0.000000 0.000000 20.336931 -0.337516 3.203495 52.928071 6.845930 -3.643191 -1.230781 24.997679 1.433320 0.000000 0.000000 0.000000
-1.848716 0.942880 0.195163 2.805593 44.225447 0.898487 3.350181 -2.227564 -18.442678 -1.722762 -4.647430 29.761170 4.096031 8.021210 0.872996 0.000000 0.000000 0.000000 2.500937 0.678309 -6.055696 -21.149234 3.448670 20.262082 5.636427 11.044431 9.831490 0.000000 0.000000 0.000000 -2.454002 -0.245601 6.420443 -0.541613 0.377601 -1.974798 1.729525 -4.330609 6.627338 -1.396300 4.528359 -21.993566 0.000000 0.000000 0.000000 -25.449285 0.722200 -9.433301 -48.861388 7.053891 -7.368739 -9.024928 -31.536995 2.254038 0.000000 0.000000 0.000000 20.235495 -0.307706 3.235998 52.592823 6.687744 -3.674997 -1.753617 25.340618 1.353548 0.000000 0.000000 0.000000
-1.870053 0.943074 0.199218 3.038602 45.130540 0.768025 0.729239 -2.399708 -18.348288 -5.740726 -5.285749 36.066002 2.304845 5.815066 1.994885 0.000000 0.000000 0.000000 3.273200 0.802511 -6.800784 -20.589875 3.238574 21.298737 5.323602 10.610210 8.971985 0.000000 0.000000 0.000000 -2.371978 -0.284668 6.920803 -0.682368 0.448089 -2.065001 2.057716 -3.972675 6.978115 -0.866453 4.478654 -23.252655 0.000000 0.000000 0.000000 -25.706307 0.064943 -9.484495 -48.682210 6.998948 -7.227743 -9.936126 -31.519318 2.451965 0.000000 0.000000 0.000000 20.472410 -1.029540 3.094028 52.550113 6.987522 -3.657411 -1.728040 25.681828 1.438853 0.000000 0.000000 0.000000
-1.891175 0.941962 0.204183 2.957945 47.083065 -0.506430 -1.340157 -2.022740 -15.818539 -9.906129 -5.217901 39.732953 -8.960997 -5.550564 12.793690 0.000000 0.000000 0.000000 4.109341 0.823080 -6.093311 -19.368254 2.784232 22.082493 4.484104 9.263985 7.631035 0.000000 0.000000 0.000000 -3.010814 -0.451609 9.076976 -0.733800 0.588013 -2.719387 3.931354 -4.325805 6.645247 -2.679735 5.421624 -22.463559 0.000000 0.000000 0.000000 -24.585535 -0.233050 -9.058081 -50.464268 5.600631 -7.128313 -10.829418 -29.138385 2.448307 0.000000 0.000000 0.000000 21.544090 -1.508926 3.069995 50.299439 6.930836 -3.914174 -1.683492 26.529973 1.503190 0.000000 0.000000 0.000000
-1.912622 0.940942 0.209209 2.079171 49.404888 -0.070154 -2.518517 -2.118206 -15.803618 -12.256189 -5.565109 42.517754 -24.777122 -16.129406 30.788144 0.000000 0.000000 0.000000 5.273801 1.005152 -7.205254 -17.607240 2.238522 21.568599 3.437101 7.358374 6.202851 0.000000 0.000000 0.000000 -2.703232 -0.360643 7.873721 1.964956 -0.823574 -1.552023 1.079528 -5.219895 5.588054 -0.622230 4.419423 -22.898345 0.000000 0.000000 0.000000 -24.927505 2.148968 -10.633462 -49.235147 6.612788 -7.169502 -11.263877 -32.140011 2.683393 0.000000 0.000000 0.000000 22.434133 -0.069935 4.271103 51.054629 7.038970 -3.861976 -4.091383 25.352561 0.919907 0.000000 0.000000 0.000000
-1.934801 0.939835 0.214000 2.034748 50.784924 -0.225653 -3.655025 -1.678028 -13.441582 -12.987798 -5.148127 40.809309 -27.180182 -15.103603 35.542276 0.000000 0.000000 0.000000 4.715280 0.958695 -7.518029 -14.254788 1.402344 21.404912 3.015635 6.418635 4.486488 0.000000 0.000000 0.000000 -3.461477 -0.427869 8.844568 -0.228996 0.161087 -1.781351 4.907630 -5.192175 4.745164 -0.805599 4.481066 -21.945737 0.000000 0.000000 0.000000 -24.143460 0.038664 -9.245784 -50.564611 6.266714 -7.392577 -10.207051 -31.158931 2.352409 0.000000 0.000000 0.000000 24.107935 -2.345558 3.068541 48.760434 7.415130 -3.925415 -2.989544 26.265288 1.199751 0.000000 0.000000 0.000000
-1.957597 0.937312 0.217817 1.441809 52.896736 0.649890 -4.967938 -1.476345 -12.141918 -11.049478 -5.191743 37.482925 -28.253617 -13.630859 38.180076 0.000000 0.000000 0.000000 5.236812 1.079853 -9.193201 -12.065409 0.804434 20.678532 2.259571 4.655335 2.985619 0.000000 0.000000 0.000000 -2.960269 -0.288561 6.937503 1.231643 -0.343569 -2.513101 2.903006 -6.320371 6.482004 -1.388832 4.964453 -22.338596 0.000000 0.000000 0.000000 -23.313608 0.596198 -9.601240 -51.467663 5.236548 -7.282871 -8.505055 -32.591875 1.825283 0.000000 0.000000 0.000000 23.164562 -1.651198 3.810429 51.126106 7.105969 -4.061798 -5.546157 27.606178 0.863674 0.000000 0.000000 0.000000
-1.980745 0.936243 0.221461 -0.241855 56.637838 0.067078 -4.740745 -1.012263 -10.039510 -6.326546 -5.147779 31.409938 -28.757872 -13.398053 37.074828 0.000000 0.000000 0.000000 5.387890 1.075362 -10.200600 -7.991007 -0.458614 19.725161 1.027063 1.809590 2.587418 0.000000 0.000000 0.000000 -2.176592 -0.357344 7.425665 1.836966 -0.481494 -3.222894 2.775718 -8.089971 5.973166 -1.213719 4.932532 -21.947244 0.000000 0.000000 0.000000 -23.564931 0.577559 -9.948874 -50.701306 4.625367 -6.771281 -8.991734 -31.505104 1.875725 0.000000 0.000000 0.000000 22.892302 -2.447880 3.443262 51.392884 7.916958 -3.705379 -3.835315 26.164925 1.128592 0.000000 0.000000 0.000000
-2.004689 0.933295 0.226624 0.071878 60.119854 1.168423 -3.927383 -0.965954 -10.159434 -3.926589 -4.907533 27.875718 -32.706702 -16.998435 38.581886 0.000000 0.000000 0.000000 4.539575 0.891927 -11.052322 -4.387793 -1.496688 18.045251 0.014312 -0.939799 1.393424 0.000000 0.000000 0.000000 -2.519909 -0.320212 7.069810 2.177580 -0.897370 -2.362176 2.408571 -8.807936 4.972273 -1.404175 5.123068 -21.916567 0.000000 0.000000 0.000000 -23.033066 0.381023 -10.010895 -50.938943 3.770072 -6.363163 -7.849933 -31.824132 1.436381 0.000000 0.000000 0.000000 23.014498 -3.241179 3.270250 52.728335 8.303379 -3.511382 -4.716816 25.844530 1.019667 0.000000 0.000000 0.000000
-2.028530 0.931930 0.233997 -0.502587 62.273072 0.949001 -2.591604 -1.125955 -11.309734 -2.253497 -4.809745 25.992278 -37.757598 -19.323064 44.151061 0.000000 0.000000 0.000000 4.096933 0.782050 -10.641891 -0.533621 -2.244058 14.840136 -0.694574 -2.705098 1.358206 0.000000 0.000000 0.000000 -2.760125 -0.318774 7.032014 2.499636 -0.919706 -2.924494 2.409782 -9.135237 5.503387 -1.148604 5.222548 -22.577313 0.000000 0.000000 0.000000 -23.469212 0.587733 -10.766464 -50.632340 3.856574 -6.230250 -6.804872 -31.513725 1.044175 0.000000 0.000000 0.000000 22.934693 -3.521727 3.511450 52.629261 9.250301 -3.266362 -4.523056 25.895101 1.110825 0.000000 0.000000 0.000000
-2.051907 0.931752 0.242911 -0.810457 64.285188 1.277059 -1.444721 -1.399338 -12.886590 -1.704147 -4.703149 24.966036 -38.565196 -18.583738 46.199301 0.000000 0.000000 0.000000 4.108443 0.742383 -10.696796 2.195228 -2.638105 11.702168 -1.544518 -4.205762 2.425810 0.000000 0.000000 0.000000 -3.113960 -0.299321 6.824954 2.577839 -0.973787 -2.998094 2.472924 -9.220916 5.083474 -0.696467 5.007797 -21.633153 0.000000 0.000000 0.000000 -23.296275 0.716259 -11.080074 -50.074867 3.980940 -6.124377 -6.990682 -31.282669 1.022488 0.000000 0.000000 0.000000 22.655553 -3.649300 3.630304 53.048046 9.820226 -2.952357 -4.285230 25.611717 1.148903 0.000000 0.000000 0.000000
-2.074161 0.931966 0.252161 -1.204107 65.566581 1.125109 -0.061328 -1.809523 -14.931597 -2.047232 -5.096017 26.095050 -37.891790 -18.034491 45.990734 0.000000 0.000000 0.000000 4.807997 0.832683 -10.402675 3.592254 -2.578213 8.718228 -2.315750 -5.214591 3.970774 0.000000 0.000000 0.000000 -3.009613 -0.320273 7.017553 2.273283 -0.777434 -3.340629 2.172377 -8.629740 5.376656 -0.433236 5.062546 -21.718950 0.000000 0.000000 0.000000 -23.420447 0.197108 -11.428356 -49.810327 3.886414 -5.885111 -5.976218 -30.331515 0.629169 0.000000 0.000000 0.000000 23.409110 -3.822644 4.192503 52.832014 10.415067 -2.952050 -4.871252 26.115604 1.124903 0.000000 0.000000 0.000000
-2.093482 0.933294 0.260262 -0.244101 66.736375 2.156492 0.396499 -2.282704 -16.939737 -3.278332 -5.540123 27.880414 -33.334566 -13.719340 43.368772 0.000000 0.000000 0.000000 4.713940 0.792899 -10.394020 4.854725 -2.671492 6.538462 -2.996311 -5.757034 5.838015 0.000000 0.000000 0.000000 -3.037171 -0.313864 6.935824 1.742481 -0.504924 -3.681218 1.987128 -7.807618 5.974229 -0.298446 5.136675 -21.262649 0.000000 0.000000 0.000000 -23.402073 -0.672430 -11.626420 -49.564368 3.904354 -5.691368 -5.616057 -29.322348 0.422735 0.000000 0.000000 0.000000 23.599478 -4.164300 4.563729 52.296718 10.792728 -2.981081 -4.783941 26.194965 1.178775 0.000000 0.000000 0.000000
-2.108600 0.934477 0.266920 0.568547 67.890697 2.523250 0.518393 -2.421413 -17.456952 -5.280432 -5.884972 29.783265 -24.859884 -7.439902 35.188978 0.000000 0.000000 0.000000 4.867781 0.797790 -9.777117 5.431820 -2.611630 4.703920 -3.681505 -6.434188 7.443045 0.000000 0.000000 0.000000 -2.922968 -0.349434 7.286243 1.209024 -0.312630 -3.718306 1.953616 -7.014311 6.205707 -0.311464 5.317710 -21.227473 0.000000 0.000000 0.000000 -23.565753 -1.610948 -11.806635 -49.668804 4.005289 -5.581832 -4.876418 -27.869101 0.167089 0.000000 0.000000 0.000000 23.986597 -4.572189 4.873920 51.813458 11.277483 -2.982511 -4.857021 25.710510 1.146711 0.000000 0.000000 0.000000
-2.120294 0.935233 0.272336 1.159710 68.736911 2.500767 0.577828 -2.587604 -18.071436 -7.338350 -6.509793 32.570034 -18.062429 -2.846604 28.458170 0.000000 0.000000 0.000000 4.864037 0.788939 -8.862522 6.149471 -2.649607 3.030103 -4.160961 -6.806474 8.783588 0.000000 0.000000 0.000000 -2.899633 -0.352543 7.249708 0.951725 -0.303875 -3.423319 1.944662 -5.772873 6.487008 -0.071710 5.294489 -20.598558 0.000000 0.000000 0.000000 -23.945517 -2.189845 -12.345401 -49.743662 4.702981 -5.655747 -4.774049 -27.319247 0.046683 0.000000 0.000000 0.000000 24.737162 -4.621139 5.545864 50.745267 11.703435 -3.100813 -5.114474 25.053115 1.019935 0.000000 0.000000 0.000000
-2.129449 0.934901 0.276612 1.820976 69.883598 2.514094 -0.163091 -2.598956 -17.979962 -9.204364 -7.105102 35.026007 -9.507269 3.285367 20.702669 0.000000 0.000000 0.000000 4.753926 0.750090 -8.273689 6.757831 -2.818030 2.207537 -4.640204 -7.482957 9.462048 0.000000 0.000000 0.000000 -2.560731 -0.380013 7.425403 0.811971 -0.244302 -3.514623 1.864224 -4.676252 6.913296 -0.226347 5.494388 -20.057518 0.000000 0.000000 0.000000 -23.957215 -2.669747 -12.775266 -50.106797 5.457140 -5.921901 -5.177643 -26.711262 0.051000 0.000000 0.000000 0.000000 24.717739 -4.660785 6.029751 49.918157 11.918692 -3.124823 -5.490951 24.068029 0.848718 0.000000 0.000000 0.000000
-2.137167 0.934557 0.279712 2.453859 71.012189 2.134344 -0.819165 -2.680207 -18.111592 -11.427092 -7.977764 38.467856 -3.349452 7.900821 15.978838 0.000000 0.000000 0.000000 4.732231 0.717506 -7.714952 7.021324 -3.002092 2.272683 -5.094010 -8.272468 9.815785 0.000000 0.000000 0.000000 -2.151739 -0.472311 8.154211 0.496127 -0.098232 -3.676079 1.651091 -3.410226 7.110210 0.087435 5.447664 -19.501248 0.000000 0.000000 0.000000 -23.540588 -2.959474 -13.152452 -50.202565 6.533542 -6.311597 -5.938539 -26.973643 0.071744 0.000000 0.000000 0.000000 25.016914 -4.949525 6.541907 48.801929 11.951987 -3.359726 -5.422054 23.363822 0.790974 0.000000 0.000000 0.000000
-2.144172 0.932145 0.281461 2.101436 72.197883 1.356397 -0.933770 -2.905635 -18.813020 -13.850551 -8.777661 41.924351 1.250933 11.092021 12.021939 0.000000 0.000000 0.000000 5.043257 0.744461 -7.966713 7.139981 -3.196708 2.742429 -5.525589 -9.310720 9.533578 0.000000 0.000000 0.000000 -1.601095 -0.580771 8.816932 0.795895 -0.198606 -3.744728 1.424878 -2.214192 7.076081 -0.127649 5.632642 -19.053487 0.000000 0.000000 0.000000 -23.464888 -3.205135 -13.633447 -50.530896 7.235940 -6.581105 -7.159794 -26.955359 0.245232 0.000000 0.000000 0.000000 25.246171 -4.150001 7.729749 47.888577 12.304575 -3.381161 -5.432600 22.763530 0.656551 0.000000 0.000000 0.000000
-2.150748 0.925958 0.282123 1.496980 73.034581 0.014618 -1.502601 -3.180144 -19.505857 -16.170133 -9.678570 45.821373 5.603869 15.047840 9.353873 0.000000 0.000000 0.000000 4.908086 0.702165 -8.682188 7.972167 -4.018015 4.698790 -5.364088 -10.140683 7.592923 0.000000 0.000000 0.000000 -0.724595 -0.780897 9.851677 0.343692 -0.213967 -3.113704 1.805127 -0.670816 6.618215 -0.382158 5.837278 -18.844212 0.000000 0.000000 0.000000 -23.950797 -4.460293 -13.859528 -50.101226 8.365985 -6.637733 -7.652326 -27.706479 0.274849 0.000000 0.000000 0.000000 25.721203 -3.664715 8.671991 46.425636 13.251199 -3.268361 -6.153292 22.303483 0.466622 0.000000 0.000000 0.000000
-2.157058 0.913440 0.282038 0.492154 73.742028 -1.448479 -1.719146 -3.618446 -20.694134 -19.256180 -10.132492 49.489495 9.984006 19.886499 7.622497 0.000000 0.000000 0.000000 4.790495 0.620740 -10.312970 8.850416 -5.314761 7.810492 -4.513666 -11.142223 3.088165 0.000000 0.000000 0.000000 0.054639 -1.069489 11.142905 0.229472 -0.163755 -3.144727 1.943615 0.261036 6.418041 -0.500299 5.892860 -18.329805 0.000000 0.000000 0.000000 -24.934092 -5.252121 -14.478570 -49.533096 8.864212 -6.337533 -7.480349 -27.495069 0.209371 0.000000 0.000000 0.000000 25.719306 -2.882078 9.528974 45.659779 14.065195 -3.052323 -6.270811 22.368632 0.383416 0.000000 0.000000 0.000000
-2.163102 0.895911 0.281760 -1.300949 74.252700 -3.949196 -2.037920 -4.024551 -21.684238 -22.590068 -10.491360 53.736756 14.645678 25.454063 5.611470 0.000000 0.000000 0.000000 4.389207 0.381589 -12.545237 10.174904 -7.861212 12.673493 -2.752745 -11.138889 -3.314397 0.000000 0.000000 0.000000 0.652935 -1.428196 12.557593 -0.156035 -0.176561 -2.558485 2.674548 0.889129 6.061086 -0.787011 6.064667 -18.235292 0.000000 0.000000 0.000000 -25.680866 -6.305437 -14.537782 -49.046066 9.047475 -5.993228 -7.014973 -27.832591 0.093888 0.000000 0.000000 0.000000 25.750154 -1.989094 10.223753 44.965571 14.931138 -2.829628 -7.051286 22.188720 0.221049 0.000000 0.000000 0.000000
-2.168480 0.877323 0.281617 -2.529955 74.621607 -6.099414 -2.062093 -4.396576 -22.627156 -26.004057 -10.365577 57.417067 17.969419 30.187014 4.733964 0.000000 0.000000 0.000000 3.736429 -0.092227 -15.318294 10.698539 -11.361907 19.201909 -0.838615 -9.539844 -9.505447 0.000000 0.000000 0.000000 0.608947 -1.827852 14.258231 -0.036479 -0.178117 -2.581937 2.929546 1.528923 6.089151 -0.613898 6.025877 -18.217490 0.000000 0.000000 0.000000 -26.504911 -7.184272 -14.794778 -48.299239 8.793498 -5.369541 -6.039188 -27.319161 -0.120353 0.000000 0.000000 0.000000 26.344144 -1.026860 11.278644 43.878535 16.204689 -2.640594 -7.408655 22.224777 0.090606 0.000000 0.000000 0.000000
-2.172329 0.863139 0.281684 -3.850228 75.441306 -8.088448 -2.348223 -4.559995 -22.932053 -28.673490 -10.241566 60.223030 20.990215 34.528597 3.094721 0.000000 0.000000 0.000000 3.829954 -0.397669 -17.191130 9.841580 -13.541319 23.798981 0.265011 -8.773616 -14.095495 0.000000 0.000000 0.000000 0.439217 -2.097581 15.275613 -0.034002 -0.208673 -2.433177 3.481746 1.446921 6.646585 -0.262748 6.064960 -18.847749 0.000000 0.000000 0.000000 -26.844968 -7.748037 -14.891584 -48.143540 8.117807 -4.906026 -6.028673 -26.528605 -0.103736 0.000000 0.000000 0.000000 26.221389 0.122459 12.117131 43.804863 16.867383 -2.469547 -7.524238 22.256044 0.003256 0.000000 0.000000 0.000000
-2.174407 0.856993 0.281601 -4.943521 75.945971 -9.729225 -2.619592 -4.306134 -22.199176 -28.647954 -10.512514 60.516310 22.304832 36.008156 1.556969 0.000000 0.000000 0.000000 4.181649 -0.473553 -17.989161 8.814019 -14.443562 26.285005 0.627568 -8.539569 -15.864401 0.000000 0.000000 0.000000 -0.053679 -2.192263 15.812387 -0.065433 -0.285364 -2.118594 4.023973 1.740986 6.827513 -0.209805 6.027038 -18.449982 0.000000 0.000000 0.000000 -27.040997 -8.424660 -14.845153 -47.945374 8.053576 -4.692621 -5.917197 -26.163722 -0.120719 0.000000 0.000000 0.000000 26.952943 0.619591 12.905008 43.102456 17.290502 -2.590775 -7.312092 22.468767 -0.022920 0.000000 0.000000 0.000000
-2.175233 0.859098 0.281060 -5.623921 76.769727 -10.383095 -3.055623 -3.780938 -20.692910 -26.493500 -11.088923 58.443506 22.843136 35.497997 -0.741876 0.000000 0.000000 0.000000 4.297308 -0.424778 -17.630946 8.918094 -14.051032 25.266750 0.332299 -9.714819 -15.357084 0.000000 0.000000 0.000000 -0.713911 -1.962522 15.191123 0.134788 -0.371259 -2.193327 4.271579 1.126308 7.915640 0.204987 5.966422 -18.592403 0.000000 0.000000 0.000000 -26.737791 -8.200338 -15.016588 -48.069508 7.537058 -4.577081 -7.035834 -26.145498 0.105538 0.000000 0.000000 0.000000 27.132033 1.283925 13.663988 43.036940 17.649508 -2.643713 -6.833350 22.887230 -0.000733 0.000000 0.000000 0.000000
-2.175349 0.867418 0.279879 -5.569198 78.262221 -9.879544 -3.836144 -3.030912 -18.369487 -22.058103 -11.683418 53.801319 22.848172 32.741927 -3.575236 0.000000 0.000000 0.000000 4.140100 -0.392672 -16.743087 9.404529 -12.784180 22.219490 -0.661799 -12.044568 -12.889818 0.000000 0.000000 0.000000 -1.285924 -1.760496 14.555373 0.411570 -0.451944 -2.495896 4.428177 0.293380 8.050177 0.007011 6.048950 -18.181491 0.000000 0.000000 0.000000 -26.220787 -8.162057 -14.943128 -48.199043 8.348098 -5.046606 -8.744615 -26.576543 0.449242 0.000000 0.000000 0.000000 26.702979 1.256188 13.629843 43.890314 17.304103 -2.678987 -6.540987 22.831198 0.039259 0.000000 0.000000 0.000000
-2.175056 0.880393 0.278258 -4.986496 79.617318 -8.721872 -4.022471 -2.284064 -16.004680 -17.296306 -11.262268 47.570824 21.810348 27.897580 -5.082358 0.000000 0.000000 0.000000 3.410019 -0.585620 -16.305466 10.090597 -12.049622 19.843592 -2.469374 -13.166969 -7.463459 0.000000 0.000000 0.000000 -1.808296 -1.544130 13.805391 0.410698 -0.688678 -2.016631 4.719827 -0.575860 7.565080 -0.107165 6.000423 -17.748709 0.000000 0.000000 0.000000 -25.591023 -7.379394 -14.809381 -47.920038 8.053717 -5.105552 -10.588735 -26.672526 0.876833 0.000000 0.000000 0.000000 26.192248 0.706765 12.927231 44.319645 16.933552 -2.671769 -5.536798 23.330597 0.259677 0.000000 0.000000 0.000000
-2.174136 0.894040 0.276474 -4.320147 81.106216 -7.377153 -4.172369 -1.476081 -13.043182 -12.297908 -9.780448 39.915189 20.701204 22.410688 -6.416932 0.000000 0.000000 0.000000 2.883044 -0.749756 -15.939085 10.354692 -11.107101 17.535781 -4.501672 -14.099577 -1.794240 0.000000 0.000000 0.000000 -2.103769 -1.374313 13.097770 0.456646 -0.611914 -2.572831 4.730253 -1.563442 7.961580 -0.188598 6.140236 -17.853156 0.000000 0.000000 0.000000 -25.028817 -6.675204 -15.024449 -47.461248 8.573025 -5.414119 -11.702940 -26.201630 1.115814 0.000000 0.000000 0.000000 25.355079 -0.157299 12.094958 45.353094 16.002672 -2.784222 -5.006227 23.874006 0.433356 0.000000 0.000000 0.000000
-2.172520 0.905277 0.274847 -2.583532 82.532019 -5.063159 -4.223499 -0.814051 -10.027954 -8.647148 -7.762387 32.784109 19.195622 16.875538 -7.652206 0.000000 0.000000 0.000000 2.060669 -1.241877 -16.774494 10.193849 -11.307351 17.880589 -5.985742 -13.607923 3.163521 0.000000 0.000000 0.000000 -2.328248 -1.274634 12.642705 0.303143 -0.528672 -2.928700 4.421553 -1.833040 8.120628 0.591828 5.794840 -17.558473 0.000000 0.000000 0.000000 -24.642821 -6.713552 -15.192009 -46.664218 9.015709 -5.438129 -12.633191 -26.057856 1.285334 0.000000 0.000000 0.000000 24.786845 -1.070802 11.496170 45.923231 15.637931 -2.759636 -4.349292 24.098557 0.599957 0.000000 0.000000 0.000000
-2.169224 0.911843 0.273874 0.624390 83.492242 -2.131084 -4.476731 -0.308886 -6.714058 -6.497230 -5.960692 27.219969 18.149047 13.215163 -8.233373 0.000000 0.000000 0.000000 0.802809 -2.172837 -18.557638 6.084805 -13.767267 26.438900 0.366640 -1.422302 -0.344321 0.000000 0.000000 0.000000 -2.906233 -1.296040 12.848936 0.271234 -0.436106 -3.303482 4.219403 -1.690509 8.564009 0.846743 5.610800 -16.927870 0.000000 0.000000 0.000000 -24.870238 -5.869732 -16.109036 -45.057998 9.022944 -5.072507 -14.092398 -25.238078 1.593859 0.000000 0.000000 0.000000 25.100690 -1.698629 11.526588 45.707026 15.880587 -2.835018 -4.490037 24.429140 0.608298 0.000000 0.000000 0.000000
-2.163980 0.916690 0.273812 -2.734676 84.551465 -6.521900 -4.090441 -0.021727 -2.515076 -4.543721 -4.484687 22.513158 17.172737 9.599695 -9.396056 0.000000 0.000000 0.000000 0.523440 -2.837591 -20.212229 -0.868644 -16.147939 36.856686 6.686766 11.160395 -1.559770 0.000000 0.000000 0.000000 -2.955442 -1.621423 14.148836 -0.022407 -0.091113 -4.060215 4.515666 -1.637850 9.592262 0.549289 6.068346 -17.439489 0.000000 0.000000 0.000000 -25.741713 -5.902737 -17.195850 -43.501710 8.965694 -4.484228 -13.996827 -23.453690 1.545923 0.000000 0.000000 0.000000 23.970480 -2.331784 10.843479 46.419328 16.116574 -2.522281 -4.147376 24.650867 0.747143 0.000000 0.000000 0.000000
-2.155746 0.920513 0.275165 -7.761143 85.284386 -12.904135 -3.814367 -0.148956 1.997434 -2.948214 -3.206172 18.219128 16.342853 7.215781 -9.889963 0.000000 0.000000 0.000000 0.382524 -4.169810 -23.696021 -12.480773 -16.785503 50.163493 16.302301 26.351041 4.947905 0.000000 0.000000 0.000000 -3.543316 -1.795445 14.848563 0.909473 -0.278194 -4.303031 4.096752 -1.965805 10.019075 0.481412 6.156534 -17.582131 0.000000 0.000000 0.000000 -25.653776 -4.726403 -17.837440 -43.221680 8.811757 -4.421048 -13.391722 -22.371674 1.360897 0.000000 0.000000 0.000000 23.268393 -1.866667 10.838925 46.957321 16.141987 -2.298173 -4.269423 25.071259 0.754177 0.000000 0.000000 0.000000
-2.144235 0.923847 0.278121 -16.307990 85.421667 -22.382967 -3.659844 -0.584881 5.850875 -1.211003 -2.282844 14.669145 15.778091 6.164499 -9.698097 0.000000 0.000000 0.000000 1.282137 -5.100505 -26.838675 -20.731552 -14.174260 55.861274 23.749303 29.872561 17.519356 0.000000 0.000000 0.000000 -2.889007 -2.032418 15.523419 -0.124218 0.043665 -4.238576 5.272598 -2.586958 9.848080 -1.151873 7.033036 -17.400087 0.000000 0.000000 0.000000 -25.835688 -3.793557 -18.259329 -43.983690 8.858185 -4.634090 -12.386190 -22.280129 1.168369 0.000000 0.000000 0.000000 22.106411 -2.082123 9.928023 47.354700 15.333448 -2.337522 -2.279203 25.848748 1.250176 0.000000 0.000000 0.000000
-2.129468 0.925363 0.282679 -24.485430 85.818754 -31.411288 -3.758983 -1.236357 9.434612 0.365250 -1.658879 11.818879 15.403934 5.573197 -9.473784 0.000000 0.000000 0.000000 1.783646 -5.934139 -29.052378 -20.498156 -12.512549 53.156764 23.159305 23.494023 27.481067 0.000000 0.000000 0.000000 -2.718950 -2.269835 16.216525 -0.044477 0.059057 -4.323523 5.016610 -2.796549 9.700476 -1.291746 7.132324 -17.591993 0.000000 0.000000 0.000000 -26.312909 -3.706486 -18.512718 -43.514527 8.968147 -4.565868 -11.609574 -22.638122 1.086473 0.000000 0.000000 0.000000 22.067203 -2.138216 9.829655 48.193403 15.442178 -2.157905 -2.589478 25.256747 1.147554 0.000000 0.000000 0.000000
-2.111422 0.923678 0.288615 -42.370634 86.506441 -50.324460 -3.237222 -2.334760 13.190513 1.064903 -1.192107 9.458516 15.504286 5.103424 -9.885464 0.000000 0.000000 0.000000 1.673354 -6.435523 -29.507169 -14.966494 -11.216884 44.742278 13.790753 15.324692 25.254771 0.000000 0.000000 0.000000 -2.120968 -2.455128 16.616476 0.231526 0.018284 -4.533181 4.773335 -3.447120 10.273047 -0.938239 7.057685 -17.525746 0.000000 0.000000 0.000000 -26.648699 -3.704251 -18.899813 -42.725574 8.808356 -4.281013 -12.272628 -23.340062 1.253551 0.000000 0.000000 0.000000 22.415696 -2.269168 9.973322 47.617452 15.383718 -2.338081 -2.428501 25.681315 1.179462 0.000000 0.000000 0.000000
-2.089686 0.917198 0.295957 -61.533064 87.249283 -69.755130 -3.142031 -3.173292 15.566971 1.615304 -1.032983 8.531248 16.416633 4.930310 -11.207820 0.000000 0.000000 0.000000 1.111234 -7.052033 -29.805871 -9.763079 -8.386974 34.657716 6.094658 9.165908 15.103945 0.000000 0.000000 0.000000 -2.232074 -2.557719 16.840119 0.605463 -0.289399 -4.010856 4.613841 -3.628151 9.778638 -0.806630 7.026126 -17.889829 0.000000 0.000000 0.000000 -26.489539 -4.402572 -18.522577 -42.509975 7.939979 -3.853808 -12.721600 -23.855435 1.361617 0.000000 0.000000 0.000000 21.994180 -1.979399 9.927032 48.830582 14.689459 -2.269772 -2.142801 24.951233 1.123015 0.000000 0.000000 0.000000
-2.063983 0.906840 0.305034 -83.916752 87.361196 -92.654081 -3.084316 -4.317510 18.436675 2.223502 -0.929502 7.898864 18.277466 5.656373 -12.938122 0.000000 0.000000 0.000000 0.354817 -7.353409 -29.148899 -5.422586 -4.329170 22.050508 3.989748 6.608185 17.392529 0.000000 0.000000 0.000000 -1.724328 -2.772734 17.282133 0.589519 0.011285 -5.035138 4.439227 -3.920876 10.802407 -0.674678 7.333151 -18.824720 0.000000 0.000000 0.000000 -25.681906 -5.061611 -18.279383 -42.549699 7.238658 -3.621988 -12.842122 -25.451844 1.348280 0.000000 0.000000 0.000000 21.801416 -2.782095 9.618409 49.828866 14.339781 -2.300147 -2.045158 24.834496 1.162399 0.000000 0.000000 0.000000
-2.033879 0.893643 0.316246 -88.576026 87.150528 -97.042132 -2.953467 -5.155519 20.430988 2.787171 -0.953698 7.995288 20.732765 7.339420 -14.691740 0.000000 0.000000 0.000000 0.259580 -7.774812 -29.769844 -5.532190 -1.097203 12.776493 7.570023 9.615485 26.123585 0.000000 0.000000 0.000000 -0.645979 -2.470033 16.094051 -0.024604 -0.062886 -4.412685 4.525811 -3.395298 10.738550 0.435291 6.779290 -18.525741 0.000000 0.000000 0.000000 -24.153834 -5.559577 -17.175428 -43.743319 6.430673 -3.784889 -12.573438 -27.522495 1.182083 0.000000 0.000000 0.000000 22.993315 -3.436087 9.830031 48.813896 14.477179 -2.508169 -1.652362 23.517989 1.030205 0.000000 0.000000 0.000000
-1.998255 0.880663 0.330161 -122.386374 87.102007 -130.600553 -2.634721 -6.335555 22.454069 2.734795 -0.998497 8.336607 22.297447 7.815293 -16.245758 0.000000 0.000000 0.000000 -0.086962 -8.754888 -30.577384 -7.159335 -0.319880 11.024150 12.597882 12.603567 29.802781 0.000000 0.000000 0.000000 -0.488353 -2.693276 16.674936 0.861873 0.198905 -6.279488 2.661137 -3.031406 11.345741 1.887404 5.983364 -17.745678 0.000000 0.000000 0.000000 -23.731336 -6.647530 -17.364021 -43.188508 6.003890 -3.369439 -12.961385 -27.541920 1.159790 0.000000 0.000000 0.000000 25.155549 -4.714573 10.748709 48.533181 14.753824 -3.000854 -3.647236 23.272098 0.672604 0.000000 0.000000 0.000000
-1.956140 0.868183 0.347487 -147.958460 86.091698 -155.603022 -2.111029 -7.729878 24.528485 2.423640 -1.161793 9.464737 23.606203 8.666614 -17.231747 0.000000 0.000000 0.000000 0.411188 -9.204696 -31.308785 -9.898700 -0.361153 13.586682 17.620460 14.808864 32.045708 0.000000 0.000000 0.000000 -0.000993 -2.361554 15.487490 0.712213 -0.426790 -4.623707 2.270359 -2.990452 9.013998 2.357807 5.458890 -17.249877 0.000000 0.000000 0.000000 -23.146743 -5.900274 -17.044829 -43.746627 6.125425 -3.749579 -13.069501 -27.303444 1.144813 0.000000 0.000000 0.000000 25.855785 -5.825142 10.134797 48.442280 13.843283 -3.253028 -3.404064 22.009695 0.650010 0.000000 0.000000 0.000000
-1.907062 0.864091 0.367773 -154.985006 84.439682 -161.481733 -0.727854 -9.184472 25.681112 2.633350 -1.525499 11.243995 22.680674 8.323974 -15.518701 0.000000 0.000000 0.000000 1.609376 -9.642874 -32.567956 -12.588258 -1.037022 17.930054 19.650121 16.228469 30.629402 0.000000 0.000000 0.000000 0.910483 -1.832196 13.372041 1.260313 -0.405615 -5.619552 1.446473 -4.903259 9.405264 1.408756 5.996071 -16.939026 0.000000 0.000000 0.000000 -24.107960 -5.054337 -18.667015 -43.420748 9.031119 -4.548248 -12.999212 -27.546003 1.133932 0.000000 0.000000 0.000000 26.969157 -6.646497 10.469723 47.932108 13.290822 -3.864016 -4.366450 22.201842 0.540886 0.000000 0.000000 0.000000
-1.853579 0.865864 0.389943 -151.309328 84.136927 -156.785801 1.056736 -9.252917 24.306531 2.119104 -3.119736 17.562031 19.999794 8.750942 -10.854221 0.000000 0.000000 0.000000 3.478621 -8.601265 -32.658162 -14.411955 -2.083955 22.399921 17.144443 16.829483 23.450238 0.000000 0.000000 0.000000 1.738982 -1.254719 10.766259 1.596522 -0.908629 -4.657696 1.032388 -5.943824 8.228516 0.438786 6.115589 -15.957416 0.000000 0.000000 0.000000 -24.246269 -2.252820 -19.436405 -44.284544 10.683122 -5.678325 -13.118096 -25.643467 1.134565 0.000000 0.000000 0.000000 26.019023 -6.512029 9.603534 49.248243 12.118271 -3.625705 -4.432935 21.531839 0.531503 0.000000 0.000000 0.000000
-1.800817 0.876719 0.411902 -150.282243 82.824432 -154.530578 4.825505 -9.011189 20.313106 -1.243390 -5.647770 26.019491 11.855365 7.649931 -0.932199 0.000000 0.000000 0.000000 4.568296 -7.497904 -31.422574 -14.456933 -3.393174 25.177291 15.989746 16.999111 18.378315 0.000000 0.000000 0.000000 2.570651 -0.843305 8.388879 2.484212 -1.433248 -4.292221 0.530715 -6.017190 6.884631 -0.564523 6.269203 -14.932040 0.000000 0.000000 0.000000 -23.876111 -1.513394 -19.790695 -45.408302 13.081847 -6.891837 -12.931933 -23.508485 0.924307 0.000000 0.000000 0.000000 24.453326 -7.784102 7.957579 49.845133 10.387026 -3.489773 -2.453012 21.369445 0.855343 0.000000 0.000000 0.000000
-1.753122 0.890305 0.431710 -150.166043 81.446821 -154.553730 8.534302 -7.789644 14.018009 -7.182445 -10.060877 38.259334 4.273643 9.982414 12.529998 0.000000 0.000000 0.000000 4.975775 -5.395661 -27.381772 -13.178650 -4.500505 25.373035 13.518855 15.286358 14.396133 0.000000 0.000000 0.000000 3.503259 -0.864270 7.818062 2.505800 -0.938754 -5.667335 -0.051823 -6.360770 8.313184 -1.325105 7.015623 -15.752248 0.000000 0.000000 0.000000 -23.991863 -1.323440 -20.962103 -45.199478 15.327193 -7.656325 -13.870877 -22.405203 0.978552 0.000000 0.000000 0.000000 23.423289 -6.683391 8.833845 50.083160 10.287181 -3.249176 -2.267403 21.455337 0.773585 0.000000 0.000000 0.000000
-1.712820 0.903460 0.447812 -154.300885 80.899222 -159.211414 9.123809 -4.902590 6.190121 -15.048289 -14.901781 51.299761 3.365985 14.155815 22.689711 0.000000 0.000000 0.000000 4.765971 -3.465462 -22.497227 -11.538423 -4.718488 23.414117 11.201427 12.800507 11.593574 0.000000 0.000000 0.000000 2.972314 -0.799086 7.852956 2.509423 -1.257778 -4.997554 -0.324323 -4.417053 8.173000 -0.070077 6.624638 -16.575042 0.000000 0.000000 0.000000 -23.452220 -1.536133 -21.402896 -45.415815 15.938690 -7.955391 -14.107043 -22.120785 0.876852 0.000000 0.000000 0.000000 24.868689 -6.223685 10.792142 47.753457 12.960204 -3.052222 -2.132309 20.258933 0.564062 0.000000 0.000000 0.000000
-1.677944 0.916178 0.460623 -160.289614 80.024203 -165.672179 8.183460 -3.092495 0.422248 -21.837526 -16.225949 57.754829 7.952808 17.094606 20.967848 0.000000 0.000000 0.000000 4.110054 -2.172547 -17.832582 -9.400938 -4.695672 20.849460 9.071287 10.031706 10.202181 0.000000 0.000000 0.000000 2.045205 -0.743790 8.038741 2.194298 -1.153375 -5.205197 -0.286707 -2.798216 9.331866 0.616305 6.478213 -16.698262 0.000000 0.000000 0.000000 -22.734785 -2.721759 -21.878037 -46.204963 16.481730 -8.304590 -13.127968 -22.421182 0.528044 0.000000 0.000000 0.000000 24.994460 -5.022940 12.961097 47.360395 14.820997 -2.714361 -4.850210 21.422326 0.160510 0.000000 0.000000 0.000000
-1.647233 0.927230 0.470658 -165.178644 79.946017 -170.903584 6.518934 -1.949210 -4.672505 -25.514865 -16.035668 58.944280 12.111635 17.849418 10.443860 0.000000 0.000000 0.000000 3.680863 -1.241665 -13.594213 -7.770501 -4.084545 17.822326 7.627389 7.930676 9.726563 0.000000 0.000000 0.000000 1.226004 -0.625092 7.805105 1.220480 -1.096515 -4.853520 0.035669 -0.740513 9.192687 0.914565 6.116376 -16.010697 0.000000 0.000000 0.000000 -22.821693 -3.441382 -22.593692 -45.168593 18.401748 -8.586897 -13.843135 -24.591634 0.643579 0.000000 0.000000 0.000000 24.918195 -5.264176 13.537830 46.392252 16.347495 -2.339703 -4.405120 22.690913 0.245481 0.000000 0.000000 0.000000
-1.620943 0.935408 0.478381 -169.197484 79.342276 -175.149532 4.696869 -1.495153 -7.846060 -22.683604 -15.517243 53.702373 14.650393 11.093497 -7.220671 0.000000 0.000000 0.000000 3.811988 -0.675663 -10.354002 -7.309695 -3.527936 15.741742 6.483519 6.172457 9.579801 0.000000 0.000000 0.000000 0.828755 -0.632920 8.047244 0.821408 -0.987521 -5.073571 -0.318892 0.719199 9.317183 1.977906 5.294199 -15.052971 0.000000 0.000000 0.000000 -22.223803 -3.226861 -23.290774 -45.561794 19.072265 -9.010555 -14.349015 -25.012052 0.591665 0.000000 0.000000 0.000000 25.002441 -4.846040 14.797189 45.488390 17.369678 -2.207001 -5.211953 24.183906 0.104869 0.000000 0.000000 0.000000
-1.598895 0.941281 0.483895 -173.721745 79.151162 179.887460 2.734570 -1.223655 -9.460382 -19.005973 -13.695013 46.222523 12.972948 5.466662 -9.216527 0.000000 0.000000 0.000000 4.111905 -0.251009 -6.885216 -7.686176 -2.396806 13.090985 5.488389 4.496685 9.355579 0.000000 0.000000 0.000000 0.349152 -0.709928 8.695085 -0.443889 -0.525654 -5.636120 0.289128 1.971181 9.690334 2.171786 5.209221 -14.979734 0.000000 0.000000 0.000000 -22.132786 -3.868161 -23.675732 -45.189074 19.964716 -9.205568 -14.109623 -25.620882 0.512769 0.000000 0.000000 0.000000 24.987654 -5.689807 14.637660 44.408167 18.786174 -1.843990 -5.163395 25.685915 0.205598 0.000000 0.000000 0.000000
-1.580147 0.944816 0.487558 -175.129329 78.165320 178.229118 0.947381 -1.015954 -9.870673 -12.703199 -11.512741 37.761722 7.499967 -0.269316 -4.927442 0.000000 0.000000 0.000000 4.293425 -0.175238 -4.436633 -7.292264 -2.058842 11.536977 4.721400 3.045814 9.162354 0.000000 0.000000 0.000000 0.036284 -0.737327 9.025870 0.062600 -0.519392 -6.198855 -0.576576 2.048130 10.278222 3.241693 4.217443 -13.771218 0.000000 0.000000 0.000000 -21.440691 -3.445094 -23.926495 -46.562812 19.956809 -9.798696 -12.260933 -26.332190 -0.058581 0.000000 0.000000 0.000000 25.922604 -6.070826 15.659175 42.608334 21.330679 -1.682168 -6.046697 26.319574 0.045017 0.000000 0.000000 0.000000
-1.563987 0.945885 0.489682 -176.317597 77.494003 177.447675 -0.372993 -0.680930 -8.186571 -7.224355 -8.172707 28.719192 1.133776 -3.495568 0.992899 0.000000 0.000000 0.000000 4.495385 -0.169969 -2.801151 -7.136969 -1.528555 9.792243 4.180930 1.762642 8.529512 0.000000 0.000000 0.000000 -0.328050 -0.622539 8.529142 -0.650930 -0.790966 -5.360892 0.036973 2.475921 9.321011 3.153516 4.651303 -14.843291 0.000000 0.000000 0.000000 -21.560763 -4.647280 -23.451474 -46.472059 19.997171 -9.654920 -10.906160 -25.502913 -0.266820 0.000000 0.000000 0.000000 26.662402 -6.892846 15.405533 41.987053 21.350260 -1.878278 -6.177259 28.619892 0.194470 0.000000 0.000000 0.000000
-1.550212 0.945875 0.490310 -174.621853 77.434467 179.576570 -0.991213 -0.463183 -5.789693 -3.792643 -5.756180 22.538809 0.059575 -2.268693 3.932725 0.000000 0.000000 0.000000 4.928436 -0.090467 -2.445133 -6.750325 -1.684958 9.831277 4.252077 1.586677 7.959669 0.000000 0.000000 0.000000 -0.318990 -0.520765 7.929193 -0.400272 -0.588261 -6.126991 0.164137 1.476104 9.885809 2.777017 4.505643 -13.766860 0.000000 0.000000 0.000000 -21.886029 -4.893805 -23.822249 -46.215381 20.295911 -9.506360 -10.476715 -24.348449 -0.308777 0.000000 0.000000 0.000000 26.946186 -7.294111 15.315178 41.235772 21.953607 -1.938877 -6.076225 28.399672 0.237973 0.000000 0.000000 0.000000
-1.538729 0.946294 0.489865 -175.330185 77.047604 179.359832 -1.446786 -0.389543 -3.362151 -2.485913 -3.843323 17.144829 -0.105562 -1.021024 5.829516 0.000000 0.000000 0.000000 4.836201 -0.133940 -2.106190 -6.563344 -1.721138 9.681855 4.197089 1.195846 7.528135 0.000000 0.000000 0.000000 -0.376348 -0.395555 7.057183 -0.617195 -0.744524 -5.781968 0.025546 0.978713 8.864134 2.710788 4.367596 -13.448351 0.000000 0.000000 0.000000 -21.734310 -5.365806 -23.164979 -46.214613 19.794612 -9.321118 -10.186525 -23.318742 -0.317095 0.000000 0.000000 0.000000 27.495561 -7.621704 15.125838 41.034331 21.799387 -2.055114 -5.242481 28.025787 0.378924 0.000000 0.000000 0.000000
-1.529479 0.946544 0.488574 -175.436142 77.113601 179.731103 -1.733439 -0.434174 -1.346578 -1.559056 -2.631709 13.017492 -0.380406 -0.631042 6.782734 0.000000 0.000000 0.000000 4.561325 -0.197912 -1.958734 -6.063021 -1.838950 9.572478 4.369217 1.287934 7.226195 0.000000 0.000000 0.000000 -0.387630 -0.293699 6.190549 -0.597238 -0.920997 -5.394324 0.090300 0.691703 8.178068 2.541346 4.194344 -12.849516 0.000000 0.000000 0.000000 -21.858327 -5.335225 -23.104566 -46.016552 19.249949 -8.956099 -10.857508 -23.182943 -0.176294 0.000000 0.000000 0.000000 27.299089 -7.900328 14.589979 41.860542 21.034264 -2.101647 -4.219953 27.542789 0.600659 0.000000 0.000000 0.000000
-1.521936 0.947671 0.487211 -176.747460 76.557329 178.796405 -1.942002 -0.561399 0.400578 -1.445928 -1.901344 9.500831 -1.200543 -0.329918 8.090981 0.000000 0.000000 0.000000 4.318486 -0.284576 -1.606428 -6.034626 -1.763800 9.225067 4.126429 0.796910 7.269405 0.000000 0.000000 0.000000 -0.834433 -0.219989 5.446519 -0.495780 -1.111847 -5.142635 0.123754 -0.108127 7.838546 2.520255 4.139067 -12.653458 0.000000 0.000000 0.000000 -21.916803 -5.930669 -22.785187 -46.244125 18.270744 -8.516357 -10.272667 -22.750935 -0.248551 0.000000 0.000000 0.000000 27.334484 -7.374674 14.922874 42.203007 20.741643 -2.158145 -3.738549 25.948196 0.489783 0.000000 0.000000 0.000000
-1.515742 0.948401 0.485882 -177.580575 76.079289 178.120555 -2.050316 -0.764851 2.062357 -1.374786 -1.528828 7.014677 -1.770058 -0.756572 8.222752 0.000000 0.000000 0.000000 3.820136 -0.429216 -1.385107 -5.519219 -2.025695 9.368703 4.140522 0.662418 7.231400 0.000000 0.000000 0.000000 -1.139048 -0.198259 5.149604 -0.207098 -1.285010 -4.993336 0.009357 -0.191840 7.539295 2.418932 3.931647 -12.142054 0.000000 0.000000 0.000000 -21.501574 -5.950345 -22.541719 -46.990975 17.243249 -8.397567 -11.207043 -23.272487 -0.163278 0.000000 0.000000 0.000000 26.916833 -7.610523 14.535530 43.641557 19.734952 -2.159608 -2.976841 24.713887 0.537303 0.000000 0.000000 0.000000
-1.510095 0.949094 0.485118 -178.281562 75.447397 177.499536 -1.936797 -1.057352 3.584168 -1.671967 -1.366777 4.807337 -2.367159 -1.017374 8.531031 0.000000 0.000000 0.000000 3.465895 -0.586293 -0.661336 -5.023693 -2.006514 8.697752 3.944951 0.145700 7.258595 0.000000 0.000000 0.000000 -1.452447 -0.186794 4.895571 0.110009 -1.483801 -4.826913 -0.065088 -0.362004 7.534581 2.357551 3.788889 -11.772758 0.000000 0.000000 0.000000 -21.312374 -6.551022 -22.320610 -47.375633 16.188405 -8.027908 -11.833839 -23.170498 -0.086230 0.000000 0.000000 0.000000 26.988006 -7.530344 14.748511 44.459068 19.152550 -2.268165 -2.188808 23.339345 0.503354 0.000000 0.000000 0.000000
-1.505024 0.949376 0.485267 -178.356608 74.957895 177.333767 -1.896704 -1.316745 4.738597 -1.532986 -1.269325 3.480100 -2.689447 -1.208946 8.640315 0.000000 0.000000 0.000000 3.102412 -0.725646 -0.270658 -4.276131 -2.365983 8.828018 3.993077 0.058718 7.187404 0.000000 0.000000 0.000000 -1.390875 -0.177616 4.763950 0.060404 -1.628280 -4.579766 0.155282 -0.131042 7.527218 2.079195 3.738591 -11.320356 0.000000 0.000000 0.000000 -21.073480 -6.847847 -22.197419 -47.837955 15.410470 -7.867357 -12.940507 -23.559201 0.063665 0.000000 0.000000 0.000000 26.595029 -7.668553 14.482292 46.015639 18.671740 -2.042320 -1.592277 22.381386 0.516699 0.000000 0.000000 0.000000
-1.500767 0.949678 0.486757 -178.272044 74.736043 177.366828 -1.900487 -1.566997 5.771960 -1.173337 -1.166505 2.180974 -2.847844 -1.219557 8.781081 0.000000 0.000000 0.000000 2.987279 -0.808492 0.217372 -3.710429 -2.493256 8.516832 3.994971 -0.024592 7.196843 0.000000 0.000000 0.000000 -1.457270 -0.175497 4.719716 0.436167 -1.806513 -4.409267 0.018907 0.003403 7.481921 2.261018 3.452934 -10.909594 0.000000 0.000000 0.000000 -20.796994 -7.234213 -21.885375 -48.352592 14.587085 -7.691436 -13.465847 -23.933886 0.092209 0.000000 0.000000 0.000000 26.551081 -7.315805 14.842601 46.581817 18.563188 -2.007386 -1.375947 21.425463 0.426861 0.000000 0.000000 0.000000
-1.497511 0.949711 0.489517 -177.845095 74.571990 177.863875 -1.615888 -1.744350 6.214134 -1.034911 -1.131296 1.512316 -2.869323 -1.256791 8.796603 0.000000 0.000000 0.000000 2.746484 -0.885173 0.328848 -2.706427 -2.894573 8.468885 4.119373 0.185510 7.194037 0.000000 0.000000 0.000000 -1.274493 -0.175995 4.781097 0.234458 -1.809930 -4.323835 0.225433 -0.026277 7.431910 2.091347 3.467572 -10.683746 0.000000 0.000000 0.000000 -20.702071 -7.405116 -21.760610 -48.809048 14.169742 -7.648973 -13.748973 -23.819686 0.122996 0.000000 0.000000 0.000000 26.688442 -6.981205 15.229430 47.074061 18.934276 -1.865939 -1.771889 20.729205 0.296356 0.000000 0.000000 0.000000
-1.495129 0.949516 0.493382 -177.402339 74.451377 178.467665 -1.322269 -1.889862 6.485091 -0.795619 -1.092379 0.845568 -2.814893 -1.319884 8.754164 0.000000 0.000000 0.000000 2.856330 -0.868049 0.417866 -2.116689 -3.030902 8.134873 4.099476 0.146675 7.144601 0.000000 0.000000 0.000000 -1.231983 -0.159219 4.496695 0.446410 -2.117765 -3.778729 0.135582 0.163619 7.255825 2.595870 3.016285 -10.246659 0.000000 0.000000 0.000000 -20.538676 -7.781438 -21.408186 -49.216201 13.530930 -7.503958 -13.580202 -23.581905 0.066327 0.000000 0.000000 0.000000 26.685322 -6.490619 15.637466 47.292738 19.290411 -1.703666 -2.136190 20.503600 0.207011 0.000000 0.000000 0.000000
-1.493169 0.949060 0.497973 -177.016544 74.770801 179.013531 -1.190997 -1.902325 6.466808 -0.327274 -1.003900 0.697483 -2.477982 -1.239732 8.576150 0.000000 0.000000 0.000000 2.802248 -0.865625 0.402728 -1.325557 -3.258467 7.885954 4.339161 0.558760 7.025806 0.000000 0.000000 0.000000 -1.199385 -0.159381 4.521302 0.440161 -2.189369 -3.559393 0.355647 0.506325 7.146907 2.952773 2.607469 -9.716543 0.000000 0.000000 0.000000 -20.750971 -7.904340 -21.527261 -49.127701 13.379852 -7.307398 -14.052284 -23.113116 0.173460 0.000000 0.000000 0.000000 26.442083 -6.538208 15.386627 47.727061 19.473164 -1.448614 -1.849749 20.705311 0.269902 0.000000 0.000000 0.000000
-1.491220 0.948090 0.503028 -176.152411 75.041992 -179.982349 -0.788398 -1.986857 6.462852 -0.066103 -0.952128 0.524034 -1.984252 -1.190199 8.237438 0.000000 0.000000 0.000000 2.780651 -0.862601 0.422551 -0.308940 -3.599839 7.590243 4.625774 1.012497 6.830614 0.000000 0.000000 0.000000 -1.021758 -0.149097 4.378103 0.526068 -2.388652 -3.107721 0.400268 0.615175 6.884110 3.338172 2.354859 -9.582739 0.000000 0.000000 0.000000 -20.924132 -7.726881 -21.523717 -49.371206 12.998549 -7.188923 -13.849532 -22.706895 0.150925 0.000000 0.000000 0.000000 26.241215 -6.214066 15.341513 48.384897 19.805758 -1.088366 -2.384127 20.412340 0.191758 0.000000 0.000000 0.000000
-1.489118 0.947050 0.508534 -176.252269 75.604488 179.880454 -0.832266 -1.954627 6.498370 0.467686 -0.849816 0.753398 -1.441037 -0.996944 7.910596 0.000000 0.000000 0.000000 2.580959 -0.895852 0.433922 0.454896 -3.978756 7.722706 5.127109 1.746803 6.482020 0.000000 0.000000 0.000000 -0.976194 -0.153920 4.486708 0.328080 -2.454866 -2.751044 0.612363 0.911433 6.639338 3.671952 1.997081 -9.186484 0.000000 0.000000 0.000000 -21.557778 -7.711511 -21.835902 -48.938416 13.218962 -6.962522 -13.443975 -22.302680 0.156258 0.000000 0.000000 0.000000 26.297555 -6.048817 15.325695 48.078182 19.742304 -1.181152 -2.276095 20.565003 0.217177 0.000000 0.000000 0.000000
-1.486865 0.946240 0.514466 -176.109791 75.906194 -179.701130 -0.649979 -1.948020 6.344475 0.881670 -0.786908 0.650683 -1.079997 -0.932436 7.712800 0.000000 0.000000 0.000000 2.670735 -0.864586 0.501952 1.092201 -4.041464 7.131256 5.283864 2.000946 6.305158 0.000000 0.000000 0.000000 -0.994512 -0.140804 4.257081 0.272618 -2.694653 -2.188085 0.662430 1.166469 6.099341 3.845664 1.602692 -8.631266 0.000000 0.000000 0.000000 -22.082875 -7.502789 -22.144755 -48.713968 13.394425 -6.816850 -12.677240 -21.549194 0.083011 0.000000 0.000000 0.000000 26.604574 -6.287018 15.181892 48.148220 19.857322 -1.196641 -2.351681 20.161696 0.207734 0.000000 0.000000 0.000000
-1.484654 0.945830 0.520851 -175.930609 75.909249 -179.444573 -0.357889 -2.027282 6.367001 1.235416 -0.738437 0.547346 -0.954892 -0.958072 7.643403 0.000000 0.000000 0.000000 2.943476 -0.831273 0.825817 1.564329 -4.031959 6.459678 5.231024 1.971024 6.289330 0.000000 0.000000 0.000000 -1.038036 -0.135059 4.107808 0.181183 -2.872942 -1.764028 0.820012 0.866825 5.842062 3.870508 1.480941 -8.374938 0.000000 0.000000 0.000000 -22.440162 -7.104507 -22.324580 -48.684376 13.586372 -6.859445 -12.235131 -21.165550 0.055587 0.000000 0.000000 0.000000 26.336106 -6.169160 14.842007 48.679112 19.572554 -1.080994 -2.413733 20.238950 0.227925 0.000000 0.000000 0.000000
-1.482512 0.945781 0.527528 -175.571054 76.096399 -178.909608 0.041760 -2.093118 6.224352 1.459061 -0.706999 0.544123 -0.815843 -0.820230 7.716823 0.000000 0.000000 0.000000 3.146908 -0.801322 1.074567 2.214082 -4.066170 5.689439 5.207788 2.196003 6.536797 0.000000 0.000000 0.000000 -1.102021 -0.125460 3.886352 0.150614 -3.032793 -1.373577 0.927623 0.706933 5.332865 3.889551 1.038866 -7.510377 0.000000 0.000000 0.000000 -22.867019 -6.709366 -22.474981 -48.545394 13.913192 -6.922653 -11.494663 -20.458331 -0.004701 0.000000 0.000000 0.000000 26.058085 -6.080893 14.441599 49.281618 19.096471 -1.002607 -2.293561 19.485226 0.215529 0.000000 0.000000 0.000000
-1.480526 0.946011 0.534239 -174.952705 76.146633 -178.282623 0.509156 -2.177187 6.078639 1.713543 -0.674395 0.812531 -0.776978 -0.755338 7.821520 0.000000 0.000000 0.000000 3.565129 -0.782413 1.644361 2.673880 -3.940208 4.631644 5.023722 2.216158 6.950962 0.000000 0.000000 0.000000 -1.044356 -0.117703 3.708045 0.084754 -3.098473 -1.177085 0.987675 0.544665 5.089815 3.887262 1.033654 -7.464556 0.000000 0.000000 0.000000 -22.933098 -6.439350 -22.458678 -48.475336 14.354626 -7.132059 -11.103085 -20.048334 -0.048024 0.000000 0.000000 0.000000 26.062150 -6.378261 14.069685 49.545264 18.662635 -1.103686 -1.947944 19.075132 0.248426 0.000000 0.000000 0.000000
-1.478711 0.945970 0.540858 -173.982658 76.539649 -177.406398 1.096448 -2.308745 6.011653 1.727599 -0.663870 1.195076 -0.458833 -0.424106 7.876174 0.000000 0.000000 0.000000 3.571559 -0.900603 2.474219 3.820451 -4.098023 3.303977 5.177351 2.916566 7.572967 0.000000 0.000000 0.000000 -0.735526 -0.119893 3.860165 0.012549 -2.979413 -1.221226 0.968485 0.462247 4.662895 3.813960 1.027599 -7.350659 0.000000 0.000000 0.000000 -23.301675 -6.366600 -22.511070 -48.034078 14.786454 -7.124108 -10.951204 -19.721068 -0.014928 0.000000 0.000000 0.000000 25.811098 -6.472396 13.597668 49.934878 17.692862 -1.269064 -1.498894 19.040851 0.322470 0.000000 0.000000 0.000000
-1.477373 0.945738 0.547449 -173.906026 76.833115 -177.471475 1.452238 -2.362512 5.904006 1.779012 -0.659733 1.713946 -0.273238 -0.206509 7.918242 0.000000 0.000000 0.000000 3.764639 -0.995886 3.263085 4.276746 -3.977741 2.145161 5.203611 3.228170 7.901424 0.000000 0.000000 0.000000 -0.708383 -0.131515 4.099881 -0.144641 -2.795594 -1.420743 1.082992 0.319926 4.647671 3.958480 1.044325 -7.492092 0.000000 0.000000 0.000000 -23.473005 -6.183429 -22.543882 -47.506649 15.026160 -7.076971 -10.849670 -19.106365 0.022819 0.000000 0.000000 0.000000 25.726096 -6.406210 13.464681 49.558988 17.276255 -1.477833 -0.644743 18.705785 0.388642 0.000000 0.000000 0.000000
-1.476676 0.945140 0.553933 -173.849952 77.219651 -177.496567 1.755295 -2.345515 5.587164 1.869774 -0.669509 2.450928 0.018448 0.001959 7.846254 0.000000 0.000000 0.000000 3.657262 -1.114719 3.808335 5.130557 -4.174521 1.271607 5.448329 3.901127 8.224690 0.000000 0.000000 0.000000 -0.427917 -0.169497 4.699544 -0.449241 -2.713519 -1.304010 0.992945 0.613874 3.979276 3.965300 0.953900 -7.420041 0.000000 0.000000 0.000000 -23.671461 -6.017049 -22.418981 -46.939303 14.991258 -6.896267 -10.799464 -18.417770 0.075676 0.000000 0.000000 0.000000 25.543091 -6.585404 12.956361 49.356921 16.416555 -1.705536 0.457274 19.029499 0.576846 0.000000 0.000000 0.000000
-1.476778 0.944873 0.560033 -173.564161 77.587680 -177.236546 2.004416 -2.212698 4.824143 2.128034 -0.725347 3.770465 0.245071 0.149669 7.818337 0.000000 0.000000 0.000000 3.791125 -1.154391 4.164223 5.623416 -4.220776 0.524035 5.541503 4.380432 8.620014 0.000000 0.000000 0.000000 -0.320385 -0.204533 5.127877 -0.373161 -2.497510 -1.669337 0.946602 0.497231 3.970948 3.876429 1.017882 -7.423742 0.000000 0.000000 0.000000 -23.828964 -6.138393 -22.357756 -46.431027 14.865042 -6.651596 -10.772646 -17.339363 0.121629 0.000000 0.000000 0.000000 25.485905 -6.487591 12.905511 48.926101 16.154884 -1.879832 1.194693 18.488953 0.618715 0.000000 0.000000 0.000000
-1.477556 0.944535 0.565148 -173.500673 77.822814 -177.046059 2.473913 -2.128611 3.918679 1.810521 -0.849631 4.944404 0.416752 0.289604 7.824238 0.000000 0.000000 0.000000 3.925375 -1.136495 4.220212 5.949741 -4.254988 -0.032835 5.572635 4.665878 8.885047 0.000000 0.000000 0.000000 0.044019 -0.252621 5.558405 -0.795974 -2.411898 -1.550236 0.954881 0.738635 3.116598 3.796812 1.066727 -7.504842 0.000000 0.000000 0.000000 -23.808102 -6.085225 -22.088901 -45.976681 15.030979 -6.608354 -10.821938 -17.017143 0.153108 0.000000 0.000000 0.000000 25.423347 -6.451095 12.738588 48.504941 15.769951 -2.040088 1.979741 18.506008 0.733511 0.000000 0.000000 0.000000
-1.478764 0.944768 0.568944 -174.652069 78.494095 -177.866307 2.377655 -1.848666 2.895510 1.110433 -1.085614 6.613840 2.481170 1.492646 7.180094 0.000000 0.000000 0.000000 3.745890 -1.053002 3.772742 6.027498 -4.242163 -0.037876 5.762290 5.154795 9.062184 0.000000 0.000000 0.000000 0.188232 -0.302881 5.984476 -1.126803 -2.080263 -1.962601 0.939623 1.103225 2.910517 3.888247 1.139991 -7.827334 0.000000 0.000000 0.000000 -24.053355 -5.954954 -22.315979 -45.543054 14.914155 -6.372378 -11.215396 -16.368424 0.223854 0.000000 0.000000 0.000000 25.241777 -6.508315 12.588881 48.443411 15.275145 -2.194105 2.515301 18.527218 0.804865 0.000000 0.000000 0.000000
-1.479803 0.945278 0.571368 -175.398635 79.019482 -178.373252 2.469296 -1.785206 2.585735 0.078206 -1.249555 7.369647 4.555980 2.634425 6.389024 0.000000 0.000000 0.000000 3.479312 -0.975436 3.198624 6.279981 -4.440568 0.395165 5.987924 5.696074 9.306210 0.000000 0.000000 0.000000 0.594007 -0.336994 6.127100 -1.832947 -1.943897 -1.810781 1.244637 1.438183 2.245878 3.551713 1.257286 -7.672019 0.000000 0.000000 0.000000 -23.825646 -6.316105 -21.712929 -45.616841 15.097280 -6.496393 -11.633877 -16.242625 0.274867 0.000000 0.000000 0.000000 25.010539 -6.261863 12.432069 48.118775 14.738743 -2.309099 3.062414 18.531043 0.885226 0.000000 0.000000 0.000000
-1.480444 0.945197 0.572912 -176.541162 79.371990 -179.240694 2.415818 -1.698202 2.292610 -0.797791 -1.424389 8.178136 6.473192 3.417564 5.271710 0.000000 0.000000 0.000000 3.118096 -0.955147 2.763756 6.558878 -4.603912 0.591821 6.204851 6.090807 9.329887 0.000000 0.000000 0.000000 0.970850 -0.347405 6.019594 -2.335202 -1.924874 -1.533172 1.142604 1.674010 1.596127 3.314035 0.990401 -6.925229 0.000000 0.000000 0.000000 -23.650153 -6.320176 -21.314577 -45.568897 14.371123 -6.235673 -12.049516 -16.318072 0.327471 0.000000 0.000000 0.000000 24.801371 -6.354904 12.086568 48.363542 14.013839 -2.431470 3.444785 18.752182 0.984563 0.000000 0.000000 0.000000
-1.480734 0.944632 0.574119 -177.113178 79.295941 -179.835283 2.230396 -1.575344 1.841134 -0.833988 -1.569385 9.084728 7.307817 3.878005 5.059759 0.000000 0.000000 0.000000 2.867110 -0.922474 2.239767 6.844982 -5.025516 1.552971 6.396623 6.260139 9.029095 0.000000 0.000000 0.000000 1.116327 -0.418023 6.496860 -2.745170 -1.875481 -1.432472 1.280768 1.877282 1.320325 3.511028 0.977416 -7.140915 0.000000 0.000000 0.000000 -23.325110 -6.659704 -20.913252 -45.450975 13.832793 -6.004364 -12.434077 -16.846066 0.371412 0.000000 0.000000 0.000000 25.420714 -6.339775 12.497324 47.214409 14.008123 -2.836849 4.359802 19.428883 1.182999 0.000000 0.000000 0.000000
-1.481511 0.943816 0.575331 -177.651798 79.181507 179.562427 2.005297 -1.452358 1.478768 -0.427633 -1.699382 9.994443 7.378678 3.458328 4.364639 0.000000 0.000000 0.000000 2.479082 -0.923500 1.658552 7.327196 -5.631429 2.653495 6.660623 6.570244 8.737034 0.000000 0.000000 0.000000 1.188223 -0.570404 7.519317 -2.894333 -1.739176 -1.632824 1.043506 2.269232 1.104321 3.709417 1.207434 -8.029261 0.000000 0.000000 0.000000 -22.575199 -6.738066 -20.269052 -45.773168 12.354465 -5.674467 -13.064960 -16.981073 0.432713 0.000000 0.000000 0.000000 26.328622 -7.185457 12.453494 46.517994 14.005848 -3.233088 4.637881 20.283990 1.369605 0.000000 0.000000 0.000000
-1.483221 0.942739 0.576584 -177.070033 79.498447 -179.992169 2.145542 -1.362260 0.821351 -0.627490 -1.873113 10.871395 7.859680 4.334229 4.950775 0.000000 0.000000 0.000000 2.694666 -0.808170 1.228048 7.157674 -5.742726 3.460742 6.791271 6.743864 8.331076 0.000000 0.000000 0.000000 1.463125 -0.686850 8.088317 -3.210676 -1.500988 -1.877965 1.495123 1.814728 1.906894 4.215452 2.003967 -10.128546 0.000000 0.000000 0.000000 -22.142508 -7.983947 -19.348426 -46.196592 11.343475 -5.355503 -13.628659 -18.759936 0.493902 0.000000 0.000000 0.000000 25.514505 -6.401007 12.404452 46.524622 13.715846 -3.138816 5.407169 21.961771 1.728730 0.000000 0.000000 0.000000
-1.486358 0.941095 0.577636 -177.774716 80.094707 -179.957559 2.100099 -1.129749 -0.878245 -1.100432 -2.067836 11.588014 8.631853 5.677125 6.075044 0.000000 0.000000 0.000000 2.628159 -0.611567 -0.526957 6.900260 -5.993643 4.819580 7.159969 7.132725 7.640704 0.000000 0.000000 0.000000 1.129305 -0.774619 8.754540 -3.105786 -1.269853 -2.430272 1.372549 1.439436 2.583995 4.644413 2.014269 -10.742594 0.000000 0.000000 0.000000 -22.201467 -8.860345 -18.779615 -45.385580 9.845908 -4.514270 -14.111520 -20.793841 0.663512 0.000000 0.000000 0.000000 25.502669 -6.115640 12.397803 45.646107 13.692933 -3.195849 5.956204 24.066098 2.146409 0.000000 0.000000 0.000000
-1.490268 0.939284 0.578429 -175.446617 82.686034 -176.720287 2.281445 -0.939519 -3.146159 -1.974148 -2.556471 13.826178 10.669606 8.463854 6.982100 0.000000 0.000000 0.000000 2.897275 -0.335618 -2.402478 6.544948 -5.883937 5.956596 8.071128 8.899024 7.476277 0.000000 0.000000 0.000000 1.052532 -0.863874 9.218444 -3.254738 -1.330182 -1.455594 1.927281 1.040466 1.898042 4.795048 2.782821 -13.212470 0.000000 0.000000 0.000000 -21.249761 -9.592210 -16.366531 -45.964207 7.727610 -4.143768 -15.143323 -24.750284 0.910437 0.000000 0.000000 0.000000 23.626177 -5.597465 10.579392 46.719332 12.624720 -2.745468 6.452721 26.692795 2.902409 0.000000 0.000000 0.000000
