psoxide-tape,v2,clock=pad_poll,start_poll=177
frame,buttons,right_x,right_y,left_x,left_y
0,0,128,128,128,128
1,0,128,128,128,128
2,0,128,128,128,128
3,0,128,128,128,128
4,0,128,128,128,128
5,0,128,128,128,128
6,0,128,128,128,128
7,0,128,128,128,128
8,0,128,128,128,128
9,0,128,128,128,128
10,0,128,128,128,128
11,0,128,128,128,128
12,0,128,128,128,128
13,0,128,128,128,128
14,0,128,128,128,128
15,0,128,128,128,128
16,0,128,128,128,128
17,0,128,128,128,128
18,0,128,128,128,128
19,0,128,128,128,128
20,0,128,128,128,128
21,0,128,128,128,128
22,0,128,128,128,128
23,0,128,128,128,128
24,0,128,128,128,128
25,0,128,128,128,128
26,0,128,128,128,128
27,0,128,128,128,128
28,0,128,128,128,128
29,0,128,128,128,128
30,0,128,128,128,128
31,0,128,128,128,128
32,0,128,128,128,128
33,0,128,128,128,128
34,0,128,128,128,128
35,0,128,128,128,128
36,0,128,128,128,128
37,0,128,128,128,128
38,0,128,128,128,128
39,0,128,128,128,128
40,0,128,128,128,128
41,0,128,128,128,128
42,0,128,128,128,128
43,0,128,128,128,128
44,0,128,128,128,128
45,0,128,128,128,128
46,0,128,128,128,128
47,0,128,128,128,128
48,0,128,128,128,128
49,0,128,128,128,128
50,0,128,128,128,128
51,0,128,128,128,128
52,0,128,128,128,128
53,0,128,128,128,128
54,0,128,128,128,128
55,0,128,128,128,128
56,0,128,128,128,128
57,0,128,128,128,128
58,0,128,128,128,128
59,0,128,128,128,128
60,0,128,128,128,128
61,0,128,128,128,128
62,0,128,128,128,128
63,0,128,128,128,128
64,0,128,128,128,128
65,0,128,128,128,128
66,0,128,128,128,128
67,0,128,128,128,128
68,0,128,128,128,128
69,0,128,128,128,128
70,0,128,128,128,128
71,0,128,128,128,128
72,0,128,128,128,128
73,0,128,128,128,128
74,0,128,128,128,128
75,0,128,128,128,128
76,0,128,128,128,128
77,0,128,128,128,128
78,0,128,128,128,128
79,0,128,128,128,128
80,0,128,128,128,128
81,0,128,128,128,128
82,0,128,128,128,128
83,0,128,128,128,128
84,0,128,128,128,128
85,0,128,128,128,128
86,0,128,128,128,128
87,0,128,128,128,128
88,0,128,128,128,128
89,0,128,128,128,128
90,0,128,128,128,128
91,0,128,128,128,128
92,0,128,128,128,128
93,0,128,128,128,128
94,0,128,128,128,128
95,0,128,128,128,128
96,0,128,128,128,128
97,0,128,128,128,128
98,0,128,128,128,128
99,0,128,128,128,128
100,0,128,128,128,128
101,0,128,128,128,128
102,0,128,128,128,128
103,0,128,128,128,128
104,0,128,128,128,128
105,0,128,128,128,128
106,0,128,128,128,128
107,0,128,128,128,128
108,0,128,128,128,128
109,0,128,128,128,128
110,0,128,128,128,128
111,0,128,128,128,128
112,0,128,128,128,128
113,0,128,128,128,128
114,0,128,128,128,128
115,0,128,128,128,128
116,0,128,128,128,128
117,0,128,128,128,128
118,0,128,128,128,128
119,0,128,128,128,128
120,0,128,128,128,128
121,0,128,128,128,128
122,0,128,128,128,128
123,0,128,128,128,128
124,0,128,128,128,128
125,0,128,128,128,128
126,0,128,128,128,128
127,0,128,128,128,128
128,0,128,128,128,128
129,0,128,128,128,128
130,0,128,128,128,128
131,0,128,128,128,128
132,0,128,128,128,128
133,0,128,128,128,128
134,0,128,128,128,128
135,0,128,128,128,128
136,0,128,128,128,128
137,0,128,128,128,128
138,0,128,128,128,128
139,0,128,128,128,128
140,0,128,128,128,128
141,0,128,128,128,128
142,0,128,128,128,128
143,0,128,128,128,128
144,0,128,128,128,128
145,0,128,128,128,128
146,0,128,128,128,128
147,0,128,128,128,128
148,0,128,128,128,128
149,0,128,128,128,128
150,0,128,128,128,128
151,0,128,128,128,128
152,0,128,128,128,128
153,0,128,128,128,128
154,0,128,128,128,128
155,0,128,128,128,128
156,0,128,128,128,128
157,0,128,128,128,128
158,0,128,128,128,128
159,0,128,128,128,128
160,0,128,128,128,128
161,0,128,128,128,128
162,16384,128,128,128,128
163,16384,128,128,128,128
164,16384,128,128,128,128
165,16384,128,128,128,128
166,16384,128,128,128,128
167,16384,128,128,128,128
168,16384,128,128,128,128
169,0,128,128,128,128
170,0,128,128,128,128
171,0,128,128,128,128
172,0,128,128,128,128
173,0,128,128,128,128
174,0,128,128,128,128
175,0,128,128,128,128
176,0,128,128,128,128
177,0,128,128,128,128
178,0,128,128,128,128
179,0,128,128,128,128
180,0,128,128,128,128
181,0,128,128,128,128
182,0,128,128,128,128
183,0,128,128,128,128
184,0,128,128,128,128
185,0,128,128,128,128
186,0,128,128,128,128
187,0,128,128,128,128
188,0,128,128,128,128
189,0,128,128,128,128
190,0,128,128,128,128
191,0,128,128,128,128
192,0,128,128,128,128
193,0,128,128,128,128
194,0,128,128,128,128
195,0,128,128,128,128
196,0,128,128,128,128
197,0,128,128,128,128
198,0,128,128,128,128
199,0,128,128,128,128
200,0,128,128,128,128
201,0,128,128,128,128
202,0,128,128,128,128
203,0,128,128,128,128
204,0,128,128,128,128
205,0,128,128,128,128
206,0,128,128,128,128
207,0,128,128,128,128
208,0,128,128,128,128
209,0,128,128,128,128
210,0,128,128,128,128
211,0,128,128,128,128
212,0,128,128,128,128
213,0,128,128,128,128
214,0,128,128,128,128
215,0,128,128,128,128
216,0,128,128,128,128
217,0,128,128,128,128
218,0,128,128,128,128
219,0,128,128,128,128
220,0,128,128,128,128
221,0,128,128,128,128
222,0,128,128,128,128
223,0,128,128,128,128
224,0,128,128,128,128
225,0,128,128,128,128
226,0,128,128,128,128
227,0,128,128,128,128
228,0,128,128,128,128
229,0,128,128,128,128
230,0,128,128,128,128
231,0,128,128,128,128
232,0,128,128,128,128
233,0,128,128,128,128
234,0,128,128,128,128
235,0,128,128,128,128
236,0,128,128,128,128
237,0,128,128,128,128
238,0,128,128,128,128
239,0,128,128,128,128
240,0,128,128,128,128
241,0,128,128,128,128
242,0,128,128,128,128
243,0,128,128,128,128
244,0,128,128,128,128
245,0,128,128,128,128
246,0,128,128,128,128
247,0,128,128,128,128
248,0,128,128,128,128
249,0,128,128,128,128
250,0,128,128,128,128
251,0,128,128,128,128
252,0,128,128,128,128
253,0,128,128,128,128
254,0,128,128,128,128
255,0,128,128,128,128
256,0,128,128,128,128
257,0,128,128,128,128
258,0,128,128,128,128
259,0,128,128,128,128
260,0,128,128,128,128
261,0,128,128,128,128
262,0,128,128,128,128
263,0,128,128,128,128
264,0,128,128,128,128
265,0,128,128,128,128
266,0,128,128,128,128
267,0,128,128,128,128
268,0,128,128,128,128
269,0,128,128,128,128
270,0,128,128,128,128
271,0,128,128,128,128
272,0,128,128,128,128
273,0,128,128,128,128
274,0,128,128,128,128
275,0,128,128,128,128
276,0,128,128,128,128
277,0,128,128,128,128
278,0,128,128,128,128
279,0,128,128,128,128
280,0,128,128,128,128
281,0,128,128,128,128
282,0,128,128,128,128
283,0,128,128,128,128
284,0,128,128,128,128
285,0,128,128,128,128
286,0,128,128,128,128
287,0,128,128,128,128
288,0,128,128,128,128
289,0,128,128,128,128
290,0,128,128,128,128
291,0,128,128,128,128
292,0,128,128,128,128
293,0,128,128,128,128
294,0,128,128,128,128
295,0,128,128,128,128
296,0,128,128,128,128
297,0,128,128,128,128
298,0,128,128,128,128
299,0,128,128,128,128
300,0,128,128,128,128
301,0,128,128,128,128
302,0,128,128,128,128
303,0,128,128,128,128
304,0,128,128,128,128
305,0,128,128,128,128
306,0,128,128,128,128
307,0,128,128,128,128
308,0,128,128,128,128
309,0,128,128,128,128
310,0,128,128,128,128
311,0,128,128,128,128
312,0,128,128,128,128
313,0,128,128,128,128
314,0,128,128,128,128
315,0,128,128,128,128
316,0,128,128,128,128
317,0,128,128,128,128
318,0,128,128,128,128
319,0,128,128,128,128
320,0,128,128,128,128
321,0,128,128,128,128
322,0,128,128,128,128
323,16384,128,128,128,128
324,16384,128,128,128,128
325,16384,128,128,128,128
326,16384,128,128,128,128
327,16384,128,128,128,128
328,16384,128,128,128,128
329,16384,128,128,128,128
330,16384,128,128,128,128
331,16384,128,128,128,128
332,0,128,128,128,128
333,0,128,128,128,128
334,0,128,128,128,128
335,0,128,128,128,128
336,0,128,128,128,128
337,0,128,128,128,128
338,0,128,128,128,128
339,0,128,128,128,128
340,0,128,128,128,128
341,0,128,128,128,128
342,0,128,128,128,128
343,0,128,128,128,128
344,0,128,128,128,128
345,0,128,128,128,128
346,0,128,128,128,128
347,0,128,128,128,128
348,0,128,128,128,128
349,0,128,128,128,128
350,0,128,128,128,128
351,0,128,128,128,128
352,0,128,128,128,128
353,0,128,128,128,128
354,0,128,128,128,128
355,0,128,128,128,128
356,0,128,128,128,128
357,0,128,128,128,128
358,0,128,128,128,128
359,0,128,128,128,128
360,0,128,128,128,128
361,0,128,128,128,128
362,0,128,128,128,128
363,0,128,128,128,128
364,0,128,128,128,128
365,0,128,128,128,128
366,0,128,128,128,128
367,0,128,128,128,128
368,0,128,128,128,128
369,0,128,128,128,128
370,0,128,128,128,128
371,0,128,128,128,128
372,0,128,128,128,128
373,0,128,128,128,128
374,0,128,128,128,128
375,0,128,128,128,128
376,0,128,128,128,128
377,0,128,128,128,128
378,0,128,128,128,128
379,0,128,128,128,128
380,0,128,128,128,128
381,0,128,128,128,128
382,0,128,128,128,128
383,0,128,128,128,128
384,0,128,128,128,128
385,0,128,128,128,128
386,0,128,128,128,128
387,0,128,128,128,128
388,0,128,128,128,128
389,0,128,128,128,128
390,0,128,128,128,128
391,0,128,128,128,128
392,0,128,128,128,128
393,0,128,128,128,128
394,0,128,128,128,128
395,0,128,128,128,128
396,0,128,128,128,128
397,0,128,128,128,128
398,0,128,128,128,128
399,0,128,128,128,128
400,0,128,128,128,128
401,0,128,128,128,128
402,0,128,128,128,128
403,0,128,128,128,128
404,0,128,128,128,128
405,0,128,128,128,128
406,0,128,128,128,128
407,0,128,128,128,128
408,0,128,128,128,128
409,0,128,128,128,128
410,0,128,128,128,128
411,0,128,128,128,128
412,0,128,128,128,128
413,0,158,128,128,128
414,0,158,128,128,128
415,0,198,129,128,128
416,0,204,127,128,128
417,0,204,127,128,128
418,0,212,126,128,128
419,0,220,126,128,128
420,0,220,126,128,128
421,0,220,126,128,128
422,0,228,124,128,128
423,0,228,124,128,128
424,0,234,124,128,128
425,0,238,124,128,128
426,0,238,124,128,128
427,0,240,124,128,128
428,0,242,124,128,128
429,0,242,124,128,128
430,0,242,124,128,128
431,0,243,124,128,128
432,0,243,124,128,128
433,0,243,124,128,128
434,0,243,124,128,128
435,0,244,124,128,128
436,0,244,124,128,128
437,0,244,124,128,128
438,0,244,124,128,128
439,0,244,124,128,128
440,0,244,124,128,128
441,0,244,124,128,128
442,0,244,124,128,128
443,0,244,124,128,128
444,0,244,124,128,128
445,0,244,124,128,128
446,0,244,123,128,128
447,0,244,123,128,128
448,0,244,123,128,128
449,0,244,123,128,128
450,0,244,123,128,128
451,0,244,123,128,128
452,0,244,123,128,128
453,0,244,123,128,128
454,0,244,123,128,128
455,0,244,123,128,128
456,0,244,123,128,128
457,0,244,123,128,128
458,0,244,123,128,128
459,0,244,123,128,128
460,0,244,123,128,128
461,0,244,123,128,128
462,0,244,123,128,128
463,0,244,123,128,128
464,0,128,128,128,128
465,0,128,128,128,128
466,0,128,128,128,128
467,0,128,128,128,128
468,0,128,128,128,128
469,16384,128,128,128,128
470,16384,128,128,128,128
471,16384,128,128,128,128
472,16384,128,128,128,128
473,16384,128,128,128,128
474,16384,128,128,128,128
475,16384,128,128,128,128
476,16384,128,128,128,128
477,16384,128,128,128,128
478,0,128,128,128,128
479,0,128,128,128,128
480,0,128,128,128,128
481,0,128,128,128,128
482,0,128,128,128,128
483,0,128,128,128,128
484,0,128,128,128,128
485,0,128,128,128,128
486,0,128,128,128,128
487,0,128,128,128,128
488,0,128,128,128,128
489,0,128,128,128,128
490,0,128,128,128,128
491,0,128,128,128,128
492,0,128,128,128,128
493,0,128,128,128,128
494,0,128,128,128,128
495,0,128,128,128,128
496,0,128,128,128,128
497,0,128,128,128,128
498,0,128,128,128,128
499,0,128,128,128,128
500,0,128,128,128,128
501,0,209,99,128,128
502,0,209,99,128,128
503,0,209,99,128,128
504,0,209,99,128,128
505,0,248,79,128,128
506,0,248,79,128,128
507,0,248,79,128,128
508,0,248,79,128,128
509,0,248,79,128,128
510,0,249,78,128,128
511,0,249,78,128,128
512,0,249,78,128,128
513,0,249,78,128,128
514,0,115,137,128,128
515,0,128,128,128,128
516,0,128,128,128,128
517,0,128,128,128,128
518,0,128,128,128,128
519,0,128,128,128,128
520,0,128,128,128,128
521,0,128,128,128,128
522,16384,128,128,128,128
523,16384,128,128,128,128
524,16384,128,128,128,128
525,16384,128,128,128,128
526,16384,128,128,128,128
527,0,128,128,128,128
528,0,128,128,128,128
529,0,128,128,128,128
530,0,128,128,128,128
531,0,128,128,128,128
532,0,128,128,128,128
533,0,128,128,128,128
534,0,128,128,128,128
535,0,128,128,128,128
536,0,128,128,128,128
537,0,128,128,128,128
538,0,128,128,128,128
539,0,128,128,128,128
540,0,128,128,128,128
541,0,128,128,128,128
542,0,128,128,128,128
543,0,128,128,128,128
544,0,128,128,128,128
545,0,128,128,128,128
546,0,128,128,128,128
547,0,128,128,128,128
548,0,128,128,128,128
549,0,128,128,128,128
550,0,128,128,128,128
551,0,128,128,128,128
552,0,128,128,128,128
553,0,128,128,128,128
554,0,128,128,128,128
555,0,128,128,128,128
556,0,128,128,128,128
557,0,128,128,128,128
558,0,128,128,128,128
559,0,128,128,128,128
560,0,128,128,128,128
561,0,128,128,128,128
562,0,128,128,128,128
563,0,128,128,128,128
564,0,128,128,128,128
565,0,128,128,128,128
566,0,128,128,128,128
567,0,128,128,128,128
568,0,128,128,128,128
569,0,128,128,128,128
570,0,128,128,128,128
571,0,128,128,128,128
572,0,128,128,128,128
573,0,128,128,128,128
574,16384,128,128,128,128
575,16384,128,128,128,128
576,16384,128,128,128,128
577,16384,128,128,128,128
578,16384,128,128,128,128
579,0,128,128,128,128
580,0,128,128,128,128
581,0,128,128,128,128
582,0,128,128,128,128
583,0,128,128,128,128
584,0,128,128,128,128
585,0,128,128,128,128
586,0,128,128,128,128
587,0,128,128,128,128
588,0,128,128,128,128
589,0,128,128,128,128
590,0,128,128,128,128
591,0,128,128,128,128
592,0,128,128,128,128
593,0,128,128,128,128
594,0,128,128,128,128
595,0,128,128,128,128
596,0,128,128,128,128
597,0,128,128,128,128
598,0,128,128,128,128
599,0,128,128,128,128
600,0,128,128,128,128
601,0,128,128,128,128
602,0,128,128,128,128
603,0,128,128,128,128
604,0,128,128,128,128
605,0,128,128,128,128
606,0,128,128,128,128
607,0,128,128,128,128
608,0,128,128,128,128
609,0,128,128,128,128
610,0,128,128,128,128
611,0,128,128,128,128
612,0,128,128,128,128
613,0,128,128,128,128
614,0,128,128,128,128
615,0,128,128,128,128
616,0,128,128,128,128
617,16384,128,128,128,128
618,16384,128,128,128,128
619,16384,128,128,128,128
620,16384,128,128,128,128
621,16384,128,128,128,128
622,16384,128,128,128,128
623,0,128,128,128,128
624,0,128,128,128,128
625,0,128,128,128,128
626,0,128,128,128,128
627,0,128,128,128,128
628,0,128,128,128,128
629,0,128,128,128,128
630,0,128,128,128,128
631,0,128,128,128,128
632,0,128,128,128,128
633,0,128,128,128,128
634,0,128,128,128,128
635,0,128,128,128,128
636,0,128,128,128,128
637,0,128,128,128,128
638,0,128,128,128,128
639,0,128,128,128,128
640,0,128,128,128,128
641,0,128,128,128,128
642,0,128,128,128,128
643,0,128,128,128,128
644,0,128,128,128,128
645,0,128,128,128,128
646,0,128,128,128,128
647,0,128,128,128,128
648,0,128,128,128,128
649,0,128,128,128,128
650,0,128,128,128,128
651,0,128,128,128,128
652,0,128,128,128,128
653,0,128,128,128,128
654,0,128,128,128,128
655,0,128,128,128,128
656,0,128,128,128,128
657,0,128,128,128,128
658,0,93,128,128,128
659,0,19,126,128,128
660,0,19,126,128,128
661,0,19,126,128,128
662,0,19,126,128,128
663,16,1,129,137,57
664,16,1,129,137,57
665,16,1,129,142,1
666,16,1,129,142,1
667,16,135,126,146,1
668,16,135,126,146,1
669,16,135,126,146,1
670,16,135,126,146,1
671,16,128,128,146,1
672,16,128,128,146,1
673,16,128,128,146,1
674,16,128,128,146,1
675,16,128,128,141,1
676,16,128,128,134,1
677,16,128,128,128,1
678,16,128,128,128,1
679,16,128,128,128,1
680,8208,128,128,120,1
681,8208,128,128,120,1
682,8208,128,128,120,1
683,8208,128,128,120,1
684,8208,128,128,118,1
685,8208,128,128,118,1
686,8208,128,128,118,1
687,8208,128,128,118,1
688,8208,128,128,118,1
689,8208,128,128,120,1
690,8208,128,128,124,1
691,8208,128,128,124,1
692,8208,128,128,124,1
693,8208,128,128,134,1
694,8208,128,128,134,1
695,8208,128,128,134,1
696,8208,128,128,134,1
697,8208,128,128,140,1
698,8208,128,128,140,1
699,8208,128,128,140,1
700,8208,128,128,140,1
701,8208,128,128,140,1
702,8208,128,128,142,1
703,8208,128,128,142,1
704,8208,128,128,142,1
705,8208,128,128,142,1
706,8208,128,128,138,1
707,8208,128,128,138,1
708,8208,128,128,138,1
709,8208,128,128,138,1
710,8208,128,128,138,1
711,8208,128,128,130,1
712,8208,128,128,127,1
713,8208,128,128,127,1
714,8208,128,128,127,1
715,8208,128,128,123,1
716,8208,128,128,123,1
717,8208,128,128,123,1
718,8208,128,128,123,1
719,8208,128,128,123,1
720,8208,128,128,122,1
721,8208,128,128,122,1
722,8208,128,128,122,1
723,8208,128,128,122,1
724,8208,128,128,122,1
725,8208,128,128,122,1
726,8208,128,128,122,1
727,8208,128,128,122,1
728,8208,128,128,122,1
729,8208,128,128,122,1
730,8208,128,128,118,1
731,8208,128,128,118,1
732,8208,128,128,118,1
733,8208,128,128,108,1
734,8208,128,128,108,1
735,8208,128,128,108,1
736,8208,128,128,108,1
737,8208,128,128,108,1
738,8208,128,128,102,1
739,8208,128,128,101,1
740,8208,128,128,101,1
741,8208,128,128,101,1
742,8208,128,128,99,1
743,8208,128,128,99,1
744,8208,128,128,99,1
745,8208,128,128,99,1
746,8208,128,128,99,1
747,8208,128,128,99,1
748,8208,128,128,99,1
749,8208,128,128,99,1
750,8208,128,128,99,1
751,8208,128,128,99,1
752,8208,128,128,105,1
753,8208,128,128,108,1
754,8208,128,128,108,1
755,8208,128,128,108,1
756,8208,128,128,116,1
757,8208,128,128,116,1
758,8208,128,128,116,1
759,8208,128,128,116,1
760,8208,128,128,126,1
761,8208,128,128,126,1
762,8208,128,128,126,1
763,8208,128,128,126,1
764,8208,128,128,131,1
765,8208,128,128,141,1
766,8208,128,128,141,1
767,8208,128,128,141,1
768,8208,128,128,143,1
769,8208,128,128,143,1
770,8208,128,128,145,1
771,8208,128,128,145,1
772,8208,128,128,145,1
773,8208,128,128,145,1
774,8208,128,128,147,1
775,8208,128,128,147,1
776,8208,128,128,147,1
777,8208,128,128,147,1
778,8208,128,128,150,1
779,8208,128,128,153,1
780,8208,128,128,153,1
781,8208,128,128,153,1
782,8208,128,128,153,1
783,8208,128,128,158,1
784,8208,128,128,158,1
785,8208,128,128,158,1
786,8208,128,128,158,1
787,8208,128,128,159,1
788,8208,128,128,161,1
789,8208,128,128,161,1
790,8208,128,128,161,1
791,8208,128,128,161,1
792,8208,128,128,161,1
793,8208,128,128,161,1
794,8208,128,128,161,1
795,8208,128,128,161,1
796,8208,128,128,161,1
797,8208,128,128,161,1
798,8208,128,128,161,1
799,8208,128,128,161,1
800,8208,128,128,161,1
801,8208,128,128,161,1
802,8208,128,128,161,1
803,8208,128,128,161,1
804,8208,128,128,161,1
805,8208,128,128,161,1
806,8208,128,128,161,1
807,8208,128,128,161,1
808,8208,128,128,161,1
809,8208,128,128,161,1
810,8208,128,128,161,1
811,8208,128,128,161,1
812,8208,128,128,161,1
813,8208,128,128,161,1
814,8208,128,128,161,1
815,8208,128,128,161,1
816,8208,128,128,161,1
817,8208,128,128,161,1
818,8208,128,128,161,1
819,8208,128,128,161,1
820,8208,128,128,161,1
821,8208,128,128,161,1
822,8208,128,128,161,1
823,8208,128,128,161,1
824,8208,128,128,161,1
825,8208,128,128,161,1
826,8208,128,128,161,1
827,8208,128,128,161,1
828,8208,128,128,161,1
829,8208,128,128,161,1
830,8208,128,128,161,1
831,8208,128,128,161,1
832,8208,128,128,161,1
833,8208,128,128,161,1
834,8208,128,128,161,1
835,8208,128,128,161,1
836,8208,128,128,161,1
837,8208,128,128,161,1
838,8208,128,128,161,1
839,8208,128,128,161,1
840,8208,128,128,161,1
841,8208,128,128,161,1
842,8208,128,128,161,1
843,8208,128,128,161,1
844,8208,128,128,161,1
845,8208,128,128,161,1
846,8208,128,128,161,1
847,8208,128,128,161,1
848,8208,128,128,161,1
849,8208,128,128,161,1
850,8208,128,128,161,1
851,8208,128,128,161,1
852,8208,128,128,161,1
853,8208,128,128,158,1
854,8208,128,128,152,1
855,8208,128,128,152,1
856,8208,128,128,152,1
857,8208,128,128,152,1
858,8208,128,128,143,1
859,8208,128,128,140,1
860,8208,128,128,140,1
861,8208,128,128,140,1
862,8208,128,128,140,1
863,8208,128,128,139,1
864,8208,128,128,139,1
865,8208,128,128,139,1
866,8208,128,128,139,1
867,8208,128,128,139,1
868,8208,128,128,137,1
869,8208,128,128,137,1
870,8208,128,128,137,1
871,8208,128,128,137,1
872,8208,128,128,137,1
873,8208,128,128,137,1
874,8208,128,128,137,1
875,8208,128,128,137,1
876,8208,128,128,137,1
877,8208,128,128,137,1
878,8208,128,128,137,1
879,8208,128,128,137,1
880,8208,128,128,137,1
881,8208,128,128,137,1
882,16,128,128,137,1
883,16,128,128,137,1
884,16,128,128,137,1
885,16,128,128,137,1
886,16,128,128,137,1
887,16,128,128,137,1
888,16,128,128,137,1
889,16,128,128,137,1
890,16,128,128,137,1
891,16,128,128,137,1
892,16,128,128,137,1
893,16,128,128,137,1
894,16,128,128,137,1
895,16,128,128,137,1
896,16,128,128,137,1
897,16,128,128,137,1
898,16,128,128,137,1
899,16,128,128,137,1
900,16,128,128,137,1
901,16,128,128,137,1
902,16,128,128,137,1
903,16,128,128,137,1
904,16,128,128,136,3
905,16,128,128,136,3
906,16,128,128,136,3
907,16,128,128,136,3
908,0,128,128,128,128
909,0,128,128,128,128
910,0,128,128,128,128
911,0,128,128,128,128
912,0,128,128,128,128
913,16384,128,128,128,128
914,16384,128,128,128,128
915,16384,128,128,128,128
916,16384,128,128,128,128
917,16384,128,128,128,128
918,16384,128,128,128,128
919,16384,128,128,128,128
920,16384,128,128,128,128
921,16384,128,128,128,128
922,16384,128,128,128,128
923,16384,128,128,128,128
924,16384,128,128,128,128
925,16384,128,128,128,128
926,0,128,128,128,128
927,0,128,128,128,128
928,0,128,128,128,128
929,0,128,128,128,128
930,0,128,128,128,128
931,0,128,128,128,128
932,0,128,128,128,128
933,0,128,128,128,128
934,0,128,128,128,128
935,16,128,128,101,88
936,16,128,128,101,88
937,16,128,128,101,88
938,16,128,128,101,88
939,144,128,128,59,49
940,144,128,128,42,40
941,144,128,128,42,40
942,144,128,128,35,42
943,144,128,128,35,42
944,144,128,128,21,54
945,144,128,128,21,54
946,144,128,128,21,54
947,144,128,128,21,54
948,144,128,128,16,86
949,128,128,128,1,93
950,128,128,128,1,121
951,128,128,128,1,121
952,128,128,128,1,121
953,128,128,128,1,121
954,64,128,128,150,166
955,64,128,128,150,166
956,64,128,128,150,166
957,64,128,128,150,166
958,0,128,128,128,128
959,0,128,128,128,128
960,0,128,128,128,128
961,0,128,128,128,128
962,0,128,128,128,128
963,16384,128,128,128,128
964,16384,128,128,128,128
965,16384,128,128,128,128
966,16384,128,128,128,128
967,16384,128,128,128,128
968,16384,128,128,128,128
969,16384,128,128,128,128
970,16384,128,128,128,128
971,16384,128,128,128,128
972,0,128,128,128,128
973,0,128,128,128,128
974,0,128,128,128,128
975,0,128,128,128,128
976,0,128,128,128,128
977,0,128,128,128,128
978,0,128,128,128,128
979,0,128,128,128,128
980,0,128,128,128,128
981,0,128,128,128,128
982,0,128,128,128,128
983,0,128,128,128,128
984,0,128,128,128,128
985,0,128,128,128,128
986,0,128,128,128,128
987,0,128,128,128,128
988,0,128,128,128,128
989,0,128,128,128,128
990,0,128,128,128,128
991,0,128,128,128,128
992,0,128,128,128,128
993,0,128,128,128,128
994,0,128,128,128,128
995,0,128,128,128,128
996,0,128,128,128,128
997,0,128,128,128,128
998,0,128,128,128,128
999,0,128,128,128,128
1000,0,128,128,128,128
1001,0,128,128,128,128
1002,0,128,128,128,128
1003,0,128,128,128,128
1004,16384,128,128,128,128
1005,16384,128,128,128,128
1006,16384,128,128,128,128
1007,16384,128,128,128,128
1008,16384,128,128,128,128
1009,16384,128,128,128,128
1010,16384,128,128,128,128
1011,16384,128,128,128,128
1012,16384,128,128,128,128
1013,16384,128,128,128,128
1014,0,128,128,128,128
1015,0,128,128,128,128
1016,0,128,128,128,128
1017,0,128,128,128,128
1018,0,128,128,128,128
1019,0,128,128,128,128
1020,0,128,128,128,128
1021,0,128,128,128,128
1022,0,128,128,128,128
1023,0,128,128,128,128
1024,0,128,128,128,128
1025,0,128,128,128,128
1026,0,128,128,128,128
1027,0,128,128,128,128
1028,0,128,128,128,128
1029,0,128,128,128,128
1030,0,128,128,128,128
1031,0,128,128,128,128
1032,0,128,128,128,128
1033,0,128,128,128,128
1034,0,128,128,128,128
1035,0,128,128,128,128
1036,0,128,128,128,128
1037,0,128,128,128,128
1038,0,128,128,128,128
1039,0,128,128,128,128
1040,0,128,128,128,128
1041,0,128,128,128,128
1042,0,128,128,128,128
1043,0,128,128,128,128
1044,0,128,128,128,128
1045,0,128,128,128,128
1046,0,128,128,128,128
1047,0,128,128,128,128
1048,0,128,128,128,128
1049,0,128,128,128,128
1050,0,128,128,128,128
1051,0,128,128,128,128
1052,0,128,128,128,128
1053,0,128,128,128,128
1054,0,128,128,128,128
1055,0,128,128,128,128
1056,0,128,128,128,128
1057,0,128,128,128,128
1058,0,128,128,128,128
1059,0,128,128,128,128
1060,0,128,128,128,128
1061,0,128,128,128,128
1062,0,128,128,128,128
1063,16384,128,128,128,128
1064,16384,128,128,128,128
1065,16384,128,128,128,128
1066,16384,128,128,128,128
1067,0,128,128,128,128
1068,0,128,128,128,128
1069,0,128,128,128,128
1070,0,128,128,128,128
1071,0,128,128,128,128
1072,0,128,128,128,128
1073,0,128,128,128,128
1074,0,128,128,128,128
1075,0,128,128,128,128
1076,0,128,128,128,128
1077,0,128,128,128,128
1078,0,128,128,128,128
1079,0,128,128,128,128
1080,0,128,128,128,128
1081,0,128,128,128,128
1082,0,128,128,128,128
1083,0,128,128,128,128
1084,0,128,128,128,128
1085,0,128,128,128,128
1086,0,128,128,128,128
1087,0,128,128,128,128
1088,0,128,128,128,128
1089,0,128,128,128,128
1090,0,128,128,128,128
1091,0,128,128,128,128
1092,0,128,128,128,128
1093,0,128,128,128,128
1094,0,128,128,128,128
1095,0,128,128,128,128
1096,0,128,128,128,128
1097,0,128,128,128,128
1098,0,128,128,128,128
1099,0,128,128,128,128
1100,0,128,128,128,128
1101,0,128,128,128,128
1102,0,128,128,128,128
1103,0,128,128,128,128
1104,0,128,128,128,128
1105,0,128,128,128,128
1106,0,128,128,128,128
1107,0,128,128,128,128
1108,0,128,128,128,128
1109,0,128,128,128,128
1110,0,128,128,128,128
1111,0,128,128,128,128
1112,0,128,128,128,128
1113,0,128,128,128,128
1114,0,128,128,128,128
1115,0,128,128,128,128
1116,0,128,128,128,128
1117,0,128,128,128,128
1118,0,128,128,128,128
1119,0,128,128,128,128
1120,0,128,128,128,128
1121,0,128,128,128,128
1122,0,128,128,128,128
1123,0,128,128,128,128
1124,0,128,128,128,128
1125,0,128,128,128,128
1126,0,128,128,128,128
1127,0,128,128,128,128
1128,16384,128,128,128,128
1129,16384,128,128,128,128
1130,16384,128,128,128,128
1131,16384,128,128,128,128
1132,16384,128,128,128,128
1133,0,128,128,128,128
1134,0,128,128,128,128
1135,0,128,128,128,128
1136,0,128,128,128,128
1137,0,128,128,128,128
1138,0,128,128,128,128
1139,0,128,128,128,128
1140,0,128,128,128,128
1141,0,128,128,128,128
1142,0,128,128,128,128
1143,0,128,128,128,128
1144,0,128,128,128,128
1145,0,128,128,128,128
1146,0,128,128,128,128
1147,0,128,128,128,128
1148,0,128,128,128,128
1149,0,128,128,128,128
1150,0,128,128,128,128
1151,0,128,128,128,128
1152,0,128,128,128,128
1153,0,128,128,128,128
1154,0,128,128,128,128
1155,0,128,128,128,128
1156,0,128,128,128,128
1157,0,128,128,128,128
1158,0,128,128,128,128
1159,0,128,128,128,128
1160,0,128,128,128,128
1161,0,128,128,128,128
1162,0,128,128,128,128
1163,0,128,128,128,128
1164,0,128,128,128,128
1165,0,128,128,128,128
1166,16384,128,128,128,128
1167,16384,128,128,128,128
1168,16384,128,128,128,128
1169,16384,128,128,128,128
1170,16384,128,128,128,128
1171,0,128,128,128,128
1172,0,128,128,128,128
1173,0,128,128,128,128
1174,0,128,128,128,128
1175,0,128,128,128,128
1176,0,128,128,128,128
1177,0,128,128,128,128
1178,0,128,128,128,128
1179,0,128,128,128,128
1180,0,128,128,128,128
1181,0,128,128,128,128
1182,0,128,128,128,128
1183,0,245,98,128,128
1184,0,245,98,128,128
1185,0,245,98,128,128
1186,0,245,98,128,128
1187,0,245,98,128,128
1188,0,249,74,128,128
1189,0,249,74,128,128
1190,0,249,74,128,128
1191,0,249,74,128,128
1192,0,249,72,128,128
1193,0,249,72,128,128
1194,0,249,72,128,128
1195,0,249,72,128,128
1196,0,251,72,128,128
1197,0,251,72,128,128
1198,0,251,72,128,128
1199,0,255,77,128,128
1200,0,255,86,128,128
1201,0,255,86,128,128
1202,0,255,86,128,128
1203,0,255,113,128,128
1204,0,128,128,128,128
1205,0,128,128,128,128
1206,16,128,128,139,1
1207,16,128,128,139,1
1208,16,128,128,139,1
1209,16,128,128,139,1
1210,16,128,128,147,1
1211,16,128,128,147,1
1212,16,128,128,147,1
1213,8208,128,128,147,1
1214,8208,128,128,150,1
1215,8208,128,128,150,1
1216,8208,128,128,150,1
1217,8208,128,128,150,1
1218,8208,128,128,150,1
1219,8208,128,128,121,1
1220,8208,128,128,121,1
1221,8336,128,128,83,3
1222,8336,128,128,83,3
1223,8336,128,128,83,3
1224,8336,128,128,83,3
1225,8336,128,128,68,9
1226,8336,128,128,68,9
1227,8336,128,128,68,9
1228,8336,128,128,68,9
1229,8336,128,128,60,13
1230,8336,128,128,60,13
1231,8336,128,128,60,13
1232,8336,128,128,57,14
1233,8336,128,128,57,14
1234,8336,128,128,57,14
1235,8336,128,128,57,14
1236,8336,128,128,53,17
1237,8336,128,128,53,17
1238,8336,128,128,53,17
1239,8336,128,128,46,21
1240,8336,128,128,46,21
1241,8336,128,128,46,21
1242,8336,128,128,46,21
1243,8336,128,128,44,21
1244,8336,128,128,44,23
1245,8336,128,128,44,23
1246,8336,128,128,44,23
1247,8336,128,128,44,23
1248,8336,128,128,44,23
1249,8336,128,128,44,23
1250,8336,128,128,50,18
1251,8336,128,128,50,18
1252,8336,128,128,50,18
1253,8336,128,128,50,18
1254,8336,128,128,57,13
1255,8336,128,128,57,13
1256,8336,128,128,57,13
1257,8336,128,128,57,13
1258,8336,128,128,64,9
1259,8336,128,128,64,9
1260,8336,128,128,64,9
1261,8336,128,128,64,9
1262,8336,128,128,76,1
1263,8336,128,128,76,1
1264,8336,128,128,76,1
1265,8336,128,128,82,1
1266,8336,128,128,87,1
1267,8336,128,128,87,1
1268,8336,128,128,87,1
1269,8336,128,128,87,1
1270,8208,128,128,92,1
1271,8208,128,128,92,1
1272,8208,128,128,92,1
1273,8208,128,128,98,1
1274,8208,128,128,98,1
1275,8208,128,128,98,1
1276,8208,128,128,98,1
1277,8208,128,128,108,1
1278,8208,128,128,108,1
1279,8208,128,128,108,1
1280,8208,128,128,120,1
1281,8208,128,128,120,1
1282,8208,128,128,120,1
1283,8208,128,128,126,1
1284,8208,97,128,134,1
1285,8208,97,128,134,1
1286,8208,97,128,134,1
1287,8208,97,128,134,1
1288,8208,1,164,138,1
1289,8208,1,164,138,1
1290,8208,1,164,138,1
1291,8208,1,164,138,1
1292,8208,1,166,138,1
1293,8208,1,166,138,1
1294,8208,1,166,138,1
1295,8208,1,168,139,1
1296,8208,1,168,139,1
1297,8208,1,168,139,1
1298,8208,40,166,139,1
1299,8208,40,166,139,1
1300,8208,40,166,139,1
1301,8208,128,128,137,1
1302,8208,128,128,137,1
1303,8208,128,128,137,1
1304,8208,128,128,135,1
1305,8208,128,128,135,1
1306,8208,128,128,135,1
1307,8208,128,128,135,1
1308,8208,128,128,133,1
1309,8208,128,128,133,1
1310,8208,128,128,130,1
1311,8208,128,128,130,1
1312,8208,128,128,130,1
1313,8208,128,128,127,1
1314,8208,128,128,127,1
1315,8208,128,128,127,1
1316,8208,128,128,125,1
1317,8208,128,128,125,1
1318,8208,128,128,125,1
1319,8208,128,128,123,1
1320,8208,128,128,123,1
1321,8208,128,128,123,1
1322,8208,189,130,123,1
1323,8208,189,130,123,1
1324,8208,189,130,123,1
1325,8208,233,133,116,1
1326,8208,233,133,116,1
1327,8208,233,133,116,1
1328,8336,237,134,78,3
1329,8336,237,134,78,3
1330,8336,237,134,78,3
1331,8336,241,139,65,10
1332,8336,241,139,65,10
1333,8336,241,139,65,10
1334,8336,243,141,58,14
1335,8336,243,141,58,14
1336,8336,243,141,58,14
1337,8336,243,143,57,14
1338,8336,243,143,57,14
1339,8336,243,143,57,14
1340,8336,148,143,60,14
1341,8336,148,143,60,14
1342,8336,148,143,60,14
1343,8336,148,143,60,14
1344,8336,140,134,60,12
1345,8336,140,134,60,12
1346,8336,134,129,61,12
1347,8336,130,128,59,14
1348,8336,128,128,54,17
1349,8336,128,128,54,17
1350,8336,128,128,49,20
1351,8336,128,128,49,20
1352,8336,128,128,49,20
1353,8336,128,128,49,20
1354,8336,128,128,42,27
1355,8336,128,128,42,27
1356,8336,128,128,42,27
1357,8336,128,128,40,29
1358,8336,128,128,40,29
1359,144,187,128,76,31
1360,144,187,128,76,31
1361,16,224,128,121,85
1362,16,224,128,121,85
1363,16,224,128,121,85
1364,16,224,128,121,85
1365,0,255,132,128,128
1366,0,255,132,128,128
1367,0,255,132,128,128
1368,0,255,132,128,128
1369,0,255,132,128,128
1370,0,255,132,128,128
1371,0,255,132,128,128
1372,0,255,132,128,128
1373,0,255,132,128,128
1374,0,255,132,128,128
1375,0,255,132,128,128
1376,0,255,132,128,128
1377,0,255,132,128,128
1378,0,255,132,128,128
1379,0,255,132,128,128
1380,0,255,132,128,128
1381,0,255,132,128,128
1382,0,255,132,128,128
1383,0,255,132,128,128
1384,0,255,132,128,128
1385,0,255,132,128,128
1386,0,255,134,128,128
1387,0,255,134,128,128
1388,0,255,134,128,128
1389,0,255,134,128,128
1390,0,255,134,128,128
1391,0,255,134,128,128
1392,0,255,134,128,128
1393,0,255,134,128,128
1394,0,255,134,128,128
1395,0,255,134,128,128
1396,0,255,134,128,128
1397,0,255,134,128,128
1398,0,255,134,128,128
1399,0,255,134,128,128
1400,0,255,134,128,128
1401,0,255,134,128,128
1402,0,255,134,128,128
1403,0,255,134,128,128
1404,48,255,130,203,86
1405,8240,255,126,236,47
1406,8240,255,126,236,47
1407,8240,255,126,236,47
1408,8240,255,126,236,47
1409,8240,255,113,229,35
1410,8240,255,113,229,35
1411,8240,255,113,229,35
1412,8240,255,113,229,35
1413,8240,255,113,229,35
1414,8240,128,128,207,16
1415,8240,128,128,207,16
1416,8240,128,128,207,16
1417,8240,128,128,204,14
1418,8240,128,128,204,14
1419,8240,128,128,204,14
1420,8240,128,128,204,14
1421,8240,128,128,204,14
1422,8240,128,128,198,10
1423,8240,128,128,197,10
1424,8240,128,128,197,10
1425,8240,128,128,197,10
1426,8240,128,128,197,10
1427,8240,128,128,197,10
1428,8240,128,128,197,10
1429,8240,128,128,187,6
1430,8240,128,128,187,6
1431,8240,128,128,187,6
1432,8240,128,128,187,6
1433,8240,128,128,187,6
1434,8240,128,128,187,6
1435,8240,128,128,174,4
1436,8240,128,128,171,2
1437,8240,128,128,171,2
1438,8240,128,128,171,2
1439,8240,128,128,171,2
1440,8240,128,128,171,2
1441,8240,196,135,169,2
1442,8240,202,139,167,2
1443,8240,202,139,167,2
1444,8240,202,139,167,2
1445,8240,202,139,167,2
1446,8208,212,144,162,1
1447,8208,212,144,162,1
1448,8208,212,144,162,1
1449,8208,212,144,162,1
1450,8208,212,144,162,1
1451,8208,130,141,158,1
1452,8208,130,141,158,1
1453,8208,128,128,142,1
1454,8208,128,128,142,1
1455,8208,128,128,142,1
1456,8208,128,128,142,1
1457,8208,128,128,142,1
1458,8208,128,128,135,1
1459,8208,128,128,135,1
1460,8208,128,128,125,1
1461,8208,128,128,124,1
1462,8208,128,128,124,1
1463,8208,128,128,124,1
1464,8208,128,128,124,1
1465,8208,128,128,124,1
1466,8208,128,128,124,1
1467,8208,128,128,124,1
1468,8208,128,128,112,1
1469,8208,128,128,112,1
1470,8208,128,128,112,1
1471,8208,128,128,112,1
1472,8208,128,128,112,1
1473,8208,128,128,112,1
1474,8208,128,128,112,1
1475,8208,128,128,104,1
1476,8208,128,128,104,1
1477,8208,128,128,100,1
1478,8208,128,128,100,1
1479,8208,128,128,100,1
1480,8208,128,128,100,1
1481,8336,137,128,62,6
1482,8336,137,128,62,6
1483,8336,176,128,56,12
1484,8336,176,128,56,12
1485,8336,176,128,56,12
1486,8336,176,128,56,12
1487,8336,180,134,51,17
1488,8336,184,137,44,24
1489,8336,185,138,42,25
1490,8336,185,138,42,25
1491,8336,185,138,42,25
1492,8336,185,138,42,25
1493,8336,185,138,42,25
1494,8336,185,138,42,25
1495,8336,166,138,43,24
1496,8336,166,138,43,24
1497,8336,166,138,43,24
1498,8336,166,138,43,24
1499,8336,166,138,43,24
1500,8336,165,138,50,19
1501,8336,165,138,50,19
1502,8336,165,138,50,19
1503,8208,185,141,152,1
1504,8208,185,141,152,1
1505,8208,185,141,152,1
1506,8208,188,142,157,1
1507,8208,188,142,157,1
1508,8208,188,142,157,1
1509,8208,188,142,157,1
1510,8208,188,142,157,1
1511,8240,192,144,175,2
1512,8240,192,144,175,2
1513,8240,192,144,175,2
1514,8240,192,144,175,2
1515,8240,149,144,181,5
1516,8240,149,144,181,5
1517,8240,128,128,189,8
1518,8240,128,128,189,8
1519,8240,128,128,189,8
1520,8240,128,128,189,8
1521,8240,128,128,189,7
1522,8240,128,128,189,7
1523,8240,128,128,189,7
1524,8240,128,128,175,1
1525,8240,128,128,175,1
1526,8240,128,128,175,1
1527,8240,128,128,175,1
1528,8240,128,128,175,1
1529,8240,128,128,172,1
1530,8240,128,128,172,1
1531,8240,128,128,170,1
1532,8240,128,128,170,1
1533,8240,128,128,169,1
1534,8240,128,128,169,1
1535,8240,128,128,169,1
1536,8240,128,128,169,1
1537,8240,128,128,169,1
1538,8240,128,128,166,1
1539,8240,128,128,166,1
1540,8240,128,128,166,1
1541,8240,128,128,166,1
1542,8208,128,128,162,1
1543,8208,128,128,162,1
1544,8208,92,128,115,1
1545,8208,92,128,115,1
1546,8208,92,128,115,1
1547,8208,92,128,115,1
1548,8208,92,128,115,1
1549,8208,92,128,115,1
1550,8208,46,130,112,1
1551,8208,1,142,102,1
1552,8208,1,142,102,1
1553,8208,1,142,102,1
1554,8208,1,142,102,1
1555,8208,1,142,102,1
1556,8208,1,142,102,1
1557,8208,1,144,100,1
1558,8208,1,148,97,1
1559,8208,1,148,97,1
1560,8208,1,148,97,1
1561,8208,1,148,97,1
1562,8208,1,148,97,1
1563,8208,1,148,97,1
1564,8208,129,128,99,1
1565,8208,129,128,99,1
1566,8208,129,128,99,1
1567,8208,129,128,99,1
1568,8208,129,128,99,1
1569,8208,128,128,102,1
1570,8208,128,128,110,1
1571,8208,128,128,110,1
1572,8208,128,128,110,1
1573,8208,128,128,110,1
1574,8208,128,128,110,1
1575,8208,128,128,110,1
1576,8208,128,128,110,1
1577,8208,128,128,115,1
1578,8208,128,128,115,1
1579,8208,128,128,115,1
1580,8208,128,128,115,1
1581,8208,128,128,115,1
1582,8208,128,128,116,1
1583,8208,128,128,119,1
1584,8208,128,128,119,1
1585,8208,128,128,119,1
1586,8208,128,128,119,1
1587,8208,128,128,119,1
1588,8208,128,128,119,1
1589,8208,128,128,119,1
1590,8208,128,128,119,1
1591,8208,128,128,119,1
1592,8208,128,128,119,1
1593,8208,128,128,119,1
1594,8208,128,128,119,1
1595,8208,128,128,129,1
1596,8208,128,128,129,1
1597,8208,128,128,129,1
1598,8208,128,128,131,1
1599,8208,128,128,131,1
1600,8208,128,128,131,1
1601,8208,128,128,135,1
1602,8208,128,128,135,1
1603,8208,128,128,135,1
1604,8208,128,128,135,1
1605,8208,128,128,136,1
1606,8208,128,128,136,1
1607,8208,128,128,136,1
1608,8208,171,128,136,1
1609,8208,171,128,136,1
1610,8208,171,128,136,1
1611,8208,171,128,136,1
1612,8208,180,128,136,1
1613,8208,180,128,136,1
1614,8208,195,128,136,1
1615,8208,195,128,136,1
1616,8208,199,128,136,1
1617,8208,199,128,136,1
1618,8208,199,128,136,1
1619,8208,201,128,136,1
1620,8208,201,128,136,1
1621,8208,202,128,136,1
1622,8208,202,128,136,1
1623,8208,202,128,136,1
1624,8208,163,126,136,1
1625,8208,163,126,136,1
1626,8208,163,126,136,1
1627,8208,163,126,136,1
1628,8208,163,126,136,1
1629,8208,138,126,136,1
1630,8208,138,126,136,1
1631,8208,138,126,136,1
1632,8208,138,126,136,1
1633,8208,138,126,136,1
1634,8208,129,126,136,1
1635,8208,129,126,136,1
1636,8208,129,126,136,1
1637,8208,129,126,136,1
1638,8208,129,126,136,1
1639,8208,128,128,136,1
1640,8208,128,128,136,1
1641,8208,128,128,136,1
1642,8208,128,128,136,1
1643,8208,128,128,136,1
1644,8208,128,128,136,1
1645,8208,128,128,136,1
1646,8208,128,128,136,1
1647,8208,128,128,136,1
1648,8208,194,128,136,1
1649,8208,194,128,136,1
1650,8208,194,128,136,1
1651,8208,194,128,136,1
1652,8208,194,128,136,1
1653,8208,207,123,142,1
1654,8208,207,123,142,1
1655,8208,207,123,142,1
1656,8208,207,123,142,1
1657,8208,210,122,156,1
1658,8208,209,122,161,1
1659,8208,209,122,161,1
1660,8208,209,122,161,1
1661,8208,209,122,161,1
1662,8208,209,122,161,1
1663,8240,132,128,169,1
1664,8240,132,128,169,1
1665,8240,132,128,169,1
1666,8240,132,128,169,1
1667,8240,132,128,169,1
1668,8240,128,128,171,1
1669,8240,128,128,171,1
1670,8240,128,128,171,1
1671,8240,128,128,171,1
1672,8240,128,128,171,1
1673,8240,128,128,176,2
1674,8240,128,128,179,4
1675,8240,128,128,179,4
1676,8240,128,128,179,4
1677,8240,128,128,179,4
1678,8240,128,128,183,4
1679,8240,128,128,183,4
1680,8240,128,128,183,4
1681,8240,128,128,183,4
1682,8240,128,128,183,4
1683,8240,128,128,183,4
1684,8240,128,128,184,4
1685,8240,128,128,184,4
1686,8240,128,128,184,5
1687,8240,128,128,184,5
1688,8240,128,128,184,5
1689,8240,128,128,184,5
1690,8240,128,128,184,5
1691,8240,128,128,184,5
1692,8240,128,128,184,5
1693,8240,128,128,184,5
1694,8240,128,128,184,5
1695,8240,128,128,180,5
1696,8240,128,128,180,5
1697,8240,128,128,180,5
1698,8240,128,128,177,3
1699,8240,128,128,177,3
1700,8240,128,128,172,2
1701,8240,128,128,171,2
1702,8240,128,128,171,2
1703,8240,128,128,171,2
1704,8240,128,128,171,2
1705,8240,128,128,171,2
1706,8240,128,128,169,2
1707,8240,128,128,169,2
1708,8240,128,128,169,2
1709,8240,128,128,169,2
1710,8240,128,128,169,2
1711,8240,128,128,166,2
1712,8208,128,128,164,2
1713,8208,128,128,164,2
1714,8208,128,128,164,2
1715,8208,128,128,164,2
1716,8208,128,128,164,2
1717,8208,128,128,154,2
1718,8208,128,128,154,2
1719,8208,128,128,154,2
1720,8208,128,128,154,2
1721,8208,128,128,154,2
1722,8208,128,128,147,2
1723,8208,128,128,147,2
1724,8208,128,128,147,2
1725,8208,128,128,147,2
1726,8208,128,128,147,2
1727,8208,128,128,147,2
1728,8208,86,167,145,2
1729,8208,86,167,145,2
1730,8208,86,167,145,2
1731,8208,86,167,145,2
1732,8208,77,175,145,2
1733,8208,77,175,145,2
1734,8208,66,185,145,2
1735,8208,66,185,145,2
1736,8208,63,188,145,2
1737,8208,63,188,145,2
1738,8208,63,188,145,2
1739,8208,128,128,145,2
1740,8208,128,128,145,2
1741,8208,128,128,145,2
1742,8208,128,128,145,2
1743,8208,128,128,145,2
1744,8208,128,128,145,2
1745,8208,128,128,145,2
1746,8208,128,128,145,2
1747,8208,128,128,145,2
1748,8208,128,128,145,2
1749,8208,128,128,145,2
1750,8208,128,128,145,2
1751,8208,128,128,145,2
1752,8208,128,128,145,2
1753,8208,128,128,145,2
1754,8208,128,128,145,2
1755,8208,128,128,145,2
1756,8208,128,128,145,2
1757,8208,128,128,145,2
1758,8208,128,128,145,2
1759,8208,128,128,145,2
1760,8208,128,128,145,2
1761,8208,128,128,145,2
1762,8208,128,128,145,2
1763,8208,128,128,145,2
1764,8208,128,128,145,2
1765,8208,128,128,145,2
1766,8208,128,128,145,2
1767,8208,128,128,145,2
1768,8208,128,128,145,2
1769,8208,128,128,145,2
1770,8208,128,128,145,2
1771,8208,128,128,145,2
1772,8208,128,128,145,2
1773,8208,128,128,145,2
1774,8208,128,128,145,2
1775,8208,128,128,147,2
1776,8208,128,128,147,2
1777,8208,128,128,147,2
1778,8208,128,128,147,2
1779,8208,128,128,147,2
1780,8208,128,128,147,2
1781,8208,96,128,147,2
1782,8208,96,128,147,2
1783,8208,96,128,147,2
1784,8208,96,128,147,2
1785,8208,96,128,147,2
1786,8208,56,135,147,2
1787,8208,56,135,147,2
1788,8208,56,135,147,2
1789,8208,56,135,147,2
1790,8208,56,135,147,2
1791,8208,26,141,147,2
1792,8208,26,141,147,2
1793,8208,26,141,147,2
1794,8208,26,139,147,2
1795,8208,26,139,147,2
1796,8212,26,134,151,2
1797,8212,26,134,151,2
1798,8212,26,134,151,2
1799,8212,26,134,151,2
1800,8212,26,134,151,2
1801,8212,26,131,154,2
1802,8208,27,131,164,2
1803,8208,27,131,164,2
1804,8208,27,131,164,2
1805,8208,27,131,164,2
1806,8240,66,126,200,4
1807,8240,106,121,210,15
1808,8240,106,121,210,15
1809,8240,106,121,210,15
1810,8240,109,121,214,18
1811,8240,109,121,214,18
1812,48,123,121,224,29
1813,48,123,121,224,29
1814,48,123,121,224,29
1815,48,123,121,224,29
1816,48,128,128,227,32
1817,48,128,128,227,32
1818,48,128,128,229,33
1819,48,128,128,229,33
1820,48,128,128,229,33
1821,48,128,128,229,33
1822,48,128,128,229,33
1823,48,128,128,233,38
1824,48,128,128,233,38
1825,48,128,128,233,38
1826,48,128,128,233,38
1827,48,128,128,233,38
1828,48,128,128,233,38
1829,48,128,128,233,38
1830,48,128,128,233,38
1831,48,128,128,233,38
1832,48,128,128,233,38
1833,48,128,128,233,38
1834,48,128,128,233,36
1835,48,128,128,233,36
1836,48,128,128,233,36
1837,48,128,128,233,36
1838,48,128,128,231,34
1839,48,128,128,229,31
1840,48,128,128,227,29
1841,48,128,128,227,29
1842,48,128,128,227,29
1843,48,128,128,227,29
1844,48,128,128,227,29
1845,48,128,128,225,26
1846,48,128,128,220,23
1847,48,128,128,220,23
1848,48,128,128,220,23
1849,48,128,128,220,23
1850,48,128,128,205,14
1851,48,128,128,205,14
1852,48,128,128,205,14
1853,48,128,128,205,14
1854,48,128,128,205,14
1855,48,128,128,190,8
1856,48,128,128,190,8
1857,48,128,128,190,8
1858,48,128,128,190,8
1859,48,128,128,190,8
1860,16,128,128,163,1
1861,16,128,128,163,1
1862,16,128,128,163,1
1863,16,128,128,163,1
1864,16,128,128,163,1
1865,16,128,128,151,1
1866,16,128,128,146,1
1867,16,128,128,146,1
1868,16,128,128,146,1
1869,16,128,128,146,1
1870,16,128,128,133,1
1871,16,128,128,133,1
1872,16,128,128,133,1
1873,16,128,128,133,1
1874,16,128,128,133,1
1875,16,128,128,126,1
1876,16,128,128,126,1
1877,16,128,128,126,1
1878,16,128,128,126,1
1879,16,128,128,122,1
1880,16,128,128,115,1
1881,16,128,128,115,1
1882,16,128,128,115,1
1883,16,128,128,111,1
1884,16,128,128,111,1
1885,16,128,128,104,1
1886,16,128,128,104,1
1887,16,128,128,104,1
1888,16,128,128,104,1
1889,16,128,128,104,1
1890,16,128,128,104,1
1891,16,128,128,103,1
1892,16,128,128,103,1
1893,16,128,128,103,1
1894,16,128,128,103,1
1895,16,128,128,103,1
1896,16,128,128,108,1
1897,16,128,128,108,1
1898,16,128,128,108,1
1899,16,128,128,108,1
1900,16,128,128,108,1
1901,16,128,128,112,1
1902,16,128,128,114,1
1903,16,128,128,114,1
1904,16,128,128,114,1
1905,16,128,128,114,1
1906,16,128,128,114,1
1907,16,128,128,127,1
1908,16,128,128,127,1
1909,16,128,128,127,1
1910,16,128,128,127,1
1911,16,128,128,127,1
1912,16,128,128,160,1
1913,16,128,128,160,1
1914,16,128,128,160,1
1915,16,128,128,160,1
1916,16,128,128,160,1
1917,16,128,128,162,1
1918,16,128,128,162,1
1919,16,128,128,162,1
1920,16,128,128,162,1
1921,16,128,128,162,1
1922,16,128,128,162,1
1923,16,128,128,162,1
1924,16,128,128,162,1
1925,16,128,128,162,1
1926,16,128,128,162,1
1927,48,128,128,167,1
1928,48,128,128,167,1
1929,48,128,128,167,1
1930,48,128,128,167,1
1931,48,128,128,167,1
1932,48,128,128,180,5
1933,48,128,128,180,5
1934,48,128,128,180,5
1935,48,128,128,180,5
1936,48,128,128,185,6
1937,48,128,128,189,8
1938,48,128,128,189,8
1939,48,128,128,189,8
1940,48,128,128,189,8
1941,48,128,128,189,8
1942,48,128,128,186,6
1943,48,128,128,186,6
1944,48,128,128,181,4
1945,48,128,128,181,4
1946,48,128,128,181,4
1947,48,128,128,175,3
1948,48,128,128,175,3
1949,48,128,128,175,3
1950,48,128,128,175,3
1951,48,128,128,175,3
1952,48,128,128,175,3
1953,48,128,128,172,1
1954,48,128,128,172,1
1955,48,128,128,172,1
1956,48,128,128,172,1
1957,48,128,128,172,1
1958,48,128,128,172,1
1959,48,128,128,172,1
1960,48,128,128,172,1
1961,48,128,128,172,1
1962,48,128,128,172,1
1963,16,128,128,160,1
1964,16,128,128,160,1
1965,16,128,128,160,1
1966,16,128,128,160,1
1967,16,128,128,160,1
1968,16,128,128,151,1
1969,16,128,128,147,1
1970,16,128,128,147,1
1971,16,128,128,147,1
1972,16,128,128,147,1
1973,16,128,128,139,1
1974,16,128,128,139,1
1975,16,128,128,139,1
1976,16,128,128,139,1
1977,16,128,128,139,1
1978,16,128,128,127,1
1979,16,128,128,127,1
1980,16,128,128,127,1
1981,16,128,128,127,1
1982,16,128,128,127,1
1983,16,128,128,119,1
1984,16,128,128,119,1
1985,16,128,128,119,1
1986,16,128,128,119,1
1987,16,128,128,119,1
1988,16,128,128,115,1
1989,16,128,128,115,1
1990,16,128,128,115,1
1991,16,128,128,112,1
1992,16,128,128,112,1
1993,16,128,128,104,1
1994,16,128,128,104,1
1995,16,128,128,104,1
1996,16,128,128,104,1
1997,16,128,128,104,1
1998,16,128,128,102,1
1999,16,128,128,102,1
2000,16,128,128,102,1
2001,16,128,128,102,1
2002,16,128,128,102,1
2003,16,128,128,109,1
2004,16,128,128,109,1
2005,16,128,128,109,1
2006,16,128,128,109,1
2007,16,128,128,109,1
2008,16,128,128,125,1
2009,16,128,128,125,1
2010,16,128,128,125,1
2011,16,128,128,125,1
2012,16,128,128,125,1
2013,16,128,128,131,1
2014,16,128,128,132,1
2015,16,128,128,132,1
2016,16,128,128,132,1
2017,16,128,128,132,1
2018,16,128,128,139,1
2019,16,128,128,139,1
2020,16,128,128,139,1
2021,16,128,128,139,1
2022,16,128,128,139,1
2023,16,128,128,143,1
2024,16,128,128,143,1
2025,16,128,128,143,1
2026,16,128,128,143,1
2027,16,128,128,143,1
2028,16,128,128,145,1
2029,16,128,128,145,1
2030,16,128,128,145,1
2031,16,128,128,145,1
2032,16,128,128,145,1
2033,16,128,128,145,1
2034,16,128,128,145,1
2035,16,128,128,145,1
2036,16,128,128,145,1
2037,16,128,128,145,1
2038,16,128,128,145,1
2039,16,128,128,145,1
2040,16,128,128,145,1
2041,16,128,128,145,1
2042,16,128,128,145,1
2043,16,128,128,145,1
2044,16,128,128,145,1
2045,16,128,128,145,1
2046,16,128,128,145,1
2047,16,128,128,145,1
2048,16,128,128,146,1
2049,16,128,128,146,1
2050,16,128,128,146,1
2051,16,128,128,146,1
2052,16,128,128,146,1
2053,16,128,128,146,1
2054,16,128,128,146,1
2055,16,128,128,146,1
2056,16,128,128,146,1
2057,16,128,128,146,1
2058,16,128,128,149,1
2059,16,128,128,149,1
2060,16,128,128,149,1
2061,16,128,128,149,1
2062,16,128,128,149,1
2063,16,128,128,149,1
2064,16,128,128,149,1
2065,16,128,128,149,1
2066,16,128,128,149,1
2067,16,128,128,149,1
2068,16,128,128,149,1
2069,16,128,128,149,1
2070,16,128,128,149,1
2071,16,128,128,149,1
2072,16,128,128,149,1
2073,16,128,128,149,1
2074,16,128,128,149,1
2075,16,128,128,149,1
2076,16,128,128,149,1
2077,16,128,128,149,1
2078,16,128,128,149,1
2079,16,128,128,149,1
2080,16,128,128,149,1
2081,16,128,128,149,1
2082,16,128,128,149,1
2083,16,128,128,149,1
2084,16,128,128,149,1
2085,16,128,128,149,1
2086,16,128,128,149,1
2087,16,128,128,149,1
2088,16,128,128,149,1
2089,16,128,128,149,1
2090,16,128,128,149,1
2091,16,128,128,149,1
2092,16,128,128,149,1
2093,16,128,128,149,1
2094,16,128,128,149,1
2095,16,128,128,149,1
2096,16,128,128,149,1
2097,16,128,128,149,1
2098,16,128,128,149,1
2099,16,128,128,149,1
2100,16,128,128,149,1
2101,16,128,128,149,1
2102,16,128,128,149,1
2103,16,128,128,149,1
2104,16,128,128,149,1
2105,16,128,128,149,1
2106,16,128,128,149,1
2107,16,128,128,154,1
2108,16,128,128,154,1
2109,16,128,128,154,1
2110,16,128,128,154,1
2111,16,128,128,154,1
2112,0,128,128,127,113
2113,0,128,128,127,113
2114,0,128,128,127,113
2115,0,128,128,127,113
2116,0,128,128,127,113
2117,0,128,128,128,128
2118,0,128,128,128,128
2119,0,128,128,128,128
2120,0,128,128,128,128
2121,0,128,128,128,128
2122,0,128,128,128,128
2123,0,128,128,128,128
2124,0,128,128,128,128
2125,0,128,128,128,128
2126,0,128,128,128,128
2127,0,128,128,128,128
2128,0,128,128,128,128
2129,0,128,128,128,128
2130,0,128,128,128,128
2131,0,128,128,128,128
2132,0,128,128,128,128
2133,0,128,128,128,128
2134,0,128,128,128,128
2135,0,128,128,128,128
2136,0,128,128,128,128
2137,0,128,128,128,128
2138,0,128,128,128,128
2139,0,128,128,128,128
2140,0,128,128,128,128
2141,0,128,128,128,128
2142,0,128,128,128,128
2143,0,128,128,128,128
2144,0,128,128,128,128
2145,0,128,128,128,128
2146,0,128,128,128,128
2147,0,128,128,128,128
2148,0,128,128,128,128
2149,0,128,128,128,128
2150,0,128,128,128,128
2151,0,128,128,128,128
2152,0,128,128,128,128
2153,0,128,128,128,128
2154,0,128,128,128,128
2155,0,128,128,128,128
2156,0,128,128,128,128
2157,0,128,128,128,128
2158,0,128,128,128,128
2159,0,128,128,128,128
2160,0,128,128,128,128
2161,0,128,128,128,128
2162,4096,128,128,128,128
2163,4096,128,128,128,128
2164,4096,128,128,128,128
2165,4096,128,128,128,128
2166,4096,128,128,128,128
2167,0,128,128,128,128
2168,0,128,128,128,128
2169,0,128,128,128,128
2170,0,128,128,128,128
2171,0,128,128,128,128
2172,0,128,128,128,128
2173,0,128,128,128,128
2174,0,128,128,128,128
2175,0,128,128,128,128
2176,0,128,128,128,128
2177,0,128,128,128,128
2178,0,128,128,128,128
2179,0,128,128,128,128
2180,0,128,128,128,128
2181,0,128,128,128,128
2182,0,128,128,128,128
2183,0,128,128,128,128
2184,0,128,128,128,128
2185,0,128,128,128,128
2186,0,128,128,128,128
2187,0,128,128,128,128
2188,0,128,128,129,102
2189,0,128,128,129,102
2190,0,128,128,129,102
2191,0,128,128,129,102
2192,0,128,128,129,102
2193,16,128,128,131,1
2194,16,128,128,131,1
2195,16,128,128,131,1
2196,16,128,128,131,1
2197,16,128,128,131,1
2198,16,128,128,133,1
2199,16,128,128,133,1
2200,16,128,128,133,1
2201,16,128,128,133,1
2202,16,128,128,133,1
2203,16,128,128,137,1
2204,16,128,128,137,1
2205,16,128,128,137,1
2206,16,128,128,137,1
2207,16,128,128,137,1
2208,16,128,128,139,1
2209,16,128,128,139,1
2210,16,128,128,139,1
2211,16,128,128,139,1
2212,16,128,128,139,1
2213,16,128,128,139,1
2214,16,128,128,139,1
2215,16,128,128,139,1
2216,16,128,128,141,1
2217,16,128,128,141,1
2218,16,128,128,141,1
2219,16,128,128,141,1
2220,16,128,128,142,1
2221,16,128,128,142,1
2222,16,128,128,142,1
2223,16,128,128,142,1
2224,16,128,128,142,1
2225,16,128,128,142,1
2226,16,128,128,142,1
2227,16,128,128,142,1
2228,16,128,128,142,1
2229,16,128,128,144,1
2230,16,128,128,144,1
2231,16,128,128,144,1
2232,16,128,128,144,1
2233,16,128,128,144,1
2234,16,128,128,144,1
2235,16,128,128,144,1
2236,16,128,128,144,1
2237,16,128,128,144,1
2238,16,128,128,144,1
2239,16,128,128,144,1
2240,16,128,128,144,1
2241,16,128,128,144,1
2242,16,128,128,144,1
2243,16,128,128,144,1
2244,16,128,128,144,1
2245,16,128,128,144,1
2246,16,128,128,144,1
2247,16,128,128,144,1
2248,16,128,128,144,1
2249,16,128,128,144,1
2250,16,128,128,144,1
2251,16,128,128,144,1
2252,16,128,128,144,1
2253,16,128,128,144,1
2254,16,128,128,144,1
2255,16,128,128,144,1
2256,16,128,128,144,1
2257,16,128,128,144,1
2258,16,128,128,144,1
2259,16,128,128,144,1
2260,16,128,128,144,1
2261,16,128,128,144,1
2262,16,128,128,144,1
2263,16,128,128,144,1
2264,16,128,128,144,1
2265,16,128,128,144,1
2266,16,128,128,144,1
2267,16,128,128,144,1
2268,16,128,128,144,1
2269,16,128,128,144,1
2270,16,128,128,144,1
2271,16,128,128,144,1
2272,16,128,128,144,1
2273,16,128,128,144,1
2274,16,128,128,144,1
2275,16,128,128,144,1
2276,16,128,128,144,1
2277,16,128,128,144,1
2278,16,128,128,144,1
2279,16,128,128,144,1
2280,16,128,128,144,1
2281,16,128,128,144,1
2282,16,128,128,144,1
2283,16,128,128,144,1
2284,16,128,128,144,1
2285,16,128,128,144,1
2286,16,128,128,144,1
2287,16,128,128,144,1
2288,16,128,128,144,1
2289,16,128,128,144,1
2290,16,128,128,144,1
2291,16,128,128,144,1
2292,16,128,128,144,1
2293,16,128,128,144,1
2294,16,128,128,144,1
2295,16,128,128,144,1
2296,16,128,128,144,1
2297,16,128,128,144,1
2298,16,128,128,144,1
2299,16,128,128,144,1
2300,16,128,128,144,1
2301,16,128,128,144,1
2302,16,128,128,144,1
2303,16,128,128,144,1
2304,16,128,128,144,1
2305,16,128,128,144,1
2306,16,128,128,144,1
2307,16,128,128,144,1
2308,16,128,128,144,1
2309,16,128,128,144,1
2310,16,128,128,144,1
2311,16,128,128,144,1
2312,16,128,128,144,1
2313,16,128,128,144,1
2314,16,128,128,144,1
2315,16,128,128,144,1
2316,16,128,128,144,1
2317,16,128,128,144,1
2318,16,128,128,144,1
2319,16,128,128,144,1
2320,16,128,128,135,1
2321,16,128,128,135,1
2322,16,128,128,135,1
2323,16,128,128,131,1
2324,16,128,128,131,1
2325,16,128,128,122,1
2326,16,128,128,122,1
2327,16,128,128,122,1
2328,16,128,128,115,1
2329,16,128,128,115,1
2330,16,128,128,102,1
2331,16,128,128,94,1
2332,16,128,128,94,1
2333,16,128,128,94,1
2334,16,128,128,94,1
2335,16,128,128,94,1
2336,144,128,128,80,4
2337,144,128,128,80,4
2338,144,128,128,80,4
2339,144,128,128,80,4
2340,144,128,128,80,4
2341,144,128,128,78,4
2342,144,128,128,76,4
2343,144,128,128,76,4
2344,144,128,128,76,4
2345,144,128,128,76,4
2346,144,128,128,76,4
2347,144,128,128,76,4
2348,144,128,128,76,4
2349,144,128,128,76,4
2350,144,128,128,76,4
2351,144,128,128,75,4
2352,144,128,128,75,4
2353,144,128,128,75,4
2354,144,128,128,75,4
2355,144,128,128,75,4
2356,144,128,128,75,4
2357,144,128,128,75,4
2358,144,128,128,75,4
2359,144,128,128,75,4
2360,144,128,128,75,4
2361,144,128,128,75,4
2362,144,128,128,75,4
2363,144,128,128,75,4
2364,144,128,128,75,4
2365,144,128,128,75,4
2366,144,128,128,75,4
2367,144,128,128,75,4
2368,144,128,128,75,4
2369,144,128,128,75,4
2370,144,128,128,75,4
2371,144,128,128,75,4
2372,144,128,128,75,4
2373,144,128,128,75,4
2374,144,128,128,75,4
2375,144,128,128,75,4
2376,144,128,128,75,4
2377,144,128,128,75,4
2378,144,128,128,75,4
2379,144,128,128,75,4
2380,144,128,128,75,4
2381,144,128,128,75,4
2382,144,128,128,75,4
2383,144,128,128,75,4
2384,144,128,128,75,4
2385,144,128,128,75,4
2386,144,128,128,75,4
2387,144,128,128,74,4
2388,144,128,128,74,4
2389,144,128,128,74,4
2390,144,128,128,74,4
2391,144,128,128,74,4
2392,144,128,128,74,4
2393,144,128,128,74,4
2394,144,128,128,74,4
2395,144,128,128,74,4
2396,144,128,128,74,4
2397,144,128,128,74,4
2398,144,128,128,74,4
2399,144,128,128,74,4
2400,144,128,128,74,4
2401,144,128,128,74,4
2402,144,128,128,74,4
2403,144,128,128,74,4
2404,144,128,128,74,4
2405,144,128,128,74,4
2406,144,128,128,74,4
2407,144,128,128,74,4
2408,144,128,128,74,4
2409,144,128,128,74,4
2410,144,128,128,74,4
2411,144,128,128,74,4
2412,144,128,128,74,4
2413,144,128,128,74,4
2414,144,128,128,74,4
2415,144,128,128,74,4
2416,144,128,128,74,4
2417,144,128,128,74,4
2418,144,128,128,74,4
2419,144,128,128,74,4
2420,144,128,128,74,4
2421,144,128,128,74,4
2422,144,128,128,74,4
2423,144,128,128,74,4
2424,144,128,128,74,4
2425,144,128,128,74,4
2426,144,128,128,74,4
2427,144,128,128,74,4
2428,144,128,128,74,4
2429,144,128,128,74,4
2430,144,128,128,74,4
2431,144,128,128,74,4
2432,144,128,128,74,4
2433,144,128,128,74,4
2434,144,128,128,74,4
2435,144,128,128,74,4
2436,144,128,128,74,4
2437,144,128,128,74,4
2438,144,128,128,74,4
2439,144,128,128,74,4
2440,144,128,128,74,4
2441,144,128,128,74,4
2442,144,128,128,74,4
2443,144,128,128,74,4
2444,144,128,128,74,4
2445,144,128,128,74,4
2446,144,128,128,74,4
2447,144,128,128,74,4
2448,144,128,128,74,4
2449,144,128,128,74,4
2450,144,128,128,74,4
2451,144,128,128,74,4
2452,144,128,128,74,4
2453,144,128,128,74,4
2454,144,128,128,74,4
2455,144,128,128,74,4
2456,144,128,128,74,4
2457,144,128,128,74,4
2458,144,128,128,74,4
2459,144,128,128,74,4
2460,144,128,128,74,4
2461,144,128,128,72,5
2462,144,128,128,72,5
2463,144,128,128,72,5
2464,144,128,128,72,5
2465,144,128,128,72,5
2466,144,128,128,65,9
2467,144,128,128,65,9
2468,144,128,128,65,9
2469,144,128,128,65,9
2470,144,128,128,65,9
2471,144,128,128,54,16
2472,144,128,128,54,16
2473,144,128,128,48,20
2474,144,128,128,48,20
2475,144,128,128,48,20
2476,144,128,128,39,28
2477,144,128,128,39,28
2478,144,128,128,39,28
2479,144,128,128,39,28
2480,144,128,128,39,28
2481,144,128,128,36,31
2482,144,128,128,36,31
2483,144,128,128,36,31
2484,144,128,128,36,31
2485,144,128,128,36,31
2486,144,128,128,36,31
2487,144,128,128,36,31
2488,144,128,128,36,31
2489,144,128,128,36,31
2490,144,128,128,36,31
2491,144,128,128,31,36
2492,144,128,128,31,36
2493,144,128,128,31,36
2494,144,128,128,31,36
2495,144,128,128,31,36
2496,144,128,128,24,46
2497,144,128,128,24,46
2498,144,128,128,24,46
2499,144,128,128,24,46
2500,144,128,128,24,46
2501,144,128,128,24,46
2502,144,128,128,18,56
2503,144,128,128,18,56
2504,144,128,128,18,56
2505,144,128,128,18,56
2506,144,128,128,18,56
2507,144,128,128,14,59
2508,144,128,128,14,59
2509,144,128,128,14,59
2510,144,128,128,14,59
2511,144,128,128,14,59
2512,144,128,128,13,63
2513,144,128,128,13,63
2514,144,128,128,11,66
2515,144,128,128,11,66
2516,144,128,128,11,66
2517,144,128,128,11,66
2518,144,128,128,9,71
2519,144,128,128,9,71
2520,144,128,128,9,71
2521,144,128,128,9,71
2522,144,128,128,9,74
2523,144,128,128,8,79
2524,144,128,128,8,79
2525,144,128,128,8,79
2526,144,128,128,8,79
2527,144,128,128,8,79
2528,144,128,128,8,79
2529,128,128,128,1,91
2530,128,128,128,1,91
2531,128,128,128,1,91
2532,128,128,128,1,91
2533,128,128,128,1,91
2534,128,128,128,1,100
2535,128,128,128,1,100
2536,128,128,128,1,104
2537,128,128,128,1,104
2538,128,128,128,1,104
2539,128,128,128,1,104
2540,128,128,128,1,108
2541,128,128,128,1,108
2542,128,128,128,1,108
2543,128,128,128,1,108
2544,128,128,128,1,108
2545,128,128,128,1,108
2546,128,128,128,1,108
2547,128,128,128,1,108
2548,128,128,128,1,108
2549,128,128,128,1,108
2550,128,128,128,1,110
2551,128,128,128,1,110
2552,128,128,128,1,110
2553,128,128,128,1,110
2554,128,128,128,1,110
2555,128,128,128,1,110
2556,128,128,128,1,112
2557,128,128,128,1,112
2558,128,128,128,1,112
2559,128,128,128,1,112
2560,128,128,128,1,112
2561,128,128,128,1,112
2562,128,128,128,1,112
2563,128,128,128,1,112
2564,128,128,128,1,112
2565,128,128,128,1,112
2566,128,128,128,1,112
2567,128,128,128,1,112
2568,128,128,128,1,112
2569,128,128,128,1,113
2570,128,128,128,1,113
2571,128,128,128,1,119
2572,128,128,128,1,126
2573,128,128,128,1,126
2574,128,128,128,1,126
2575,128,128,128,1,126
2576,128,128,128,1,126
2577,128,128,128,1,141
2578,128,128,128,1,141
2579,128,128,128,1,141
2580,128,128,128,1,141
2581,128,128,128,1,141
2582,128,128,128,1,141
2583,128,128,128,1,148
2584,128,128,128,1,148
2585,128,128,128,1,148
2586,128,128,128,1,148
2587,128,128,128,1,148
2588,128,128,128,1,148
2589,128,128,128,1,149
2590,128,128,128,1,149
2591,128,128,128,1,149
2592,128,128,128,1,149
2593,128,128,128,1,149
2594,128,128,128,1,149
2595,128,128,128,1,149
2596,128,128,128,1,149
2597,128,128,128,1,149
2598,128,128,128,1,149
2599,128,128,128,1,149
2600,128,128,128,1,149
2601,128,128,128,1,149
2602,128,128,128,1,151
2603,128,128,128,1,151
2604,128,128,128,1,151
2605,128,128,128,1,151
2606,128,128,128,1,153
2607,128,128,128,1,153
2608,128,128,128,1,153
2609,128,128,128,1,153
2610,128,128,128,1,153
2611,128,128,128,1,154
2612,128,128,128,1,154
2613,128,128,128,1,154
2614,128,128,128,1,154
2615,128,128,128,1,154
2616,128,128,128,1,154
2617,128,128,128,1,155
2618,128,128,128,1,155
2619,128,128,128,1,155
2620,128,128,128,1,155
2621,128,128,128,1,155
2622,128,128,128,1,155
2623,128,128,128,1,155
2624,128,128,128,1,155
2625,128,128,128,1,155
2626,128,128,128,1,155
2627,128,128,128,1,155
2628,128,128,128,1,155
2629,128,128,128,1,155
2630,128,128,128,1,155
2631,128,128,128,1,155
2632,128,128,128,1,155
2633,128,128,128,1,155
2634,128,128,128,1,155
2635,128,128,128,1,157
2636,128,128,128,1,157
2637,128,128,128,1,157
2638,128,128,128,1,157
2639,128,128,128,1,157
2640,128,128,128,1,158
2641,128,128,128,1,158
2642,128,128,128,1,158
2643,128,128,128,1,158
2644,128,128,128,1,158
2645,128,128,128,1,158
2646,128,128,128,1,160
2647,128,128,128,1,160
2648,128,128,128,1,160
2649,128,128,128,1,160
2650,128,128,128,1,160
2651,128,128,128,1,160
2652,128,128,128,1,160
2653,128,128,128,1,160
2654,128,128,128,1,160
2655,128,128,128,1,160
2656,128,128,128,1,160
2657,128,128,128,1,160
2658,128,128,128,1,160
2659,128,128,128,1,160
2660,128,128,128,1,160
2661,128,128,128,1,160
2662,128,128,128,1,160
2663,128,128,128,1,160
2664,128,128,128,1,160
2665,128,128,128,1,160
2666,128,128,128,1,160
2667,128,128,128,1,160
2668,128,128,128,1,160
2669,128,128,128,1,160
2670,128,128,128,1,160
2671,128,128,128,1,160
2672,128,128,128,1,160
2673,128,128,128,1,160
2674,128,128,128,1,160
2675,128,128,128,1,160
2676,128,128,128,1,160
2677,128,128,128,1,160
2678,128,128,128,1,160
2679,128,128,128,1,160
2680,128,128,128,1,160
2681,128,128,128,1,160
2682,128,128,128,1,160
2683,128,128,128,1,160
2684,128,128,128,1,160
2685,128,128,128,1,160
2686,128,128,128,1,160
2687,128,128,128,1,160
2688,128,128,128,1,160
2689,128,128,128,1,160
2690,128,128,128,1,156
2691,128,128,128,1,156
2692,128,128,128,1,156
2693,128,128,128,1,156
2694,128,128,128,1,110
2695,128,128,128,1,110
2696,128,128,128,1,110
2697,128,128,128,1,110
2698,128,128,128,1,110
2699,144,128,128,4,85
2700,144,128,128,4,85
2701,144,128,128,4,85
2702,144,128,128,4,85
2703,144,128,128,4,85
2704,144,128,128,4,85
2705,144,128,128,14,60
2706,144,128,128,14,60
2707,144,128,128,17,54
2708,144,128,128,17,54
2709,144,128,128,17,54
2710,144,128,128,17,54
2711,144,128,128,20,47
2712,144,128,128,20,45
2713,144,128,128,20,45
2714,144,128,128,20,45
2715,144,128,128,20,45
2716,144,128,128,20,45
2717,144,128,128,18,51
2718,144,128,128,18,51
2719,144,128,128,18,51
2720,144,128,128,18,51
2721,144,128,128,18,51
2722,144,128,128,14,57
2723,144,128,128,8,74
2724,144,128,128,8,74
2725,144,128,128,1,82
2726,144,128,128,1,82
2727,144,128,128,1,82
2728,144,128,128,1,82
2729,128,128,128,1,94
2730,128,128,128,1,94
2731,128,128,128,1,94
2732,128,128,128,1,94
2733,128,128,128,1,94
2734,128,128,128,1,97
2735,128,128,128,1,97
2736,128,128,128,1,97
2737,128,128,128,1,97
2738,128,128,128,1,97
2739,128,128,128,1,97
2740,128,128,128,1,99
2741,128,128,128,1,99
2742,128,128,128,1,99
2743,128,128,128,1,99
2744,128,128,128,1,99
2745,128,128,128,1,99
2746,128,128,128,1,99
2747,128,128,128,1,99
2748,128,128,128,1,99
2749,128,128,128,1,99
2750,128,128,128,1,99
2751,144,128,128,4,81
2752,144,128,128,4,81
2753,144,128,128,4,81
2754,144,128,128,4,81
2755,144,128,128,4,81
2756,144,128,128,11,62
2757,144,128,128,11,62
2758,144,128,128,11,62
2759,144,128,128,11,62
2760,144,128,128,11,62
2761,144,128,128,13,57
2762,144,128,128,13,57
2763,144,128,128,15,54
2764,144,128,128,15,54
2765,144,128,128,15,54
2766,144,128,128,15,54
2767,144,128,128,21,46
2768,144,128,128,21,46
2769,144,128,128,21,46
2770,144,128,128,21,46
2771,144,128,128,21,46
2772,144,128,128,40,25
2773,144,128,128,40,25
2774,144,128,128,40,25
2775,144,128,128,40,25
2776,144,128,128,40,25
2777,144,128,128,40,25
2778,144,128,128,66,1
2779,144,128,128,66,1
2780,144,128,128,66,1
2781,144,128,128,66,1
2782,16,128,128,94,1
2783,16,128,128,99,1
2784,16,128,128,99,1
2785,16,128,128,99,1
2786,16,128,128,99,1
2787,16,128,128,99,1
2788,16,128,128,99,1
2789,16,128,128,102,1
2790,16,128,128,102,1
2791,16,128,128,102,1
2792,16,128,128,102,1
2793,16,128,128,102,1
2794,16,128,128,102,1
2795,16,128,128,102,1
2796,16,128,128,102,1
2797,16,128,128,102,1
2798,16,128,128,102,1
2799,16,128,128,102,1
2800,16,128,128,102,1
2801,16,128,128,102,1
2802,16,128,128,102,1
2803,16,128,128,102,1
2804,16,128,128,102,1
2805,16,128,128,102,1
2806,16,128,128,102,1
2807,16,128,128,102,1
2808,16,128,128,102,1
2809,16,128,128,103,1
2810,16,128,128,105,1
2811,16,128,128,105,1
2812,16,128,128,105,1
2813,16,128,128,105,1
2814,16,128,128,105,1
2815,16,128,128,105,1
2816,16,128,128,105,1
2817,16,128,128,105,1
2818,16,128,128,105,1
2819,16,128,128,105,1
2820,16,128,128,105,1
2821,16,128,128,105,1
2822,16,128,128,105,1
2823,16,128,128,105,1
2824,16,128,128,105,1
2825,16,128,128,105,1
2826,16,128,128,105,1
2827,16,128,128,105,1
2828,16,128,128,105,1
2829,16,128,128,105,1
2830,16,128,128,105,1
2831,16,128,128,105,1
2832,16,128,128,105,1
2833,16,128,128,105,1
2834,16,128,128,105,1
2835,16,128,128,105,1
2836,16,128,128,105,1
2837,16,128,128,105,1
2838,16,128,128,105,1
2839,16,128,128,105,1
2840,16,128,128,105,1
2841,16,128,128,105,1
2842,16,128,128,105,1
2843,16,128,128,105,1
2844,16,128,128,116,1
2845,16,128,128,116,1
2846,16,128,128,116,1
2847,16,128,128,116,1
2848,16,128,128,145,1
2849,16,128,128,145,1
2850,16,128,128,145,1
2851,16,128,128,145,1
2852,48,128,128,187,3
2853,48,128,128,187,3
2854,48,128,128,187,3
2855,48,128,128,221,21
2856,48,128,128,221,21
2857,48,128,128,221,21
2858,48,128,128,221,21
2859,48,128,128,221,21
2860,48,128,128,231,35
2861,48,128,128,231,35
2862,48,128,128,231,35
2863,48,128,128,231,35
2864,48,128,128,231,35
2865,48,128,128,235,41
2866,48,128,128,235,41
2867,48,128,128,235,41
2868,48,128,128,235,41
2869,48,128,128,235,41
2870,48,128,128,239,45
2871,48,128,128,239,45
2872,48,128,128,239,45
2873,48,128,128,239,45
2874,48,128,128,239,45
2875,48,128,128,239,47
2876,48,128,128,239,47
2877,48,128,128,239,47
2878,48,128,128,239,47
2879,48,128,128,239,47
2880,48,128,128,239,47
2881,48,128,128,239,47
2882,48,128,128,239,47
2883,48,128,128,241,47
2884,48,128,128,241,47
2885,48,128,128,241,48
2886,48,128,128,241,48
2887,48,128,128,241,48
2888,48,128,128,241,48
2889,48,128,128,241,48
2890,48,128,128,241,48
2891,48,128,128,241,48
2892,48,128,128,241,48
2893,48,128,128,241,48
2894,48,128,128,241,48
2895,48,128,128,241,48
2896,48,128,128,241,48
2897,48,128,128,241,48
2898,48,128,128,241,48
2899,48,128,128,241,48
2900,48,128,128,241,51
2901,48,128,128,241,51
2902,48,128,128,241,51
2903,48,128,128,242,52
2904,48,128,128,242,52
2905,48,128,128,242,54
2906,48,128,128,242,54
2907,48,128,128,242,54
2908,48,128,128,242,54
2909,48,128,128,242,54
2910,48,128,128,243,56
2911,48,128,128,243,56
2912,48,128,128,243,56
2913,48,128,128,243,56
2914,48,128,128,243,56
2915,48,128,128,245,59
2916,48,128,128,245,59
2917,48,128,128,245,59
2918,48,128,128,245,59
2919,48,128,128,245,59
2920,48,128,128,247,64
2921,48,128,128,247,64
2922,48,128,128,249,70
2923,48,128,128,249,70
2924,48,128,128,249,70
2925,48,128,128,255,84
2926,48,128,128,255,84
2927,32,128,128,255,91
2928,32,128,128,255,91
2929,32,128,128,255,91
2930,32,128,128,255,103
2931,32,128,128,255,103
2932,32,128,128,255,106
2933,32,128,128,255,106
2934,32,128,128,255,106
2935,32,128,128,255,110
2936,32,128,128,255,110
2937,32,128,128,255,110
2938,32,128,128,255,110
2939,32,128,128,255,110
2940,32,128,128,255,103
2941,32,128,128,255,103
2942,48,128,128,255,68
2943,48,128,128,255,68
2944,48,128,128,255,68
2945,48,128,128,246,57
2946,48,128,128,246,57
2947,48,128,128,246,57
2948,48,128,128,246,57
2949,48,128,128,246,57
2950,48,128,128,232,36
2951,48,128,128,232,36
2952,48,128,128,232,36
2953,48,128,128,232,36
2954,48,128,128,232,36
2955,48,128,128,225,27
2956,48,128,128,225,27
2957,48,128,128,225,27
2958,48,128,128,225,27
2959,48,128,128,225,27
2960,48,128,128,221,24
2961,48,128,128,221,24
2962,48,128,128,219,24
2963,48,128,128,219,24
2964,48,128,128,219,24
2965,48,128,128,215,19
2966,48,128,128,215,19
2967,48,128,128,213,18
2968,48,128,128,213,18
2969,48,128,128,213,18
2970,8240,91,128,212,17
2971,8240,91,128,212,17
2972,8240,91,128,212,17
2973,8240,91,128,212,17
2974,8240,91,128,212,17
2975,8240,1,150,217,21
2976,8240,1,150,217,21
2977,8240,1,150,217,21
2978,8240,1,150,217,21
2979,8240,1,152,231,35
2980,8240,1,152,236,42
2981,8240,1,152,236,42
2982,8240,1,152,236,42
2983,8240,1,152,236,42
2984,8240,1,114,242,51
2985,8240,1,114,242,51
2986,8240,1,114,242,51
2987,8240,1,114,242,51
2988,8240,128,128,245,54
2989,8240,128,128,245,54
2990,8240,128,128,245,54
2991,8240,128,128,245,54
2992,8240,128,128,245,54
2993,8240,128,128,245,56
2994,8240,128,128,245,56
2995,8240,128,128,245,56
2996,8240,128,128,245,56
2997,8240,128,128,245,56
2998,8240,128,128,245,56
2999,8240,128,128,245,56
3000,8240,128,128,245,56
3001,8240,128,128,245,56
3002,8240,128,128,245,56
3003,8240,128,128,245,56
3004,8240,128,128,245,56
3005,8240,128,128,245,56
3006,8240,128,128,245,56
3007,8240,128,128,245,56
3008,8240,92,128,247,61
3009,8240,92,128,247,61
3010,8240,92,128,247,61
3011,8240,92,128,247,61
3012,8240,92,128,247,61
3013,8224,40,128,255,101
3014,8224,40,128,255,101
3015,8224,40,128,255,101
3016,8224,40,128,255,101
3017,8224,40,128,255,101
3018,8224,22,129,255,114
3019,8224,22,129,255,114
3020,8224,22,129,255,114
3021,8224,22,129,255,114
3022,8224,19,129,255,116
3023,8224,19,129,255,116
3024,8224,16,129,255,117
3025,8224,16,129,255,117
3026,8224,16,129,255,117
3027,8224,16,129,255,117
3028,8224,16,129,255,117
3029,8224,13,131,255,121
3030,8224,13,131,255,121
3031,8224,13,131,255,121
3032,8224,13,131,255,125
3033,8224,13,131,255,125
3034,8224,13,131,255,125
3035,8224,13,131,255,125
3036,8224,13,131,255,145
3037,8224,13,131,255,145
3038,8224,13,131,255,145
3039,8224,13,131,255,145
3040,8224,13,131,255,145
3041,8288,48,127,251,182
3042,8288,48,127,251,182
3043,8288,48,127,251,182
3044,8288,48,127,251,182
3045,8288,48,127,251,182
3046,8256,128,128,99,253
3047,8256,128,128,99,253
3048,8256,128,128,99,253
3049,8256,128,128,99,253
3050,8256,128,128,99,253
3051,8384,128,128,58,246
3052,8384,128,128,58,246
3053,8384,128,128,58,246
3054,8384,128,128,48,238
3055,8384,128,128,30,203
3056,8384,128,128,30,203
3057,8384,128,128,30,203
3058,8384,128,128,30,203
3059,8384,128,128,30,203
3060,8320,96,128,1,120
3061,8320,96,128,1,120
3062,8320,96,128,1,120
3063,8320,96,128,1,120
3064,8336,26,128,3,80
3065,8336,1,128,7,54
3066,8336,1,128,7,54
3067,8336,1,128,7,54
3068,8336,1,128,7,54
3069,8336,1,128,7,54
3070,8336,1,121,27,37
3071,8336,1,121,27,37
3072,8336,1,121,27,37
3073,8336,1,121,27,37
3074,8336,1,120,35,30
3075,8336,1,120,35,30
3076,8336,1,118,77,1
3077,8336,1,118,77,1
3078,8336,1,118,77,1
3079,8336,1,118,77,1
3080,8336,1,118,77,1
3081,8336,1,118,77,1
3082,8336,1,118,77,1
3083,8208,128,128,95,1
3084,8208,128,128,99,1
3085,8208,128,128,99,1
3086,8208,128,128,99,1
3087,8208,128,128,99,1
3088,8208,128,128,99,1
3089,8208,128,128,105,1
3090,8208,128,128,107,1
3091,8208,128,128,107,1
3092,8208,128,128,107,1
3093,8208,128,128,107,1
3094,8208,128,128,107,1
3095,8208,128,128,114,1
3096,8208,128,128,114,1
3097,8208,128,128,114,1
3098,8208,128,128,114,1
3099,8208,128,128,114,1
3100,8208,128,128,117,1
3101,16,128,128,130,1
3102,16,128,128,130,1
3103,16,128,128,130,1
3104,16,128,128,130,1
3105,16,128,128,135,1
3106,16,128,128,135,1
3107,16,128,128,148,1
3108,16,128,128,148,1
3109,16,128,128,148,1
3110,16,128,128,148,1
3111,16,128,128,148,1
3112,16,128,128,148,1
3113,16,128,128,154,1
3114,16,128,128,154,1
3115,16,128,128,154,1
3116,16,128,128,155,1
3117,16,128,128,155,1
3118,16,128,128,155,1
3119,16,128,128,155,1
3120,16,128,128,157,1
3121,16,128,128,157,1
3122,16,128,128,157,1
3123,16,128,128,157,1
3124,16,128,128,157,1
3125,16,128,128,157,1
3126,48,128,128,167,1
3127,48,128,128,167,1
3128,48,128,128,167,1
3129,48,128,128,167,1
3130,48,128,128,167,1
3131,48,128,128,167,1
3132,8240,128,128,212,12
3133,8240,128,128,212,12
3134,8240,128,128,215,15
3135,8240,128,128,215,15
3136,8240,128,128,215,15
3137,8240,128,128,215,15
3138,8240,150,112,215,18
3139,8240,161,104,209,16
3140,8240,161,104,209,16
3141,8240,161,104,209,16
3142,8240,161,104,209,16
3143,8240,161,104,209,16
3144,8240,147,98,189,7
3145,8240,147,98,189,7
3146,8240,147,98,189,7
3147,8240,147,98,189,7
3148,8240,147,98,189,7
3149,8240,133,125,185,6
3150,8240,119,128,180,4
3151,8240,78,128,180,4
3152,8240,78,128,180,4
3153,8240,78,128,180,4
3154,8240,78,128,180,4
3155,8240,78,128,180,4
3156,8240,58,131,186,6
3157,8240,58,131,186,6
3158,8240,58,131,186,6
3159,8240,58,131,186,6
3160,8240,58,131,186,6
3161,8240,58,131,186,6
3162,8240,1,145,236,54
3163,8240,1,145,236,54
3164,8240,1,145,236,54
3165,8240,1,145,236,54
3166,8240,1,145,236,54
3167,8240,1,145,236,54
3168,8240,1,145,236,54
3169,8224,1,147,255,97
3170,8224,1,147,255,97
3171,8192,1,147,129,106
3172,8192,1,147,129,106
3173,8192,1,147,129,106
3174,8192,1,147,129,106
3175,8192,1,147,129,106
3176,8192,1,137,128,128
3177,8192,1,137,128,128
3178,8192,1,137,128,128
3179,8192,1,137,128,128
3180,8192,1,137,128,128
3181,8192,1,137,128,128
3182,8192,1,137,128,128
3183,8192,1,137,128,128
3184,0,1,129,128,128
3185,0,1,129,128,128
3186,0,1,129,128,128
3187,0,1,129,128,128
3188,0,1,129,128,128
3189,0,1,129,128,128
3190,0,1,129,128,128
3191,0,1,127,128,128
3192,0,1,127,128,128
3193,0,1,127,128,128
3194,0,1,127,128,128
3195,0,1,127,128,128
3196,0,1,123,128,128
3197,0,1,123,128,128
3198,0,1,123,128,128
3199,0,1,123,128,128
3200,0,1,123,128,128
3201,0,1,123,128,128
3202,0,1,115,128,128
3203,0,1,115,128,128
3204,0,1,115,128,128
3205,0,1,115,128,128
3206,0,1,115,128,128
3207,16,47,107,91,1
3208,16,47,107,91,1
3209,16,47,107,91,1
3210,16,47,107,91,1
3211,8208,91,106,93,1
3212,8208,128,128,95,1
3213,8208,128,128,95,1
3214,8208,128,128,95,1
3215,8208,128,128,95,1
3216,8208,128,128,95,1
3217,8208,128,128,97,1
3218,8208,128,128,97,1
3219,8208,128,128,97,1
3220,8208,128,128,97,1
3221,8208,128,128,97,1
3222,8208,128,128,110,1
3223,8208,128,128,110,1
3224,8208,128,128,110,1
3225,8208,128,128,110,1
3226,8208,128,128,110,1
3227,8208,126,93,122,1
3228,8208,126,93,122,1
3229,8208,126,93,122,1
3230,8208,126,93,122,1
3231,8208,126,93,122,1
3232,8208,145,19,134,1
3233,8208,145,19,134,1
3234,8208,145,19,134,1
3235,8208,145,19,134,1
3236,8208,145,19,134,1
3237,8208,128,128,141,1
3238,8208,128,128,141,1
3239,8208,128,128,141,1
3240,8208,128,128,141,1
3241,8208,128,128,141,1
3242,8208,128,128,147,1
3243,8208,128,128,147,1
3244,8208,128,128,147,1
3245,8208,128,128,150,1
3246,8208,128,128,152,1
3247,8208,128,128,152,1
3248,8208,128,128,152,1
3249,8208,128,128,152,1
3250,8208,128,128,152,1
3251,8208,128,128,154,1
3252,8208,128,128,154,1
3253,8208,128,128,154,1
3254,8208,128,128,154,1
3255,8208,128,128,154,1
3256,8208,128,128,154,1
3257,8208,128,128,154,1
3258,8208,128,128,154,1
3259,8208,128,128,154,1
3260,8208,128,128,154,1
3261,8208,128,128,154,1
3262,8208,128,128,154,1
3263,8208,128,128,154,1
3264,8208,128,128,154,1
3265,8208,172,133,154,1
3266,8208,172,133,154,1
3267,8208,172,133,154,1
3268,8208,172,133,154,1
3269,8208,172,133,154,1
3270,8208,206,135,150,1
3271,8208,206,135,150,1
3272,8208,206,135,150,1
3273,8208,206,135,150,1
3274,8208,206,135,150,1
3275,8208,206,136,138,1
3276,8208,206,136,138,1
3277,8208,206,136,133,1
3278,8208,206,136,133,1
3279,8208,206,136,133,1
3280,8208,206,136,128,1
3281,8208,206,136,128,1
3282,8208,206,136,127,1
3283,8208,206,136,127,1
3284,8208,206,136,127,1
3285,8208,166,137,125,1
3286,8208,166,137,125,1
3287,8208,160,137,125,1
3288,8208,160,137,125,1
3289,8208,160,137,125,1
3290,8208,128,128,129,1
3291,8208,128,128,129,1
3292,8208,128,128,129,1
3293,8208,128,128,129,1
3294,8208,128,128,129,1
3295,8208,128,128,137,1
3296,8208,128,128,137,1
3297,8208,128,128,137,1
3298,8208,128,128,137,1
3299,8208,128,128,141,1
3300,8208,128,128,141,1
3301,8208,128,128,141,1
3302,8208,128,128,141,1
3303,8208,128,128,141,1
3304,8208,128,128,141,1
3305,8208,128,128,141,1
3306,8208,128,128,141,1
3307,8208,128,128,141,1
3308,8208,128,128,141,1
3309,8208,128,128,141,1
3310,8336,128,128,65,6
3311,8336,128,128,65,6
3312,8336,128,128,65,6
3313,8336,128,128,65,6
3314,8336,128,128,60,11
3315,8336,128,128,60,11
3316,8336,128,128,60,11
3317,8336,128,128,60,11
3318,8336,128,128,60,11
3319,8336,145,128,70,1
3320,8336,145,128,70,1
3321,8336,145,128,70,1
3322,8336,145,128,70,1
3323,8336,145,128,70,1
3324,8208,157,130,94,1
3325,8208,157,130,94,1
3326,8208,157,130,94,1
3327,8208,157,130,94,1
3328,8208,158,130,99,1
3329,8208,159,130,103,1
3330,8208,160,130,106,1
3331,8208,160,130,106,1
3332,8208,160,130,106,1
3333,8208,160,130,106,1
3334,8208,161,130,113,1
3335,8208,161,130,113,1
3336,8208,161,130,113,1
3337,8208,161,130,118,1
3338,8208,173,130,129,1
3339,8208,173,130,129,1
3340,8208,173,130,129,1
3341,8208,173,130,129,1
3342,8208,173,130,129,1
3343,8208,173,130,129,1
3344,8208,185,130,147,1
3345,8208,185,130,147,1
3346,8208,185,130,147,1
3347,8208,185,130,147,1
3348,8208,144,130,160,1
3349,8208,144,130,160,1
3350,8208,144,130,160,1
3351,8208,144,130,160,1
3352,8208,144,130,160,1
3353,8240,141,130,166,1
3354,8240,141,130,166,1
3355,8240,141,130,166,1
3356,8240,141,130,166,1
3357,8240,141,130,166,1
3358,8240,138,130,181,5
3359,8240,138,130,181,5
3360,8240,138,130,181,5
3361,8240,138,130,181,5
3362,8240,138,128,185,7
3363,8240,138,128,185,7
3364,8240,138,128,185,7
3365,8240,137,128,190,8
3366,8240,131,128,199,12
3367,8240,129,128,203,14
3368,8240,129,128,203,14
3369,8240,129,128,203,14
3370,8240,129,128,203,14
3371,8240,128,128,207,15
3372,8240,128,128,207,15
3373,8240,128,128,207,15
3374,8240,128,128,207,15
3375,8240,128,128,209,15
3376,8240,128,128,209,15
3377,8240,128,128,209,15
3378,8240,128,128,209,15
3379,8240,128,128,209,15
3380,8240,128,128,209,15
3381,8240,128,128,209,15
3382,8240,128,128,209,15
3383,8240,128,128,209,15
3384,8240,87,131,209,15
3385,8240,87,131,209,15
3386,8240,78,133,209,15
3387,8240,78,133,209,15
3388,8240,72,134,209,15
3389,8240,68,135,209,15
3390,8240,68,135,209,15
3391,8240,68,135,209,15
3392,8240,68,135,209,15
3393,8240,64,136,209,15
3394,8240,64,136,209,15
3395,8240,63,136,209,15
3396,8240,63,136,209,15
3397,8240,63,136,209,15
3398,8240,61,137,209,15
3399,8240,61,137,209,15
3400,8240,61,137,209,15
3401,8240,61,137,209,15
3402,8240,61,137,209,15
3403,8240,61,137,209,15
3404,8240,61,137,209,15
3405,8240,61,137,209,15
3406,8240,61,137,209,15
3407,8240,61,137,209,15
3408,8240,61,137,210,17
3409,8240,61,137,214,20
3410,8240,61,137,214,20
3411,8240,61,137,214,20
3412,8240,63,137,215,20
3413,8240,63,137,215,20
3414,8240,63,137,215,20
3415,8240,69,137,217,21
3416,8240,69,137,217,21
3417,8240,69,137,217,21
3418,8240,69,137,217,21
3419,8240,69,137,217,21
3420,8240,71,137,217,21
3421,8240,76,137,223,28
3422,8240,76,137,223,28
3423,8240,76,137,223,28
3424,8240,76,137,223,28
3425,8240,76,137,223,28
3426,8240,76,137,223,28
3427,8240,76,137,227,32
3428,8240,128,128,234,39
3429,8240,128,128,234,39
3430,8240,128,128,234,39
3431,8240,128,128,234,39
3432,8240,128,128,234,39
3433,8240,128,128,234,39
3434,8240,128,128,234,39
3435,8240,128,128,237,42
3436,8240,128,128,237,42
3437,8240,128,128,237,42
3438,8240,128,128,237,42
3439,8240,128,128,237,42
3440,8240,128,128,237,42
3441,8240,128,128,237,42
3442,8240,128,128,237,42
3443,8240,128,128,237,42
3444,8240,128,128,237,42
3445,8240,128,128,237,42
3446,8240,97,132,228,33
3447,8240,97,132,228,33
3448,8240,97,132,228,33
3449,8240,97,132,228,33
3450,8240,97,132,228,33
3451,8240,97,132,228,33
3452,8240,60,178,189,13
3453,8240,60,178,189,13
3454,8240,60,178,189,13
3455,8240,60,178,189,13
3456,8240,60,178,189,13
3457,8240,60,179,187,10
3458,8240,60,180,183,6
3459,8240,60,180,183,6
3460,8240,60,180,183,6
3461,8240,94,173,183,5
3462,8240,94,173,183,5
3463,8240,94,173,183,5
3464,8240,94,173,183,5
3465,8240,94,173,183,5
3466,8240,128,128,171,1
3467,8240,128,128,171,1
3468,8240,128,128,171,1
3469,8240,128,128,171,1
3470,8240,128,128,171,1
3471,8240,128,128,171,1
3472,8240,128,128,167,1
3473,8208,128,128,155,1
3474,8208,128,128,155,1
3475,8208,128,128,155,1
3476,8208,128,128,155,1
3477,8208,128,128,155,1
3478,8208,128,128,155,1
3479,8208,128,128,151,1
3480,8208,128,128,137,1
3481,8208,128,128,137,1
3482,8208,128,128,137,1
3483,8208,128,128,137,1
3484,8208,128,128,137,1
3485,8208,128,128,137,1
3486,8208,128,128,137,1
3487,8208,128,128,124,1
3488,8208,128,128,124,1
3489,8208,128,128,124,1
3490,8208,128,128,124,1
3491,8208,128,128,124,1
3492,8208,128,128,124,1
3493,8208,128,128,122,1
3494,8208,128,128,122,1
3495,8208,128,128,122,1
3496,8208,128,128,122,1
3497,8208,128,128,122,1
3498,8208,128,128,122,1
3499,8208,128,128,122,1
3500,8208,128,128,130,1
3501,8208,128,128,130,1
3502,8208,128,128,130,1
3503,8208,128,128,130,1
3504,8208,128,128,130,1
3505,8208,128,128,130,1
3506,8208,128,128,132,1
3507,8208,128,128,132,1
3508,8208,128,128,132,1
3509,8208,128,128,132,1
3510,8208,128,128,132,1
3511,8208,128,128,132,1
3512,8208,128,128,132,1
3513,8208,128,128,132,1
3514,8208,128,128,132,1
3515,8208,128,128,132,1
3516,8208,128,128,132,1
3517,8208,128,128,132,1
3518,8208,104,128,132,1
3519,8208,104,128,132,1
3520,8208,104,128,132,1
3521,8208,104,128,132,1
3522,8208,104,128,132,1
3523,8208,104,128,132,1
3524,8208,58,133,132,1
3525,8208,1,153,132,1
3526,8208,1,153,132,1
3527,8208,1,153,132,1
3528,8208,1,153,132,1
3529,8208,1,156,132,1
3530,8208,1,156,132,1
3531,8208,1,156,132,1
3532,8208,1,156,132,1
3533,8208,1,157,132,1
3534,8208,1,157,132,1
3535,8208,1,157,132,1
3536,8208,1,157,132,1
3537,8208,1,157,132,1
3538,8208,1,157,132,1
3539,16,1,153,132,1
3540,16,1,151,127,1
3541,16,1,151,127,1
3542,16,1,151,127,1
3543,16,1,151,127,1
3544,16,1,151,127,1
3545,16,1,151,127,1
3546,16,1,146,109,1
3547,16,1,146,109,1
3548,16,1,146,109,1
3549,16,1,146,109,1
3550,16,1,146,109,1
3551,16,1,146,109,1
3552,16,1,146,109,1
3553,16,1,139,102,1
3554,16,1,139,102,1
3555,16,1,139,102,1
3556,16,1,139,102,1
3557,16,59,132,102,1
3558,16,128,128,109,1
3559,16,128,128,142,1
3560,16,128,128,142,1
3561,16,128,128,142,1
3562,16,128,128,142,1
3563,16,128,128,142,1
3564,16,128,128,151,1
3565,16,128,128,151,1
3566,16,128,128,151,1
3567,16,128,128,151,1
3568,16,128,128,151,1
3569,8240,128,128,168,2
3570,8240,128,128,168,2
3571,8240,128,128,168,2
3572,8240,128,128,168,2
3573,8240,128,128,168,2
3574,8240,128,128,186,7
3575,8240,128,128,186,7
3576,8240,128,128,186,7
3577,8240,128,128,186,7
3578,8240,128,128,216,16
3579,8240,128,128,216,16
3580,8240,128,128,216,16
3581,8240,128,128,216,16
3582,8240,128,128,218,19
3583,8240,209,92,223,26
3584,8240,209,92,223,26
3585,8240,209,92,223,26
3586,8240,209,92,223,26
3587,8240,209,92,223,26
3588,8240,252,78,227,32
3589,8240,252,76,227,33
3590,8240,252,76,227,33
3591,8240,252,76,227,33
3592,8240,252,76,227,33
3593,8240,128,128,225,30
3594,8240,128,128,225,30
3595,8240,128,128,225,30
3596,8240,128,128,225,30
3597,8240,128,128,225,30
3598,8240,128,128,210,19
3599,8240,128,128,210,19
3600,8240,128,128,202,14
3601,8240,128,128,202,14
3602,8240,128,128,202,14
3603,8240,128,128,185,7
3604,8240,128,128,185,7
3605,8240,128,128,185,7
3606,8240,128,128,185,7
3607,8240,128,128,179,1
3608,8240,128,128,170,1
3609,8240,128,128,170,1
3610,8240,128,128,170,1
3611,8208,128,128,164,1
3612,8208,128,128,164,1
3613,8208,128,128,164,1
3614,8208,128,128,155,1
3615,8208,128,128,151,1
3616,8208,128,128,151,1
3617,8208,128,128,151,1
3618,8208,128,128,151,1
3619,8208,128,128,147,1
3620,8208,128,128,147,1
3621,8208,128,128,147,1
3622,8208,128,128,147,1
3623,8208,128,128,147,1
3624,8208,182,128,146,1
3625,8208,182,128,146,1
3626,8208,182,128,146,1
3627,8208,182,128,146,1
3628,8208,250,76,143,1
3629,8208,250,76,143,1
3630,8208,250,76,143,1
3631,8208,250,76,143,1
3632,8208,251,76,143,1
3633,8208,255,82,153,1
3634,8208,255,82,153,1
3635,8208,255,82,153,1
3636,8208,255,82,153,1
3637,8208,255,82,153,1
3638,8208,255,82,153,1
3639,8208,255,82,153,1
3640,8240,255,84,189,5
3641,8240,255,84,189,5
3642,8240,255,84,189,5
3643,8240,255,84,189,5
3644,8240,255,84,189,5
3645,8240,255,84,189,5
3646,8240,255,84,189,5
3647,8240,193,92,187,5
3648,8240,128,128,182,4
3649,8240,128,128,182,4
3650,8240,128,128,182,4
3651,8240,128,128,182,4
3652,8240,128,128,182,4
3653,8240,128,128,175,1
3654,8240,128,128,175,1
3655,8240,128,128,175,1
3656,8240,128,128,173,1
3657,8240,128,128,173,1
3658,8240,128,128,172,1
3659,8240,128,128,172,1
3660,8240,128,128,169,1
3661,8240,128,128,169,1
3662,8240,128,128,169,1
3663,8240,128,128,169,1
3664,8208,128,128,166,1
3665,8208,128,128,166,1
3666,8208,128,128,166,1
3667,8208,128,128,166,1
3668,8208,128,128,166,1
3669,8208,128,128,154,1
3670,8208,128,128,154,1
3671,8208,128,128,154,1
3672,8208,128,128,154,1
3673,8208,128,128,154,1
3674,8208,128,128,143,1
3675,8208,128,128,143,1
3676,8208,128,128,135,1
3677,8208,128,128,135,1
3678,8208,128,128,135,1
3679,8208,128,128,135,1
3680,8208,128,128,90,2
3681,8208,128,128,90,2
3682,8208,128,128,90,2
3683,8208,128,128,90,2
3684,8208,128,128,90,2
3685,8336,128,128,74,8
3686,8336,128,128,74,8
3687,8336,128,128,74,8
3688,8336,128,128,74,8
3689,8336,128,128,69,10
3690,8336,128,128,64,12
3691,8336,128,128,64,12
3692,8336,128,128,64,12
3693,8336,128,128,64,10
3694,8336,128,128,64,10
3695,8336,131,128,74,5
3696,8336,131,128,74,5
3697,8336,131,128,74,5
3698,8336,131,128,74,5
3699,8336,131,128,74,5
3700,8336,131,128,74,5
3701,8336,131,128,74,5
3702,8336,133,128,77,3
3703,8336,133,128,77,3
3704,8336,133,128,77,3
3705,8336,134,128,77,3
3706,8336,134,128,77,3
3707,8336,134,128,77,3
3708,8336,128,128,77,3
3709,8336,128,128,77,3
3710,8336,128,128,77,3
3711,8336,128,128,77,3
3712,8336,136,128,77,3
3713,8336,176,117,85,1
3714,8336,176,117,85,1
3715,8208,181,108,92,1
3716,8208,181,108,92,1
3717,8208,181,108,92,1
3718,8208,181,108,92,1
3719,8208,180,103,108,1
3720,8208,180,103,108,1
3721,8208,180,103,108,1
3722,8208,180,103,108,1
3723,8208,180,103,108,1
3724,8208,131,113,113,1
3725,8208,131,113,113,1
3726,8208,128,128,115,1
3727,8208,128,128,115,1
3728,8208,128,128,115,1
3729,8208,128,128,115,1
3730,8208,128,128,119,1
3731,8208,128,128,119,1
3732,8208,128,128,119,1
3733,8208,128,128,119,1
3734,8208,128,128,119,1
3735,8208,128,128,119,1
3736,8208,128,128,122,1
3737,8208,128,128,122,1
3738,8208,128,128,122,1
3739,8208,128,128,122,1
3740,8208,128,128,122,1
3741,8208,128,128,122,1
3742,8208,128,128,122,1
3743,8208,128,128,122,1
3744,8208,128,128,122,1
3745,8208,128,128,122,1
3746,8208,128,128,122,1
3747,8208,128,128,124,1
3748,8208,128,128,124,1
3749,8208,128,128,124,1
3750,8208,128,128,124,1
3751,8208,128,128,124,1
3752,8208,128,128,124,1
3753,8208,128,128,124,1
3754,8208,128,128,124,1
3755,8208,128,128,124,1
3756,8208,128,128,124,1
3757,8208,128,128,124,1
3758,8208,128,128,124,1
3759,8208,128,128,124,1
3760,8208,128,128,124,1
3761,8208,128,128,124,1
3762,8208,128,128,124,1
3763,8208,128,128,124,1
3764,8208,128,128,124,1
3765,8208,128,128,124,1
3766,8208,156,128,124,1
3767,8208,156,128,124,1
3768,8208,173,110,116,1
3769,8208,173,110,116,1
3770,8208,180,105,111,1
3771,8208,180,105,111,1
3772,8208,180,105,111,1
3773,8208,180,105,111,1
3774,8208,186,100,106,1
3775,8208,182,101,106,1
3776,8208,182,101,106,1
3777,8208,182,101,106,1
3778,8208,182,101,106,1
3779,8208,135,121,104,1
3780,8208,135,121,104,1
3781,8208,135,121,104,1
3782,8208,131,127,104,1
3783,8208,131,127,104,1
3784,8208,131,127,104,1
3785,8208,128,128,104,1
3786,8208,128,128,106,1
3787,8208,128,128,106,1
3788,8208,128,128,106,1
3789,8208,128,128,106,1
3790,8208,128,128,111,1
3791,8208,128,128,113,1
3792,8208,128,128,113,1
3793,8208,128,128,113,1
3794,8208,128,128,113,1
3795,8208,128,128,117,1
3796,8208,128,128,117,1
3797,8208,128,128,117,1
3798,8208,128,128,117,1
3799,8208,128,128,117,1
3800,8208,128,128,131,1
3801,8208,128,128,131,1
3802,8208,128,128,131,1
3803,8208,128,128,131,1
3804,8208,128,128,131,1
3805,16,128,128,137,1
3806,16,128,128,137,1
3807,16,128,128,137,1
3808,16,128,128,137,1
3809,16,128,128,139,1
3810,20,128,128,142,1
3811,20,128,128,142,1
3812,20,128,128,142,1
3813,20,128,128,142,1
3814,20,128,128,142,1
3815,20,128,128,142,1
3816,16,128,128,158,1
3817,16,128,128,158,1
3818,16,128,128,158,1
3819,16,128,128,158,1
3820,16,128,128,163,1
3821,16,128,128,163,1
3822,16,128,128,163,1
3823,48,128,128,174,2
3824,48,128,128,174,2
3825,48,128,128,174,2
3826,48,128,128,174,2
3827,48,128,128,174,2
3828,48,128,128,179,4
3829,48,128,128,179,4
3830,48,128,128,179,4
3831,48,128,128,179,4
3832,48,128,128,179,4
3833,48,128,128,181,4
3834,48,128,128,181,4
3835,48,128,128,181,4
3836,48,128,128,181,4
3837,48,128,128,181,4
3838,48,128,128,181,4
3839,48,128,128,181,4
3840,48,128,128,181,4
3841,48,128,128,182,4
3842,48,128,128,182,4
3843,48,128,128,182,4
3844,48,128,128,182,4
3845,48,128,128,182,4
3846,48,128,128,182,4
3847,48,128,128,178,4
3848,48,128,128,178,4
3849,48,128,128,178,4
3850,48,128,128,178,4
3851,48,128,128,178,4
3852,48,128,128,178,4
3853,48,128,128,168,1
3854,48,128,128,168,1
3855,48,128,128,168,1
3856,48,128,128,168,1
3857,48,128,128,168,1
3858,48,128,128,168,1
3859,16,128,128,165,1
3860,16,128,128,165,1
3861,16,128,128,165,1
3862,16,128,128,165,1
3863,16,128,128,165,1
3864,16,128,128,165,1
3865,16,128,128,165,1
3866,16,128,128,165,1
3867,16,128,128,165,1
3868,16,128,128,165,1
3869,16,128,128,165,1
3870,16,128,128,165,1
3871,16,128,128,165,1
3872,16,128,128,165,1
3873,16,128,128,165,1
3874,16,128,128,165,1
3875,16,128,128,165,1
3876,16,128,128,165,1
3877,16,128,128,165,1
3878,16,128,128,165,1
3879,16,128,128,165,1
3880,16,128,128,165,1
3881,16,128,128,165,1
3882,16,128,128,165,1
3883,16,128,128,165,1
3884,16,128,128,165,1
3885,16,128,128,165,1
3886,16,128,128,165,1
3887,16,128,128,165,1
3888,16,128,128,165,1
3889,16,128,128,165,1
3890,16,128,128,165,1
3891,16,128,128,165,1
3892,16,128,128,165,1
3893,16,128,128,165,1
3894,16,128,128,165,1
3895,16,128,128,165,1
3896,16,128,128,165,1
3897,16,128,128,165,1
3898,16,128,128,165,1
3899,16,128,128,165,1
3900,16,128,128,165,1
3901,16,128,128,165,1
3902,16,128,128,165,1
3903,16,128,128,165,1
3904,16,128,128,165,1
3905,16,128,128,165,1
3906,16,128,128,165,1
3907,16,128,128,165,1
3908,16,128,128,165,1
3909,16,128,128,165,1
3910,16,128,128,165,1
3911,16,128,128,165,1
3912,16,128,128,165,1
3913,16,128,128,165,1
3914,16,128,128,165,1
3915,16,128,128,165,1
3916,16,128,128,165,1
3917,16,128,128,165,1
3918,16,128,128,165,1
3919,16,128,128,165,1
3920,16,128,128,165,1
3921,16,128,128,165,1
3922,16,128,128,165,1
3923,16,128,128,165,1
3924,16,128,128,165,1
3925,16,128,128,165,1
3926,16,128,128,165,1
3927,16,128,128,165,1
3928,16,128,128,165,1
3929,16,128,128,165,1
3930,16,128,128,165,1
3931,16,128,128,165,1
3932,16,128,128,165,1
3933,16,128,128,165,1
3934,16,128,128,165,1
3935,16,128,128,165,1
3936,16,128,128,165,1
3937,16,128,128,165,1
3938,16,128,128,165,1
3939,16,128,128,165,1
3940,16,128,128,165,1
3941,16,128,128,165,1
3942,16,128,128,165,1
3943,16,128,128,165,1
3944,16,128,128,165,1
3945,16,128,128,165,1
3946,16,128,128,165,1
3947,16,128,128,165,1
3948,16,128,128,165,1
3949,16,128,128,165,1
3950,16,128,128,165,1
3951,16,128,128,165,1
3952,16,128,128,165,1
3953,16,128,128,165,1
3954,16,128,128,165,1
3955,16,128,128,165,1
3956,16,128,128,165,1
3957,48,128,128,168,1
3958,48,128,128,168,1
3959,48,128,128,168,1
3960,48,128,128,168,1
3961,48,128,128,168,1
3962,48,128,128,168,1
3963,48,128,128,168,1
3964,48,128,128,168,1
3965,48,128,128,168,1
3966,48,128,128,168,1
3967,48,128,128,168,1
3968,48,128,128,168,1
3969,48,128,128,168,1
3970,48,128,128,168,1
3971,48,128,128,168,1
3972,48,128,128,168,1
3973,48,128,128,168,1
3974,48,128,128,168,1
3975,48,128,128,168,1
3976,48,128,128,168,1
3977,48,128,128,168,1
3978,48,128,128,168,1
3979,48,128,128,168,1
3980,48,128,128,168,1
3981,48,128,128,168,1
3982,48,128,128,168,1
3983,48,128,128,168,1
3984,48,128,128,168,1
3985,48,128,128,168,1
3986,48,128,128,168,1
3987,48,128,128,168,1
3988,48,128,128,168,1
3989,48,128,128,168,1
3990,48,128,128,168,1
3991,48,128,128,168,1
3992,48,128,128,168,1
3993,48,128,128,168,1
3994,48,128,128,168,1
3995,48,128,128,168,1
3996,48,128,128,168,1
3997,48,128,128,168,1
3998,48,128,128,168,1
3999,48,128,128,168,1
4000,48,128,128,168,1
4001,48,128,128,168,1
4002,48,128,128,168,1
4003,48,128,128,168,1
4004,48,128,128,168,1
4005,48,128,128,168,1
4006,48,128,128,168,1
4007,48,128,128,168,1
4008,48,128,128,168,1
4009,48,128,128,168,1
4010,48,128,128,168,1
4011,48,128,128,168,1
4012,48,128,128,168,1
4013,48,128,128,168,1
4014,48,128,128,168,1
4015,48,128,128,168,1
4016,48,128,128,168,1
4017,48,128,128,168,1
4018,48,128,128,168,1
4019,48,128,128,168,1
4020,48,128,128,168,1
4021,48,128,128,168,1
4022,48,128,128,168,1
4023,48,128,128,168,1
4024,48,128,128,168,1
4025,48,128,128,168,1
4026,48,128,128,168,1
4027,48,128,128,168,1
4028,48,128,128,168,1
4029,48,128,128,168,1
4030,48,128,128,168,1
4031,48,128,128,168,1
4032,48,128,128,168,1
4033,48,128,128,168,1
4034,48,128,128,168,1
4035,48,128,128,168,1
4036,48,128,128,168,1
4037,48,128,128,168,1
4038,48,128,128,168,1
4039,48,128,128,168,1
4040,48,128,128,168,1
4041,48,128,128,168,1
4042,48,128,128,168,1
4043,48,128,128,168,1
4044,48,128,128,171,3
4045,48,128,128,205,67
4046,48,128,128,205,67
4047,48,128,128,205,67
4048,48,128,128,205,67
4049,48,128,128,205,67
4050,96,128,128,254,184
4051,96,128,128,250,190
4052,96,128,128,250,190
4053,96,128,128,250,190
4054,96,128,128,250,190
4055,96,128,128,250,190
4056,96,128,128,231,228
4057,96,128,128,231,228
4058,96,128,128,231,228
4059,96,128,128,231,228
4060,96,128,128,231,228
4061,96,128,128,231,228
4062,96,128,128,189,245
4063,96,128,128,189,245
4064,96,128,128,189,245
4065,96,128,128,189,245
4066,96,128,128,189,245
4067,96,128,128,189,245
4068,96,128,128,175,255
4069,96,128,128,175,255
4070,96,128,128,175,255
4071,96,128,128,173,255
4072,96,128,128,173,255
4073,96,128,128,173,255
4074,96,128,128,171,255
4075,96,128,128,169,255
4076,96,128,128,169,255
4077,96,128,128,169,255
4078,96,128,128,169,255
4079,96,128,128,169,255
4080,96,128,128,169,255
4081,96,128,128,169,255
4082,96,128,128,169,255
4083,96,128,128,169,255
4084,96,128,128,166,255
4085,96,128,128,166,255
4086,96,128,128,166,255
4087,64,128,128,163,255
4088,64,128,128,163,255
4089,64,128,128,163,255
4090,64,128,128,155,255
4091,64,128,128,150,255
4092,64,128,128,150,255
4093,64,128,128,150,255
4094,64,128,128,150,255
4095,64,128,128,139,255
4096,64,128,128,139,255
4097,64,128,128,139,255
4098,64,128,128,139,255
4099,64,128,128,134,255
4100,64,128,128,126,255
4101,64,128,128,126,255
4102,64,128,128,123,255
4103,64,128,128,123,255
4104,64,128,128,123,255
4105,64,128,128,123,255
4106,64,128,128,119,255
4107,64,128,128,119,255
4108,64,128,128,119,255
4109,64,128,128,119,255
4110,64,128,128,119,255
4111,64,128,128,119,255
4112,64,128,128,119,255
4113,64,128,128,119,255
4114,64,128,128,119,255
4115,64,128,128,119,255
4116,64,128,128,119,255
4117,68,121,128,119,255
4118,68,121,128,119,255
4119,68,121,128,119,255
4120,68,121,128,119,255
4121,68,121,128,119,255
4122,68,124,113,125,255
4123,68,124,113,125,255
4124,68,124,113,125,255
4125,68,124,113,125,255
4126,68,124,113,125,255
4127,64,145,114,138,255
4128,64,145,114,138,255
4129,64,145,114,138,255
4130,64,145,114,138,255
4131,96,245,109,167,255
4132,96,245,109,167,255
4133,96,255,104,210,245
4134,96,255,107,239,213
4135,96,255,107,239,213
4136,96,255,107,239,213
4137,96,255,107,239,213
4138,32,255,107,255,161
4139,32,255,107,255,161
4140,32,255,107,255,161
4141,32,255,107,255,161
4142,32,255,107,255,155
4143,32,255,107,255,155
4144,32,255,107,255,155
4145,32,255,107,255,113
4146,32,255,107,255,113
4147,32,255,107,255,113
4148,32,255,107,255,113
4149,32,255,107,255,113
4150,32,255,105,255,104
4151,48,255,104,252,65
4152,48,255,104,252,65
4153,48,255,104,252,65
4154,48,255,104,252,65
4155,8240,255,104,250,62
4156,8240,255,104,250,62
4157,8240,255,113,233,37
4158,8240,255,113,233,37
4159,8240,255,113,233,37
4160,8240,255,113,233,37
4161,8240,255,113,233,37
4162,8240,255,113,233,37
4163,8240,255,129,216,21
4164,8240,255,129,216,21
4165,8240,255,129,216,21
4166,8240,255,129,216,21
4167,8240,255,129,216,21
4168,8240,255,129,216,21
4169,8240,255,129,216,21
4170,8240,128,128,198,10
4171,8240,128,128,198,10
4172,8240,128,128,198,10
4173,8240,128,128,198,10
4174,8240,128,128,198,10
4175,8240,128,128,198,10
4176,8240,128,128,198,10
4177,8240,128,128,193,8
4178,8240,128,128,193,8
4179,8240,128,128,193,8
4180,8240,128,128,183,5
4181,8240,128,128,183,5
4182,8240,128,128,183,5
4183,8240,128,128,183,5
4184,8240,128,128,180,5
4185,8240,128,128,180,5
4186,8240,128,128,180,5
4187,8240,128,128,177,3
4188,8240,128,128,177,3
4189,8240,128,128,177,3
4190,8240,128,128,177,3
4191,8240,128,128,177,3
4192,8240,128,128,177,3
4193,8240,128,128,177,3
4194,8240,128,128,177,3
4195,8240,128,128,177,3
4196,8240,128,128,177,3
4197,8240,128,128,177,3
4198,8240,128,128,177,3
4199,8240,128,128,177,3
4200,8240,128,128,177,3
4201,8240,128,128,177,3
4202,8240,128,128,177,3
4203,8240,128,128,177,3
4204,8240,128,128,177,3
4205,8240,128,128,177,3
4206,8240,128,128,177,3
4207,8240,128,128,177,3
4208,8240,255,129,177,3
4209,8240,255,129,177,3
4210,8240,255,129,177,3
4211,8240,255,129,177,3
4212,8240,255,129,177,3
4213,8240,255,129,177,3
4214,8240,255,129,177,3
4215,8240,173,126,177,3
4216,8240,173,126,177,3
4217,8240,173,126,177,3
4218,8240,173,126,177,3
4219,8240,137,126,177,3
4220,8240,137,126,177,3
4221,8240,137,126,177,3
4222,8240,137,126,177,3
4223,8240,128,128,177,3
4224,8240,128,128,177,3
4225,8240,128,128,177,3
4226,8240,128,128,177,3
4227,8240,128,128,177,3
4228,8240,128,128,177,3
4229,8240,128,128,177,3
4230,8240,128,128,177,3
4231,8240,128,128,177,3
4232,8240,128,128,177,3
4233,8240,128,128,177,3
4234,8240,128,128,177,3
4235,8240,128,128,177,3
4236,8240,128,128,177,3
4237,8240,128,128,177,3
4238,8240,128,128,177,3
4239,8240,128,128,177,3
4240,8240,128,128,177,3
4241,8240,128,128,177,3
4242,8240,128,128,177,3
4243,8240,128,128,177,3
4244,8240,128,128,177,3
4245,8240,128,128,177,3
4246,8240,128,128,177,3
4247,8240,128,128,177,3
4248,8240,128,128,177,3
4249,8240,128,128,177,3
4250,8240,128,128,177,3
4251,8240,128,128,177,3
4252,8240,128,128,177,3
4253,8240,128,128,177,3
4254,8240,128,128,177,3
4255,8240,128,128,177,3
4256,8240,128,128,177,3
4257,8240,128,128,177,3
4258,8240,128,128,177,3
4259,8240,128,128,171,2
4260,8240,128,128,171,2
4261,8240,128,128,171,2
4262,8240,128,128,171,2
4263,8240,128,128,171,2
4264,8240,128,128,171,2
4265,8240,128,128,171,2
4266,8208,87,187,165,1
4267,8208,87,187,165,1
4268,8208,87,187,165,1
4269,8208,87,187,165,1
4270,8208,87,187,165,1
4271,8208,87,187,165,1
4272,8208,86,190,165,1
4273,8208,128,128,162,1
4274,8208,128,128,162,1
4275,8208,128,128,162,1
4276,8208,128,128,162,1
4277,8208,128,128,162,1
4278,8208,128,128,162,1
4279,8208,128,128,158,1
4280,8208,128,128,150,1
4281,8208,128,128,150,1
4282,8208,128,128,150,1
4283,8208,128,128,150,1
4284,8208,128,128,150,1
4285,8208,128,128,150,1
4286,8208,128,128,150,1
4287,8208,128,128,146,1
4288,8208,128,128,146,1
4289,8208,128,128,146,1
4290,8208,128,128,146,1
4291,8208,128,128,146,1
4292,8208,128,128,146,1
4293,8208,128,128,146,1
4294,8208,128,128,141,1
4295,8208,128,128,141,1
4296,8208,128,128,141,1
4297,8208,128,128,141,1
4298,8208,128,128,137,1
4299,8208,128,128,137,1
4300,8208,128,128,137,1
4301,8208,128,128,128,1
4302,8208,128,128,128,1
4303,8208,128,128,128,1
4304,8208,128,128,128,1
4305,8208,128,128,128,1
4306,8208,128,128,128,1
4307,8336,128,128,84,3
4308,8336,128,128,84,3
4309,8336,128,128,84,3
4310,8336,128,128,84,3
4311,8336,128,128,84,3
4312,8336,128,128,84,3
4313,8336,128,128,84,3
4314,8336,87,133,65,11
4315,8336,87,133,65,11
4316,8336,87,133,65,11
4317,8336,87,133,65,11
4318,8336,87,133,65,11
4319,8336,87,133,65,11
4320,8336,87,133,65,11
4321,8208,128,128,107,1
4322,8208,128,128,107,1
4323,8208,128,128,107,1
4324,8208,128,128,107,1
4325,8208,128,128,107,1
4326,8208,128,128,138,1
4327,8208,128,128,138,1
4328,8208,128,128,138,1
4329,8208,128,128,155,1
4330,8208,128,128,155,1
4331,8208,128,128,155,1
4332,8208,128,128,161,1
4333,8208,128,128,161,1
4334,8208,128,128,161,1
4335,8208,128,128,161,1
4336,8240,128,128,176,2
4337,8240,128,128,176,2
4338,8240,128,128,176,2
4339,8240,128,128,176,2
4340,8240,128,128,176,2
4341,8240,128,128,176,2
4342,8240,128,128,176,2
4343,8240,128,128,176,2
4344,8240,128,128,180,3
4345,8240,128,128,180,3
4346,8240,128,128,180,3
4347,8240,128,128,180,3
4348,8240,128,128,180,3
4349,8240,128,128,180,3
4350,8240,128,128,180,3
4351,8240,128,128,180,3
4352,8240,128,128,180,3
4353,8240,128,128,180,3
4354,8240,128,128,180,3
4355,8240,128,128,180,3
4356,8240,128,128,180,3
4357,8240,128,128,180,3
4358,8240,128,128,180,3
4359,8240,128,128,180,3
4360,8240,128,128,180,3
4361,8240,128,128,180,3
4362,8240,128,128,180,3
4363,8240,128,128,180,3
4364,8240,128,128,180,3
4365,8240,128,128,180,3
4366,8240,128,128,180,3
4367,8240,128,128,180,3
4368,8240,128,128,180,3
4369,8240,128,128,180,3
4370,8240,128,128,180,3
4371,8240,71,201,180,3
4372,8240,71,201,180,3
4373,8240,71,201,180,3
4374,8240,71,201,180,3
4375,8240,71,201,180,3
4376,8240,71,201,180,3
4377,8240,71,201,180,3
4378,8240,61,210,180,3
4379,8240,122,129,180,3
4380,8240,122,129,180,3
4381,8240,122,129,180,3
4382,8240,122,129,180,3
4383,8240,122,129,180,3
4384,8240,128,128,180,3
4385,8240,128,128,180,3
4386,8240,128,128,180,3
4387,8240,128,128,180,3
4388,8240,128,128,180,3
4389,8240,128,128,180,3
4390,8240,128,128,180,3
4391,8240,128,128,180,3
4392,8240,128,128,180,3
4393,8240,128,128,180,3
4394,8240,128,128,180,3
4395,8240,128,128,180,3
4396,8240,128,128,180,3
4397,8240,128,128,180,3
4398,8240,128,128,180,3
4399,8240,128,128,180,3
4400,8240,128,128,180,3
4401,8240,128,128,180,3
4402,8240,128,128,180,3
4403,8240,128,128,180,3
4404,8240,128,128,180,3
4405,8240,128,128,180,3
4406,8240,128,128,180,3
4407,8240,128,128,180,3
4408,8240,128,128,180,3
4409,8240,128,128,180,3
4410,8240,128,128,182,3
4411,8240,128,128,182,3
4412,8240,128,128,182,3
4413,8240,128,128,182,3
4414,8240,128,128,182,3
4415,8240,128,128,225,27
4416,8240,128,128,225,27
4417,8240,128,128,225,27
4418,8240,128,128,225,27
4419,8240,128,128,225,27
4420,8240,128,128,225,27
4421,8240,128,128,234,38
4422,8240,128,128,234,38
4423,8240,128,128,234,38
4424,8240,128,128,234,38
4425,8240,128,128,234,38
4426,8240,128,128,236,40
4427,8240,128,128,236,40
4428,8240,128,128,236,40
4429,8240,128,128,236,40
4430,8240,128,128,236,40
4431,8240,128,128,236,40
4432,48,82,128,236,40
4433,48,82,128,236,40
4434,48,82,128,236,40
4435,48,41,135,236,40
4436,48,41,135,236,40
4437,48,1,142,238,44
4438,48,1,142,238,44
4439,48,1,142,238,44
4440,48,1,141,242,73
4441,48,1,141,242,73
4442,0,1,127,144,119
4443,0,1,127,144,119
4444,0,1,127,144,119
4445,0,1,127,144,119
4446,0,1,127,144,119
4447,0,1,127,144,119
4448,0,1,122,128,128
4449,0,1,122,128,128
4450,0,1,120,128,128
4451,0,1,120,128,128
4452,0,1,120,128,128
4453,0,1,114,128,128
4454,0,1,114,128,128
4455,0,1,114,128,128
4456,0,1,114,128,128
4457,0,1,109,128,128
4458,0,1,109,128,128
4459,0,1,109,128,128
4460,0,1,109,128,128
4461,8336,1,108,34,66
4462,8336,1,108,34,66
4463,8336,1,108,34,66
4464,8336,1,108,34,66
4465,8336,1,108,34,66
4466,8336,1,106,24,50
4467,8336,1,106,24,50
4468,8336,39,105,26,45
4469,8336,39,105,26,45
4470,8336,39,105,26,45
4471,8336,39,105,26,45
4472,8336,128,128,36,31
4473,8336,128,128,69,22
4474,8336,128,128,69,22
4475,8336,128,128,69,22
4476,8336,128,128,69,22
4477,8336,128,128,69,22
4478,8208,128,128,107,1
4479,8208,128,128,107,1
4480,8208,128,128,110,1
4481,8208,128,128,110,1
4482,8208,128,128,110,1
4483,8208,128,128,110,1
4484,8208,128,128,110,1
4485,8208,128,128,114,1
4486,8208,128,128,114,1
4487,8208,128,128,114,1
4488,8208,128,128,114,1
4489,8208,128,128,114,1
4490,8208,128,128,114,1
4491,8208,128,128,114,1
4492,8336,128,128,71,4
4493,8336,128,128,71,4
4494,8336,128,128,71,4
4495,8336,128,128,71,4
4496,8336,128,128,71,4
4497,8336,128,128,64,9
4498,8336,128,128,64,9
4499,8336,128,128,50,19
4500,8336,128,128,50,19
4501,8336,128,128,50,19
4502,8336,128,128,50,19
4503,8336,128,128,50,19
4504,8336,128,128,50,19
4505,8336,128,128,46,21
4506,8336,128,128,46,21
4507,8336,128,128,46,21
4508,8336,128,128,46,21
4509,8336,128,128,49,21
4510,8336,128,128,87,1
4511,8336,128,128,87,1
4512,8336,128,128,87,1
4513,8336,128,128,87,1
4514,8336,128,128,87,1
4515,8336,128,128,87,1
4516,8208,128,128,132,1
4517,8208,128,128,132,1
4518,8208,128,128,132,1
4519,8208,128,128,132,1
4520,8208,128,128,132,1
4521,8208,128,128,150,1
4522,8208,128,128,150,1
4523,8208,128,128,150,1
4524,8208,128,128,150,1
4525,8208,128,128,150,1
4526,8208,128,128,155,1
4527,8208,128,128,155,1
4528,8208,128,128,155,1
4529,8208,128,128,155,1
4530,8208,128,128,155,1
4531,8208,128,128,157,1
4532,8208,128,128,157,1
4533,8208,128,128,157,1
4534,8208,128,128,157,1
4535,8208,128,128,157,1
4536,8208,128,128,157,1
4537,8208,128,128,157,1
4538,8208,128,128,157,1
4539,8208,128,128,157,1
4540,8208,128,128,157,1
4541,8208,128,128,157,1
4542,8208,128,128,157,1
4543,8208,128,128,153,1
4544,8208,128,128,153,1
4545,8208,128,128,153,1
4546,8208,128,128,153,1
4547,8208,128,128,153,1
4548,8208,128,128,141,1
4549,8208,128,128,141,1
4550,8208,128,128,141,1
4551,8208,128,128,141,1
4552,8208,128,128,141,1
4553,8208,128,128,95,1
4554,8208,128,128,95,1
4555,8208,128,128,95,1
4556,8208,128,128,95,1
4557,8336,128,128,86,3
4558,8336,128,128,72,8
4559,8336,128,128,72,8
4560,8336,128,128,72,8
4561,8336,128,128,72,8
4562,8336,128,128,72,8
4563,8336,128,128,72,8
4564,8336,148,128,65,10
4565,8336,148,128,65,10
4566,8336,148,128,65,10
4567,8336,148,128,65,10
4568,8336,148,128,65,10
4569,8336,153,126,63,10
4570,8336,153,126,63,10
4571,8336,155,126,63,10
4572,8336,155,126,63,10
4573,8336,155,126,63,10
4574,8336,157,126,68,7
4575,8336,157,126,68,7
4576,8336,158,126,75,1
4577,8336,158,126,75,1
4578,8336,158,126,75,1
4579,8208,180,126,99,1
4580,8208,180,126,99,1
4581,8208,180,126,99,1
4582,8208,180,126,99,1
4583,8208,180,126,99,1
4584,8208,180,126,99,1
4585,8208,192,126,119,1
4586,8208,192,126,119,1
4587,8208,192,126,119,1
4588,8208,194,126,124,1
4589,8208,194,126,124,1
4590,8208,194,126,124,1
4591,8208,201,126,134,1
4592,8208,203,126,139,1
4593,8208,203,126,139,1
4594,8208,203,126,139,1
4595,8208,203,126,139,1
4596,8208,203,126,139,1
4597,8208,203,126,139,1
4598,8208,205,126,146,1
4599,8208,205,126,146,1
4600,8208,205,126,146,1
4601,8208,205,126,146,1
4602,8208,205,126,146,1
4603,8208,206,126,147,1
4604,8208,206,126,147,1
4605,8208,206,126,147,1
4606,8208,206,126,147,1
4607,8208,206,126,147,1
4608,8208,206,126,147,1
4609,8208,206,126,147,1
4610,8208,206,126,147,1
4611,8208,206,126,147,1
4612,8208,206,126,147,1
4613,8208,206,126,147,1
4614,8208,206,126,147,1
4615,8208,155,126,147,1
4616,8208,155,126,147,1
4617,8208,155,126,147,1
4618,8208,155,126,147,1
4619,8208,155,126,147,1
4620,8208,155,126,147,1
4621,8208,128,128,144,1
4622,8208,128,128,144,1
4623,8208,128,128,144,1
4624,8208,128,128,144,1
4625,8208,128,128,144,1
4626,8208,128,128,126,1
4627,8208,128,128,126,1
4628,8208,128,128,126,1
4629,8208,128,128,118,1
4630,8208,128,128,118,1
4631,8208,128,128,118,1
4632,8208,128,128,108,1
4633,8208,128,128,108,1
4634,8208,128,128,108,1
4635,8208,128,128,108,1
4636,8208,128,128,108,1
4637,8208,128,128,104,1
4638,8208,128,128,104,1
4639,8208,128,128,104,1
4640,8208,128,128,104,1
4641,8208,128,128,104,1
4642,8208,214,129,112,1
4643,8208,214,129,112,1
4644,8208,214,129,112,1
4645,8208,214,129,112,1
4646,8208,221,127,140,1
4647,8208,230,127,146,1
4648,8208,230,127,146,1
4649,8208,237,125,154,1
4650,8208,237,125,154,1
4651,8208,237,125,154,1
4652,8240,244,125,168,2
4653,8240,244,125,168,2
4654,8240,244,125,168,2
4655,8240,244,125,168,2
4656,8240,248,124,189,8
4657,8240,248,124,189,8
4658,8240,248,124,189,8
4659,8240,248,124,189,8
4660,8240,248,124,189,8
4661,8240,248,124,189,8
4662,8240,249,122,238,35
4663,8240,249,122,238,35
4664,8240,249,122,238,35
4665,8240,249,122,238,35
4666,8240,249,122,238,35
4667,8240,249,122,238,35
4668,8240,249,122,238,35
4669,8240,249,122,246,61
4670,8240,249,122,246,61
4671,8240,249,122,246,61
4672,8240,249,122,248,66
4673,8240,249,122,248,66
4674,8240,249,122,248,66
4675,8240,128,128,245,61
4676,8240,128,128,245,61
4677,8240,128,128,245,61
4678,8240,128,128,245,61
4679,8240,128,128,245,61
4680,8240,128,128,245,61
4681,8240,128,128,231,29
4682,8240,128,128,231,29
4683,8240,128,128,231,29
4684,8240,128,128,231,29
4685,8240,128,128,231,29
4686,8240,128,128,228,27
4687,8240,128,128,221,23
4688,8240,128,128,221,23
4689,8240,128,128,221,23
4690,8240,128,128,221,23
4691,8240,128,128,221,23
4692,8240,128,128,221,23
4693,8240,128,128,221,23
4694,8240,128,128,171,1
4695,8240,128,128,171,1
4696,8240,128,128,171,1
4697,8240,128,128,171,1
4698,8240,128,128,171,1
4699,8240,128,128,171,1
4700,8240,128,128,171,1
4701,8208,128,128,159,1
4702,8208,128,128,155,1
4703,8208,128,128,155,1
4704,8208,128,128,155,1
4705,8208,128,128,155,1
4706,8208,128,128,155,1
4707,8208,128,128,121,1
4708,8208,128,128,116,1
4709,8208,128,128,116,1
4710,8208,128,128,116,1
4711,8208,128,128,116,1
4712,8208,128,128,116,1
4713,8208,128,128,106,1
4714,8208,128,128,106,1
4715,8208,128,128,105,1
4716,8208,128,128,105,1
4717,8208,128,128,105,1
4718,8208,128,128,105,1
4719,8208,128,128,104,1
4720,8208,128,128,104,1
4721,8208,128,128,104,1
4722,8208,128,128,104,1
4723,8208,128,128,104,1
4724,8208,128,128,104,1
4725,8208,128,128,104,1
4726,8208,128,128,104,1
4727,8208,128,128,106,1
4728,8208,128,128,106,1
4729,8208,128,128,106,1
4730,8208,128,128,106,1
4731,8208,128,128,108,1
4732,8208,128,128,108,1
4733,8208,128,128,108,1
4734,8208,128,128,108,1
4735,8208,128,128,108,1
4736,8208,128,128,108,1
4737,8208,128,128,112,1
4738,8208,128,128,112,1
4739,8208,128,128,112,1
4740,8208,128,128,112,1
4741,8208,128,128,112,1
4742,8208,128,128,112,1
4743,8208,128,128,112,1
4744,8208,128,128,112,1
4745,8208,128,128,112,1
4746,8208,128,128,112,1
4747,8208,128,128,112,1
4748,8208,128,128,112,1
4749,8208,128,128,114,1
4750,8208,128,128,114,1
4751,8208,128,128,114,1
4752,8208,128,128,114,1
4753,8208,128,128,115,1
4754,8208,128,128,115,1
4755,8208,128,128,115,1
4756,8208,128,128,117,1
4757,8208,128,128,117,1
4758,8208,128,128,117,1
4759,8208,128,128,117,1
4760,8208,128,128,117,1
4761,8208,128,128,117,1
4762,8208,128,128,117,1
4763,8208,128,128,119,1
4764,8208,128,128,119,1
4765,8208,128,128,119,1
4766,8208,128,128,119,1
4767,8208,128,128,119,1
4768,8208,128,128,119,1
4769,16,128,128,131,1
4770,16,128,128,131,1
4771,16,128,128,131,1
4772,16,128,128,131,1
4773,16,128,128,131,1
4774,16,128,128,131,1
4775,16,46,150,144,1
4776,16,46,150,144,1
4777,16,46,150,144,1
4778,16,38,154,147,1
4779,16,38,154,147,1
4780,16,38,154,147,1
4781,48,34,158,185,3
4782,48,34,158,185,3
4783,48,34,158,185,3
4784,48,34,158,185,3
4785,48,34,158,185,3
4786,48,196,128,220,20
4787,48,196,128,220,20
4788,48,196,128,220,20
4789,48,196,128,220,20
4790,48,232,120,222,24
4791,48,232,120,222,24
4792,48,255,116,220,24
4793,48,255,116,220,24
4794,48,255,116,216,20
4795,48,255,116,216,20
4796,48,255,116,216,20
4797,48,255,122,196,10
4798,48,255,122,196,10
4799,48,255,122,196,10
4800,48,255,122,196,10
4801,48,255,122,196,10
4802,48,255,122,196,10
4803,48,255,129,173,1
4804,48,255,129,173,1
4805,48,255,129,173,1
4806,48,255,129,173,1
4807,48,255,129,173,1
4808,48,255,129,173,1
4809,48,255,129,173,1
4810,48,143,131,169,1
4811,48,143,131,169,1
4812,48,137,131,167,1
4813,48,137,131,167,1
4814,48,137,131,167,1
4815,48,137,131,167,1
4816,48,137,131,167,1
4817,16,128,128,162,1
4818,16,128,128,162,1
4819,16,128,128,162,1
4820,16,128,128,157,1
4821,16,128,128,157,1
4822,16,128,128,157,1
4823,16,128,128,157,1
4824,16,128,128,119,1
4825,16,128,128,119,1
4826,16,128,128,119,1
4827,16,128,128,119,1
4828,16,128,128,119,1
4829,16,128,128,112,1
4830,16,128,128,112,1
4831,8208,128,128,90,3
4832,8208,128,128,90,3
4833,8208,128,128,90,3
4834,8208,128,128,90,3
4835,8208,128,128,90,3
4836,8208,128,128,90,3
4837,8336,128,128,63,12
4838,8336,128,128,63,12
4839,8336,128,128,63,12
4840,8336,128,128,63,12
4841,8336,128,128,63,12
4842,8336,128,128,63,12
4843,8336,128,128,63,12
4844,8336,195,130,50,20
4845,8336,195,130,50,20
4846,8336,200,132,48,20
4847,8336,200,132,48,20
4848,8336,200,132,48,20
4849,8336,200,132,48,20
4850,8336,200,132,48,20
4851,8336,200,132,48,20
4852,8336,200,132,48,20
4853,8336,208,132,47,22
4854,8336,208,132,47,22
4855,8336,209,132,53,17
4856,8336,209,132,53,17
4857,8336,209,132,53,17
4858,8336,209,132,53,17
4859,8336,209,132,53,17
4860,8336,209,132,53,17
4861,8336,209,132,53,17
4862,8208,226,135,161,1
4863,8208,226,135,161,1
4864,8208,226,135,161,1
4865,8208,226,135,161,1
4866,8208,226,135,161,1
4867,8208,226,135,161,1
4868,8208,230,135,164,1
4869,8208,230,135,164,1
4870,8240,238,135,176,3
4871,8240,238,135,176,3
4872,8240,238,135,176,3
4873,8240,238,135,176,3
4874,8240,239,135,182,5
4875,8240,239,135,182,5
4876,8240,239,135,182,5
4877,8240,232,135,190,8
4878,8240,232,135,190,8
4879,8240,194,135,190,8
4880,8240,194,135,190,8
4881,8240,194,135,190,8
4882,8240,194,135,190,8
4883,8240,194,135,190,8
4884,8240,128,128,174,1
4885,8240,128,128,174,1
4886,8240,128,128,174,1
4887,8240,128,128,174,1
4888,8240,128,128,174,1
4889,8240,128,128,174,1
4890,8240,128,128,174,1
4891,8240,128,128,174,1
4892,8208,128,128,146,1
4893,8208,128,128,146,1
4894,8208,128,128,146,1
4895,8208,128,128,146,1
4896,8208,128,128,146,1
4897,8208,128,128,146,1
4898,8208,128,128,146,1
4899,8208,128,128,121,1
4900,8208,128,128,121,1
4901,8208,128,128,121,1
4902,8208,128,128,121,1
4903,8208,128,128,121,1
4904,8208,128,128,118,1
4905,8208,128,128,118,1
4906,8208,128,128,118,1
4907,8208,128,128,115,1
4908,8208,91,128,115,1
4909,8208,91,128,115,1
4910,8208,91,128,115,1
4911,8208,91,128,115,1
4912,8208,91,128,115,1
4913,8208,91,128,115,1
4914,8208,91,128,115,1
4915,8208,35,157,115,1
4916,8208,35,157,115,1
4917,8208,35,157,115,1
4918,8208,35,157,115,1
4919,8208,35,157,115,1
4920,8208,31,163,117,1
4921,8208,31,163,117,1
4922,8208,31,163,117,1
4923,8208,61,161,131,1
4924,8208,61,161,131,1
4925,8208,61,161,131,1
4926,8208,61,161,131,1
4927,8208,61,161,131,1
4928,8208,128,128,134,1
4929,8208,128,128,134,1
4930,8208,128,128,136,1
4931,8208,128,128,138,1
4932,8208,128,128,138,1
4933,8208,128,128,138,1
4934,8208,128,128,138,1
4935,8208,128,128,138,1
4936,8208,128,128,126,1
4937,8208,128,128,126,1
4938,8208,128,128,126,1
4939,8208,128,128,126,1
4940,8208,128,128,126,1
4941,8208,128,128,126,1
4942,8208,128,128,116,1
4943,8208,128,128,116,1
4944,8208,128,128,116,1
4945,8208,128,128,114,1
4946,8208,128,128,114,1
4947,8208,128,128,114,1
4948,8208,128,128,113,1
4949,8208,128,128,113,1
4950,16,128,128,113,1
4951,16,128,128,113,1
4952,16,128,128,113,1
4953,16,128,128,113,1
4954,16,128,128,108,1
4955,16,128,128,108,1
4956,16,128,128,108,1
4957,16,128,128,108,1
4958,16,128,128,108,1
4959,16,128,128,108,1
4960,16,128,128,100,2
4961,16,128,128,100,2
4962,16,128,128,100,2
4963,16,128,128,100,2
4964,16,128,128,100,2
4965,16,128,128,100,2
4966,0,128,128,128,128
4967,0,128,128,128,128
4968,0,128,128,128,128
4969,0,128,128,128,128
4970,0,128,128,128,128
4971,0,128,128,128,128
4972,0,128,128,128,128
4973,0,128,128,128,128
4974,0,128,128,128,128
4975,0,128,128,128,128
4976,0,128,128,128,128
4977,0,128,128,128,128
4978,0,128,128,128,128
4979,0,128,128,128,128
4980,0,128,128,128,128
4981,0,128,128,128,128
4982,0,128,128,128,128
4983,0,128,128,128,128
4984,0,128,128,128,128
4985,0,128,128,128,128
4986,0,128,128,128,128
4987,0,128,128,128,128
4988,0,128,128,128,128
4989,0,128,128,128,128
4990,0,128,128,128,128
4991,0,128,128,128,128
4992,0,128,128,128,128
4993,0,128,128,128,128
4994,0,128,128,128,128
4995,0,128,128,128,128
4996,0,128,128,128,128
4997,0,128,128,128,128
4998,0,128,128,128,128
4999,0,128,128,128,128
5000,0,128,128,128,128
5001,0,128,128,128,128
5002,0,128,128,128,128
5003,0,128,128,128,128
5004,0,128,128,128,128
5005,0,128,128,128,128
5006,0,128,128,128,128
5007,0,128,128,128,128
5008,0,128,128,128,128
5009,0,128,128,128,128
5010,0,128,128,128,128
5011,0,128,128,128,128
5012,0,128,128,128,128
5013,0,128,128,128,128
5014,0,128,128,128,128
5015,0,128,128,128,128
5016,0,128,128,128,128
5017,0,128,128,128,128
5018,0,128,128,128,128
5019,0,128,128,128,128
5020,0,128,128,128,128
5021,0,128,128,128,128
5022,0,128,128,128,128
5023,0,128,128,128,128
5024,0,128,128,128,128
5025,0,128,128,128,128
5026,0,128,128,128,128
5027,0,128,128,128,128
5028,0,128,128,128,128
5029,0,128,128,128,128
5030,0,128,128,128,128
5031,0,128,128,128,128
5032,0,128,128,128,128
5033,0,128,128,128,128
5034,0,128,128,128,128
5035,0,128,128,128,128
5036,0,128,128,128,128
5037,0,128,128,128,128
5038,0,128,128,128,128
5039,0,128,128,128,128
5040,0,128,128,128,128
5041,0,128,128,128,128
5042,0,128,128,128,128
5043,0,128,128,128,128
5044,0,128,128,128,128
5045,0,128,128,128,128
5046,0,128,128,128,128
5047,0,128,128,128,128
5048,0,128,128,128,128
5049,0,128,128,128,128
5050,0,128,128,128,128
5051,0,128,128,128,128
5052,0,128,128,128,128
5053,0,128,128,128,128
5054,0,128,128,128,128
5055,0,128,128,128,128
5056,0,128,128,128,128
5057,0,128,128,128,128
5058,0,128,128,128,128
5059,0,128,128,128,128
5060,0,128,128,128,128
5061,0,128,128,128,128
5062,0,128,128,128,128
5063,0,128,128,128,128
5064,0,128,128,128,128
5065,0,128,128,128,128
5066,0,128,128,128,128
5067,0,128,128,128,128
5068,0,128,128,128,128
5069,0,128,128,128,128
5070,0,128,128,128,128
5071,0,128,128,128,128
5072,0,128,128,128,128
5073,0,128,128,128,128
5074,0,128,128,128,128
5075,0,128,128,128,128
5076,0,128,128,128,128
5077,0,128,128,128,128
5078,0,128,128,128,128
5079,0,128,128,128,128
5080,0,128,128,128,128
5081,0,128,128,128,128
5082,0,128,128,128,128
