HIERARCHY
ROOT Hips
{
	OFFSET -0.001795 -0.223333 0.028219
	CHANNELS 6 Xposition Yposition Zposition Zrotation Yrotation Xrotation
	JOINT LeftUpLeg
	{
		OFFSET 0.069520 -0.091406 -0.006815
		CHANNELS 3 Zrotation Yrotation Xrotation
		JOINT LeftLeg
		{
			OFFSET 0.034277 -0.375199 -0.004496
			CHANNELS 3 Zrotation Yrotation Xrotation
			JOINT LeftFoot
			{
				OFFSET -0.013596 -0.397961 -0.043693
				CHANNELS 3 Zrotation Yrotation Xrotation
				JOINT LeftToe
				{
					OFFSET 0.026358 -0.055791 0.119288
					CHANNELS 3 Zrotation Yrotation Xrotation
					End Site
					{
						OFFSET 0.000000 0.000000 0.000000
					}
				}
			}
		}
	}
	JOINT RightUpLeg
	{
		OFFSET -0.067670 -0.090522 -0.004320
		CHANNELS 3 Zrotation Yrotation Xrotation
		JOINT RightLeg
		{
			OFFSET -0.038290 -0.382569 -0.008850
			CHANNELS 3 Zrotation Yrotation Xrotation
			JOINT RightFoot
			{
				OFFSET 0.015774 -0.398415 -0.042312
				CHANNELS 3 Zrotation Yrotation Xrotation
				JOINT RightToe
				{
					OFFSET -0.025372 -0.048144 0.123348
					CHANNELS 3 Zrotation Yrotation Xrotation
					End Site
					{
						OFFSET 0.000000 0.000000 0.000000
					}
				}
			}
		}
	}
	JOINT Spine
	{
		OFFSET -0.002533 0.108963 -0.026696
		CHANNELS 3 Zrotation Yrotation Xrotation
		JOINT Spine1
		{
			OFFSET 0.005487 0.135180 0.001092
			CHANNELS 3 Zrotation Yrotation Xrotation
			JOINT Spine2
			{
				OFFSET 0.001457 0.052922 0.025425
				CHANNELS 3 Zrotation Yrotation Xrotation
				JOINT Neck
				{
					OFFSET -0.002778 0.213870 -0.042857
					CHANNELS 3 Zrotation Yrotation Xrotation
					JOINT Head
					{
						OFFSET 0.005152 0.064970 0.051349
						CHANNELS 3 Zrotation Yrotation Xrotation
						End Site
						{
							OFFSET 0.000000 0.000000 0.000000
						}
					}
				}
				JOINT LeftShoulder
				{
					OFFSET 0.078845 0.121749 -0.034090
					CHANNELS 3 Zrotation Yrotation Xrotation
					JOINT LeftArm
					{
						OFFSET 0.090977 0.030469 -0.008868
						CHANNELS 3 Zrotation Yrotation Xrotation
						JOINT LeftForeArm
						{
							OFFSET 0.259612 -0.012772 -0.027456
							CHANNELS 3 Zrotation Yrotation Xrotation
							JOINT LeftHand
							{
								OFFSET 0.249234 0.008986 -0.001171
								CHANNELS 3 Zrotation Yrotation Xrotation
								End Site
								{
									OFFSET 0.000000 0.000000 0.000000
								}
							}
						}
					}
				}
				JOINT RightShoulder
				{
					OFFSET -0.081759 0.118833 -0.038615
					CHANNELS 3 Zrotation Yrotation Xrotation
					JOINT RightArm
					{
						OFFSET -0.096012 0.032551 -0.009143
						CHANNELS 3 Zrotation Yrotation Xrotation
						JOINT RightForeArm
						{
							OFFSET -0.253742 -0.013329 -0.021401
							CHANNELS 3 Zrotation Yrotation Xrotation
							JOINT RightHand
							{
								OFFSET -0.255298 0.007772 -0.005559
								CHANNELS 3 Zrotation Yrotation Xrotation
								End Site
								{
									OFFSET 0.000000 0.000000 0.000000
								}
							}
						}
					}
				}
			}
		}
	}
}
MOTION
Frames: 196
Frame Time: 0.050000
0.000000 0.377646 0.000000 -6.166596 10.301568 -19.864305 29.821139 6.536070 -68.692069 -16.140577 38.420078 138.239658 10.974740 25.833166 -22.352699 0.000000 0.000000 0.000000 -16.430362 -10.394149 -74.595346 36.022344 -54.280226 109.172687 -15.317632 -49.486322 -16.287224 0.000000 0.000000 0.000000 -17.311831 5.989028 98.811031 9.010938 -0.427140 -34.008036 15.241607 24.754540 31.759148 4.776308 3.439417 -25.736846 0.000000 0.000000 0.000000 -26.586151 -28.743517 7.408594 -33.783494 -27.565466 3.890391 35.063608 -44.921985 -16.185479 0.000000 0.000000 0.000000 2.216617 24.116102 8.842888 26.513574 25.475949 1.340411 -40.517030 43.199548 -11.436316 0.000000 0.000000 0.000000
-0.001884 0.365304 0.003632 -7.052795 10.087034 -20.274277 31.107394 7.266987 -68.989848 -15.935278 39.433613 139.340992 11.420891 27.588347 -23.365827 0.000000 0.000000 0.000000 -15.380453 -10.187968 -77.577872 36.936403 -56.627158 110.370852 -17.251855 -51.144997 -11.384761 0.000000 0.000000 0.000000 -16.878435 5.378621 99.033296 9.131609 -0.316899 -35.046243 14.839553 24.712877 33.651188 4.455392 4.231664 -31.562830 0.000000 0.000000 0.000000 -26.934490 -26.957214 6.427668 -33.516298 -29.439823 4.127206 33.333379 -41.916851 -14.145268 0.000000 0.000000 0.000000 4.036257 26.673808 10.519136 25.372483 24.282427 0.761562 -41.535339 44.000840 -12.445209 0.000000 0.000000 0.000000
-0.003218 0.352051 0.009541 -6.750745 10.871064 -22.021608 29.636039 5.988846 -69.903590 -14.972871 38.605288 141.329953 12.624030 29.969433 -19.665071 0.000000 0.000000 0.000000 -16.627822 -11.797182 -77.352929 42.364410 -60.668770 106.776666 -21.262478 -56.653030 -5.830157 0.000000 0.000000 0.000000 -15.454684 3.383697 100.296845 11.472564 -0.631077 -34.727704 10.548626 25.512164 31.191797 10.406722 0.309188 -28.970248 0.000000 0.000000 0.000000 -30.970094 -26.628291 5.618321 -30.578530 -24.988257 3.248155 30.333375 -43.779093 -13.211076 0.000000 0.000000 0.000000 5.391282 27.001191 11.243832 26.661423 22.915701 0.551837 -36.639212 44.294529 -10.780052 0.000000 0.000000 0.000000
-0.003836 0.337107 0.018285 -6.664549 10.307191 -25.287873 29.351830 5.916011 -68.034326 -13.548826 39.568687 145.750040 11.704336 28.248264 -20.697509 0.000000 0.000000 0.000000 -15.902890 -10.560243 -75.533095 47.234439 -64.110868 103.595107 -26.992393 -63.684147 -0.942550 0.000000 0.000000 0.000000 -14.946241 3.365364 102.667118 8.984586 -0.240750 -35.102444 10.704162 21.993252 30.311202 7.783292 1.475338 -31.661589 0.000000 0.000000 0.000000 -33.153494 -24.384805 5.886156 -28.917591 -24.972055 2.753099 31.112388 -44.604062 -13.226358 0.000000 0.000000 0.000000 2.882543 27.871593 9.915104 29.145613 23.331448 1.035948 -33.374258 43.493667 -9.522765 0.000000 0.000000 0.000000
-0.004257 0.326528 0.029059 -6.953161 10.567628 -26.989887 28.396948 5.046478 -66.400578 -13.368101 40.257646 146.908484 12.780874 31.369516 -19.347549 0.000000 0.000000 0.000000 -15.691484 -9.929448 -71.798717 44.504685 -64.454091 107.346011 -21.066442 -62.908790 -11.312458 0.000000 0.000000 0.000000 -14.938866 2.956184 102.073046 9.618248 -0.596072 -33.284991 10.618033 22.240659 28.378631 7.056262 1.636823 -29.150990 0.000000 0.000000 0.000000 -33.840574 -23.787644 5.164316 -29.762891 -23.033822 2.665549 28.559163 -44.565049 -12.145439 0.000000 0.000000 0.000000 3.183170 28.204355 10.150956 31.838036 21.774678 0.942877 -33.154528 44.025502 -9.451213 0.000000 0.000000 0.000000
-0.004276 0.322368 0.040493 -7.508212 10.423417 -27.996743 29.149034 5.354712 -64.772098 -11.290728 36.960906 150.837036 11.012749 26.776645 -20.731429 0.000000 0.000000 0.000000 -15.111379 -9.027020 -69.214157 41.291602 -64.081566 111.141617 -18.106974 -60.939675 -15.724016 0.000000 0.000000 0.000000 -14.029181 1.739573 101.414531 8.648897 -0.439837 -33.143502 10.535197 20.712220 27.687155 6.178775 1.862679 -29.385535 0.000000 0.000000 0.000000 -32.716516 -22.940076 5.440841 -31.473135 -23.821008 2.680888 27.669692 -42.467118 -11.018847 0.000000 0.000000 0.000000 3.673378 27.224513 9.851881 34.685875 22.346917 1.287012 -30.046764 45.364593 -8.623437 0.000000 0.000000 0.000000
-0.003670 0.329614 0.050454 -7.501515 10.238852 -28.045729 28.356216 4.890505 -62.227919 -10.480188 33.026324 151.857467 9.759541 23.154647 -21.498545 0.000000 0.000000 0.000000 -15.175713 -8.486153 -66.628456 39.599321 -62.882483 112.170177 -17.597517 -59.812948 -16.161668 0.000000 0.000000 0.000000 -12.751357 0.291506 99.923604 8.449557 -0.394915 -33.198525 9.208679 18.198370 27.319464 5.494143 1.811160 -29.313907 0.000000 0.000000 0.000000 -33.602970 -22.546109 6.176404 -31.128743 -24.779998 2.609291 28.515405 -40.051039 -10.398362 0.000000 0.000000 0.000000 5.688715 27.231481 10.489142 35.558695 21.654763 0.861158 -28.537441 46.898226 -8.503824 0.000000 0.000000 0.000000
-0.002727 0.343661 0.057824 -7.396041 9.670539 -27.166018 27.692879 4.692264 -59.575468 -10.626068 31.440561 151.035860 9.269840 21.901885 -22.746311 0.000000 0.000000 0.000000 -14.762974 -7.584923 -65.111010 34.180776 -59.521313 116.792212 -15.515603 -53.708394 -17.486300 0.000000 0.000000 0.000000 -11.176640 -1.126271 97.766233 6.969007 -0.260776 -31.925184 8.337879 15.207140 25.659939 3.855101 2.260008 -29.464123 0.000000 0.000000 0.000000 -32.842449 -21.790517 6.762510 -31.942895 -26.520565 2.836544 28.446414 -37.955084 -9.613647 0.000000 0.000000 0.000000 6.478485 26.365462 10.344021 37.470314 21.506467 0.874648 -25.598527 48.093053 -7.619285 0.000000 0.000000 0.000000
-0.001257 0.366211 0.062911 -7.220757 9.335492 -25.918457 26.142758 3.992070 -56.794570 -11.164562 29.948132 149.106617 9.298441 21.773022 -21.074300 0.000000 0.000000 0.000000 -14.252624 -6.783997 -63.823465 33.342006 -57.015057 115.342021 -17.041395 -53.420204 -13.838989 0.000000 0.000000 0.000000 -10.318447 -1.784818 95.868631 7.112799 -0.384097 -31.091993 7.107067 13.535103 24.324064 2.422841 2.896994 -30.541435 0.000000 0.000000 0.000000 -32.232540 -21.861569 7.253316 -31.989937 -27.828103 3.052407 28.170946 -35.114765 -8.688226 0.000000 0.000000 0.000000 7.970891 26.579957 10.935905 37.627407 21.192694 0.733455 -25.326467 48.998771 -7.820996 0.000000 0.000000 0.000000
0.000931 0.392332 0.066682 -7.265189 8.894040 -24.636689 24.777315 3.450269 -54.123985 -12.185866 29.029860 145.847652 9.281297 21.720453 -20.856128 0.000000 0.000000 0.000000 -13.556903 -5.847626 -62.426602 30.377924 -52.426400 115.203476 -16.742597 -49.555179 -11.511000 0.000000 0.000000 0.000000 -9.397898 -2.404459 94.229450 6.515113 -0.235096 -31.410459 6.901663 11.238068 23.501451 1.507765 3.000482 -30.520932 0.000000 0.000000 0.000000 -31.316826 -21.383156 7.771806 -32.073410 -29.117073 3.109112 26.539021 -33.233927 -7.498659 0.000000 0.000000 0.000000 9.731335 26.120838 11.229129 36.753202 21.272291 0.623782 -22.508347 49.860522 -7.052988 0.000000 0.000000 0.000000
0.003898 0.418495 0.070005 -7.295534 8.185765 -23.670981 23.609961 3.110840 -51.309241 -13.019448 27.786431 142.655205 9.237132 21.602703 -20.871616 0.000000 0.000000 0.000000 -12.839249 -4.835571 -60.943521 30.145097 -49.295420 111.809456 -17.893607 -50.940458 -10.516224 0.000000 0.000000 0.000000 -8.700603 -2.599097 92.239297 6.733718 -0.344480 -31.203301 6.402900 10.074731 23.072073 0.957273 3.144241 -30.593658 0.000000 0.000000 0.000000 -31.278218 -21.461764 8.127035 -31.580196 -29.221678 2.989281 25.969353 -32.453230 -7.069800 0.000000 0.000000 0.000000 11.453143 25.905370 11.649114 36.108258 20.972494 0.408705 -20.691663 50.345173 -6.449626 0.000000 0.000000 0.000000
0.007525 0.448279 0.073444 -7.491849 7.515953 -22.244461 22.912927 2.932184 -48.378991 -14.929564 28.081025 137.014387 9.838592 23.546580 -20.930270 0.000000 0.000000 0.000000 -11.775088 -3.701165 -59.530876 27.916109 -44.854590 110.315750 -15.959632 -47.735318 -14.477971 0.000000 0.000000 0.000000 -8.155270 -2.609553 88.932035 7.628385 -0.656190 -30.318248 5.968365 9.427997 22.629334 0.960007 3.031454 -30.138951 0.000000 0.000000 0.000000 -29.503231 -20.983299 7.788018 -33.475821 -29.007230 3.084553 26.407765 -33.612220 -7.450776 0.000000 0.000000 0.000000 12.641219 25.415139 11.864459 36.113645 20.473169 0.248469 -19.565834 50.680058 -6.023975 0.000000 0.000000 0.000000
0.011987 0.479093 0.077135 -7.669605 7.233685 -21.466991 21.458320 2.374407 -45.525199 -17.394073 28.883696 130.702498 11.203812 28.579172 -22.221673 0.000000 0.000000 0.000000 -10.733165 -2.748637 -57.409075 27.804462 -41.840811 105.848081 -15.913211 -49.788316 -17.919896 0.000000 0.000000 0.000000 -7.024098 -3.344443 85.654051 8.151878 -0.795091 -30.276231 5.311860 8.218793 23.015936 1.136054 2.724457 -29.718520 0.000000 0.000000 0.000000 -30.019110 -19.997470 7.508686 -33.833348 -28.163595 2.769903 25.796461 -35.594959 -7.595478 0.000000 0.000000 0.000000 13.648148 24.301851 11.599435 36.527924 19.362704 -0.157745 -17.281871 51.872910 -5.115438 0.000000 0.000000 0.000000
0.017360 0.517081 0.081489 -7.488166 5.750895 -20.052485 20.348734 2.249040 -41.182670 -19.940572 28.349458 121.675955 12.961305 33.903996 -22.171058 0.000000 0.000000 0.000000 -9.013314 -1.054962 -55.617716 26.834051 -37.606813 101.952984 -15.132395 -48.724602 -20.527782 0.000000 0.000000 0.000000 -5.665328 -3.351082 81.383899 8.763676 -1.140680 -28.905707 3.831370 7.132875 21.779831 1.086784 2.552086 -28.960261 0.000000 0.000000 0.000000 -28.691747 -19.066609 7.041552 -36.653173 -26.350347 2.505789 25.214169 -38.843676 -8.042457 0.000000 0.000000 0.000000 16.038638 23.381420 11.810613 35.766558 19.335051 -0.207991 -14.290448 51.057009 -3.790533 0.000000 0.000000 0.000000
0.023419 0.558540 0.086334 -7.016892 4.899438 -18.402123 18.141606 1.620595 -37.290295 -21.879699 26.750117 112.623050 14.084143 37.642767 -23.436395 0.000000 0.000000 0.000000 -7.508901 0.175694 -53.838037 25.968167 -33.574403 97.366511 -15.917729 -50.024982 -19.889230 0.000000 0.000000 0.000000 -4.602591 -3.394345 77.305767 8.051763 -0.892431 -30.118719 3.669454 4.111059 23.278923 0.082962 2.653917 -29.507009 0.000000 0.000000 0.000000 -28.985274 -17.132941 7.076148 -38.140724 -26.074798 2.022933 24.032499 -40.788127 -7.539548 0.000000 0.000000 0.000000 17.394076 23.033646 11.542278 36.661684 19.205107 -0.267918 -13.690355 48.286613 -3.517373 0.000000 0.000000 0.000000
0.029530 0.606716 0.092564 -6.445896 3.258150 -16.873733 15.666517 1.068691 -32.074961 -22.521722 23.356626 101.603602 14.946191 39.895647 -24.404880 0.000000 0.000000 0.000000 -7.244998 0.878133 -51.869791 25.695701 -29.213106 91.163743 -17.835097 -49.428732 -13.774408 0.000000 0.000000 0.000000 -3.094830 -3.276762 72.020924 7.736709 -1.026343 -28.450116 2.030313 2.509241 22.986669 0.345555 2.223237 -29.745661 0.000000 0.000000 0.000000 -27.404998 -16.179474 6.940365 -40.381805 -26.257253 2.111936 21.742199 -42.483302 -6.746375 0.000000 0.000000 0.000000 18.477499 21.496503 10.756627 39.326481 19.546168 0.041378 -13.463639 46.215719 -3.267130 0.000000 0.000000 0.000000
0.034960 0.656164 0.100020 -5.724791 1.867726 -15.467202 12.841246 0.462666 -26.744319 -21.587331 19.193954 90.884519 15.951829 41.152324 -23.279959 0.000000 0.000000 0.000000 -6.492553 1.639260 -49.456376 25.734455 -25.778022 85.109999 -18.969102 -47.088105 -7.435658 0.000000 0.000000 0.000000 -2.419574 -2.758237 67.533305 9.724534 -1.592164 -28.101397 -0.474921 1.873524 22.893476 0.607062 1.922667 -29.302975 0.000000 0.000000 0.000000 -27.520832 -15.431355 6.700116 -40.137906 -24.449553 1.417803 20.102190 -44.853539 -6.400837 0.000000 0.000000 0.000000 21.275295 20.509514 10.721024 39.334422 18.742795 -0.212069 -12.977767 44.966346 -3.009432 0.000000 0.000000 0.000000
0.039073 0.703879 0.109595 -5.612324 -0.269427 -13.941889 11.141028 0.241917 -22.861457 -19.788011 15.971137 81.073162 17.630711 41.229856 -17.151215 0.000000 0.000000 0.000000 -5.650496 2.509028 -47.835046 26.441249 -21.043325 73.739478 -19.125606 -45.836091 -5.205408 0.000000 0.000000 0.000000 -0.924645 -2.595854 63.074250 8.092814 -1.300918 -27.534339 -0.146856 -1.778386 23.292429 -1.826708 2.575849 -28.671924 0.000000 0.000000 0.000000 -27.576383 -13.589133 7.161350 -40.350582 -25.267618 1.160114 20.863649 -45.877975 -6.251102 0.000000 0.000000 0.000000 21.086903 20.176408 9.431165 41.297321 16.591813 -0.562366 -12.920557 45.953560 -3.390301 0.000000 0.000000 0.000000
0.041971 0.744034 0.121756 -5.096838 -2.714861 -13.100945 10.118884 0.193674 -17.718569 -18.623898 14.448901 72.615429 17.367397 38.384611 -13.304981 0.000000 0.000000 0.000000 -5.614618 2.893670 -44.955457 26.279521 -15.992437 61.741936 -19.931232 -45.105964 -1.339898 0.000000 0.000000 0.000000 -0.919069 -1.599118 59.729879 10.965226 -1.851290 -29.167487 -2.679046 -1.353601 26.511032 -1.593048 2.433681 -30.449987 0.000000 0.000000 0.000000 -25.124722 -14.036375 7.487022 -40.637215 -25.852758 1.056913 21.874894 -47.644766 -6.769452 0.000000 0.000000 0.000000 21.990132 18.921285 8.935929 42.225827 16.469498 -0.878465 -13.508687 44.801442 -3.373422 0.000000 0.000000 0.000000
0.043822 0.777669 0.136841 -4.423794 -5.591347 -11.934136 8.487777 0.052828 -13.953599 -17.570890 13.829856 65.975520 18.079395 36.767282 -5.372733 0.000000 0.000000 0.000000 -3.794596 3.943683 -42.590220 23.278063 -11.054747 54.352581 -19.590479 -42.077962 3.547953 0.000000 0.000000 0.000000 -0.238598 -0.962878 56.029387 10.652807 -2.031407 -27.435753 -3.295760 -3.367095 25.700535 -1.960914 2.129372 -30.674751 0.000000 0.000000 0.000000 -24.433688 -13.303290 7.903282 -40.538197 -27.242192 1.427425 24.959078 -49.477700 -8.082468 0.000000 0.000000 0.000000 21.093275 19.057987 7.966650 43.921255 14.875652 -0.993075 -13.876741 45.085695 -3.918292 0.000000 0.000000 0.000000
0.044567 0.804163 0.155229 -3.866442 -8.444416 -11.376642 7.488877 0.043838 -9.715679 -16.448799 13.136318 60.236232 16.894546 33.866402 -2.505047 0.000000 0.000000 0.000000 -2.435347 4.536318 -39.876087 20.104601 -7.207167 47.598966 -19.071487 -39.367438 8.229518 0.000000 0.000000 0.000000 -0.359375 -0.111706 53.110121 11.672159 -2.313855 -27.438076 -4.244968 -4.577569 26.590513 -2.025548 1.770442 -31.525942 0.000000 0.000000 0.000000 -23.700766 -12.504891 8.134503 -39.831402 -27.606538 1.233856 28.426395 -52.143699 -9.834997 0.000000 0.000000 0.000000 20.223121 18.493709 6.926515 45.113586 14.241189 -1.096845 -13.496418 45.727525 -4.114363 0.000000 0.000000 0.000000
0.044063 0.826044 0.177582 -3.823600 -10.143054 -10.556889 6.772881 0.081219 -5.441217 -16.065439 12.256515 54.379802 16.951917 33.365500 0.575885 0.000000 0.000000 0.000000 -1.580098 4.677982 -37.494245 17.701275 -4.952890 41.458838 -18.658897 -37.256806 13.050319 0.000000 0.000000 0.000000 0.167483 -0.029096 49.570138 12.840580 -2.927122 -25.150320 -5.066752 -4.946792 25.732760 -2.030497 1.613807 -31.985843 0.000000 0.000000 0.000000 -24.571273 -11.521470 8.054605 -38.458445 -27.761377 1.107050 31.680276 -55.409286 -12.136759 0.000000 0.000000 0.000000 18.847976 17.112372 5.788574 46.911087 12.283223 -1.685068 -11.870584 47.913238 -3.868839 0.000000 0.000000 0.000000
0.041510 0.839888 0.204305 -3.821007 -12.035317 -10.220603 6.210098 0.246631 -0.358163 -15.828127 11.385688 48.534179 16.736680 33.208476 1.283431 0.000000 0.000000 0.000000 -0.804146 4.814776 -35.617095 17.018027 -4.032544 38.414959 -18.411343 -36.407301 15.191307 0.000000 0.000000 0.000000 1.728645 -0.360333 47.251111 12.445003 -2.767675 -25.817205 -6.084252 -6.240715 26.692870 -1.342003 0.853994 -32.464536 0.000000 0.000000 0.000000 -25.565655 -10.651925 8.485833 -37.538049 -27.772510 0.665770 34.982609 -57.042843 -13.965431 0.000000 0.000000 0.000000 18.721632 15.531690 4.400663 47.427268 10.539928 -2.321569 -10.715548 49.252338 -3.848782 0.000000 0.000000 0.000000
0.036237 0.847863 0.235379 -3.985780 -12.963644 -9.870672 5.898455 0.510488 4.729476 -14.983445 10.026380 44.049476 16.729513 32.963265 3.317660 0.000000 0.000000 0.000000 -0.580973 4.661010 -33.930074 16.826128 -3.647806 36.409126 -17.615223 -34.960382 16.763044 0.000000 0.000000 0.000000 2.966994 -0.761044 44.049662 12.406864 -2.846174 -25.358999 -6.991331 -7.072501 26.889907 -1.572800 0.664800 -31.481905 0.000000 0.000000 0.000000 -26.992961 -10.235429 9.006210 -36.600358 -27.311504 0.191885 35.069236 -58.710780 -14.393940 0.000000 0.000000 0.000000 19.139989 14.587395 3.495408 47.224348 7.694721 -3.283421 -9.032336 51.915756 -3.605447 0.000000 0.000000 0.000000
0.028171 0.848253 0.269717 -4.270954 -14.113540 -9.473811 5.756975 0.890997 9.892184 -13.766278 8.607321 39.932443 16.054656 32.327962 3.106873 0.000000 0.000000 0.000000 -0.382346 4.608427 -32.802600 18.079028 -3.894054 36.304260 -17.986449 -35.458122 16.992400 0.000000 0.000000 0.000000 3.999461 -1.006629 41.491140 12.286355 -2.888417 -25.017478 -7.943682 -7.955515 27.065802 -1.263390 0.211670 -31.436642 0.000000 0.000000 0.000000 -28.003826 -9.467854 9.294033 -36.000619 -26.598983 -0.301983 35.515024 -59.886214 -14.821214 0.000000 0.000000 0.000000 19.375831 13.950655 2.688185 47.143505 6.407735 -3.629238 -7.233346 53.597756 -3.217503 0.000000 0.000000 0.000000
0.017809 0.845937 0.305865 -4.513813 -15.367317 -8.976340 5.563317 1.349313 14.556102 -12.753786 7.453031 36.149416 15.671784 32.480312 2.392858 0.000000 0.000000 0.000000 0.432243 4.808408 -32.147183 18.787530 -3.972956 37.753584 -18.264499 -36.288263 15.296171 0.000000 0.000000 0.000000 4.766453 -1.116249 39.498268 12.414631 -2.774167 -25.967792 -8.838112 -8.514018 28.195606 -0.508830 -0.512058 -31.412235 0.000000 0.000000 0.000000 -28.707832 -9.246666 9.915122 -35.419720 -25.596402 -0.945045 34.539741 -60.289680 -14.200103 0.000000 0.000000 0.000000 19.208662 14.183930 2.444566 46.886832 5.782961 -3.851115 -5.786281 55.260502 -2.886013 0.000000 0.000000 0.000000
0.005648 0.841015 0.343797 -4.880680 -16.339714 -8.247283 6.135941 1.683545 17.951649 -12.483234 7.054002 34.301217 16.152119 33.265436 3.737149 0.000000 0.000000 0.000000 1.265150 5.142421 -32.264468 19.639205 -4.233134 40.295869 -19.452685 -38.279459 14.291463 0.000000 0.000000 0.000000 5.430272 -1.247663 37.461205 12.820682 -2.941940 -25.519272 -9.690132 -8.917836 28.093444 -0.103811 -0.903201 -31.372605 0.000000 0.000000 0.000000 -28.997823 -9.057022 10.223302 -35.771796 -24.196052 -1.435418 32.782581 -59.118819 -12.762648 0.000000 0.000000 0.000000 20.015245 14.695080 2.296134 45.905323 6.386064 -3.351800 -5.840815 56.680397 -3.270491 0.000000 0.000000 0.000000
-0.007736 0.838482 0.383829 -5.031422 -17.573960 -6.903538 5.738899 2.119195 20.741016 -11.485214 6.207533 31.643983 16.331599 33.382903 5.576826 0.000000 0.000000 0.000000 2.271409 5.652857 -32.818591 20.218504 -4.331806 43.151609 -21.372129 -41.202776 13.888236 0.000000 0.000000 0.000000 5.615679 -1.207762 35.177413 13.633553 -3.089000 -25.459318 -10.248087 -9.217336 27.437070 -0.349564 -1.009996 -29.568409 0.000000 0.000000 0.000000 -28.805460 -8.207779 10.012199 -37.039038 -21.787228 -2.111491 30.189435 -59.917864 -11.216839 0.000000 0.000000 0.000000 20.332565 15.361220 2.236381 45.156875 6.302010 -3.106512 -2.701843 58.668063 -2.000822 0.000000 0.000000 0.000000
-0.021953 0.836205 0.426634 -5.428051 -17.891322 -5.739325 5.732622 2.301361 22.095928 -10.055176 5.604864 31.989927 15.454264 31.245852 7.467499 0.000000 0.000000 0.000000 3.090822 5.868007 -32.678130 20.846281 -4.679875 46.413580 -22.045484 -42.754527 12.305006 0.000000 0.000000 0.000000 6.076060 -1.362111 31.931206 13.282560 -3.189337 -24.139945 -9.549219 -10.837582 26.654353 -1.297873 -0.766049 -29.623898 0.000000 0.000000 0.000000 -29.956641 -6.997453 10.204634 -37.293398 -19.562814 -2.947000 27.434758 -61.388633 -9.707935 0.000000 0.000000 0.000000 19.960214 16.008945 1.941668 44.974356 6.029969 -2.894220 -0.336430 61.015513 -1.404906 0.000000 0.000000 0.000000
-0.037217 0.834078 0.471232 -5.904943 -18.180736 -5.190988 7.569601 2.090940 22.425613 -9.925669 6.295051 35.868443 13.720290 26.808337 12.757035 0.000000 0.000000 0.000000 4.075421 5.896673 -31.660786 21.412210 -4.989710 49.526840 -22.951219 -44.079675 12.219973 0.000000 0.000000 0.000000 6.786185 -1.518309 29.152773 14.770513 -3.179331 -25.688064 -11.003370 -10.077425 27.704925 -1.919208 -0.445700 -28.732647 0.000000 0.000000 0.000000 -30.637211 -7.101586 10.496795 -37.930442 -16.167725 -4.108285 23.341558 -63.480706 -7.618280 0.000000 0.000000 0.000000 20.376706 16.704414 2.332367 44.713821 6.056567 -2.957552 2.301623 63.051588 0.232474 0.000000 0.000000 0.000000
-0.052600 0.831811 0.515073 -6.201241 -18.717127 -6.122337 9.353626 1.709790 20.474485 -10.060406 8.411086 44.731535 12.236840 23.569423 17.823310 0.000000 0.000000 0.000000 5.089864 5.506528 -28.971899 21.904894 -5.136908 52.502703 -23.845663 -44.828914 13.127578 0.000000 0.000000 0.000000 7.567378 -1.607391 27.700983 12.343060 -2.732734 -25.467498 -9.120459 -10.934696 29.067895 -2.261127 -0.605486 -27.885723 0.000000 0.000000 0.000000 -32.289257 -6.387297 11.149957 -37.583006 -14.916103 -4.893464 19.561778 -65.523710 -5.371098 0.000000 0.000000 0.000000 19.108548 17.126217 2.277017 45.390484 6.721880 -2.867081 4.056074 65.314481 0.787667 0.000000 0.000000 0.000000
-0.066143 0.830658 0.554482 -5.820970 -19.240073 -6.754634 10.162645 1.158376 13.777885 -8.427988 11.098332 58.240974 10.692385 21.379762 16.015042 0.000000 0.000000 0.000000 5.922822 5.014871 -26.203845 20.703711 -4.277825 55.546394 -21.641695 -42.847403 9.943156 0.000000 0.000000 0.000000 7.386808 -1.499460 27.260265 11.333846 -2.519084 -25.441848 -7.695190 -9.875920 29.076564 -1.975684 -0.631740 -28.045814 0.000000 0.000000 0.000000 -32.115735 -5.792815 10.549365 -38.505576 -12.707512 -5.529020 12.259436 -68.053128 -0.562339 0.000000 0.000000 0.000000 17.893568 17.930491 2.984015 46.690516 8.256908 -2.559929 6.393173 67.215545 2.370837 0.000000 0.000000 0.000000
-0.077402 0.832462 0.590533 -5.148018 -20.424005 -8.379497 9.897448 0.811761 5.143123 -5.989736 13.324939 70.613734 10.479320 21.278900 10.341108 0.000000 0.000000 0.000000 7.051029 4.556850 -23.240014 19.886666 -3.291146 58.040531 -23.788908 -44.717292 12.421697 0.000000 0.000000 0.000000 6.466085 -1.180243 28.236556 10.032709 -2.474455 -24.182999 -5.229045 -7.579446 28.460756 -1.949971 -0.324817 -27.154382 0.000000 0.000000 0.000000 -32.432460 -5.212964 9.518500 -39.108388 -11.763474 -5.689633 5.004843 -70.760751 4.495682 0.000000 0.000000 0.000000 17.356410 18.565794 3.815296 46.038006 10.857336 -1.692968 3.543271 68.047370 0.958866 0.000000 0.000000 0.000000
-0.086848 0.835479 0.625191 -4.149587 -19.938428 -9.253280 9.502575 0.631234 -5.609994 -4.228900 13.585569 78.627893 11.322757 22.716910 4.502217 0.000000 0.000000 0.000000 6.543759 3.894758 -21.044368 18.937400 -2.762209 58.906280 -25.042966 -45.233614 14.881412 0.000000 0.000000 0.000000 4.782594 -0.799439 29.582990 10.458637 -2.545805 -24.453593 -3.938337 -5.710355 27.641564 -1.538846 -0.140507 -27.893948 0.000000 0.000000 0.000000 -34.407706 -4.797117 8.609325 -38.078819 -9.752846 -5.980809 -2.505651 -72.194790 9.396740 0.000000 0.000000 0.000000 16.908519 19.499323 4.889687 46.187300 13.751263 -0.772073 -2.976239 67.279418 -2.644140 0.000000 0.000000 0.000000
-0.095676 0.841610 0.660261 -2.579587 -20.556999 -10.650101 9.119342 0.920668 -16.124131 -3.583727 13.524703 80.515735 11.600876 23.228794 0.042513 0.000000 0.000000 0.000000 6.113260 3.160196 -18.139176 17.657401 -1.561152 59.903734 -24.206592 -44.308474 13.823514 0.000000 0.000000 0.000000 2.466184 -0.103846 31.052235 9.383799 -2.171864 -25.779411 -2.331394 -2.475604 29.442234 -1.313882 0.191609 -28.573314 0.000000 0.000000 0.000000 -33.788754 -5.009946 7.639411 -38.655230 -8.991053 -6.138433 -5.581523 -73.421612 11.802582 0.000000 0.000000 0.000000 17.024465 20.189392 5.991475 44.034233 16.891584 -0.038010 -8.879308 66.683316 -5.508754 0.000000 0.000000 0.000000
-0.104347 0.848207 0.696890 -1.240053 -20.449031 -11.588297 8.899712 1.576640 -25.945464 -3.811853 12.345851 77.940524 10.772357 21.378112 1.374339 0.000000 0.000000 0.000000 4.844725 2.023149 -13.494541 15.977705 -0.519466 57.901066 -21.129046 -41.563295 8.617257 0.000000 0.000000 0.000000 -0.302694 0.664510 31.635555 9.409973 -2.354051 -24.666978 -1.105828 0.337881 27.940439 -0.891309 0.512086 -28.294336 0.000000 0.000000 0.000000 -34.271178 -4.112608 5.611903 -38.208800 -6.976910 -6.153519 -11.486637 -73.826790 15.613944 0.000000 0.000000 0.000000 16.315149 20.579135 6.852030 44.092467 19.980947 0.974062 -16.940019 66.396469 -9.962444 0.000000 0.000000 0.000000
-0.112827 0.855727 0.735492 -0.474418 -21.508640 -11.938762 8.598763 2.305693 -32.365353 -4.452073 11.171781 70.649878 10.336603 20.196218 3.290949 0.000000 0.000000 0.000000 3.944271 1.120525 -8.770172 13.857263 0.888791 54.837305 -19.372079 -39.359541 5.458212 0.000000 0.000000 0.000000 -2.415641 1.450329 32.545866 9.338938 -2.139592 -26.080332 -0.433023 3.634239 28.808230 -0.396332 0.710115 -28.648835 0.000000 0.000000 0.000000 -33.316412 -3.163340 3.749253 -38.602847 -4.634821 -6.589685 -20.343648 -75.392813 22.630950 0.000000 0.000000 0.000000 16.891795 21.347316 7.894448 42.208804 22.939556 1.675847 -23.096243 65.526661 -12.993114 0.000000 0.000000 0.000000
-0.120587 0.863561 0.776861 -0.101369 -21.402208 -11.524662 8.502758 2.691106 -35.799471 -6.260530 9.704398 59.886459 9.551894 18.473552 5.398678 0.000000 0.000000 0.000000 2.859053 0.410324 -4.025968 12.522721 1.082372 50.301152 -18.111437 -37.524159 2.707363 0.000000 0.000000 0.000000 -4.224589 1.909985 32.100255 8.080710 -1.835100 -26.099716 1.692362 6.431992 27.989464 0.370282 0.827334 -29.551863 0.000000 0.000000 0.000000 -32.649476 -2.721660 2.152867 -38.016992 -2.686171 -6.577932 -30.453630 -76.052553 30.223801 0.000000 0.000000 0.000000 15.366848 20.263718 7.864569 43.461286 26.339283 2.870238 -28.427066 64.973958 -15.526291 0.000000 0.000000 0.000000
-0.127330 0.867878 0.822362 0.566657 -21.082527 -11.033245 8.302239 2.626659 -36.410258 -8.399946 8.272990 47.799451 9.082855 17.487251 5.849296 0.000000 0.000000 0.000000 1.270491 -0.131960 1.475853 11.175163 1.080613 45.369822 -17.613804 -36.308640 1.679439 0.000000 0.000000 0.000000 -5.810535 2.365467 31.952207 6.447257 -1.146968 -28.073037 2.929822 6.788603 29.187879 1.359860 0.303787 -30.025461 0.000000 0.000000 0.000000 -31.440221 0.393016 -0.041854 -40.000767 -0.265385 -7.616363 -52.302575 -76.785467 49.595126 0.000000 0.000000 0.000000 13.323980 20.030361 7.661161 45.639152 30.356239 4.524318 -34.741455 64.215661 -19.027434 0.000000 0.000000 0.000000
-0.132767 0.869813 0.873543 1.031982 -20.942735 -10.828629 7.661470 2.009605 -33.798786 -9.425802 7.105570 39.219290 9.196539 17.622911 6.205405 0.000000 0.000000 0.000000 -0.096661 -0.398757 7.352096 9.864950 0.957281 40.020961 -16.540635 -34.048933 0.357523 0.000000 0.000000 0.000000 -7.373068 2.575913 30.312348 5.971223 -1.025706 -28.226795 4.878627 10.605874 30.072239 0.785084 1.258759 -28.485043 0.000000 0.000000 0.000000 -30.527743 0.544543 -1.530700 -40.827926 1.243918 -7.828294 -64.436134 -74.953384 57.822170 0.000000 0.000000 0.000000 12.684638 18.621541 7.634272 46.060990 32.341272 5.298340 -44.438267 63.440432 -23.777227 0.000000 0.000000 0.000000
-0.136869 0.869937 0.930757 0.574260 -19.949921 -10.146143 6.101270 1.006000 -31.053036 -8.531865 6.371059 38.359591 10.309203 19.516872 7.513817 0.000000 0.000000 0.000000 -0.596476 -0.531883 12.919925 8.288116 0.858859 35.612057 -15.094930 -31.060377 1.929147 0.000000 0.000000 0.000000 -8.262732 2.241533 26.884704 6.419574 -1.235723 -26.736560 5.272621 12.916546 31.088547 0.677146 1.812330 -28.973707 0.000000 0.000000 0.000000 -28.973308 1.356237 -2.863433 -42.411775 2.512730 -8.289533 -68.551118 -74.600854 60.654561 0.000000 0.000000 0.000000 12.773732 18.259825 7.961612 44.704654 34.467662 5.836384 -47.302834 61.986835 -24.176601 0.000000 0.000000 0.000000
-0.139726 0.873595 0.992078 0.768535 -17.464301 -9.874687 3.706443 -0.220144 -28.267560 -8.188056 5.958431 39.074114 11.070828 21.188612 6.659701 0.000000 0.000000 0.000000 -1.598034 -0.518060 16.305499 8.413569 0.338090 34.767927 -14.171434 -29.492119 6.015486 0.000000 0.000000 0.000000 -9.743476 2.116982 24.576506 5.739057 -1.148143 -25.792303 6.313241 12.605234 31.728585 0.762907 1.840969 -27.424906 0.000000 0.000000 0.000000 -29.920111 2.900713 -4.413924 -42.502469 1.464625 -7.875904 -72.949587 -72.968586 62.894729 0.000000 0.000000 0.000000 12.825309 17.893114 8.016588 43.594360 32.237015 4.669799 -49.776860 64.388360 -26.733921 0.000000 0.000000 0.000000
-0.141564 0.879714 1.053174 1.636955 -15.326698 -9.589513 1.623667 -1.037694 -25.737952 -8.705663 6.076684 39.941416 11.366833 21.936327 6.452326 0.000000 0.000000 0.000000 -3.417658 -0.279654 13.686674 10.291450 -0.149416 42.902137 -12.061741 -26.086297 16.569693 0.000000 0.000000 0.000000 -11.501069 2.149695 22.605097 6.992866 -1.525567 -24.355303 5.713326 13.660328 30.227534 1.130827 1.892496 -25.680768 0.000000 0.000000 0.000000 -28.942643 3.210060 -5.396814 -42.253420 1.358234 -7.385289 -71.646892 -71.728568 59.594570 0.000000 0.000000 0.000000 12.820967 15.732576 7.403155 45.232587 28.548222 3.628787 -48.250085 67.019249 -26.337129 0.000000 0.000000 0.000000
-0.144305 0.884975 1.108597 1.933869 -12.959864 -10.022967 -0.585800 -1.607608 -21.459057 -8.304792 5.577164 40.682718 11.105346 22.101438 3.473675 0.000000 0.000000 0.000000 -4.993881 -0.058267 7.350893 13.694392 -1.825089 56.261452 -9.772327 -22.741448 26.095960 0.000000 0.000000 0.000000 -11.760332 2.144905 23.357680 6.841830 -1.358965 -25.180064 5.114261 11.115101 30.521820 1.154838 1.527010 -23.992437 0.000000 0.000000 0.000000 -28.807421 2.238559 -4.220109 -42.143696 -1.205808 -6.761537 -68.962880 -71.528211 57.540905 0.000000 0.000000 0.000000 13.206534 14.534790 6.730159 46.198266 24.549604 2.057180 -47.479470 71.070321 -28.079256 0.000000 0.000000 0.000000
-0.149205 0.886034 1.157614 1.382780 -11.592307 -11.361235 -1.127551 -1.523593 -17.127770 -8.442696 5.420729 41.003724 11.837209 23.591195 3.230137 0.000000 0.000000 0.000000 -5.842538 0.186772 -0.405645 17.890330 -5.298570 67.910866 -12.297504 -25.422226 29.113269 0.000000 0.000000 0.000000 -11.421999 2.207138 25.711883 6.866939 -1.294387 -25.850622 4.051839 8.340462 31.558654 1.038644 1.220473 -23.964865 0.000000 0.000000 0.000000 -28.920217 0.818928 -2.482646 -40.528973 -6.316753 -5.310244 -59.808202 -73.456673 51.859688 0.000000 0.000000 0.000000 12.464887 13.493334 5.845753 47.606478 21.847407 0.997548 -48.243100 74.225950 -30.823595 0.000000 0.000000 0.000000
-0.156734 0.885187 1.203489 0.413952 -11.132116 -13.045555 -0.865563 -1.149970 -12.366575 -7.466695 4.889994 41.900968 11.850598 23.781728 2.906618 0.000000 0.000000 0.000000 -5.759446 0.585569 -8.860360 20.615961 -8.250064 73.816936 -15.445374 -29.399144 26.839616 0.000000 0.000000 0.000000 -9.879826 1.979317 27.866048 7.009145 -1.483861 -24.723570 2.553684 6.105824 31.135981 0.272828 1.236938 -21.313905 0.000000 0.000000 0.000000 -29.352205 -1.676209 -0.128729 -38.376871 -11.652851 -3.763826 -34.244103 -76.118236 32.683769 0.000000 0.000000 0.000000 12.957620 14.013798 5.795275 47.558664 19.795535 0.189986 -45.418987 73.424003 -28.906685 0.000000 0.000000 0.000000
-0.166436 0.885012 1.248983 -0.836779 -9.981641 -14.105125 -0.433292 -0.726890 -7.752065 -6.289743 3.992663 42.711028 11.529220 23.686596 0.075621 0.000000 0.000000 0.000000 -5.405215 1.117200 -16.264811 21.517804 -9.512636 71.242199 -18.098754 -33.406923 23.472984 0.000000 0.000000 0.000000 -9.133741 1.862963 30.098403 8.341003 -1.834370 -24.692552 1.067389 2.872162 31.533375 -1.168395 1.763125 -21.267653 0.000000 0.000000 0.000000 -29.235169 -3.544887 2.038722 -37.369643 -17.920845 -2.232010 -5.035521 -75.793834 9.807454 0.000000 0.000000 0.000000 12.680103 14.664207 5.669245 49.108557 18.905332 -0.137280 -41.236983 71.776565 -25.575491 0.000000 0.000000 0.000000
-0.177895 0.886855 1.295303 -1.943303 -10.693152 -14.912150 0.927242 -0.085736 -1.639460 -5.616369 3.467789 40.631192 10.700635 22.635691 -2.606917 0.000000 0.000000 0.000000 -5.009038 1.746866 -22.238426 20.388641 -7.500524 62.593625 -18.132990 -34.523455 19.370745 0.000000 0.000000 0.000000 -8.199317 1.804495 31.826654 9.384846 -2.026402 -25.620361 -0.073486 1.044740 32.769615 -2.145664 2.086521 -22.466468 0.000000 0.000000 0.000000 -28.365243 -4.596703 3.545090 -37.269604 -21.859430 -1.441340 17.219680 -74.707284 -6.682866 0.000000 0.000000 0.000000 12.746484 14.326174 5.210755 49.902456 18.250712 -0.542829 -40.171186 72.105901 -25.437532 0.000000 0.000000 0.000000
-0.190631 0.888335 1.343388 -2.794108 -11.357443 -14.950166 2.088826 0.398263 3.385790 -6.057602 3.466913 37.945422 11.936375 25.341319 -1.837066 0.000000 0.000000 0.000000 -3.396335 2.428087 -25.177057 15.489599 -3.489584 44.455748 -24.231328 -39.175349 29.425983 0.000000 0.000000 0.000000 -7.559643 1.675249 31.938416 10.252715 -2.670401 -22.659266 -0.601677 -0.639277 29.844272 -3.605721 2.763336 -24.130357 0.000000 0.000000 0.000000 -27.189725 -4.309127 3.704729 -38.822335 -24.597446 -0.328828 26.173641 -74.912304 -13.123763 0.000000 0.000000 0.000000 11.692000 13.440775 4.436352 51.125717 15.982933 -1.151910 -35.279685 72.841557 -23.063965 0.000000 0.000000 0.000000
-0.204656 0.887971 1.393843 -3.056015 -12.503442 -14.571482 2.194483 0.934334 8.912039 -5.547794 3.060070 34.863410 11.727229 25.620663 -3.109755 0.000000 0.000000 0.000000 -1.168058 3.079834 -25.930342 8.897403 -0.812036 25.388837 -25.330166 -38.654228 35.873642 0.000000 0.000000 0.000000 -6.696797 1.579715 32.114965 11.514503 -2.775943 -24.328852 -2.419917 -1.680755 31.451569 -4.267466 2.870015 -25.605328 0.000000 0.000000 0.000000 -26.223320 -4.226575 4.217936 -39.511913 -26.660770 0.133704 36.223253 -75.293360 -20.317475 0.000000 0.000000 0.000000 11.477544 13.025840 4.048254 52.036079 14.597956 -1.975517 -30.225253 74.788148 -20.353903 0.000000 0.000000 0.000000
-0.219762 0.882749 1.447540 -3.168638 -12.070745 -13.089810 1.726353 1.444470 13.496916 -4.412446 2.052492 30.667648 12.228521 27.150716 -3.828914 0.000000 0.000000 0.000000 0.022659 3.423796 -26.549250 5.370144 -0.185599 16.581319 -17.193701 -32.358718 27.138619 0.000000 0.000000 0.000000 -5.719700 1.189853 30.921747 12.894334 -3.116052 -24.107169 -4.046105 -3.482146 30.894429 -4.398402 2.625824 -26.745136 0.000000 0.000000 0.000000 -25.709165 -3.430651 4.129211 -41.689602 -27.439749 0.584275 41.415001 -76.544854 -24.175514 0.000000 0.000000 0.000000 11.947577 12.668408 3.630920 52.448668 11.727343 -3.145855 -26.478050 75.950233 -18.511158 0.000000 0.000000 0.000000
-0.237036 0.875257 1.505456 -2.526876 -12.697157 -11.414503 1.395225 2.132292 18.432399 -3.254925 1.333131 26.602072 10.382967 23.625148 -4.607579 0.000000 0.000000 0.000000 0.979720 3.963286 -28.132537 3.930733 0.283445 18.745324 -11.684446 -26.529149 17.724843 0.000000 0.000000 0.000000 -4.762074 0.973328 30.053845 14.645985 -3.364754 -24.803239 -7.033103 -3.764925 30.832581 -3.705196 2.064405 -28.916522 0.000000 0.000000 0.000000 -24.332178 -2.547350 3.638296 -43.526407 -28.433513 1.259830 45.289254 -77.822918 -27.447474 0.000000 0.000000 0.000000 13.196388 11.414424 2.887909 52.552409 9.778707 -3.928739 -20.689087 78.893610 -15.051021 0.000000 0.000000 0.000000
-0.256622 0.870888 1.566570 -3.181298 -11.153866 -9.943903 2.813502 2.241955 21.662063 -1.838872 0.565452 25.887714 9.667947 21.326216 -1.648926 0.000000 0.000000 0.000000 1.347359 4.089322 -28.921234 4.922564 0.214879 24.384457 -11.326508 -25.851987 17.709206 0.000000 0.000000 0.000000 -1.997803 0.089131 28.851981 13.554061 -3.270747 -23.631013 -6.813207 -7.054190 28.326809 -4.476326 2.151574 -28.537967 0.000000 0.000000 0.000000 -25.472513 -1.483041 3.555078 -45.285847 -27.607573 1.259950 44.647258 -80.323487 -27.549971 0.000000 0.000000 0.000000 13.309032 10.721444 2.106435 51.958757 5.727152 -5.242480 -14.316058 81.855735 -11.714853 0.000000 0.000000 0.000000
-0.278854 0.872830 1.629088 -4.078875 -11.895965 -8.441236 5.061851 2.183484 24.088336 -3.066732 1.126003 27.197363 9.228249 19.813064 4.965672 0.000000 0.000000 0.000000 2.651649 4.650588 -29.903553 6.731472 -0.003214 30.998513 -11.845583 -26.776859 15.000784 0.000000 0.000000 0.000000 0.386338 -0.462204 27.471098 14.778307 -3.219472 -25.272020 -8.869577 -7.315691 30.114937 -4.413714 1.948225 -30.644138 0.000000 0.000000 0.000000 -25.625499 -0.452965 3.299705 -47.010287 -26.737280 0.847366 43.230912 -82.378085 -26.426152 0.000000 0.000000 0.000000 13.864838 9.587126 1.401045 51.167838 4.196944 -5.912832 10.718966 83.028620 9.824108 0.000000 0.000000 0.000000
-0.302893 0.877659 1.690568 -4.985299 -11.010537 -7.807733 7.932084 1.581401 24.197301 -3.797662 1.539307 31.327717 8.866390 18.744677 13.583702 0.000000 0.000000 0.000000 3.972460 4.735245 -28.979499 7.944469 -0.451037 34.140968 -12.709944 -28.090328 13.788448 0.000000 0.000000 0.000000 1.909275 -0.877760 26.306992 14.571205 -3.006861 -26.005809 -9.325600 -9.392627 30.911570 -4.883247 1.882339 -30.100734 0.000000 0.000000 0.000000 -26.464579 0.179920 3.601665 -47.344818 -25.636243 0.144023 39.131841 -84.488403 -22.773785 0.000000 0.000000 0.000000 12.376447 8.438407 0.784318 53.069708 2.454852 -7.074398 38.027457 82.340351 32.998124 0.000000 0.000000 0.000000
-0.327008 0.881845 1.749340 -5.429870 -10.657622 -7.055955 9.888476 1.040371 21.651150 -6.033916 3.182632 39.115569 11.224431 21.925283 19.831431 0.000000 0.000000 0.000000 5.808692 4.667443 -26.670667 7.742391 -0.376604 35.081163 -14.269993 -30.572255 12.713650 0.000000 0.000000 0.000000 1.770476 -0.860443 24.507935 14.732473 -2.968028 -26.078385 -8.651965 -10.726069 31.683621 -4.051979 1.111485 -28.815968 0.000000 0.000000 0.000000 -26.396747 -0.044778 4.249882 -48.307544 -24.985451 -0.193454 43.154719 -85.697744 -26.146022 0.000000 0.000000 0.000000 11.598009 8.257158 0.599959 53.033378 1.627541 -7.524785 55.207168 82.033655 47.558611 0.000000 0.000000 0.000000
-0.350096 0.884859 1.805883 -5.897610 -11.223500 -7.548136 11.035237 0.814028 19.061165 -7.651828 5.193234 47.406065 13.045799 24.297987 20.766501 0.000000 0.000000 0.000000 7.511503 4.440059 -23.748197 7.948781 -0.285129 37.132809 -14.649018 -31.289089 11.396589 0.000000 0.000000 0.000000 1.135548 -0.706369 24.072132 15.574850 -3.234483 -25.698830 -8.398331 -10.702472 32.134157 -4.260341 1.178361 -28.306480 0.000000 0.000000 0.000000 -26.534346 -0.396898 4.646910 -49.044775 -24.016559 -0.653809 43.522041 -86.436595 -26.488428 0.000000 0.000000 0.000000 11.691146 8.302920 0.558983 52.898477 2.007005 -7.385959 75.142970 83.421844 67.338444 0.000000 0.000000 0.000000
-0.371628 0.886590 1.860599 -6.109895 -10.870928 -8.172334 11.412320 0.607316 14.479606 -8.366281 6.827662 55.843046 14.894878 26.832050 19.223650 0.000000 0.000000 0.000000 8.352104 3.798274 -20.132336 8.886994 -0.676607 38.924966 -15.201659 -32.444437 9.238906 0.000000 0.000000 0.000000 -0.072753 -0.491831 23.978516 16.358174 -3.545570 -25.093086 -7.569882 -10.473279 32.075689 -3.142813 0.576628 -28.060271 0.000000 0.000000 0.000000 -28.161296 0.063182 4.449169 -49.582304 -21.939706 -1.694834 8.605701 -87.941308 6.435152 0.000000 0.000000 0.000000 11.511473 8.479841 0.775458 53.163147 3.440333 -6.885044 82.599375 85.054760 76.574645 0.000000 0.000000 0.000000
-0.391231 0.888280 1.912844 -6.152539 -11.541455 -9.144565 11.382776 0.558690 9.473107 -8.649168 8.326378 61.478643 15.254542 27.738846 15.717004 0.000000 0.000000 0.000000 9.518250 3.132900 -16.114861 8.848971 -0.463975 40.483730 -15.243464 -32.613707 8.069803 0.000000 0.000000 0.000000 -0.280624 -0.424690 23.278615 14.428525 -3.199411 -24.743673 -5.940646 -8.909885 33.531216 -3.125706 0.718990 -27.650895 0.000000 0.000000 0.000000 -28.944184 -0.137938 4.494532 -48.951736 -20.690262 -2.529305 -2.235242 -86.645503 16.328844 0.000000 0.000000 0.000000 11.836492 8.473379 0.937352 52.974419 5.486135 -6.171318 102.325994 87.335789 99.436939 0.000000 0.000000 0.000000
-0.408422 0.888705 1.961486 -5.778084 -11.102798 -9.834806 10.472437 0.459562 2.235038 -9.013353 9.156691 64.834388 17.154809 31.086880 11.169973 0.000000 0.000000 0.000000 9.536375 2.404231 -12.695941 9.469465 -0.784656 41.502644 -15.964712 -33.700289 8.241453 0.000000 0.000000 0.000000 -1.956740 -0.136143 22.854706 14.071377 -3.355218 -23.423410 -3.789024 -7.118116 32.374638 -2.595138 0.769308 -25.622035 0.000000 0.000000 0.000000 -30.478896 1.149537 2.962234 -49.214411 -16.704981 -3.997952 -53.552620 -85.637538 63.680606 0.000000 0.000000 0.000000 11.111272 9.300740 1.743545 54.314281 8.092225 -5.176322 -179.088420 89.328019 -178.029400 0.000000 0.000000 0.000000
-0.422663 0.889746 2.006616 -4.807764 -11.186657 -10.739515 9.646489 0.392933 -6.860908 -9.221574 9.837825 66.725382 16.248668 30.792256 5.230482 0.000000 0.000000 0.000000 9.426595 1.612854 -8.823797 8.911130 -0.461358 41.802137 -16.433312 -34.339699 8.299699 0.000000 0.000000 0.000000 -3.541854 0.182226 23.293659 12.548355 -2.732984 -25.189295 -1.803007 -2.689283 34.007326 -1.707318 0.958141 -24.865317 0.000000 0.000000 0.000000 -30.351596 2.167963 0.737166 -49.266913 -11.815183 -5.704391 -73.077249 -82.568963 78.240300 0.000000 0.000000 0.000000 12.428758 9.651734 2.527297 52.917506 11.523146 -3.707641 -95.015975 86.106537 -87.416034 0.000000 0.000000 0.000000
-0.433947 0.889258 2.048800 -4.062612 -10.310630 -10.800213 8.599079 0.285794 -17.086357 -9.371832 9.121149 64.714484 16.496079 31.350703 3.544950 0.000000 0.000000 0.000000 8.923759 1.065290 -6.162060 9.289232 -0.805029 41.573581 -18.198355 -36.599947 10.309060 0.000000 0.000000 0.000000 -5.724102 0.570320 23.264093 11.210793 -2.525488 -24.336155 1.561111 1.008374 32.320093 -0.806440 1.171089 -23.755052 0.000000 0.000000 0.000000 -29.933862 4.337608 -2.526513 -49.300615 -4.811289 -7.680147 -95.946569 -77.934447 94.303105 0.000000 0.000000 0.000000 11.295340 10.241388 3.458542 53.001126 14.579221 -2.174952 -84.372250 81.527437 -70.253212 0.000000 0.000000 0.000000
-0.442540 0.889752 2.090323 -3.008592 -10.839303 -11.035027 7.227508 0.130037 -24.540262 -8.634861 7.642372 58.525491 14.974185 28.937340 2.039422 0.000000 0.000000 0.000000 8.280601 0.363956 -2.414458 8.221293 -0.214507 40.347026 -18.069164 -36.349847 9.944587 0.000000 0.000000 0.000000 -6.981144 0.894183 23.778321 9.115806 -1.836285 -25.938952 4.457877 6.418097 33.791901 0.289602 1.485154 -24.676272 0.000000 0.000000 0.000000 -29.364916 5.628110 -5.238983 -47.941542 0.368255 -8.958635 -106.847181 -72.680733 97.944521 0.000000 0.000000 0.000000 12.383771 9.616984 4.005566 50.383492 17.707402 -0.954322 -85.153124 78.266139 -65.300646 0.000000 0.000000 0.000000
-0.449377 0.888870 2.133055 -2.855355 -9.919042 -10.607146 6.413212 -0.085420 -30.174605 -8.543653 5.724161 49.156138 13.595928 25.946893 4.644271 0.000000 0.000000 0.000000 7.556661 -0.192955 0.926572 8.942025 -0.800901 37.864858 -19.656120 -38.032954 12.320050 0.000000 0.000000 0.000000 -7.544194 0.963633 23.726468 7.787869 -1.479571 -26.127834 6.664742 10.970355 33.192735 2.088274 1.283474 -24.293659 0.000000 0.000000 0.000000 -28.706284 6.567359 -7.764188 -46.196155 5.715525 -9.850093 -112.629443 -67.701551 96.127859 0.000000 0.000000 0.000000 11.485811 9.113784 4.412856 50.317036 20.782431 0.617497 -79.420887 74.538737 -54.412530 0.000000 0.000000 0.000000
-0.455164 0.888456 2.178643 -2.380250 -9.626749 -9.407021 4.589069 -0.671176 -32.798875 -7.201100 3.282898 35.140454 13.934898 25.664594 8.748202 0.000000 0.000000 0.000000 6.629057 -0.775574 4.883807 8.167113 -0.618459 34.444126 -17.838682 -35.827847 10.162053 0.000000 0.000000 0.000000 -8.169575 1.010504 22.274508 6.333794 -1.104661 -26.126841 8.184621 14.714335 32.655507 3.101854 1.278010 -23.265296 0.000000 0.000000 0.000000 -28.732977 8.498663 -10.613239 -42.447473 10.125207 -9.869634 -117.568061 -62.869545 93.983266 0.000000 0.000000 0.000000 11.315900 9.510296 5.094018 50.347357 23.854537 2.210404 -79.354813 71.094926 -49.647580 0.000000 0.000000 0.000000
-0.460292 0.885109 2.228528 -1.773686 -8.362939 -8.794967 2.931637 -1.342960 -32.632460 -4.967794 1.360808 22.868129 10.984756 20.764321 13.220155 0.000000 0.000000 0.000000 4.769461 -1.247441 9.410236 9.586480 -1.397272 30.312154 -18.694871 -36.581239 12.231395 0.000000 0.000000 0.000000 -8.430436 0.957614 21.322693 4.039458 -0.565727 -25.540356 9.539262 16.969717 31.934268 3.874680 1.252413 -22.736648 0.000000 0.000000 0.000000 -27.225428 8.113447 -10.999762 -41.813153 13.231718 -10.387598 -119.449774 -60.722337 92.190216 0.000000 0.000000 0.000000 10.065042 9.801219 5.346563 52.035067 27.693047 4.778459 -76.603041 66.633892 -42.648667 0.000000 0.000000 0.000000
-0.464379 0.879986 2.283051 -1.315291 -8.464647 -8.164597 2.344158 -1.502168 -32.225530 -4.218376 1.031069 20.664986 8.316080 16.825767 12.165269 0.000000 0.000000 0.000000 3.666204 -1.721064 14.945001 8.965988 -1.204187 25.653868 -17.730960 -34.947679 12.571954 0.000000 0.000000 0.000000 -9.128011 1.034581 20.166780 2.624333 -0.210915 -25.633227 10.831331 19.374610 31.522242 5.112429 0.670013 -21.392152 0.000000 0.000000 0.000000 -25.177500 9.637658 -12.007195 -41.553389 16.558758 -11.264236 -116.348070 -57.570711 83.654576 0.000000 0.000000 0.000000 10.356711 10.629512 6.066920 51.689197 30.283665 6.207972 -72.508476 63.316231 -36.524378 0.000000 0.000000 0.000000
-0.467150 0.873830 2.341717 -1.077737 -7.518836 -6.896305 1.729701 -1.791972 -32.448702 -4.779612 1.289279 23.704963 7.942972 16.409298 13.427739 0.000000 0.000000 0.000000 3.015350 -2.061826 19.077605 8.528380 -1.162978 22.278146 -17.095271 -33.257153 16.259986 0.000000 0.000000 0.000000 -9.456978 0.970727 18.520106 2.804956 -0.229984 -25.487598 10.575752 21.055815 31.694222 5.051530 1.187422 -21.948132 0.000000 0.000000 0.000000 -24.910274 10.527023 -13.222519 -41.380081 17.242903 -11.271520 -112.990096 -57.608894 79.072593 0.000000 0.000000 0.000000 9.478525 10.932128 6.290521 53.149763 31.643416 7.585173 -69.269269 61.868771 -32.546306 0.000000 0.000000 0.000000
-0.468273 0.870752 2.402547 -0.151987 -7.808240 -6.457974 1.571108 -1.810732 -32.597853 -6.720309 2.391039 29.133545 9.371892 18.585001 12.832039 0.000000 0.000000 0.000000 2.165595 -2.152119 22.498335 6.821061 -0.673354 21.460782 -16.261560 -31.109828 21.807090 0.000000 0.000000 0.000000 -10.666285 1.047045 16.383896 2.402566 -0.124331 -25.428198 11.926963 22.417817 32.683694 3.922626 2.357296 -23.683056 0.000000 0.000000 0.000000 -24.605557 10.114869 -13.313799 -42.274366 16.618136 -11.262075 -109.373511 -60.628818 78.302386 0.000000 0.000000 0.000000 7.963877 10.422703 5.791458 54.384724 32.496672 8.727869 -60.322438 59.845509 -25.355996 0.000000 0.000000 0.000000
-0.468096 0.871910 2.463234 0.422133 -6.546408 -6.098619 0.119979 -2.329850 -31.612344 -7.026912 2.734223 33.673067 10.604498 20.713460 10.239289 0.000000 0.000000 0.000000 1.175369 -2.015448 22.422435 7.919760 -1.061948 25.708487 -15.988811 -29.977997 27.419247 0.000000 0.000000 0.000000 -10.957462 1.024486 15.869190 1.370987 0.186727 -26.082303 11.752933 20.698165 32.984248 4.440130 1.875096 -23.809143 0.000000 0.000000 0.000000 -26.556020 10.776668 -14.314975 -42.347677 13.819371 -10.234875 -104.162701 -61.861944 74.784832 0.000000 0.000000 0.000000 8.455413 11.452539 6.328725 56.125378 30.883406 8.102030 -55.933543 60.536685 -23.175808 0.000000 0.000000 0.000000
-0.467338 0.875305 2.520420 1.366442 -5.625809 -6.334905 -0.767510 -2.525451 -29.356737 -8.593350 3.609582 36.675269 11.833471 22.827285 9.140960 0.000000 0.000000 0.000000 -1.944178 -1.179127 18.627708 11.721002 -2.745032 37.345020 -12.913849 -26.065826 30.733675 0.000000 0.000000 0.000000 -12.579912 1.267448 16.289406 2.894823 -0.131905 -26.232525 10.629406 19.607622 32.716567 3.867542 2.186029 -24.614954 0.000000 0.000000 0.000000 -26.717849 8.296330 -12.618012 -45.424799 10.443622 -9.961766 -97.006138 -64.482121 71.007769 0.000000 0.000000 0.000000 8.012254 11.327812 6.056741 58.049425 28.901370 7.618652 -50.905446 62.025764 -21.211807 0.000000 0.000000 0.000000
-0.467313 0.877861 2.571274 1.570377 -6.543648 -6.751419 -1.263078 -2.324171 -25.671781 -8.757750 3.971806 37.431782 13.039587 24.867185 8.033537 0.000000 0.000000 0.000000 -5.235757 -0.310727 11.422918 14.878349 -4.702517 52.472423 -9.457975 -21.953190 33.610274 0.000000 0.000000 0.000000 -12.475694 1.393489 17.549236 3.784622 -0.412313 -25.533043 8.018370 16.795419 31.006637 3.619687 1.581189 -23.563375 0.000000 0.000000 0.000000 -26.855348 5.904753 -9.822546 -46.597532 5.000136 -8.581959 -87.572840 -68.960635 68.239180 0.000000 0.000000 0.000000 11.250010 11.159098 6.348430 56.705656 25.464041 4.701723 -43.486239 68.440701 -20.246859 0.000000 0.000000 0.000000
-0.469049 0.879061 2.616247 1.104091 -7.111840 -8.100198 -1.060447 -1.913780 -21.043748 -8.814252 4.179802 37.867139 13.424999 25.727920 6.707055 0.000000 0.000000 0.000000 -6.594410 0.086694 2.276317 18.284221 -7.639470 64.979004 -12.431975 -25.084948 34.294216 0.000000 0.000000 0.000000 -12.433872 1.624083 20.237775 5.327399 -0.782007 -25.743247 5.923642 12.092928 31.703044 1.785574 1.992162 -25.872408 0.000000 0.000000 0.000000 -27.027235 2.667506 -5.840462 -47.315057 -3.410792 -6.337760 -69.309744 -75.394823 60.094467 0.000000 0.000000 0.000000 10.938011 12.345814 6.104521 57.528598 23.415407 3.338390 -40.051964 72.382626 -20.770347 0.000000 0.000000 0.000000
-0.472801 0.881599 2.658668 0.266528 -8.524531 -10.089091 -0.550522 -1.333409 -14.963024 -8.334334 4.128851 36.997539 13.857059 27.039554 4.080184 0.000000 0.000000 0.000000 -7.211401 0.398090 -6.335004 21.188302 -9.888202 70.834498 -17.137626 -30.784566 30.430753 0.000000 0.000000 0.000000 -10.627654 1.544943 22.998278 6.200945 -1.078920 -25.511063 3.704004 7.830815 31.622269 0.506472 1.834724 -25.803617 0.000000 0.000000 0.000000 -28.031853 0.116204 -2.346076 -44.010784 -12.494810 -3.476468 -21.191996 -79.426169 23.196193 0.000000 0.000000 0.000000 11.593836 13.503189 5.964357 56.561261 21.086123 1.593469 -33.161871 74.428309 -18.060541 0.000000 0.000000 0.000000
-0.478077 0.885557 2.700817 -0.590299 -9.192516 -11.295924 -0.262293 -0.878616 -9.751814 -7.394705 3.665195 35.985954 13.959014 27.655320 2.872839 0.000000 0.000000 0.000000 -7.550284 0.817264 -15.231855 23.156577 -11.043490 69.673890 -20.995051 -35.722870 28.185008 0.000000 0.000000 0.000000 -9.522088 1.523495 25.330802 7.758873 -1.522660 -25.189404 1.677867 2.985799 31.518507 -1.429447 2.076110 -25.702560 0.000000 0.000000 0.000000 -27.092909 -3.120106 1.705670 -40.925573 -20.647246 -1.313136 33.379233 -76.035623 -19.597072 0.000000 0.000000 0.000000 11.461721 13.956160 5.373803 58.177086 18.181961 -0.024880 -25.546145 78.398095 -14.927351 0.000000 0.000000 0.000000
-0.484837 0.890571 2.744034 -1.736022 -9.783107 -12.130010 0.342608 -0.214852 -2.621347 -6.393354 2.781734 31.298110 13.722297 28.313332 -0.286722 0.000000 0.000000 0.000000 -7.226957 1.327589 -21.920502 22.576575 -9.286654 61.583150 -22.046257 -37.284503 27.233679 0.000000 0.000000 0.000000 -8.436936 1.448925 27.264990 9.877935 -1.944110 -26.096970 -0.831905 -0.572773 32.143976 -2.637722 2.135174 -25.756003 0.000000 0.000000 0.000000 -25.327545 -4.483383 3.814626 -37.496294 -27.934340 0.385753 52.955216 -69.677444 -30.791634 0.000000 0.000000 0.000000 11.800307 13.214448 4.494752 58.085913 15.004343 -1.909643 -1.807057 82.762103 3.163918 0.000000 0.000000 0.000000
-0.493185 0.893517 2.788846 -2.244607 -11.029806 -12.592266 0.902400 0.404975 3.723487 -6.252977 2.458029 26.990070 13.730167 29.106430 -1.290056 0.000000 0.000000 0.000000 -5.437639 2.017860 -25.173273 18.565203 -5.276093 48.800348 -21.553268 -37.965487 23.224523 0.000000 0.000000 0.000000 -7.261614 1.240499 27.278912 10.081940 -2.383126 -23.565170 -1.549089 -3.520411 30.110952 -5.895507 3.608291 -25.917537 0.000000 0.000000 0.000000 -22.614175 -5.593753 5.074307 -35.154051 -33.757146 2.037343 61.649371 -62.829324 -32.355573 0.000000 0.000000 0.000000 11.081877 11.560789 3.201374 56.764546 11.004265 -3.696072 50.474128 84.119405 48.657893 0.000000 0.000000 0.000000
-0.503418 0.895666 2.835821 -2.428062 -12.236108 -12.492962 0.640888 1.049742 9.503387 -5.331604 1.841925 22.541881 13.923415 29.879445 -0.575640 0.000000 0.000000 0.000000 -2.688989 2.858518 -26.705954 12.686367 -1.984464 32.200030 -17.911206 -34.087334 21.630375 0.000000 0.000000 0.000000 -6.462940 1.118450 26.950328 11.662201 -2.570246 -25.004590 -4.332894 -5.670876 31.836123 -6.947474 3.689722 -27.157487 0.000000 0.000000 0.000000 -19.888432 -5.482809 5.431349 -32.030726 -38.676195 2.840525 68.841234 -57.366935 -32.743227 0.000000 0.000000 0.000000 10.656010 9.203123 1.827320 55.205582 8.612701 -4.969652 102.433487 80.806290 94.163660 0.000000 0.000000 0.000000
-0.515681 0.892327 2.885655 -2.223130 -12.101339 -11.165366 -0.204683 1.697454 14.134177 -3.721676 0.995560 17.834953 13.720626 29.996925 -1.037043 0.000000 0.000000 0.000000 -0.837320 3.447459 -27.837760 8.279603 -0.747961 21.268729 -14.408333 -29.360800 25.947328 0.000000 0.000000 0.000000 -5.984144 0.861515 24.737193 14.152331 -3.259890 -24.119880 -7.624063 -8.056954 30.362792 -6.916206 3.219040 -27.137051 0.000000 0.000000 0.000000 -17.499028 -5.001570 5.169252 -31.290502 -42.187699 4.041865 74.723024 -52.577142 -32.260428 0.000000 0.000000 0.000000 9.920593 8.183342 1.125067 54.678958 5.953307 -6.022508 120.046557 75.785748 105.797975 0.000000 0.000000 0.000000
-0.530872 0.885494 2.939826 -1.632787 -13.724307 -9.971367 -0.782771 2.564451 18.948143 -3.539757 0.808492 13.462883 14.104866 30.826763 0.873726 0.000000 0.000000 0.000000 1.108145 4.169497 -28.704375 6.375470 -0.114299 21.854677 -12.527621 -27.360112 26.273185 0.000000 0.000000 0.000000 -5.804423 0.838377 23.316957 16.314305 -3.389367 -25.803187 -11.038328 -8.426346 30.366216 -5.084308 1.847701 -26.035505 0.000000 0.000000 0.000000 -16.256517 -5.765923 5.583026 -29.377523 -44.985814 4.490510 76.320460 -49.911071 -31.116519 0.000000 0.000000 0.000000 11.414189 7.659535 0.422366 54.475519 5.100775 -6.292732 134.132894 71.998559 117.583886 0.000000 0.000000 0.000000
-0.549440 0.876114 2.997125 -2.430691 -13.023910 -8.755888 0.911204 2.818224 22.522289 -3.384464 0.712815 13.273418 12.838038 28.199260 0.757782 0.000000 0.000000 0.000000 1.790398 4.279998 -28.705104 8.076934 -0.487680 26.346668 -14.095520 -29.261398 24.586205 0.000000 0.000000 0.000000 -4.796147 0.444479 20.773383 16.287242 -3.551045 -24.968188 -11.277548 -11.180646 28.683296 -5.210370 1.652174 -23.626457 0.000000 0.000000 0.000000 -16.918414 -6.102711 6.302023 -29.824408 -47.295195 5.393353 76.248670 -48.755587 -29.653145 0.000000 0.000000 0.000000 11.684426 6.891337 -0.373384 52.917038 4.418734 -6.089198 139.839062 70.782512 121.686255 0.000000 0.000000 0.000000
-0.571012 0.869196 3.055720 -3.265440 -13.745451 -7.928623 2.304787 3.017366 25.210522 -3.665265 0.882232 15.424702 13.360395 28.033893 5.258994 0.000000 0.000000 0.000000 2.635427 4.621921 -29.153227 10.508248 -1.037840 32.868739 -15.300136 -31.138540 21.460995 0.000000 0.000000 0.000000 -3.872752 0.198323 18.357451 16.812924 -3.861470 -23.730086 -11.631682 -11.932578 28.097627 -4.489931 1.099785 -21.112179 0.000000 0.000000 0.000000 -17.825754 -5.476938 6.379910 -31.418719 -48.029297 6.160498 77.425434 -50.579070 -31.382612 0.000000 0.000000 0.000000 13.407941 7.554171 -0.729119 50.403471 6.259691 -4.623957 145.458140 73.620453 130.428728 0.000000 0.000000 0.000000
-0.594070 0.867247 3.111995 -4.870677 -13.904300 -7.103712 5.994722 2.165601 24.019025 -6.003068 2.230708 24.203907 13.141174 26.086246 10.829342 0.000000 0.000000 0.000000 4.916760 4.947836 -28.034784 11.763385 -1.420342 37.133963 -16.597799 -33.245513 18.467426 0.000000 0.000000 0.000000 -2.109514 -0.147960 15.160523 17.578025 -4.031993 -23.505211 -12.469022 -11.792250 28.650524 -5.521039 1.932877 -19.294782 0.000000 0.000000 0.000000 -18.851744 -5.609913 6.793628 -34.275733 -45.846775 6.090772 77.703292 -55.309365 -34.770903 0.000000 0.000000 0.000000 13.020969 9.283277 0.133986 50.537371 10.548211 -3.050626 150.709315 76.792945 139.454371 0.000000 0.000000 0.000000
-0.615678 0.867513 3.161921 -5.526773 -13.543172 -7.741113 9.761061 1.177273 19.349321 -8.147935 4.894474 39.112858 12.302667 23.645735 16.793550 0.000000 0.000000 0.000000 6.706800 4.471506 -24.215176 11.937601 -1.509086 38.737611 -17.370293 -34.788879 15.092908 0.000000 0.000000 0.000000 -1.496293 -0.238437 14.691078 15.479067 -3.638397 -23.118954 -9.628710 -11.941366 29.257562 -5.453253 1.812803 -19.497239 0.000000 0.000000 0.000000 -20.573000 -6.011485 7.562845 -37.145612 -45.865236 6.723529 77.924400 -59.848729 -38.096046 0.000000 0.000000 0.000000 10.870438 11.705514 1.616080 51.371051 14.981922 -1.608010 164.760793 78.581472 157.527447 0.000000 0.000000 0.000000
-0.633664 0.868069 3.205707 -5.698273 -14.373769 -8.945888 11.983738 0.750731 11.944542 -7.974693 7.845856 55.502329 11.442649 22.284678 17.251938 0.000000 0.000000 0.000000 8.157115 3.969249 -20.598430 11.808517 -1.221975 40.842649 -17.439760 -35.088765 13.488956 0.000000 0.000000 0.000000 -1.935680 -0.167587 15.454575 14.706733 -3.227253 -24.577895 -8.005544 -8.888598 30.611002 -4.403930 1.516680 -18.162928 0.000000 0.000000 0.000000 -20.968756 -5.893121 7.087261 -39.997095 -44.603725 6.958460 72.054087 -64.681265 -37.934403 0.000000 0.000000 0.000000 10.996123 13.828852 2.920727 50.833213 21.239084 0.779548 175.228100 82.044054 172.633545 0.000000 0.000000 0.000000
-0.647904 0.869176 3.245618 -4.984450 -13.767588 -10.108474 12.145033 0.638852 2.977256 -7.614106 9.486147 65.894239 13.354338 25.300968 12.972980 0.000000 0.000000 0.000000 8.210448 3.049187 -16.471348 11.254915 -1.045976 41.010148 -17.711301 -35.817095 11.208795 0.000000 0.000000 0.000000 -3.251823 0.019518 16.883227 13.062759 -3.070898 -23.656211 -4.618821 -5.869013 29.029340 -3.183725 1.272762 -16.960797 0.000000 0.000000 0.000000 -23.707893 -5.521516 6.436630 -43.446456 -41.027345 6.343838 72.773976 -73.308067 -45.874231 0.000000 0.000000 0.000000 12.081312 16.550899 4.576906 47.207550 25.830728 2.683311 -132.061524 84.029061 -127.315830 0.000000 0.000000 0.000000
-0.659759 0.874260 3.284023 -3.735205 -12.565508 -11.440783 11.637485 0.671186 -5.749522 -7.787644 9.843448 69.528904 14.089755 26.813400 8.319427 0.000000 0.000000 0.000000 7.855419 2.147583 -12.313436 9.882531 -0.621809 40.799035 -18.138391 -36.248691 11.403251 0.000000 0.000000 0.000000 -4.243970 0.179445 18.360179 10.160535 -2.145029 -25.550781 -1.735803 -1.975891 30.949124 -2.363691 1.358726 -17.504294 0.000000 0.000000 0.000000 -26.247329 -5.933426 5.848941 -44.839631 -36.530103 4.543674 72.573834 -80.790212 -52.882407 0.000000 0.000000 0.000000 11.930902 17.727573 5.894433 44.254934 30.580230 3.897931 -97.616754 80.727736 -85.752438 0.000000 0.000000 0.000000
-0.669939 0.881712 3.321842 -2.470441 -11.013979 -11.666910 10.272230 0.614204 -14.993058 -9.084322 9.618537 66.397992 15.797900 29.284619 8.181509 0.000000 0.000000 0.000000 6.878960 1.321719 -8.353094 8.910797 -0.530011 38.574965 -18.322646 -36.411881 11.509771 0.000000 0.000000 0.000000 -6.021244 0.420855 18.659068 8.481763 -1.895524 -24.307600 1.150212 2.317636 29.048938 0.055178 0.472538 -17.374124 0.000000 0.000000 0.000000 -27.652772 -4.124771 2.876435 -47.749286 -28.703626 2.350310 -124.594379 -88.808678 133.519643 0.000000 0.000000 0.000000 11.900790 17.603462 6.669608 42.964328 34.641703 5.430231 -80.361588 75.865257 -62.123150 0.000000 0.000000 0.000000
-0.678979 0.889620 3.359699 -1.254163 -9.243149 -11.668628 7.737625 0.105248 -21.485088 -8.984154 7.279947 57.620520 14.605769 27.718058 5.700216 0.000000 0.000000 0.000000 6.338669 0.599837 -4.136140 7.865040 -0.457732 35.899116 -18.718702 -37.099410 10.997324 0.000000 0.000000 0.000000 -6.679175 0.542979 19.891735 5.316446 -0.835947 -26.899367 4.023995 6.210274 30.413043 1.485065 0.327962 -18.429798 0.000000 0.000000 0.000000 -28.830806 -2.981359 0.319989 -46.547798 -20.424672 -0.703248 -119.365837 -80.830983 119.165273 0.000000 0.000000 0.000000 11.660686 16.445655 6.948378 41.865379 38.517726 6.615282 -78.806312 73.337991 -56.218573 0.000000 0.000000 0.000000
-0.686879 0.894246 3.398200 -0.962609 -5.935178 -10.765287 4.777628 -0.878182 -25.843810 -8.616397 4.008749 41.314631 17.315538 29.995278 14.065365 0.000000 0.000000 0.000000 6.007571 0.049491 -0.518883 8.968260 -1.465692 32.654961 -20.065414 -39.358115 10.903257 0.000000 0.000000 0.000000 -6.647108 0.441944 20.250834 2.964101 -0.180677 -27.193934 6.118846 9.430395 29.639537 2.410713 0.702359 -19.811693 0.000000 0.000000 0.000000 -28.185767 -1.510977 -2.706511 -45.177110 -12.645357 -2.822995 -123.647739 -74.249017 114.882242 0.000000 0.000000 0.000000 9.951537 14.776782 6.726940 41.623182 40.930605 7.834096 -78.023120 69.725745 -50.277187 0.000000 0.000000 0.000000
-0.693873 0.894488 3.438421 -1.007481 -4.536879 -10.142805 2.440213 -1.615950 -26.790773 -7.060802 1.871216 24.208253 14.183072 25.056108 19.142137 0.000000 0.000000 0.000000 6.577373 -0.585512 3.634391 9.469739 -1.821231 29.530752 -20.622835 -40.985319 9.099928 0.000000 0.000000 0.000000 -6.821144 0.458250 21.045041 1.031019 0.373037 -28.532374 8.919924 13.209753 30.052076 2.847461 1.291973 -20.224891 0.000000 0.000000 0.000000 -27.962927 0.952063 -6.077399 -42.664383 -5.613817 -4.453219 -127.480816 -68.303756 110.950893 0.000000 0.000000 0.000000 8.528945 13.812888 6.594483 39.884146 42.766273 8.418317 -83.474415 67.218069 -50.822881 0.000000 0.000000 0.000000
-0.699735 0.890565 3.482204 -0.645508 -1.867775 -9.575716 -0.687612 -2.547881 -26.391299 -4.976636 0.775084 14.856376 5.419576 13.944986 19.601060 0.000000 0.000000 0.000000 6.568691 -1.225989 7.737101 11.032821 -2.588111 26.357549 -22.480413 -44.328359 8.935036 0.000000 0.000000 0.000000 -6.436490 0.292658 21.120131 -1.132022 0.910298 -28.719737 10.930686 15.323004 30.514158 4.679690 0.622204 -19.843790 0.000000 0.000000 0.000000 -28.207675 0.825274 -7.560464 -39.286656 -0.448873 -5.166155 -141.015286 -66.565727 124.833025 0.000000 0.000000 0.000000 7.628200 12.553579 6.249859 37.578183 44.789590 8.827928 -87.276728 64.002813 -49.761826 0.000000 0.000000 0.000000
-0.703834 0.885096 3.530184 -0.251250 -1.626368 -9.158702 -2.202832 -2.853198 -25.690698 -3.515173 0.402207 14.445417 2.844575 10.411490 19.199806 0.000000 0.000000 0.000000 6.494462 -1.864596 11.883507 10.835690 -2.445515 24.489845 -21.952419 -43.987796 8.025054 0.000000 0.000000 0.000000 -7.067822 0.371711 20.024529 -1.835546 1.062516 -27.767629 12.013289 18.780466 30.601894 6.395579 -0.234363 -18.101872 0.000000 0.000000 0.000000 -26.466563 2.270738 -9.256897 -37.294935 2.916819 -5.520499 -150.215190 -63.647787 133.685963 0.000000 0.000000 0.000000 8.202441 13.019491 6.968812 33.497399 45.275264 7.846426 -88.885065 59.865919 -46.393114 0.000000 0.000000 0.000000
-0.705624 0.880140 3.581752 -0.030224 0.400943 -8.599127 -3.780596 -3.278348 -25.265932 -2.779020 0.116901 17.592841 2.936308 10.513843 17.476559 0.000000 0.000000 0.000000 7.134747 -2.531480 15.156172 10.830937 -2.557644 22.923830 -24.432901 -45.835113 12.848861 0.000000 0.000000 0.000000 -8.149868 0.436793 18.752700 -2.305777 1.208001 -26.614706 13.920655 19.770325 31.146540 4.655265 1.751775 -20.269039 0.000000 0.000000 0.000000 -27.452253 2.320412 -10.628127 -36.663393 4.774290 -5.572621 -156.960195 -62.138567 142.316397 0.000000 0.000000 0.000000 6.770704 13.512391 6.991786 32.861598 44.644814 7.786757 -93.967573 59.427327 -49.016410 0.000000 0.000000 0.000000
-0.705070 0.879407 3.635599 0.617391 1.929003 -8.634515 -5.359033 -3.605681 -24.493251 -2.678807 -0.077613 22.761095 3.137621 9.748089 11.519448 0.000000 0.000000 0.000000 5.845074 -2.541364 16.073794 12.423952 -3.554259 26.769535 -25.730856 -43.986502 21.301281 0.000000 0.000000 0.000000 -9.163385 0.516631 18.297055 -3.031596 1.390929 -28.512213 15.805494 19.865996 33.617841 4.913387 2.037815 -21.482690 0.000000 0.000000 0.000000 -26.136983 3.397154 -11.270256 -37.030580 4.416878 -5.638284 -155.855178 -62.092707 139.796244 0.000000 0.000000 0.000000 5.394722 12.825723 6.329347 34.026884 43.425864 7.941938 -93.753018 57.478690 -45.957901 0.000000 0.000000 0.000000
-0.703464 0.882154 3.688586 1.674720 1.862067 -8.549381 -6.592680 -3.686875 -23.310612 -3.064078 -0.009100 27.009296 4.109730 10.397189 7.330062 0.000000 0.000000 0.000000 2.090685 -1.513217 12.422683 16.270148 -6.309500 37.422851 -23.019484 -37.653810 29.811072 0.000000 0.000000 0.000000 -11.011692 0.776733 17.990643 -0.951681 0.935044 -28.080554 14.831786 21.028440 33.162045 4.169576 2.606324 -20.646765 0.000000 0.000000 0.000000 -25.658479 3.688073 -11.636767 -37.825107 5.003226 -5.819974 -153.979212 -62.390039 136.513511 0.000000 0.000000 0.000000 5.547845 12.427265 6.276470 37.221066 43.024903 9.060966 -97.395402 58.839866 -49.555242 0.000000 0.000000 0.000000
-0.702257 0.884609 3.737711 2.418463 2.112528 -9.223124 -7.228134 -3.577485 -21.719138 -4.038884 0.286955 31.413687 4.632995 10.754928 4.747498 0.000000 0.000000 0.000000 -2.947568 -0.548520 7.230298 20.218184 -10.621187 50.400381 -17.108912 -29.881696 35.453663 0.000000 0.000000 0.000000 -11.276165 0.889976 19.849226 -0.352221 0.810012 -28.524184 13.239557 19.604533 32.453197 5.082567 1.691848 -20.636591 0.000000 0.000000 0.000000 -24.559119 2.892743 -10.078108 -40.229988 4.331483 -6.371258 -150.397331 -62.877797 131.769328 0.000000 0.000000 0.000000 6.061331 12.678097 6.408994 38.318889 43.854535 9.603156 -99.193697 60.716974 -53.588264 0.000000 0.000000 0.000000
-0.703563 0.884847 3.782108 2.355342 1.886196 -10.484467 -7.340531 -3.157936 -19.019955 -3.996960 0.268174 34.546584 5.191999 11.176385 1.951448 0.000000 0.000000 0.000000 -6.839912 -0.087327 1.586491 22.149530 -14.049410 60.881793 -14.417544 -26.683050 38.365158 0.000000 0.000000 0.000000 -10.955648 0.877372 21.095072 0.529974 0.556338 -26.404977 10.678079 16.843699 30.337792 4.428223 1.174505 -18.289953 0.000000 0.000000 0.000000 -24.877682 1.775891 -8.335598 -40.700964 2.037833 -5.973497 -146.798675 -66.145643 130.515768 0.000000 0.000000 0.000000 7.646933 12.731104 6.616331 41.466454 44.039628 10.390052 -105.333815 63.824996 -63.396087 0.000000 0.000000 0.000000
-0.707305 0.884240 3.822009 1.576811 1.486823 -11.957900 -6.387870 -2.525165 -16.017930 -3.980527 0.275561 37.028460 5.606175 11.450349 -0.552410 0.000000 0.000000 0.000000 -8.450145 0.061001 -4.424628 23.873931 -16.602984 66.488336 -16.543545 -29.131746 36.470830 0.000000 0.000000 0.000000 -10.155871 0.858190 24.100141 0.734875 0.507739 -27.069646 9.383794 11.928008 30.561024 3.090999 1.356308 -19.520194 0.000000 0.000000 0.000000 -26.344039 -0.270947 -5.606230 -41.568224 -2.752924 -5.151597 -145.245155 -72.691090 136.095247 0.000000 0.000000 0.000000 6.698492 13.709856 6.254140 44.783591 43.176110 10.772050 -110.456326 65.403702 -71.837205 0.000000 0.000000 0.000000
-0.712175 0.882390 3.857564 0.631945 -0.166616 -13.553416 -4.820498 -1.764555 -12.319287 -4.109781 0.581965 38.147022 6.336459 12.481748 -3.302579 0.000000 0.000000 0.000000 -9.171904 0.165843 -10.861754 24.414177 -16.408299 67.600688 -19.155773 -32.762290 31.756411 0.000000 0.000000 0.000000 -9.327496 0.885667 26.947317 2.054907 0.153808 -27.170287 7.234788 8.696453 30.131478 1.118686 1.924518 -18.679821 0.000000 0.000000 0.000000 -27.039035 -1.640704 -3.305308 -41.785683 -7.898260 -4.016764 -140.003214 -80.334480 137.232944 0.000000 0.000000 0.000000 8.790309 14.667752 6.666726 44.339471 40.524887 8.823758 -114.898086 66.679217 -79.672756 0.000000 0.000000 0.000000
-0.717602 0.880558 3.889952 0.152810 -1.998684 -14.284225 -3.768100 -1.262986 -9.401823 -4.161208 0.927027 38.666021 7.030210 13.828686 -5.290586 0.000000 0.000000 0.000000 -8.667599 0.456938 -17.450475 24.251689 -14.373258 63.796193 -23.791896 -38.046682 30.688000 0.000000 0.000000 0.000000 -8.648605 0.971789 29.242339 2.961259 -0.158705 -26.319327 5.367362 5.775859 29.357976 -0.539985 2.451586 -19.140974 0.000000 0.000000 0.000000 -26.733757 -2.394836 -1.380259 -42.300601 -13.007042 -2.785572 -114.396691 -87.915199 117.594094 0.000000 0.000000 0.000000 8.983289 15.178966 6.447622 46.370079 37.424336 7.805529 -120.847105 67.166900 -88.165497 0.000000 0.000000 0.000000
-0.723261 0.879544 3.921258 -0.342038 -4.661197 -14.603995 -2.972606 -0.742133 -5.636873 -3.821484 1.191121 37.093194 7.911746 15.956994 -7.960869 0.000000 0.000000 0.000000 -7.086589 1.051114 -21.815435 21.622786 -9.790211 55.441699 -24.911685 -40.686493 26.205500 0.000000 0.000000 0.000000 -7.833261 1.103830 31.101871 3.936599 -0.443162 -26.727299 3.695028 3.213182 29.639302 -2.773289 3.393394 -19.966014 0.000000 0.000000 0.000000 -26.755804 -3.271861 0.585775 -42.300770 -16.452229 -2.128035 22.400897 -84.486277 -14.149602 0.000000 0.000000 0.000000 9.041847 15.921647 6.293269 46.385581 34.133496 6.129198 -122.436710 68.189779 -93.043264 0.000000 0.000000 0.000000
-0.729351 0.879405 3.952954 0.023512 -6.784318 -14.796256 -2.945677 -0.311925 -1.937294 -4.060538 1.594380 35.091520 8.457683 17.730576 -9.403493 0.000000 0.000000 0.000000 -6.167666 1.549472 -24.599669 18.968789 -6.322781 45.546141 -25.436239 -41.700414 24.991041 0.000000 0.000000 0.000000 -7.187024 1.232285 32.228688 4.232610 -0.675016 -25.316899 1.991803 0.951028 28.066547 -4.474233 3.991248 -20.091621 0.000000 0.000000 0.000000 -26.254301 -3.643086 1.872368 -42.890517 -18.190698 -1.695118 28.507878 -80.042381 -17.190294 0.000000 0.000000 0.000000 10.014046 15.806093 5.879608 47.265605 29.029465 4.218119 -127.754837 71.154515 -104.430335 0.000000 0.000000 0.000000
-0.736081 0.880209 3.986192 -0.110155 -8.423296 -14.932121 -2.967874 0.250914 2.618683 -3.482108 1.394540 31.795549 8.767449 19.169848 -11.162417 0.000000 0.000000 0.000000 -5.200184 2.001013 -26.122894 16.199078 -3.962854 35.659190 -24.410452 -40.437327 25.497312 0.000000 0.000000 0.000000 -5.656609 1.078990 33.545552 3.684512 -0.457703 -26.884843 0.780132 -1.585125 28.616969 -6.577086 4.858819 -21.268278 0.000000 0.000000 0.000000 -26.099470 -3.524365 2.917129 -43.175492 -19.986195 -1.427842 25.026817 -76.779266 -12.309613 0.000000 0.000000 0.000000 10.810887 15.682388 5.411727 47.043268 24.249484 2.189891 -128.577874 73.780234 -110.031385 0.000000 0.000000 0.000000
-0.743884 0.881233 4.020652 -0.226034 -9.565776 -14.672919 -2.772852 0.807443 6.784614 -3.206231 1.217981 28.382044 8.832850 19.972185 -12.004336 0.000000 0.000000 0.000000 -4.457645 2.238388 -26.126822 14.134121 -2.652711 26.676334 -24.393192 -39.364805 29.290333 0.000000 0.000000 0.000000 -4.222692 0.818750 33.754450 3.000617 -0.339647 -26.569195 0.495086 -3.699772 27.408848 -8.003964 5.323344 -22.071413 0.000000 0.000000 0.000000 -26.618013 -3.578645 3.780790 -42.837432 -21.043444 -1.199686 23.213822 -74.331597 -9.797863 0.000000 0.000000 0.000000 10.595676 14.170028 4.361825 47.264052 18.888749 0.267051 -132.725386 77.277577 -120.077191 0.000000 0.000000 0.000000
-0.753118 0.880427 4.056524 0.131000 -9.793593 -13.565750 -2.563430 1.235446 9.826367 -3.535598 1.194895 25.206474 8.628222 19.774657 -12.624360 0.000000 0.000000 0.000000 -5.253665 2.079494 -25.958603 13.362751 -2.086158 18.355658 -26.619758 -40.352897 33.718186 0.000000 0.000000 0.000000 -2.682182 0.388941 32.584776 1.756597 0.101141 -28.802253 -0.623849 -6.415084 30.031645 -9.559402 5.797046 -23.002797 0.000000 0.000000 0.000000 -26.672426 -3.808584 5.153610 -42.986475 -23.881245 -0.773753 21.793843 -74.207362 -7.406369 0.000000 0.000000 0.000000 11.182873 14.120271 3.915477 45.052289 13.890011 -1.673464 -139.654603 78.823574 -131.175130 0.000000 0.000000 0.000000
-0.763815 0.880373 4.094587 0.573982 -9.805225 -11.994820 -2.905796 1.651802 12.389891 -2.955614 0.838896 22.033591 8.486881 19.530231 -11.756316 0.000000 0.000000 0.000000 -5.339839 2.110076 -26.210686 12.591203 -1.656934 12.129139 -35.626864 -43.298786 48.005040 0.000000 0.000000 0.000000 -1.897615 0.108943 29.959559 1.931320 0.014288 -27.748659 -1.678762 -7.985833 28.320288 -9.390241 5.446598 -21.708667 0.000000 0.000000 0.000000 -26.567951 -3.373652 5.354331 -43.367872 -23.389270 -0.887428 16.916533 -74.666218 -3.385147 0.000000 0.000000 0.000000 10.742877 13.294406 3.287916 46.242714 10.211212 -2.853044 -143.168601 82.895180 -139.383373 0.000000 0.000000 0.000000
-0.776697 0.877999 4.136507 1.002013 -10.533687 -10.382420 -3.023457 1.949400 14.018627 -2.858098 0.808376 20.806086 8.625361 19.946301 -9.240182 0.000000 0.000000 0.000000 -5.396952 2.208648 -26.593045 12.873247 -1.627902 11.531454 -44.355195 -45.444187 58.342374 0.000000 0.000000 0.000000 -0.802234 -0.116292 28.825729 1.638365 0.279934 -30.690505 -3.051525 -8.768230 30.066507 -7.281667 3.724903 -21.374911 0.000000 0.000000 0.000000 -27.145084 -3.655275 6.188343 -42.619971 -24.076327 -1.004980 9.022266 -74.603273 2.832748 0.000000 0.000000 0.000000 10.462127 11.096627 2.223698 48.219635 8.326321 -3.946344 -170.002607 86.526699 -170.680694 0.000000 0.000000 0.000000
-0.792542 0.876306 4.181989 0.792794 -11.607698 -8.829295 -2.288217 2.260408 16.218973 -2.900643 0.806248 19.221550 8.842253 20.256196 -5.029600 0.000000 0.000000 0.000000 -4.738473 2.477756 -27.055739 13.099122 -1.722784 14.296747 -47.751131 -46.946405 60.054756 0.000000 0.000000 0.000000 0.471461 -0.390707 26.729013 0.272596 0.578313 -31.488118 -2.964312 -10.985141 30.266593 -5.854380 2.171744 -21.819165 0.000000 0.000000 0.000000 -27.410808 -2.438398 6.344658 -42.829780 -24.550072 -0.998448 -0.017510 -75.012366 10.319987 0.000000 0.000000 0.000000 12.017463 9.163654 0.618984 47.272399 4.167444 -5.167555 117.273001 86.990406 111.530008 0.000000 0.000000 0.000000
-0.812357 0.877393 4.230147 0.262021 -14.986351 -7.796940 -0.214143 2.262510 17.046950 -6.027480 2.233247 21.330440 10.117513 21.814805 4.769988 0.000000 0.000000 0.000000 -3.001084 3.059669 -27.106847 13.957625 -1.767962 17.903690 -49.651978 -48.732559 58.814424 0.000000 0.000000 0.000000 0.273901 -0.194277 25.079299 2.707632 0.056851 -31.066726 -3.353099 -11.775588 29.363951 -5.630656 1.618535 -21.066696 0.000000 0.000000 0.000000 -28.431594 -0.690853 6.255929 -44.553778 -23.209678 -1.488596 -8.403321 -76.251297 17.987041 0.000000 0.000000 0.000000 12.336357 9.387333 -0.002857 48.462978 2.315638 -5.710728 63.375565 82.647561 52.414753 0.000000 0.000000 0.000000
-0.835705 0.882109 4.277952 -0.186346 -19.625684 -6.208650 2.347037 1.666746 13.797133 -9.595669 5.339894 28.721467 9.525520 18.995134 17.073986 0.000000 0.000000 0.000000 -1.407512 3.634935 -26.996272 15.325843 -1.697294 21.074709 -45.769526 -48.917840 52.978331 0.000000 0.000000 0.000000 0.856809 -0.240814 20.855051 4.352103 -0.194737 -31.535963 -4.470446 -10.466659 31.061874 -6.016608 1.682965 -20.080500 0.000000 0.000000 0.000000 -29.085345 0.868370 6.139986 -44.870128 -22.124778 -2.304825 -24.760686 -74.996855 31.168547 0.000000 0.000000 0.000000 13.497662 9.045994 -0.912941 48.292759 -0.660604 -6.740218 65.445646 78.144041 49.678560 0.000000 0.000000 0.000000
-0.859742 0.883906 4.322572 -0.300623 -24.751422 -6.446152 4.715626 0.978320 7.852255 -9.865280 10.501427 43.403467 6.144109 13.910770 26.019845 0.000000 0.000000 0.000000 0.002932 3.664982 -24.751544 17.245661 -1.535566 23.885697 -42.973057 -49.657339 46.324419 0.000000 0.000000 0.000000 1.658541 -0.239677 19.565606 3.661861 -0.393741 -29.364917 -2.943027 -11.889466 28.469993 -6.796566 1.623935 -20.199691 0.000000 0.000000 0.000000 -30.182605 2.639269 6.498809 -45.555534 -21.080382 -2.754851 -37.609460 -74.087357 41.896405 0.000000 0.000000 0.000000 11.121992 9.590086 -0.990029 49.907034 -2.025041 -7.428293 62.603222 73.352956 40.888721 0.000000 0.000000 0.000000
-0.882282 0.882703 4.363340 -1.633706 -31.862427 -6.446738 6.337130 0.648003 0.692005 -3.320424 14.360729 59.687658 0.967995 7.612394 26.414729 0.000000 0.000000 0.000000 2.797524 3.751344 -22.189719 18.624667 -0.832538 27.077911 -38.073773 -48.885755 38.346779 0.000000 0.000000 0.000000 2.993707 -0.187910 20.295603 2.574280 0.001357 -32.051541 -2.163858 -11.473408 30.728494 -5.491797 0.168662 -19.544360 0.000000 0.000000 0.000000 -32.337387 3.058427 8.267855 -43.954704 -21.823265 -3.382373 -43.482152 -74.257083 47.015891 0.000000 0.000000 0.000000 14.192273 9.029390 -3.300861 46.480779 -4.141171 -6.947160 65.028351 70.726756 39.623015 0.000000 0.000000 0.000000
-0.903451 0.879164 4.400660 -3.175533 -39.751945 -6.751626 6.865921 0.825837 -5.900327 6.615659 13.861132 70.768416 0.088862 3.916959 13.180933 0.000000 0.000000 0.000000 5.866424 3.292453 -18.226103 18.523083 0.438121 29.685865 -32.292682 -46.853546 28.263766 0.000000 0.000000 0.000000 2.787589 0.251911 21.863027 3.685612 -0.256148 -32.177683 -0.401933 -11.502935 29.649458 -4.650354 -0.750880 -18.329079 0.000000 0.000000 0.000000 -35.649864 4.578865 9.765058 -42.391562 -21.201779 -4.519539 -41.863898 -74.653484 45.808328 0.000000 0.000000 0.000000 13.840690 9.741426 -4.007209 45.405472 -4.331971 -6.427622 63.605319 69.281703 35.717199 0.000000 0.000000 0.000000
-0.923177 0.877430 4.434319 -3.977002 -49.877983 -6.626472 5.874832 1.318717 -11.767767 15.974264 12.166794 73.675270 -0.782224 -3.570525 -5.540435 0.000000 0.000000 0.000000 7.562768 2.828942 -15.617684 18.316808 2.431583 33.472964 -25.667110 -41.948864 19.572431 0.000000 0.000000 0.000000 3.493375 0.694925 22.909210 3.016289 -0.206140 -32.510518 0.122692 -10.175033 30.070022 -2.300636 -2.968311 -18.479683 0.000000 0.000000 0.000000 -35.422301 5.289038 11.401281 -44.371743 -22.171571 -4.566594 -31.921813 -75.140403 38.999348 0.000000 0.000000 0.000000 14.207466 10.697752 -5.379673 45.396127 -2.802344 -5.294340 58.617164 67.623248 29.063055 0.000000 0.000000 0.000000
-0.941127 0.878051 4.464361 -5.255587 -58.878899 -5.453784 2.756661 1.746916 -17.908782 24.800005 7.930978 68.970333 -3.228757 -19.257455 -25.034947 0.000000 0.000000 0.000000 9.394447 2.313023 -13.032434 15.614710 4.719475 35.684346 -20.563514 -36.026342 12.235318 0.000000 0.000000 0.000000 2.877070 1.278426 23.379141 4.977727 -0.192130 -33.131873 0.819874 -10.595718 31.554083 -3.055827 -3.428632 -20.688678 0.000000 0.000000 0.000000 -38.952744 8.096907 13.613453 -43.192794 -24.358905 -5.547305 -26.483453 -76.072940 35.863423 0.000000 0.000000 0.000000 12.361917 12.340175 -5.675884 46.049019 -0.649811 -4.578133 51.715299 67.428804 21.704940 0.000000 0.000000 0.000000
-0.958031 0.881873 4.491973 -6.645988 -70.141797 -3.771200 1.028467 2.550890 -20.092187 28.479893 7.102586 58.103189 -10.443274 -28.382503 -21.042951 0.000000 0.000000 0.000000 10.134957 1.674410 -10.756538 12.051220 7.569448 37.370703 -15.114755 -26.919248 5.935543 0.000000 0.000000 0.000000 2.480364 2.421905 25.394398 5.988982 0.621717 -35.115910 -0.198517 -8.468754 33.040766 -0.968931 -5.718585 -23.194825 0.000000 0.000000 0.000000 -39.277018 9.302482 15.683806 -43.087457 -25.893233 -5.950545 -21.987000 -77.030381 33.482265 0.000000 0.000000 0.000000 13.262174 13.953215 -7.671042 45.735644 -1.164683 -4.015758 49.433393 67.061296 18.772115 0.000000 0.000000 0.000000
-0.974623 0.885985 4.517964 -11.612129 -80.266907 1.800172 -0.191317 3.542739 -21.554017 29.637283 6.547804 48.165475 -20.027965 -31.439861 -7.578062 0.000000 0.000000 0.000000 9.300350 1.284310 -10.092193 10.707024 10.068639 39.274023 -10.681938 -18.558611 3.315809 0.000000 0.000000 0.000000 1.343439 3.869642 27.226919 6.759284 0.765945 -34.918127 0.961191 -9.227212 31.656828 0.785236 -6.915755 -25.127311 0.000000 0.000000 0.000000 -40.322054 10.908304 17.956623 -43.460519 -27.202049 -6.422180 -17.094216 -78.299119 30.752281 0.000000 0.000000 0.000000 12.768058 15.005561 -9.137420 46.161580 -0.467040 -3.567130 46.328955 66.068111 15.051405 0.000000 0.000000 0.000000
-0.991556 0.889698 4.543006 -133.380717 -88.736312 124.479630 -0.196747 4.425343 -20.669648 29.082023 6.903170 40.049362 -37.961417 -32.903138 13.171830 0.000000 0.000000 0.000000 7.939812 0.841302 -9.383203 6.874505 12.654390 39.343324 -7.313182 -8.606418 -0.253588 0.000000 0.000000 0.000000 -0.563292 5.245363 27.446184 8.000795 1.049648 -34.262498 0.625920 -8.170252 31.641486 0.691533 -7.188887 -25.708494 0.000000 0.000000 0.000000 -41.120987 10.708667 21.665687 -41.297994 -28.987921 -6.854814 7.940970 -80.592083 9.370152 0.000000 0.000000 0.000000 15.992699 18.173567 -13.449289 43.687344 -3.588776 -2.299461 47.748330 67.718265 16.612041 0.000000 0.000000 0.000000
-1.008254 0.889384 4.566814 -174.483260 -79.245711 166.009881 1.208547 5.636372 -18.942787 29.477928 9.088462 39.070870 -48.757892 -29.137655 22.293942 0.000000 0.000000 0.000000 6.551724 0.667101 -9.494806 7.221601 14.836680 40.871202 -7.117324 -3.652237 -2.418921 0.000000 0.000000 0.000000 -1.525137 6.068660 26.994852 8.439655 0.716835 -31.400973 1.174225 -7.938748 30.156099 1.054096 -7.158810 -27.512255 0.000000 0.000000 0.000000 -41.335116 10.701995 25.440981 -37.901050 -31.622047 -7.009016 28.084843 -78.385741 -9.217140 0.000000 0.000000 0.000000 16.048538 20.210618 -16.237784 43.370796 -5.904175 -2.166367 45.821708 67.203874 14.558784 0.000000 0.000000 0.000000
-1.021219 0.887236 4.590582 -178.565864 -71.041999 170.635205 0.669477 5.051463 -15.809070 27.328578 11.793516 38.256221 -43.968978 -27.146923 12.757903 0.000000 0.000000 0.000000 3.709989 1.337007 -12.682812 14.511656 17.288860 46.404360 -9.396932 -8.733273 0.717608 0.000000 0.000000 0.000000 -1.838446 7.669629 28.246654 7.724720 1.842409 -32.889268 -0.924864 -11.308795 32.953781 2.929438 -7.486893 -29.555485 0.000000 0.000000 0.000000 -40.910368 10.714605 31.139860 -32.257190 -37.849497 -6.940365 45.967280 -71.731176 -23.923364 0.000000 0.000000 0.000000 16.500783 22.793289 -22.763063 41.923187 -9.901225 -1.601883 47.802662 65.433000 15.352053 0.000000 0.000000 0.000000
-1.029067 0.882922 4.613364 178.580453 -61.936905 173.852709 0.625595 5.640662 -14.691856 24.920239 16.106050 39.745634 -40.456696 -24.159252 6.828973 0.000000 0.000000 0.000000 0.141072 3.111996 -17.422506 29.477106 18.140561 52.183372 -24.821139 -27.741417 16.129312 0.000000 0.000000 0.000000 -1.793035 10.635830 30.970070 9.681034 3.184830 -31.788909 -6.045217 -13.694687 30.191157 2.038041 -6.620116 -27.684545 0.000000 0.000000 0.000000 -38.574318 10.012931 33.454870 -28.593363 -40.019614 -6.300470 49.803061 -66.343657 -26.170229 0.000000 0.000000 0.000000 16.689469 25.094776 -28.012940 43.549416 -14.395316 -2.326292 48.357513 65.264847 16.236774 0.000000 0.000000 0.000000
-1.033780 0.880429 4.634648 179.004151 -55.918476 174.675141 0.898152 6.916016 -15.629807 23.437727 18.851896 40.751574 -37.294291 -22.123278 3.224964 0.000000 0.000000 0.000000 -2.689507 5.230466 -21.424266 43.589173 17.817564 52.879517 -53.420625 -36.882194 48.387192 0.000000 0.000000 0.000000 -0.258751 12.040446 32.730132 7.458004 2.983844 -32.289454 -6.978725 -16.820722 29.120791 2.875716 -4.059469 -24.686657 0.000000 0.000000 0.000000 -35.725026 8.159456 36.396429 -27.400715 -44.305450 -4.564074 49.796642 -60.888579 -25.056744 0.000000 0.000000 0.000000 15.826195 26.335422 -32.159991 44.514314 -19.178035 -3.947277 56.620682 66.245211 22.798933 0.000000 0.000000 0.000000
-1.037361 0.881702 4.653761 -179.278296 -49.612081 173.547721 2.098832 8.368483 -15.117139 22.555833 21.243178 41.106850 -36.377091 -19.963391 0.565451 0.000000 0.000000 0.000000 -3.266349 6.131193 -22.568445 48.451204 19.074338 51.011432 -69.228498 -24.027689 72.349450 0.000000 0.000000 0.000000 2.353025 14.237083 35.947749 6.806268 3.042548 -31.273822 -8.080170 -20.302686 26.846089 3.277318 -1.796421 -24.651943 0.000000 0.000000 0.000000 -34.388591 7.924035 38.357840 -25.177253 -48.452898 -3.908582 48.825344 -55.592992 -23.211208 0.000000 0.000000 0.000000 16.006153 27.682622 -37.318173 43.278586 -24.059575 -4.374151 65.222340 67.070408 31.817529 0.000000 0.000000 0.000000
-1.040539 0.885491 4.670551 -178.174336 -44.717602 173.076883 2.871428 9.521177 -14.821457 21.355300 22.872617 40.702063 -35.068675 -17.491094 -0.817809 0.000000 0.000000 0.000000 -4.619837 6.755988 -22.806045 48.862442 20.241902 46.852383 -64.310720 7.033072 91.152511 0.000000 0.000000 0.000000 3.012207 16.117836 37.457224 7.819159 4.786273 -31.880115 -11.260813 -24.270460 28.340991 4.476941 1.104491 -24.140974 0.000000 0.000000 0.000000 -32.664112 7.382175 42.084111 -19.671887 -51.182993 -4.638508 53.165281 -49.968909 -24.298086 0.000000 0.000000 0.000000 14.883994 29.403823 -43.482146 40.872678 -30.330558 -5.246354 74.279646 65.353887 39.900890 0.000000 0.000000 0.000000
-1.043868 0.887253 4.684981 -176.697863 -38.716924 172.265063 3.767350 11.173509 -14.646318 22.201387 24.450316 41.265671 -34.512908 -15.276125 -2.398207 0.000000 0.000000 0.000000 -4.553530 6.850431 -22.308061 48.252460 21.632676 44.789905 -49.685797 32.992989 106.318095 0.000000 0.000000 0.000000 5.239195 18.059315 39.790872 7.955107 6.372949 -32.368982 -13.063190 -27.118713 29.369377 5.163695 4.042496 -25.605606 0.000000 0.000000 0.000000 -31.876802 7.488345 46.232589 -13.216402 -55.174606 -6.753283 56.433966 -45.465264 -25.064448 0.000000 0.000000 0.000000 12.387697 29.042387 -48.911730 40.762652 -33.189177 -6.542212 77.631351 63.526694 42.857631 0.000000 0.000000 0.000000
-1.047070 0.887594 4.696817 -176.062300 -32.821792 172.289775 3.874839 12.285835 -14.679474 23.491118 25.918039 41.826564 -33.864890 -12.788416 -4.476159 0.000000 0.000000 0.000000 -5.173215 7.687357 -22.856996 46.513953 22.647914 42.896510 -27.418733 50.465721 125.196126 0.000000 0.000000 0.000000 6.832870 20.644712 42.012461 9.341537 9.315329 -32.527115 -17.328574 -31.653875 30.348128 5.941943 8.699949 -25.873535 0.000000 0.000000 0.000000 -29.968345 8.847478 50.503693 -5.152665 -58.121410 -9.670103 59.636029 -41.315289 -25.050112 0.000000 0.000000 0.000000 9.600443 30.505516 -57.460530 37.666939 -39.242448 -7.154909 80.996711 59.542407 44.662874 0.000000 0.000000 0.000000
-1.049543 0.886257 4.706080 -174.610010 -26.494391 171.453928 5.239878 15.335526 -15.107346 28.089159 27.738935 45.244991 -35.739193 -12.727100 -3.951066 0.000000 0.000000 0.000000 -4.853647 8.058713 -22.826577 40.781198 22.804715 39.698098 -28.492154 59.228221 116.965572 0.000000 0.000000 0.000000 9.082107 23.010650 44.372873 9.340192 12.309821 -33.853100 -20.422080 -34.990058 34.128512 4.807119 11.359657 -29.215444 0.000000 0.000000 0.000000 -27.049158 10.121057 58.769363 12.492832 -61.845817 -18.562062 64.785265 -31.506640 -22.199564 0.000000 0.000000 0.000000 5.126326 30.609755 -70.416680 32.048311 -46.171947 -6.324232 85.725871 53.595434 46.272740 0.000000 0.000000 0.000000
-1.051094 0.884233 4.712877 -174.133637 -21.210577 170.957665 5.718773 16.857095 -14.961145 32.046626 29.217495 47.868476 -36.832600 -11.931980 -4.312341 0.000000 0.000000 0.000000 -4.253771 8.263189 -22.716362 32.938250 21.732273 35.736109 -28.316037 67.763747 109.566134 0.000000 0.000000 0.000000 11.532206 25.629158 47.191933 9.421261 15.396441 -34.701203 -25.295687 -39.810810 37.293395 4.813658 15.842713 -30.289938 0.000000 0.000000 0.000000 -22.449061 12.235669 70.732819 36.101990 -61.953721 -31.438638 69.782584 -19.045002 -16.056916 0.000000 0.000000 0.000000 -0.316748 31.814661 -87.210463 21.190993 -55.203442 -1.389268 85.960957 43.854248 39.517366 0.000000 0.000000 0.000000
-1.052380 0.881337 4.717125 -172.858200 -16.214484 170.321939 6.775692 19.600643 -15.255593 37.400787 29.776704 50.858632 -39.259990 -12.265139 -3.803990 0.000000 0.000000 0.000000 -2.753347 8.005640 -22.293157 28.359120 21.155727 32.248656 -35.880822 72.518859 96.337704 0.000000 0.000000 0.000000 13.533164 27.153530 48.888794 9.282025 19.290446 -36.210024 -29.932347 -42.871212 42.109438 4.831866 17.903510 -33.542535 0.000000 0.000000 0.000000 -14.048198 14.541287 94.466697 68.309280 -50.289493 -42.202245 73.979970 6.372763 0.382870 0.000000 0.000000 0.000000 -8.798623 27.050981 -115.480234 -15.756062 -63.291021 22.783065 89.185664 24.207678 24.484455 0.000000 0.000000 0.000000
-1.053585 0.877414 4.718758 -172.714340 -12.926965 170.070566 6.290576 19.962396 -15.654110 42.861147 30.282438 53.826911 -40.386765 -12.205842 -3.479866 0.000000 0.000000 0.000000 -3.301405 8.384847 -22.201193 28.083137 21.317372 29.921764 -34.375131 73.887795 94.914094 0.000000 0.000000 0.000000 16.490561 28.174597 51.030465 8.503572 21.588535 -36.997293 -35.220881 -46.084018 46.215826 6.396904 23.010219 -33.803574 0.000000 0.000000 0.000000 -1.476580 12.229360 132.249337 83.380206 -22.509068 -25.333822 78.270940 46.441928 30.308461 0.000000 0.000000 0.000000 -14.233260 16.250859 -154.332091 -68.804793 -46.367296 54.395345 92.088355 -9.009782 -6.323648 0.000000 0.000000 0.000000
-1.055144 0.871968 4.718462 -172.284764 -9.924990 169.144094 6.260758 21.656350 -16.672708 54.786504 30.224957 61.202202 -46.591199 -15.660121 2.454237 0.000000 0.000000 0.000000 -3.056085 8.458922 -22.047091 32.206971 23.531400 31.339670 -25.491691 76.252335 105.304493 0.000000 0.000000 0.000000 20.246491 29.023121 53.550396 7.648659 24.162571 -37.992029 -41.183282 -49.276704 51.200086 7.851670 27.023636 -33.597883 0.000000 0.000000 0.000000 11.031450 -5.090008 -169.169365 80.619896 30.616600 20.115232 -89.489459 58.983287 -72.028355 0.000000 0.000000 0.000000 -9.937691 -0.721623 153.949602 -83.455406 0.404512 30.654061 98.339116 -66.582275 -70.619490 0.000000 0.000000 0.000000
-1.056193 0.864673 4.716796 -172.457396 -7.889169 168.018741 5.562638 22.113039 -17.596316 67.813703 29.083667 68.509509 -52.699927 -18.232849 9.989803 0.000000 0.000000 0.000000 -3.332782 8.786567 -22.168828 37.383755 25.758900 34.436452 -12.616735 75.998914 120.166985 0.000000 0.000000 0.000000 23.669392 29.735238 56.007161 6.620266 26.019381 -38.827836 -47.484787 -52.300787 57.060769 8.605785 29.299631 -33.077642 0.000000 0.000000 0.000000 6.148277 -20.575512 -120.391569 24.383225 63.685361 6.075285 -90.905974 2.915529 -14.929702 0.000000 0.000000 0.000000 4.086434 -6.604903 107.304763 -75.839761 39.785949 -2.846484 -90.301391 -55.577930 62.458398 0.000000 0.000000 0.000000
-1.056469 0.855998 4.714417 -172.450660 -7.276478 166.894235 4.527957 22.655262 -19.194091 81.521295 26.227938 74.343605 -60.401357 -20.382700 20.115983 0.000000 0.000000 0.000000 -3.830321 9.257583 -22.666039 44.025056 27.806123 38.378565 -1.967178 72.220749 132.839537 0.000000 0.000000 0.000000 27.936707 29.904165 58.712571 5.273754 27.566224 -39.960674 -54.749860 -55.004797 63.301648 9.123411 28.645597 -33.507811 0.000000 0.000000 0.000000 -0.438825 -26.627409 -92.610235 -23.353211 52.985192 -21.418856 -89.371253 -25.265872 15.847554 0.000000 0.000000 0.000000 10.555308 -4.857904 86.162011 -62.860260 54.198249 -13.010337 -88.131959 -26.971616 31.881311 0.000000 0.000000 0.000000
-1.055419 0.847947 4.711330 -172.661477 -6.411121 165.856759 3.726217 23.738856 -20.812578 94.789447 22.830767 78.458394 -68.177610 -19.458431 32.205234 0.000000 0.000000 0.000000 -4.391465 9.914833 -23.351115 51.578399 29.669079 42.733098 3.498555 67.098826 139.713058 0.000000 0.000000 0.000000 32.138731 30.543086 61.905585 4.038511 29.191159 -41.082299 -63.080858 -57.403264 69.981201 7.099118 -4.125456 -35.806078 0.000000 0.000000 0.000000 7.977089 -22.190716 -120.011759 11.683794 64.928803 17.474718 -91.375964 -20.020556 21.141100 0.000000 0.000000 0.000000 4.635892 -5.838629 101.628905 -76.872263 41.675611 -32.298141 -89.992015 -22.595942 21.788781 0.000000 0.000000 0.000000
-1.053421 0.841458 4.707954 -172.938091 -5.440916 165.147410 3.320159 24.062089 -21.356147 104.096097 20.482540 80.784478 -74.015627 -17.110951 40.478924 0.000000 0.000000 0.000000 -4.690898 10.765845 -24.461897 59.085758 30.971529 47.316424 5.438476 61.399776 142.116504 0.000000 0.000000 0.000000 36.624684 30.927511 64.959241 1.793972 28.850677 -42.290510 -69.821145 -58.736150 76.504917 7.197795 -6.284597 -36.167954 0.000000 0.000000 0.000000 5.474468 -25.812333 -103.480302 -19.665574 59.560676 -5.213433 -90.236630 -33.475463 32.354769 0.000000 0.000000 0.000000 7.560628 -5.044864 90.341508 -70.285158 49.548378 -36.463692 -90.054995 -8.891048 8.295477 0.000000 0.000000 0.000000
-1.050985 0.837300 4.704509 -173.467297 -3.943039 164.581795 3.005427 23.943199 -21.412885 110.008474 19.373529 82.111726 -74.292798 -14.430025 44.426728 0.000000 0.000000 0.000000 -4.528043 11.659434 -25.668597 64.121658 31.598619 50.920290 12.110143 56.176435 146.897622 0.000000 0.000000 0.000000 39.957642 31.552373 67.692050 0.316312 30.582027 -43.351563 -79.702603 -59.350003 84.686509 7.117149 -9.600538 -35.032921 0.000000 0.000000 0.000000 1.923028 -27.193876 -88.644433 -35.005284 49.370616 -13.390945 -88.543991 -43.757921 40.156000 0.000000 0.000000 0.000000 10.271886 -3.449401 80.792626 -62.614901 55.906985 -38.574388 -90.008804 3.896221 -5.415776 0.000000 0.000000 0.000000
-1.048587 0.832617 4.701835 -173.952620 -2.473921 164.171985 2.703925 23.756782 -21.364056 116.533742 18.352566 82.922279 -77.044903 -7.884257 50.535363 0.000000 0.000000 0.000000 -4.946358 13.238599 -27.538852 68.423315 32.398747 52.639730 24.939059 47.120551 153.080393 0.000000 0.000000 0.000000 45.048156 31.921382 71.507317 -2.311947 30.472670 -44.277344 -87.952564 -59.827449 92.265051 6.558355 -10.883966 -35.202440 0.000000 0.000000 0.000000 -0.779203 -28.264472 -76.209126 -42.017198 39.854913 -15.359418 -88.524024 -51.921284 46.259370 0.000000 0.000000 0.000000 11.325959 -2.268061 74.350707 -55.348792 59.428012 -37.321727 -89.689278 11.294076 -13.556331 0.000000 0.000000 0.000000
-1.046422 0.827864 4.699474 -174.088374 -1.357950 164.252355 2.331026 23.155399 -21.175322 120.587729 17.924492 83.475213 -79.702012 -4.189083 53.144190 0.000000 0.000000 0.000000 -5.596172 14.836926 -29.314785 69.995556 33.411798 51.781341 46.628744 41.265494 176.098603 0.000000 0.000000 0.000000 48.094456 31.960632 73.561748 -4.487313 31.483793 -45.559878 -96.329419 -58.975639 99.714923 6.222611 -12.452045 -34.342356 0.000000 0.000000 0.000000 -3.984472 -27.993937 -64.561750 -45.250805 29.774062 -14.029969 -84.926488 -59.924384 48.992253 0.000000 0.000000 0.000000 12.559110 -0.891765 69.417311 -48.709160 61.418073 -35.288202 -88.504072 17.391970 -20.282349 0.000000 0.000000 0.000000
-1.044419 0.821501 4.696719 -174.178715 -0.545089 164.939836 2.112407 23.351115 -21.410926 123.209769 17.769836 83.475665 -83.542413 0.398639 55.632414 0.000000 0.000000 0.000000 -6.808400 16.853707 -31.490951 70.898395 34.777324 49.638639 60.879118 31.451645 -169.889550 0.000000 0.000000 0.000000 52.915949 31.603447 76.350734 -7.162921 29.714392 -45.674943 -101.350616 -59.257448 104.287284 6.668117 -12.411245 -34.930458 0.000000 0.000000 0.000000 -5.503792 -28.354127 -57.911525 -46.998294 23.604923 -13.025046 -79.848200 -64.878479 47.259493 0.000000 0.000000 0.000000 11.973826 -0.369197 66.564065 -45.586354 62.777405 -34.158516 -87.840499 18.870336 -21.906712 0.000000 0.000000 0.000000
-1.042702 0.814001 4.692121 -174.208227 0.581303 165.421803 1.946327 23.980450 -21.883368 127.273619 17.064300 83.855544 -85.780633 2.287323 58.169689 0.000000 0.000000 0.000000 -8.368271 18.705265 -33.350519 72.931380 36.872354 47.516572 67.360735 23.901894 -165.826666 0.000000 0.000000 0.000000 56.873885 31.450600 78.941574 -9.463778 30.086305 -46.500880 -109.041887 -57.951349 111.290975 6.211365 -13.317088 -35.189561 0.000000 0.000000 0.000000 -7.097525 -28.266025 -50.093684 -48.547531 16.126006 -11.226081 -71.917005 -71.555103 44.489865 0.000000 0.000000 0.000000 12.257238 0.061116 65.180305 -44.162549 63.083913 -34.290502 -87.341004 20.311024 -24.522404 0.000000 0.000000 0.000000
-1.041145 0.807663 4.684890 -174.521522 1.500218 165.954250 14.625851 -13.148840 -16.713353 -116.031018 -31.668905 68.385438 -57.616065 -0.996362 155.844099 0.000000 0.000000 0.000000 22.013867 -24.040903 -41.567794 -76.966826 -26.766152 62.048899 78.754630 6.846689 37.881280 0.000000 0.000000 0.000000 -69.402244 -31.926778 70.753270 12.002751 0.084177 -11.414648 34.810551 57.922824 48.678959 5.893208 -19.585884 -35.076389 0.000000 0.000000 0.000000 -5.450806 -29.796752 -53.676456 -48.826478 18.056054 -9.877951 -62.777504 -71.807623 38.324256 0.000000 0.000000 0.000000 7.447088 -2.699821 78.795256 -66.694450 56.201009 -50.776365 -86.940372 12.014971 -26.120867 0.000000 0.000000 0.000000
-1.039693 0.801845 4.675086 -174.853943 2.127939 166.524349 14.814826 -13.157290 -16.464767 -117.828817 -31.997855 68.349355 -58.180727 0.708861 155.612466 0.000000 0.000000 0.000000 23.199627 -24.712276 -43.009155 -80.178256 -26.193785 63.205152 79.545854 8.172454 41.098441 0.000000 0.000000 0.000000 -72.047014 -31.787734 72.593717 12.364206 0.268171 -11.350013 36.894075 59.493561 50.255767 5.380915 -18.717531 -34.736320 0.000000 0.000000 0.000000 -5.178210 -30.609445 -52.745893 -49.985387 15.889348 -8.787013 -51.814278 -72.940779 29.933213 0.000000 0.000000 0.000000 6.868298 -2.408770 76.881649 -65.775913 58.412548 -51.325941 -86.052375 12.657374 -25.501626 0.000000 0.000000 0.000000
-1.038122 0.797144 4.663192 -175.423996 3.600564 167.292594 14.578419 -12.694462 -15.816557 -118.387539 -31.904108 68.079451 -54.206979 0.877537 156.224219 0.000000 0.000000 0.000000 25.082162 -25.127921 -44.773026 -84.116253 -25.401433 62.901663 82.517051 9.062236 45.198587 0.000000 0.000000 0.000000 -70.417680 -31.522981 71.751462 12.398813 1.345337 -12.103213 34.291512 57.611821 47.250973 4.675024 -20.459073 -34.405122 0.000000 0.000000 0.000000 -3.750929 -31.437899 -56.214708 -50.120921 17.765938 -8.280813 -46.684574 -71.929262 26.334987 0.000000 0.000000 0.000000 6.557164 -1.805104 73.527886 -64.951657 61.518302 -52.640828 -83.982525 14.450425 -24.150460 0.000000 0.000000 0.000000
-1.036256 0.793919 4.649709 -175.671256 4.788846 168.224890 13.863816 -11.920708 -14.798602 -116.452199 -31.155757 67.759904 -51.574231 0.477276 159.723715 0.000000 0.000000 0.000000 26.292542 -25.585552 -46.191751 -87.001253 -24.686785 63.298902 85.067585 10.236760 48.780882 0.000000 0.000000 0.000000 -69.558077 -31.320116 71.704965 13.288794 1.554151 -12.922238 33.385736 57.097675 46.767412 3.690445 -18.639995 -34.460577 0.000000 0.000000 0.000000 -3.336397 -32.142173 -57.494930 -50.332778 16.539753 -6.770592 -39.036146 -71.808944 21.138063 0.000000 0.000000 0.000000 6.723061 -1.458314 71.354428 -64.807363 63.602473 -53.677326 -82.182711 15.811337 -23.849651 0.000000 0.000000 0.000000
-1.033894 0.792810 4.635033 -176.100670 5.717819 169.545939 12.511012 -10.786444 -14.318185 -115.165324 -29.825191 68.400983 -46.868194 -1.048199 162.668062 0.000000 0.000000 0.000000 28.559170 -26.197771 -48.406450 -90.176065 -24.279636 62.202228 87.149699 10.464108 52.495307 0.000000 0.000000 0.000000 -67.918872 -31.169261 71.272050 13.854629 1.985422 -13.916024 31.502736 55.728103 44.633825 3.447820 -17.717361 -34.795796 0.000000 0.000000 0.000000 -2.320293 -32.804172 -59.874126 -50.367529 16.994265 -5.996492 -36.544822 -71.074648 19.477217 0.000000 0.000000 0.000000 6.442889 -0.970464 70.095170 -65.659449 65.181870 -55.167987 -80.886316 15.022689 -21.859596 0.000000 0.000000 0.000000
-1.030874 0.793834 4.618377 -176.285461 6.811737 170.365555 11.088743 -9.565108 -12.891026 -111.462355 -28.553540 68.455454 -43.024481 -4.142939 165.763423 0.000000 0.000000 0.000000 28.895981 -25.892990 -48.501879 -91.928620 -23.960024 62.512296 88.559591 11.484550 54.518674 0.000000 0.000000 0.000000 -65.085345 -30.990962 70.393083 14.325849 2.142633 -14.413585 28.573426 54.382788 42.278159 2.904810 -16.837176 -34.802055 0.000000 0.000000 0.000000 -2.437929 -33.234563 -57.880418 -50.575662 13.718257 -4.473200 -23.761647 -71.452304 9.337850 0.000000 0.000000 0.000000 7.134001 0.036420 67.817134 -63.646450 67.044378 -55.004988 -80.468068 16.860582 -22.315084 0.000000 0.000000 0.000000
-1.026980 0.795734 4.600140 -176.668033 7.215197 171.965249 9.809760 -8.622320 -12.259341 -106.864343 -27.031539 68.978111 -29.770410 -13.662415 165.704405 0.000000 0.000000 0.000000 30.041602 -25.881944 -49.317667 -92.553862 -24.087342 61.262425 90.025800 13.136592 55.275104 0.000000 0.000000 0.000000 -59.787723 -30.865574 67.981063 14.776538 2.623060 -15.502377 23.640922 50.198351 38.082996 2.725286 -16.884702 -35.152030 0.000000 0.000000 0.000000 -1.200133 -32.671008 -59.988168 -51.440134 14.119159 -4.372532 -20.510259 -70.019501 6.456249 0.000000 0.000000 0.000000 7.619158 0.013470 67.484877 -67.004163 66.808064 -57.460436 -78.557763 16.483059 -21.269877 0.000000 0.000000 0.000000
-1.022017 0.797101 4.579327 -176.893137 8.193108 172.592503 9.489358 -8.262472 -11.623150 -108.199256 -25.711885 69.847626 -11.815097 -18.298487 155.628522 0.000000 0.000000 0.000000 29.065657 -24.839196 -47.778281 -93.529149 -23.988448 62.181405 91.583300 15.807661 55.744863 0.000000 0.000000 0.000000 -55.266396 -30.547748 66.151520 13.639219 3.787309 -15.885770 20.224120 46.492988 34.523036 2.140631 -17.724884 -35.502322 0.000000 0.000000 0.000000 -1.162574 -32.357238 -58.219125 -52.140101 12.357269 -4.211675 -13.750572 -69.778934 0.287630 0.000000 0.000000 0.000000 8.315213 0.985954 64.264763 -62.484958 68.234633 -54.899026 -77.101324 18.986588 -21.794249 0.000000 0.000000 0.000000
-1.015645 0.797210 4.555994 -176.482231 8.227102 173.582536 12.212201 -10.237883 -13.445293 -120.839604 -24.030219 71.119426 14.033071 -9.247495 139.352987 0.000000 0.000000 0.000000 29.710664 -24.256916 -47.504597 -97.400071 -24.094107 63.344579 93.178138 17.618046 58.235859 0.000000 0.000000 0.000000 -52.451964 -30.678631 65.388763 13.284284 4.022126 -17.214508 20.833339 45.174043 34.357274 1.301646 -17.982336 -36.799081 0.000000 0.000000 0.000000 -0.862661 -33.314266 -65.015243 -50.248036 18.039834 -4.197526 -22.176451 -67.501211 8.726228 0.000000 0.000000 0.000000 7.342049 -0.094141 66.090217 -65.901451 66.962442 -55.206521 -75.470698 15.794180 -18.569601 0.000000 0.000000 0.000000
-1.008116 0.796891 4.530391 -176.513047 6.936146 173.704429 13.573597 -11.546256 -15.825721 -129.769760 -21.828050 72.478448 16.220516 0.139107 137.062373 0.000000 0.000000 0.000000 26.916081 -23.629640 -45.089276 -100.632555 -23.689779 67.433201 95.873016 19.685345 59.145912 0.000000 0.000000 0.000000 -52.530575 -31.326177 66.723505 13.718325 4.691687 -19.462532 21.986705 43.702466 36.879050 1.508028 -16.988364 -38.278799 0.000000 0.000000 0.000000 -0.033191 -31.935603 -73.842564 -48.916855 24.680122 -4.897815 -27.828498 -64.043563 14.316808 0.000000 0.000000 0.000000 5.110079 -0.650870 70.705321 -73.313924 62.802149 -56.302923 -75.536401 8.263279 -13.948450 0.000000 0.000000 0.000000
-0.999572 0.796389 4.503056 -177.547239 6.647604 173.058227 13.874660 -12.026021 -17.710669 -135.648881 -20.535481 72.935358 11.329023 6.466027 141.269803 0.000000 0.000000 0.000000 24.366100 -22.072464 -42.015414 -105.862534 -23.557691 70.223855 98.414954 20.612085 60.870276 0.000000 0.000000 0.000000 -55.443451 -31.291831 67.289861 12.980271 3.970596 -17.586285 23.845393 46.355820 37.185905 3.525011 -14.430748 -40.045701 0.000000 0.000000 0.000000 -1.356046 -31.281587 -74.948673 -48.012054 25.131369 -4.452468 -31.170823 -64.332645 17.621044 0.000000 0.000000 0.000000 4.772538 -0.783136 71.699378 -72.918707 61.505984 -54.808102 -75.272442 6.766443 -13.466218 0.000000 0.000000 0.000000
-0.990338 0.796875 4.473717 -177.337490 6.299762 172.728504 14.176147 -12.773205 -20.307062 -138.920318 -18.150663 73.406458 12.215987 11.154054 143.124475 0.000000 0.000000 0.000000 22.183786 -19.588731 -38.307928 -111.209528 -22.061984 75.671421 99.016489 31.660069 61.691099 0.000000 0.000000 0.000000 -53.613641 -31.242105 66.365520 11.509466 5.014616 -18.694846 24.810551 44.247819 37.728018 3.801947 -17.980993 -40.923495 0.000000 0.000000 0.000000 -0.531878 -31.592872 -81.951358 -45.251596 33.135364 -5.826430 -39.479284 -62.963589 24.887464 0.000000 0.000000 0.000000 4.377788 -1.646243 74.790324 -72.972006 59.867639 -53.240400 -75.645709 5.555659 -12.493929 0.000000 0.000000 0.000000
-0.980600 0.797319 4.442449 -177.504384 6.659385 171.788975 14.765539 -14.233643 -24.155745 -143.222316 -16.626312 72.988150 12.997247 17.974351 143.060973 0.000000 0.000000 0.000000 18.748547 -16.421031 -33.418526 -114.190882 -19.819276 81.585879 98.678582 42.057604 60.659786 0.000000 0.000000 0.000000 -53.034818 -30.813576 65.220364 12.695043 5.368465 -19.631578 24.905527 44.306213 40.386728 4.655930 -17.246189 -42.438472 0.000000 0.000000 0.000000 -1.023296 -32.504881 -84.308554 -41.272915 37.062819 -5.387893 -46.329764 -61.700509 31.245869 0.000000 0.000000 0.000000 5.295505 -1.329612 77.321348 -71.978013 56.343863 -49.672791 -74.263566 3.703602 -12.955205 0.000000 0.000000 0.000000
-0.971434 0.798630 4.410003 -178.298313 7.203274 170.739172 17.159363 -16.791056 -28.282387 -143.014750 -19.589884 71.757241 17.865615 17.807488 145.962666 0.000000 0.000000 0.000000 15.581903 -14.009916 -29.371620 -116.877901 -17.764949 85.588447 99.542634 43.119555 61.426722 0.000000 0.000000 0.000000 -52.892069 -30.406198 63.799163 11.749134 5.286528 -20.620429 25.240372 45.190782 40.977532 5.822364 -17.098434 -39.953552 0.000000 0.000000 0.000000 0.044921 -31.902514 -88.969444 -38.472385 42.522210 -5.689668 -51.273737 -59.077917 33.734676 0.000000 0.000000 0.000000 3.953103 -1.837799 82.076854 -75.184385 53.531353 -48.710043 -72.039274 -1.050325 -9.553254 0.000000 0.000000 0.000000
-0.963511 0.802579 4.376463 -178.966345 7.297858 169.946414 21.191636 -20.771010 -34.301658 -136.884486 -25.998226 69.536815 5.460143 14.575940 143.692466 0.000000 0.000000 0.000000 12.193725 -11.153025 -24.502099 -115.340452 -16.834240 89.971490 95.790848 47.100777 56.015879 0.000000 0.000000 0.000000 -52.442712 -30.176791 62.337443 9.504752 5.259960 -21.411606 26.953642 44.449105 41.787446 5.970476 -17.509067 -40.470099 0.000000 0.000000 0.000000 0.745258 -30.007767 -96.996661 -30.141748 51.022203 -3.425312 -64.245905 -54.252080 42.845303 0.000000 0.000000 0.000000 -0.001777 -3.153496 89.523238 -80.940460 48.627467 -46.287406 -71.875121 -9.900744 -2.020942 0.000000 0.000000 0.000000
-0.957391 0.807331 4.342303 -179.373556 8.436154 169.879999 28.055041 -25.079573 -40.821470 -112.577870 -34.783072 59.177564 1.815778 -4.839396 142.538675 0.000000 0.000000 0.000000 10.259779 -8.606974 -20.449076 -111.389443 -18.246076 91.128988 93.163596 45.023256 51.397639 0.000000 0.000000 0.000000 -53.369405 -29.850703 60.928310 9.913529 4.836808 -21.887110 29.000514 46.051990 42.985160 5.382801 -15.909265 -40.535552 0.000000 0.000000 0.000000 0.842463 -27.308732 -100.382966 -24.684608 55.668653 -1.548827 -72.657793 -48.506612 45.913910 0.000000 0.000000 0.000000 -2.423031 -4.293025 93.664185 -84.449272 44.802961 -43.158826 -69.486952 -14.445870 1.502407 0.000000 0.000000 0.000000
-0.953113 0.811524 4.306975 -179.690997 9.092009 170.522366 31.735544 -27.169897 -44.838985 -76.786926 -35.667810 39.961680 5.479638 -29.751335 130.281366 0.000000 0.000000 0.000000 8.672990 -7.353998 -17.794464 -108.654551 -19.003115 92.515851 89.425695 44.502645 46.847423 0.000000 0.000000 0.000000 -51.036689 -29.350773 58.707456 8.606684 4.595813 -22.873659 29.309815 45.093030 41.984440 4.947263 -14.722907 -41.560273 0.000000 0.000000 0.000000 2.299691 -24.095524 -108.273096 -10.491241 62.158658 6.608948 -80.453109 -38.476287 44.628810 0.000000 0.000000 0.000000 -6.513275 -5.711032 101.502087 -88.572140 39.538971 -37.820379 -70.186665 -21.420323 7.744428 0.000000 0.000000 0.000000
-0.950792 0.814968 4.269149 -179.937525 9.897815 171.034801 31.365429 -26.854939 -44.479888 -56.511871 -31.978077 27.676642 19.462531 -38.475160 108.402743 0.000000 0.000000 0.000000 7.130371 -6.413815 -15.022171 -108.955926 -18.432003 94.230568 92.085029 41.896750 49.446213 0.000000 0.000000 0.000000 -49.928965 -28.891256 57.427684 8.981909 4.524596 -24.403295 29.763880 44.494412 42.545602 3.955688 -15.837941 -41.747530 0.000000 0.000000 0.000000 2.455897 -21.845865 -113.108125 3.193918 65.329035 16.807576 -85.032838 -33.022735 45.062565 0.000000 0.000000 0.000000 -9.279207 -6.427128 105.142409 -90.660345 36.883290 -33.615381 -70.455458 -26.459027 12.416706 0.000000 0.000000 0.000000
-0.950742 0.816270 4.227868 -179.858515 10.677940 170.742082 25.031487 -24.332746 -41.242063 -49.172194 -28.048607 28.854033 30.967693 -40.052903 92.399995 0.000000 0.000000 0.000000 5.058196 -5.519500 -10.867871 -106.585590 -19.270839 95.991303 91.177257 39.167083 47.687320 0.000000 0.000000 0.000000 -45.430193 -28.083280 55.477800 8.113639 4.267895 -25.848900 26.292635 43.477745 41.538788 4.275110 -13.749847 -41.549442 0.000000 0.000000 0.000000 1.989921 -20.503883 -114.641763 8.027964 65.701324 20.586175 -88.051036 -29.527529 45.529758 0.000000 0.000000 0.000000 -10.011087 -6.903743 107.101129 -91.906820 34.146834 -30.240435 -70.898144 -29.074972 14.886471 0.000000 0.000000 0.000000
-0.952687 0.816733 4.183126 179.580271 12.027245 170.076001 17.038597 -20.772889 -37.364172 -47.239593 -26.198096 35.599666 36.243688 -42.869936 87.702639 0.000000 0.000000 0.000000 3.034457 -5.551555 -6.989946 -104.755562 -20.401626 94.573327 92.453841 30.268549 48.271791 0.000000 0.000000 0.000000 -42.879105 -27.005680 52.850454 7.525445 4.004726 -27.052496 25.592068 42.285966 42.595504 4.161412 -12.576412 -41.176039 0.000000 0.000000 0.000000 2.198453 -22.050187 -114.314210 8.755275 64.871888 21.367497 -90.319699 -29.367059 47.970474 0.000000 0.000000 0.000000 -12.333321 -5.462553 113.291325 -91.138550 28.881470 -22.947535 -71.087498 -38.174770 21.199438 0.000000 0.000000 0.000000
-0.955928 0.815667 4.137846 179.750156 13.855216 170.546871 14.046817 -19.024334 -35.664254 -50.622409 -26.461135 41.007358 38.671986 -45.791557 92.914520 0.000000 0.000000 0.000000 1.160090 -6.605856 -6.120959 -109.814034 -17.193927 94.387338 96.002022 15.656175 57.869470 0.000000 0.000000 0.000000 -35.868081 -24.376089 47.686465 4.231492 2.956629 -23.679901 20.329123 39.466618 36.049195 2.471818 -16.123083 -38.897586 0.000000 0.000000 0.000000 2.267837 -23.934853 -106.689148 -7.080298 64.106359 8.486761 -90.826307 -35.963887 48.820853 0.000000 0.000000 0.000000 -7.920090 -5.901469 97.863129 -86.985615 42.595412 -34.868124 -72.109764 -20.639023 11.191949 0.000000 0.000000 0.000000
-0.959108 0.818138 4.095788 179.508746 13.575009 170.114221 10.686936 -17.522863 -34.048134 -57.215493 -27.693749 47.092643 37.805104 -44.048877 97.763417 0.000000 0.000000 0.000000 -1.252973 -9.896534 -9.232878 -134.271211 -5.605820 92.606357 86.559581 -18.864052 85.470871 0.000000 0.000000 0.000000 -36.377947 -24.731027 48.198162 3.539907 2.658642 -23.690195 20.590403 39.364451 35.994028 4.096627 -14.135354 -38.318280 0.000000 0.000000 0.000000 2.797892 -25.311228 -105.962442 -8.554574 62.917530 7.691637 -92.270709 -36.360494 50.793383 0.000000 0.000000 0.000000 -9.891249 -6.052177 98.450141 -88.425485 42.568498 -33.774035 -70.055781 -23.817539 13.403962 0.000000 0.000000 0.000000
-0.960255 0.820112 4.058798 179.936590 14.242062 168.680172 9.206911 -15.348868 -31.400235 -65.178014 -28.280233 52.355190 38.251463 -38.142611 100.185915 0.000000 0.000000 0.000000 -0.728900 -13.464004 -15.807306 -161.511309 -2.409966 83.429244 53.033088 -31.219402 119.889269 0.000000 0.000000 0.000000 -42.223228 -26.281184 51.900535 5.360221 3.722036 -22.927365 21.912965 43.548212 37.383491 5.330841 -13.815619 -37.239892 0.000000 0.000000 0.000000 2.263801 -29.749538 -94.403678 -27.918935 53.695450 -4.206241 -87.252675 -48.117991 54.079057 0.000000 0.000000 0.000000 -4.458622 -5.849110 86.434187 -83.381573 52.339731 -43.690145 -70.222943 -8.094169 2.111402 0.000000 0.000000 0.000000
-0.958467 0.821085 4.025562 -179.044408 13.571385 167.142637 7.872363 -13.739934 -29.334196 -72.942227 -27.826905 58.728333 38.129939 -31.758536 101.522819 0.000000 0.000000 0.000000 1.985404 -16.687006 -22.055187 -170.570972 -5.234759 79.723007 37.590176 -38.099145 151.491810 0.000000 0.000000 0.000000 -47.261606 -27.816886 56.158700 6.656188 4.326978 -22.537000 23.646328 45.430936 38.930164 4.479222 -16.463026 -35.445725 0.000000 0.000000 0.000000 2.364114 -31.000063 -87.779028 -34.557071 46.036696 -6.658239 -81.756303 -55.065517 53.167513 0.000000 0.000000 0.000000 -2.794276 -3.683241 81.315240 -80.363936 55.496938 -45.977920 -68.900499 -3.605923 -2.148170 0.000000 0.000000 0.000000
-0.954591 0.820864 3.994614 -177.973799 13.380819 165.208710 6.458651 -11.379253 -26.240087 -77.653361 -26.707101 63.768933 36.048479 -29.705940 104.903841 0.000000 0.000000 0.000000 4.975634 -19.050316 -26.752943 -157.367810 -8.262813 80.270502 -40.987613 -20.799612 -162.985495 0.000000 0.000000 0.000000 -51.077978 -28.672377 59.434190 6.615230 4.558558 -21.202514 24.994722 47.730425 39.832841 5.081377 -17.012050 -34.687885 0.000000 0.000000 0.000000 2.132451 -33.903826 -81.450927 -38.354633 37.625189 -5.900912 -68.304518 -64.281940 46.952226 0.000000 0.000000 0.000000 -0.813631 -1.493962 75.397587 -74.129689 59.903375 -47.069670 -67.572015 1.266578 -6.022691 0.000000 0.000000 0.000000
-0.949326 0.820651 3.966662 -177.297498 13.272789 164.275204 5.476475 -9.905208 -24.286024 -80.858066 -25.614789 67.239429 31.715650 -28.683892 109.543357 0.000000 0.000000 0.000000 8.025953 -21.288206 -31.026418 -122.004312 -14.686059 79.830014 52.377876 -70.327732 127.579989 0.000000 0.000000 0.000000 -54.977369 -29.214199 62.242119 6.432463 4.923268 -20.552181 26.899009 48.624672 40.056443 3.620504 -18.078863 -34.222611 0.000000 0.000000 0.000000 1.555047 -34.885194 -76.822307 -39.809243 31.310901 -4.730643 -52.305313 -68.566954 35.866796 0.000000 0.000000 0.000000 1.288928 -0.205082 70.058207 -66.480815 64.889189 -47.108225 -66.891698 8.991427 -11.026982 0.000000 0.000000 0.000000
-0.942637 0.821263 3.941148 -176.836467 14.562227 164.642689 5.800520 -8.804658 -22.302879 -80.251808 -25.373589 66.856882 27.978196 -31.478419 115.224549 0.000000 0.000000 0.000000 10.251490 -20.686547 -32.474963 -78.756622 -23.700446 68.428979 106.863137 -29.961371 51.334823 0.000000 0.000000 0.000000 -53.131866 -28.854089 62.375033 4.939222 4.819590 -23.051337 26.946605 47.117989 39.478491 3.417379 -19.498517 -33.615157 0.000000 0.000000 0.000000 3.635702 -35.483708 -77.064637 -40.827973 30.085154 -4.809787 -39.854738 -70.087756 25.239726 0.000000 0.000000 0.000000 2.237529 -0.305367 70.465937 -66.887631 64.941224 -47.123191 -66.481795 7.688576 -9.853177 0.000000 0.000000 0.000000
-0.934525 0.821667 3.917500 -177.284491 13.792437 164.074025 3.617953 -7.081045 -20.161639 -80.141471 -25.000299 69.319571 23.521989 -34.417945 120.197780 0.000000 0.000000 0.000000 10.042886 -19.576025 -31.241885 -59.317700 -26.203275 59.002540 82.129704 4.401751 34.355526 0.000000 0.000000 0.000000 -56.930762 -29.315533 65.066225 7.292655 5.373836 -24.738434 27.716338 49.166898 43.419957 5.839842 -17.886491 -34.301428 0.000000 0.000000 0.000000 5.037280 -36.560251 -78.647970 -40.236102 28.677139 -3.442876 -30.685653 -69.410630 18.918291 0.000000 0.000000 0.000000 4.845110 -2.485950 72.568882 -69.504387 62.659806 -48.845147 -66.431653 7.269228 -11.058453 0.000000 0.000000 0.000000
-0.925613 0.822428 3.895467 -177.895304 14.047578 164.186763 3.085701 -6.069393 -18.439506 -83.040656 -24.933765 69.597402 15.555617 -35.720141 130.859013 0.000000 0.000000 0.000000 11.017193 -18.490199 -31.120114 -57.635743 -26.092952 56.788483 67.279668 13.495253 26.883328 0.000000 0.000000 0.000000 -53.866914 -28.928374 63.642972 5.371075 5.357198 -25.116499 23.519933 47.591763 38.407107 6.526164 -19.663453 -33.144863 0.000000 0.000000 0.000000 4.722249 -37.749930 -77.278261 -39.271359 26.875478 -2.936626 -26.482185 -68.176706 14.773811 0.000000 0.000000 0.000000 6.510678 -0.994812 68.821683 -62.764620 66.793089 -48.367571 -66.264202 10.681118 -12.383334 0.000000 0.000000 0.000000
-0.915994 0.823930 3.874922 -178.360304 13.217241 164.898897 2.542651 -5.532798 -17.465499 -83.740390 -24.954111 70.215028 14.316028 -37.094218 133.335276 0.000000 0.000000 0.000000 11.289451 -18.569911 -31.280967 -59.796646 -26.215831 57.581953 63.704614 16.680496 24.272011 0.000000 0.000000 0.000000 -52.254600 -29.098418 63.357875 4.677234 4.059099 -26.705911 23.909425 47.087147 38.972097 6.721252 -19.887201 -33.472961 0.000000 0.000000 0.000000 5.831929 -38.360456 -82.043272 -37.780838 29.813068 -2.456478 -28.024609 -66.790224 16.636085 0.000000 0.000000 0.000000 4.922754 -3.383096 74.690787 -71.391687 64.106536 -51.562515 -67.451064 3.764607 -7.502706 0.000000 0.000000 0.000000
-0.905685 0.825718 3.855155 -178.953072 12.875605 166.245528 2.508595 -5.241619 -16.698625 -83.217039 -25.010861 70.192958 26.690292 -37.581087 124.182500 0.000000 0.000000 0.000000 11.850000 -18.915314 -31.932544 -62.081600 -25.892006 57.860587 66.106032 18.001949 24.688416 0.000000 0.000000 0.000000 -49.387534 -29.031061 62.187296 4.775278 2.859533 -28.752198 22.615278 45.845111 39.069137 7.621911 -18.368736 -34.158948 0.000000 0.000000 0.000000 6.967129 -38.979648 -84.640748 -37.283104 31.300755 -1.926246 -27.891669 -66.331803 16.778178 0.000000 0.000000 0.000000 3.469062 -4.757812 80.786249 -80.333450 59.431378 -53.159899 -66.911869 -4.616921 -2.264781 0.000000 0.000000 0.000000
-0.894240 0.827994 3.835923 -179.219584 12.797405 167.427165 2.604442 -4.688789 -14.882776 -77.542070 -25.592634 68.440318 37.928931 -41.195288 114.235813 0.000000 0.000000 0.000000 11.992133 -18.791703 -31.913833 -63.341416 -25.966578 58.694470 67.536957 19.511896 24.654662 0.000000 0.000000 0.000000 -45.940634 -28.813084 60.667889 3.711834 1.639025 -29.541150 21.701984 44.190453 37.892941 6.882654 -18.873388 -34.006190 0.000000 0.000000 0.000000 6.128433 -39.120571 -86.092359 -36.623044 31.795488 -1.111414 -30.975239 -66.195334 20.287620 0.000000 0.000000 0.000000 2.508036 -5.396065 82.567355 -83.454034 58.264717 -53.269686 -66.607283 -8.282955 0.707989 0.000000 0.000000 0.000000
-0.881760 0.830221 3.816406 -179.768530 13.169586 168.409721 2.950475 -4.307670 -12.973804 -73.107588 -25.763537 66.851736 57.255756 -34.892729 94.346094 0.000000 0.000000 0.000000 13.380906 -18.882452 -33.042522 -68.534801 -25.357993 59.889804 69.801130 20.192150 28.359997 0.000000 0.000000 0.000000 -43.505589 -28.531701 59.505356 3.618919 0.803657 -30.658521 20.190680 43.423340 36.879588 9.027234 -17.833306 -33.317312 0.000000 0.000000 0.000000 6.208473 -40.109000 -84.186840 -36.919757 30.831005 -0.961770 -28.822690 -67.295480 18.750566 0.000000 0.000000 0.000000 3.921467 -5.353741 83.898233 -84.243164 56.617619 -53.290902 -65.465822 -9.705421 0.886330 0.000000 0.000000 0.000000
-0.868473 0.831137 3.796181 -179.590366 13.254346 169.062982 3.730701 -4.441866 -11.878132 -72.786698 -25.410851 66.932034 60.374435 -31.054474 90.138888 0.000000 0.000000 0.000000 14.133515 -18.459364 -33.140201 -73.567245 -25.250536 62.584989 71.668415 21.100823 31.729213 0.000000 0.000000 0.000000 -41.389227 -28.352092 58.767824 4.049799 0.681232 -31.332117 19.172940 42.098774 36.885554 8.341375 -17.706325 -33.666881 0.000000 0.000000 0.000000 5.504675 -40.552298 -84.289461 -36.423459 30.246841 0.033728 -30.029202 -67.544973 20.975167 0.000000 0.000000 0.000000 4.379658 -5.418331 84.323241 -84.223308 55.955970 -52.771140 -65.830805 -9.931176 1.084977 0.000000 0.000000 0.000000
-0.855107 0.830834 3.775641 -179.704759 12.618996 169.804779 4.452338 -4.824740 -11.657179 -74.866878 -24.884631 68.162140 61.564277 -25.560397 87.177984 0.000000 0.000000 0.000000 14.830377 -18.524510 -33.594771 -79.327231 -24.961178 65.051672 74.141899 21.494897 35.414885 0.000000 0.000000 0.000000 -37.881076 -27.895854 56.777157 3.355706 1.545504 -29.242147 14.389177 38.041004 31.640362 8.346477 -19.703429 -31.567641 0.000000 0.000000 0.000000 3.974078 -40.300225 -79.125191 -37.507767 27.713334 -0.589615 -27.129656 -68.980184 17.931007 0.000000 0.000000 0.000000 8.816003 -2.848323 73.583521 -73.052998 64.396574 -55.084369 -64.906154 3.341249 -7.031852 0.000000 0.000000 0.000000
-0.842169 0.829532 3.755118 -179.611379 13.057255 170.137620 6.869220 -6.301559 -13.141972 -85.240483 -23.158992 70.199302 52.504150 -17.179518 94.551374 0.000000 0.000000 0.000000 15.684241 -17.664747 -33.377511 -85.100059 -24.483331 67.425045 75.833012 22.321130 39.195329 0.000000 0.000000 0.000000 -34.851554 -27.221692 54.883292 2.639639 0.658453 -29.940322 15.122497 36.747315 31.922342 7.255835 -21.867576 -30.661751 0.000000 0.000000 0.000000 4.508156 -41.487740 -81.559751 -36.092981 30.811040 -0.358824 -34.152920 -68.683545 23.696963 0.000000 0.000000 0.000000 7.875648 -3.916523 76.032944 -74.848742 63.574288 -54.777900 -66.155797 1.824275 -5.312378 0.000000 0.000000 0.000000
-0.830565 0.829381 3.735549 -179.593274 12.126843 170.196219 9.864965 -8.863912 -17.227187 -105.842967 -20.387573 72.919104 41.007835 -6.441732 110.662161 0.000000 0.000000 0.000000 16.010846 -17.549239 -33.339534 -93.311578 -23.525394 71.468633 77.927920 22.768163 44.234903 0.000000 0.000000 0.000000 -34.521707 -27.725831 55.183576 3.240271 1.412949 -29.125639 13.779454 35.576096 30.474299 6.405230 -21.835089 -30.160020 0.000000 0.000000 0.000000 3.301946 -41.565637 -79.795425 -35.829286 30.198708 -0.145469 -37.262070 -68.748715 26.727930 0.000000 0.000000 0.000000 7.713512 -2.892359 75.160193 -72.049243 64.913752 -54.685545 -67.959384 3.892808 -6.818540 0.000000 0.000000 0.000000
-0.820531 0.829788 3.715956 179.973685 12.071914 168.960533 12.083531 -10.942657 -20.491419 -127.014410 -19.404782 72.467433 32.627746 4.704498 129.821881 0.000000 0.000000 0.000000 14.604985 -15.935218 -30.931802 -99.414649 -22.377426 75.869127 78.665173 24.541342 46.546773 0.000000 0.000000 0.000000 -37.321595 -28.461914 57.333492 3.127760 0.487035 -30.362366 17.602362 37.816471 33.579068 7.080315 -21.237087 -30.688548 0.000000 0.000000 0.000000 3.649046 -41.998248 -83.109472 -34.916735 31.931892 0.830156 -41.538065 -68.255450 31.600662 0.000000 0.000000 0.000000 3.902366 -2.871704 82.850368 -79.142360 59.560102 -52.893854 -71.198555 -5.982669 -0.115922 0.000000 0.000000 0.000000
-0.811685 0.833232 3.695480 178.933094 11.657037 167.888563 14.036047 -13.378163 -24.651854 -145.084985 -22.188320 71.001433 33.271761 16.864311 147.098830 0.000000 0.000000 0.000000 12.493342 -14.246348 -27.956805 -102.490476 -21.618134 79.202787 78.623409 26.434810 45.992846 0.000000 0.000000 0.000000 -38.128192 -28.290460 57.134400 3.092732 1.079208 -29.453501 17.013664 37.086773 33.101008 7.682289 -21.577943 -30.385926 0.000000 0.000000 0.000000 2.936653 -42.587657 -83.906858 -33.659243 34.253104 0.944589 -49.009963 -69.134379 39.316744 0.000000 0.000000 0.000000 5.087322 -2.101548 80.717877 -75.497544 62.375994 -54.093237 -72.701202 -1.332887 -3.340002 0.000000 0.000000 0.000000
-0.803405 0.838079 3.673239 177.956827 12.560077 166.835324 16.985559 -16.278289 -28.930463 -155.364774 -27.996344 69.797041 44.193863 22.507654 158.955540 0.000000 0.000000 0.000000 10.518844 -12.038836 -24.498727 -103.000875 -21.128934 81.792901 77.339855 29.136405 43.950186 0.000000 0.000000 0.000000 -38.211087 -27.583062 56.216088 2.220602 0.784167 -28.942534 17.556887 36.767606 32.925256 7.479619 -20.896288 -30.545268 0.000000 0.000000 0.000000 2.114058 -42.337029 -83.504494 -34.894762 36.509957 0.096756 -52.813437 -70.052912 42.501895 0.000000 0.000000 0.000000 5.599642 -0.981298 78.317183 -70.256950 65.181309 -52.408632 -74.622078 2.213362 -5.229979 0.000000 0.000000 0.000000
-0.795429 0.843603 3.648846 177.210730 12.835331 165.688512 21.442161 -19.948981 -34.062525 -160.989055 -34.985441 69.720847 50.267447 25.482051 162.008578 0.000000 0.000000 0.000000 8.054562 -10.181543 -20.680063 -103.299684 -20.769437 84.658438 78.941443 27.624999 44.503018 0.000000 0.000000 0.000000 -39.342430 -27.241765 55.815027 2.141386 1.169944 -28.369488 18.406298 36.889831 33.777732 7.215503 -21.286232 -30.697411 0.000000 0.000000 0.000000 1.361480 -41.954903 -85.055165 -34.279069 39.209196 -0.169206 -60.779363 -68.808080 49.245350 0.000000 0.000000 0.000000 6.082625 -0.797401 77.637639 -68.280631 66.192483 -52.146086 -75.238214 5.635813 -7.746632 0.000000 0.000000 0.000000
-0.787790 0.848545 3.622837 176.343069 13.772675 164.318156 26.170341 -23.030698 -38.793273 -159.723332 -42.093069 69.233576 44.389849 27.467046 157.690729 0.000000 0.000000 0.000000 6.091578 -8.076613 -16.339824 -101.867764 -21.324245 86.023774 79.678274 26.209013 43.513831 0.000000 0.000000 0.000000 -37.776546 -26.249543 53.879328 0.787462 0.452491 -26.493825 17.459754 37.525064 31.880814 7.189115 -21.605785 -29.596019 0.000000 0.000000 0.000000 0.390089 -41.660981 -82.351992 -36.012117 39.920728 -1.816395 -65.060632 -69.002743 50.550637 0.000000 0.000000 0.000000 8.203822 0.073459 72.444989 -57.009740 69.562343 -47.162452 -74.096943 12.960296 -12.690491 0.000000 0.000000 0.000000
-0.781388 0.851460 3.595817 175.640634 15.406161 163.088598 29.663610 -24.741243 -41.935712 -149.829559 -46.297564 65.331042 35.957025 24.772188 147.208486 0.000000 0.000000 0.000000 4.513857 -6.619426 -12.313299 -99.888196 -21.976368 86.336107 87.791742 22.913015 46.971697 0.000000 0.000000 0.000000 -37.425445 -25.603565 52.857581 0.567157 0.562120 -27.007343 18.672616 38.279891 34.028959 7.400203 -19.060507 -30.491239 0.000000 0.000000 0.000000 -0.354928 -39.968296 -81.357235 -37.003386 40.780648 -3.032597 -74.788990 -66.842566 57.684874 0.000000 0.000000 0.000000 6.518863 -0.457180 74.936991 -64.569625 67.541448 -50.107252 -73.922446 10.756549 -11.403630 0.000000 0.000000 0.000000
-0.776632 0.853084 3.568784 175.069434 16.728273 162.652777 30.247440 -24.833461 -42.511584 -131.909689 -46.727991 58.322071 28.317486 14.816970 138.753645 0.000000 0.000000 0.000000 3.749526 -5.800761 -9.704885 -96.094993 -23.388882 85.155869 86.781939 23.231639 44.202939 0.000000 0.000000 0.000000 -35.259776 -24.736610 51.335843 0.118967 0.303326 -26.290148 17.371590 38.676987 32.515651 8.102232 -17.186791 -30.736806 0.000000 0.000000 0.000000 -2.026472 -38.331544 -78.026917 -36.706153 40.132340 -3.881041 -80.374268 -65.060777 60.569500 0.000000 0.000000 0.000000 7.383039 0.722983 72.059798 -61.836597 68.380548 -48.863059 -70.614436 14.399637 -13.776967 0.000000 0.000000 0.000000
-0.773407 0.854595 3.541457 174.685898 17.886642 162.857846 27.598517 -23.775438 -41.493589 -109.393640 -43.730018 50.164952 22.247941 -0.398571 132.212985 0.000000 0.000000 0.000000 2.634284 -5.585788 -7.075804 -90.845930 -25.189900 83.203138 86.149964 22.611569 41.132668 0.000000 0.000000 0.000000 -31.644427 -23.658539 49.204730 -0.936604 -0.758482 -27.946356 18.165559 37.363754 33.692788 6.750040 -15.745337 -31.237401 0.000000 0.000000 0.000000 -1.417566 -34.865202 -79.690699 -35.980739 43.200421 -5.428155 -86.188714 -59.969035 61.772281 0.000000 0.000000 0.000000 4.730306 -1.301758 77.253345 -74.610110 63.501368 -51.770064 -69.430384 9.121020 -9.741376 0.000000 0.000000 0.000000
-0.771058 0.858077 3.512972 174.560298 18.844017 164.177363 23.219119 -21.581334 -38.786589 -84.697788 -37.946393 42.345989 22.568918 -17.919804 120.879001 0.000000 0.000000 0.000000 1.544830 -5.836464 -5.433258 -81.765223 -27.861719 78.944964 78.875261 24.830409 31.644444 0.000000 0.000000 0.000000 -27.228169 -22.093076 46.112203 -0.990473 -0.611607 -27.808486 15.958843 35.260525 32.336440 6.193363 -14.764786 -31.516386 0.000000 0.000000 0.000000 -1.921464 -32.908058 -79.493219 -33.855389 44.666011 -5.700106 -90.376220 -56.666524 62.852459 0.000000 0.000000 0.000000 4.240020 -0.999591 78.514456 -78.409478 61.598458 -52.563621 -68.065701 8.513988 -9.456791 0.000000 0.000000 0.000000
-0.768746 0.863531 3.481775 174.800805 19.664835 165.954396 19.073714 -19.165956 -35.786683 -62.053197 -31.720243 34.749764 26.755325 -29.514958 103.992413 0.000000 0.000000 0.000000 0.404173 -6.182648 -3.178767 -71.844140 -30.457527 74.335523 71.363886 26.755227 21.798292 0.000000 0.000000 0.000000 -22.557170 -20.369300 43.228729 -2.142494 -1.710535 -28.867702 15.808970 34.016356 32.990756 5.731354 -14.859978 -31.394880 0.000000 0.000000 0.000000 -0.166368 -30.409058 -84.928963 -28.881470 49.438688 -4.986534 -94.272685 -48.935883 59.476877 0.000000 0.000000 0.000000 2.543337 -3.269036 84.013002 -85.431816 55.879884 -50.467613 -67.446186 3.506514 -5.892967 0.000000 0.000000 0.000000
-0.766292 0.869701 3.446980 175.042893 19.920636 168.148941 15.003089 -16.539696 -32.645012 -45.446784 -26.156201 29.105674 30.880151 -34.145252 88.628610 0.000000 0.000000 0.000000 -0.883744 -6.910654 -1.479676 -61.074370 -32.324952 67.781955 64.426866 23.621936 13.442358 0.000000 0.000000 0.000000 -18.664502 -18.447804 40.010861 -2.074056 -1.278990 -28.560468 12.882240 31.591388 31.783216 7.249120 -13.741573 -30.660455 0.000000 0.000000 0.000000 1.127219 -28.761866 -86.169912 -27.246874 51.586956 -5.759733 -95.667545 -45.623854 55.268773 0.000000 0.000000 0.000000 1.667505 -4.746751 84.630868 -88.689503 54.852669 -50.697565 -68.717903 3.586200 -5.212126 0.000000 0.000000 0.000000
-0.764146 0.874892 3.408070 174.886822 20.919043 169.016454 10.699385 -13.451064 -29.135713 -38.278899 -23.310780 28.637637 35.144879 -35.102343 79.707536 0.000000 0.000000 0.000000 -3.151145 -8.406825 0.823864 -52.757782 -32.884971 62.494553 55.832753 20.398625 7.667223 0.000000 0.000000 0.000000 -17.503894 -17.680089 39.181991 -3.547578 -3.109037 -31.123659 15.887192 32.826588 33.964132 2.867110 -20.323967 -27.715885 0.000000 0.000000 0.000000 4.135809 -27.361233 -95.880418 -14.532140 57.969316 0.640615 -98.572097 -35.666877 48.743192 0.000000 0.000000 0.000000 -1.532681 -6.600452 94.873459 -93.412357 46.322655 -42.934286 -72.934790 -6.878954 2.456896 0.000000 0.000000 0.000000
-0.762720 0.875732 3.366252 175.671168 21.192696 170.785396 8.456898 -11.840920 -27.398301 -36.121694 -22.550006 30.041674 39.444366 -42.429695 79.240276 0.000000 0.000000 0.000000 -3.376045 -8.522070 1.142673 -53.826689 -32.921059 63.463192 51.975384 18.319281 9.436455 0.000000 0.000000 0.000000 -15.518416 -15.873999 36.673648 -2.498855 -1.986713 -31.911180 12.916394 30.448397 34.629034 4.846804 -18.980054 -27.855834 0.000000 0.000000 0.000000 5.443824 -27.857223 -95.715129 -12.668641 57.642129 1.165634 -97.140328 -33.037232 42.364619 0.000000 0.000000 0.000000 -0.266484 -6.770702 97.017069 -92.404164 43.325667 -41.160289 -71.919395 -5.891080 0.822345 0.000000 0.000000 0.000000
-0.762142 0.872457 3.324859 176.112548 22.175199 171.300074 7.161027 -10.517084 -25.860849 -38.265886 -23.253244 32.956878 43.569087 -45.774911 80.754624 0.000000 0.000000 0.000000 -4.048661 -8.920536 0.948480 -59.437624 -32.034559 67.439638 46.895294 17.863007 13.824968 0.000000 0.000000 0.000000 -13.235033 -14.079247 34.387500 -5.454930 -4.344067 -28.627626 12.872596 30.919564 31.605661 2.648758 -22.146655 -25.236639 0.000000 0.000000 0.000000 4.585956 -30.770406 -91.813590 -16.043893 55.663488 -0.441502 -93.656666 -35.805118 39.848666 0.000000 0.000000 0.000000 2.027347 -6.207354 92.491930 -88.674091 47.755250 -44.073075 -71.640537 1.138128 -3.133894 0.000000 0.000000 0.000000
-0.762414 0.865171 3.286610 176.045010 20.102170 171.241214 4.171779 -9.839041 -25.528924 -42.441784 -25.080701 38.764597 43.534208 -50.749710 86.323839 0.000000 0.000000 0.000000 -4.903820 -10.692779 -3.875789 -85.885384 -25.282900 82.236454 58.289969 17.702820 37.897114 0.000000 0.000000 0.000000 -16.515525 -15.579422 36.019333 -4.011395 -3.315362 -29.993144 13.511997 31.699406 33.091196 6.138404 -20.646506 -27.689083 0.000000 0.000000 0.000000 7.945927 -30.744983 -101.006238 -5.265126 59.003654 6.665947 -96.944750 -27.323653 34.915865 0.000000 0.000000 0.000000 0.557163 -7.632323 101.727056 -88.732429 42.182643 -40.419146 -74.067238 -6.101014 0.943133 0.000000 0.000000 0.000000
-0.761859 0.857300 3.253307 176.898090 19.080273 171.394677 2.508214 -8.885628 -24.426843 -44.646591 -25.816910 43.042013 44.758248 -55.520106 90.891002 0.000000 0.000000 0.000000 -4.270521 -13.521122 -11.334269 -117.331194 -11.931027 88.246927 70.271020 6.171023 67.693964 0.000000 0.000000 0.000000 -18.134747 -16.220677 36.808871 -1.162297 -0.689053 -27.687544 9.410085 30.199663 30.385052 9.073617 -18.607749 -28.230900 0.000000 0.000000 0.000000 4.096833 -33.417630 -88.755839 -18.867791 51.562437 -0.953334 -92.944117 -36.551384 41.805380 0.000000 0.000000 0.000000 7.312673 -7.259841 87.244203 -77.442853 54.813834 -48.849758 -70.692701 13.966528 -13.587933 0.000000 0.000000 0.000000
-0.759232 0.852824 3.224065 178.577594 20.158634 171.033236 3.834450 -8.148697 -22.991339 -50.175820 -26.207853 46.803940 44.843972 -50.518083 94.499513 0.000000 0.000000 0.000000 -0.158180 -17.532319 -21.545064 -142.816424 -6.456472 81.453768 65.899242 -4.082234 89.425332 0.000000 0.000000 0.000000 -23.059633 -19.091989 40.997823 0.758814 0.965490 -25.939946 9.966734 33.234109 28.329855 8.298190 -17.114404 -28.057314 0.000000 0.000000 0.000000 -0.910624 -36.636054 -75.910568 -24.389510 42.562411 -2.157809 -90.542774 -46.422536 51.540945 0.000000 0.000000 0.000000 12.026825 -5.971793 72.844052 -58.161655 67.458553 -47.059623 -69.673938 28.472844 -22.806208 0.000000 0.000000 0.000000
-0.753483 0.854264 3.196710 -179.484063 19.342035 173.299622 5.592143 -7.614484 -20.729390 -45.354777 -25.366028 42.731052 53.295349 -59.616526 90.038961 0.000000 0.000000 0.000000 5.123026 -20.656097 -29.222465 -137.262847 -10.600815 78.159196 75.618791 -7.616012 89.311263 0.000000 0.000000 0.000000 -21.522171 -19.792820 41.755323 1.887352 1.617964 -27.723848 8.917395 30.576104 26.727207 3.003999 -27.504606 -21.686010 0.000000 0.000000 0.000000 -2.816062 -35.587389 -75.221341 -24.812679 41.036901 -1.780115 -82.763225 -45.413897 45.622204 0.000000 0.000000 0.000000 17.751472 -5.708598 72.540708 -43.809822 65.869304 -39.429906 -65.112164 32.357372 -26.413956 0.000000 0.000000 0.000000
