psoxide-tape,v2,clock=pad_poll,start_poll=177
frame,buttons,right_x,right_y,left_x,left_y
0,0,128,128,128,128
1,0,128,128,128,128
2,0,128,128,128,128
3,0,128,128,128,128
4,0,128,128,128,128
5,0,128,128,128,128
6,0,128,128,128,128
7,0,128,128,128,128
8,0,128,128,128,128
9,0,128,128,128,128
10,0,128,128,128,128
11,0,128,128,128,128
12,0,128,128,128,128
13,0,128,128,128,128
14,0,128,128,128,128
15,0,128,128,128,128
16,0,128,128,128,128
17,0,128,128,128,128
18,0,128,128,128,128
19,0,128,128,128,128
20,0,128,128,128,128
21,0,128,128,128,128
22,0,128,128,128,128
23,0,128,128,128,128
24,0,128,128,128,128
25,0,128,128,128,128
26,0,128,128,128,128
27,0,128,128,128,128
28,0,128,128,128,128
29,0,128,128,128,128
30,0,128,128,128,128
31,0,128,128,128,128
32,0,128,128,128,128
33,0,128,128,128,128
34,0,128,128,128,128
35,0,128,128,128,128
36,0,128,128,128,128
37,0,128,128,128,128
38,0,128,128,128,128
39,0,128,128,128,128
40,0,128,128,128,128
41,0,128,128,128,128
42,0,128,128,128,128
43,0,128,128,128,128
44,0,128,128,128,128
45,0,128,128,128,128
46,0,128,128,128,128
47,0,128,128,128,128
48,0,128,128,128,128
49,0,128,128,128,128
50,0,128,128,128,128
51,0,128,128,128,128
52,0,128,128,128,128
53,0,128,128,128,128
54,0,128,128,128,128
55,0,128,128,128,128
56,0,128,128,128,128
57,0,128,128,128,128
58,0,128,128,128,128
59,0,128,128,128,128
60,0,128,128,128,128
61,0,128,128,128,128
62,0,128,128,128,128
63,0,128,128,128,128
64,0,128,128,128,128
65,0,128,128,128,128
66,0,128,128,128,128
67,0,128,128,128,128
68,0,128,128,128,128
69,0,128,128,128,128
70,0,128,128,128,128
71,0,128,128,128,128
72,0,128,128,128,128
73,0,128,128,128,128
74,0,128,128,128,128
75,0,128,128,128,128
76,0,128,128,128,128
77,0,128,128,128,128
78,0,128,128,128,128
79,0,128,128,128,128
80,0,128,128,128,128
81,0,128,128,128,128
82,0,128,128,128,128
83,0,128,128,128,128
84,0,128,128,128,128
85,0,128,128,128,128
86,0,128,128,128,128
87,0,128,128,128,128
88,0,128,128,128,128
89,0,128,128,128,128
90,0,128,128,128,128
91,0,128,128,128,128
92,0,128,128,128,128
93,0,128,128,128,128
94,0,128,128,128,128
95,0,128,128,128,128
96,0,128,128,128,128
97,0,128,128,128,128
98,0,128,128,128,128
99,0,128,128,128,128
100,0,128,128,128,128
101,0,128,128,128,128
102,0,128,128,128,128
103,0,128,128,128,128
104,0,128,128,128,128
105,0,128,128,128,128
106,0,128,128,128,128
107,0,128,128,128,128
108,0,128,128,128,128
109,0,128,128,128,128
110,0,128,128,128,128
111,0,128,128,128,128
112,0,128,128,128,128
113,0,128,128,128,128
114,0,128,128,128,128
115,0,128,128,128,128
116,0,128,128,128,128
117,0,128,128,128,128
118,0,128,128,128,128
119,0,128,128,128,128
120,0,128,128,128,128
121,0,128,128,128,128
122,0,128,128,128,128
123,0,128,128,128,128
124,0,128,128,128,128
125,0,128,128,128,128
126,0,128,128,128,128
127,0,128,128,128,128
128,0,128,128,128,128
129,0,128,128,128,128
130,0,128,128,128,128
131,0,128,128,128,128
132,0,128,128,128,128
133,0,128,128,128,128
134,0,128,128,128,128
135,0,128,128,128,128
136,0,128,128,128,128
137,0,128,128,128,128
138,0,128,128,128,128
139,0,128,128,128,128
140,0,128,128,128,128
141,0,128,128,128,128
142,0,128,128,128,128
143,0,128,128,128,128
144,0,128,128,128,128
145,0,128,128,128,128
146,0,128,128,128,128
147,0,128,128,128,128
148,0,128,128,128,128
149,0,128,128,128,128
150,0,128,128,128,128
151,0,128,128,128,128
152,0,128,128,128,128
153,0,128,128,128,128
154,0,128,128,128,128
155,0,128,128,128,128
156,0,128,128,128,128
157,0,128,128,128,128
158,0,128,128,128,128
159,0,128,128,128,128
160,0,128,128,128,128
161,0,128,128,128,128
162,16384,128,128,128,128
163,16384,128,128,128,128
164,16384,128,128,128,128
165,16384,128,128,128,128
166,16384,128,128,128,128
167,16384,128,128,128,128
168,16384,128,128,128,128
169,0,128,128,128,128
170,0,128,128,128,128
171,0,128,128,128,128
172,0,128,128,128,128
173,0,128,128,128,128
174,0,128,128,128,128
175,0,128,128,128,128
176,0,128,128,128,128
177,0,128,128,128,128
178,0,128,128,128,128
179,0,128,128,128,128
180,0,128,128,128,128
181,0,128,128,128,128
182,0,128,128,128,128
183,0,128,128,128,128
184,0,128,128,128,128
185,0,128,128,128,128
186,0,128,128,128,128
187,0,128,128,128,128
188,0,128,128,128,128
189,0,128,128,128,128
190,0,128,128,128,128
191,0,128,128,128,128
192,0,128,128,128,128
193,0,128,128,128,128
194,0,128,128,128,128
195,0,128,128,128,128
196,0,128,128,128,128
197,0,128,128,128,128
198,0,128,128,128,128
199,0,128,128,128,128
200,0,128,128,128,128
201,0,128,128,128,128
202,0,128,128,128,128
203,0,128,128,128,128
204,0,128,128,128,128
205,0,128,128,128,128
206,0,128,128,128,128
207,0,128,128,128,128
208,0,128,128,128,128
209,0,128,128,128,128
210,0,128,128,128,128
211,0,128,128,128,128
212,0,128,128,128,128
213,0,128,128,128,128
214,0,128,128,128,128
215,0,128,128,128,128
216,0,128,128,128,128
217,0,128,128,128,128
218,0,128,128,128,128
219,0,128,128,128,128
220,0,128,128,128,128
221,0,128,128,128,128
222,0,128,128,128,128
223,0,128,128,128,128
224,0,128,128,128,128
225,0,128,128,128,128
226,0,128,128,128,128
227,0,128,128,128,128
228,0,128,128,128,128
229,0,128,128,128,128
230,0,128,128,128,128
231,0,128,128,128,128
232,0,128,128,128,128
233,0,128,128,128,128
234,0,128,128,128,128
235,0,128,128,128,128
236,0,128,128,128,128
237,0,128,128,128,128
238,0,128,128,128,128
239,0,128,128,128,128
240,0,128,128,128,128
241,0,128,128,128,128
242,0,128,128,128,128
243,0,128,128,128,128
244,0,128,128,128,128
245,0,128,128,128,128
246,0,128,128,128,128
247,0,128,128,128,128
248,0,128,128,128,128
249,0,128,128,128,128
250,0,128,128,128,128
251,0,128,128,128,128
252,0,128,128,128,128
253,0,128,128,128,128
254,0,128,128,128,128
255,0,128,128,128,128
256,0,128,128,128,128
257,0,128,128,128,128
258,0,128,128,128,128
259,0,128,128,128,128
260,0,128,128,128,128
261,0,128,128,128,128
262,0,128,128,128,128
263,0,128,128,128,128
264,0,128,128,128,128
265,0,128,128,128,128
266,0,128,128,128,128
267,0,128,128,128,128
268,0,128,128,128,128
269,0,128,128,128,128
270,0,128,128,128,128
271,0,128,128,128,128
272,0,128,128,128,128
273,0,128,128,128,128
274,0,128,128,128,128
275,0,128,128,128,128
276,0,128,128,128,128
277,0,128,128,128,128
278,0,128,128,128,128
279,0,128,128,128,128
280,0,128,128,128,128
281,0,128,128,128,128
282,0,128,128,128,128
283,0,128,128,128,128
284,0,128,128,128,128
285,0,128,128,128,128
286,0,128,128,128,128
287,0,128,128,128,128
288,0,128,128,128,128
289,0,128,128,128,128
290,0,128,128,128,128
291,0,128,128,128,128
292,0,128,128,128,128
293,0,128,128,128,128
294,0,128,128,128,128
295,0,128,128,128,128
296,0,128,128,128,128
297,0,128,128,128,128
298,0,128,128,128,128
299,0,128,128,128,128
300,0,128,128,128,128
301,0,128,128,128,128
302,0,128,128,128,128
303,0,128,128,128,128
304,0,128,128,128,128
305,0,128,128,128,128
306,0,128,128,128,128
307,0,128,128,128,128
308,0,128,128,128,128
309,0,128,128,128,128
310,0,128,128,128,128
311,0,128,128,128,128
312,0,128,128,128,128
313,0,128,128,128,128
314,0,128,128,128,128
315,0,128,128,128,128
316,0,128,128,128,128
317,0,128,128,128,128
318,0,128,128,128,128
319,0,128,128,128,128
320,0,128,128,128,128
321,0,128,128,128,128
322,0,128,128,128,128
323,16384,128,128,128,128
324,16384,128,128,128,128
325,16384,128,128,128,128
326,16384,128,128,128,128
327,16384,128,128,128,128
328,16384,128,128,128,128
329,16384,128,128,128,128
330,16384,128,128,128,128
331,16384,128,128,128,128
332,0,128,128,128,128
333,0,128,128,128,128
334,0,128,128,128,128
335,0,128,128,128,128
336,0,128,128,128,128
337,0,128,128,128,128
338,0,128,128,128,128
339,0,128,128,128,128
340,0,128,128,128,128
341,0,128,128,128,128
342,0,128,128,128,128
343,0,128,128,128,128
344,0,128,128,128,128
345,0,128,128,128,128
346,0,128,128,128,128
347,0,128,128,128,128
348,0,128,128,128,128
349,0,128,128,128,128
350,0,128,128,128,128
351,0,128,128,128,128
352,0,128,128,128,128
353,0,128,128,128,128
354,0,128,128,128,128
355,0,128,128,128,128
356,0,128,128,128,128
357,0,128,128,128,128
358,0,128,128,128,128
359,0,128,128,128,128
360,0,128,128,128,128
361,0,128,128,128,128
362,0,128,128,128,128
363,0,128,128,128,128
364,0,128,128,128,128
365,0,128,128,128,128
366,0,128,128,128,128
367,0,128,128,128,128
368,0,128,128,128,128
369,0,128,128,128,128
370,0,128,128,128,128
371,0,128,128,128,128
372,0,128,128,128,128
373,0,128,128,128,128
374,0,128,128,128,128
375,0,128,128,128,128
376,0,128,128,128,128
377,0,128,128,128,128
378,0,128,128,128,128
379,0,128,128,128,128
380,0,128,128,128,128
381,0,128,128,128,128
382,0,128,128,128,128
383,0,128,128,128,128
384,0,128,128,128,128
385,0,128,128,128,128
386,0,128,128,128,128
387,0,128,128,128,128
388,0,128,128,128,128
389,0,128,128,128,128
390,0,128,128,128,128
391,0,128,128,128,128
392,0,128,128,128,128
393,0,128,128,128,128
394,0,128,128,128,128
395,0,128,128,128,128
396,0,128,128,128,128
397,0,128,128,128,128
398,0,128,128,128,128
399,0,128,128,128,128
400,0,128,128,128,128
401,0,128,128,128,128
402,0,128,128,128,128
403,0,128,128,128,128
404,0,128,128,128,128
405,0,128,128,128,128
406,0,128,128,128,128
407,0,128,128,128,128
408,0,128,128,128,128
409,0,128,128,128,128
410,0,128,128,128,128
411,0,128,128,128,128
412,0,128,128,128,128
413,0,158,128,128,128
414,0,158,128,128,128
415,0,198,129,128,128
416,0,204,127,128,128
417,0,204,127,128,128
418,0,212,126,128,128
419,0,220,126,128,128
420,0,220,126,128,128
421,0,220,126,128,128
422,0,228,124,128,128
423,0,228,124,128,128
424,0,234,124,128,128
425,0,238,124,128,128
426,0,238,124,128,128
427,0,240,124,128,128
428,0,242,124,128,128
429,0,242,124,128,128
430,0,242,124,128,128
431,0,243,124,128,128
432,0,243,124,128,128
433,0,243,124,128,128
434,0,243,124,128,128
435,0,244,124,128,128
436,0,244,124,128,128
437,0,244,124,128,128
438,0,244,124,128,128
439,0,244,124,128,128
440,0,244,124,128,128
441,0,244,124,128,128
442,0,244,124,128,128
443,0,244,124,128,128
444,0,244,124,128,128
445,0,244,124,128,128
446,0,244,123,128,128
447,0,244,123,128,128
448,0,244,123,128,128
449,0,244,123,128,128
450,0,244,123,128,128
451,0,244,123,128,128
452,0,244,123,128,128
453,0,244,123,128,128
454,0,244,123,128,128
455,0,244,123,128,128
456,0,244,123,128,128
457,0,244,123,128,128
458,0,244,123,128,128
459,0,244,123,128,128
460,0,244,123,128,128
461,0,244,123,128,128
462,0,244,123,128,128
463,0,244,123,128,128
464,0,128,128,128,128
465,0,128,128,128,128
466,0,128,128,128,128
467,0,128,128,128,128
468,0,128,128,128,128
469,16384,128,128,128,128
470,16384,128,128,128,128
471,16384,128,128,128,128
472,16384,128,128,128,128
473,16384,128,128,128,128
474,16384,128,128,128,128
475,16384,128,128,128,128
476,16384,128,128,128,128
477,16384,128,128,128,128
478,0,128,128,128,128
479,0,128,128,128,128
480,0,128,128,128,128
481,0,128,128,128,128
482,0,128,128,128,128
483,0,128,128,128,128
484,0,128,128,128,128
485,0,128,128,128,128
486,0,128,128,128,128
487,0,128,128,128,128
488,0,128,128,128,128
489,0,128,128,128,128
490,0,128,128,128,128
491,0,128,128,128,128
492,0,128,128,128,128
493,0,128,128,128,128
494,0,128,128,128,128
495,0,128,128,128,128
496,0,128,128,128,128
497,0,128,128,128,128
498,0,128,128,128,128
499,0,128,128,128,128
500,0,128,128,128,128
501,0,209,99,128,128
502,0,209,99,128,128
503,0,209,99,128,128
504,0,209,99,128,128
505,0,248,79,128,128
506,0,248,79,128,128
507,0,248,79,128,128
508,0,248,79,128,128
509,0,248,79,128,128
510,0,249,78,128,128
511,0,249,78,128,128
512,0,249,78,128,128
513,0,249,78,128,128
514,0,115,137,128,128
515,0,128,128,128,128
516,0,128,128,128,128
517,0,128,128,128,128
518,0,128,128,128,128
519,0,128,128,128,128
520,0,128,128,128,128
521,0,128,128,128,128
522,16384,128,128,128,128
523,16384,128,128,128,128
524,16384,128,128,128,128
525,16384,128,128,128,128
526,16384,128,128,128,128
527,0,128,128,128,128
528,0,128,128,128,128
529,0,128,128,128,128
530,0,128,128,128,128
531,0,128,128,128,128
532,0,128,128,128,128
533,0,128,128,128,128
534,0,128,128,128,128
535,0,128,128,128,128
536,0,128,128,128,128
537,0,128,128,128,128
538,0,128,128,128,128
539,0,128,128,128,128
540,0,128,128,128,128
541,0,128,128,128,128
542,0,128,128,128,128
543,0,128,128,128,128
544,0,128,128,128,128
545,0,128,128,128,128
546,0,128,128,128,128
547,0,128,128,128,128
548,0,128,128,128,128
549,0,128,128,128,128
550,0,128,128,128,128
551,0,128,128,128,128
552,0,128,128,128,128
553,0,128,128,128,128
554,0,128,128,128,128
555,0,128,128,128,128
556,0,128,128,128,128
557,0,128,128,128,128
558,0,128,128,128,128
559,0,128,128,128,128
560,0,128,128,128,128
561,0,128,128,128,128
562,0,128,128,128,128
563,0,128,128,128,128
564,0,128,128,128,128
565,0,128,128,128,128
566,0,128,128,128,128
567,0,128,128,128,128
568,0,128,128,128,128
569,0,128,128,128,128
570,0,128,128,128,128
571,0,128,128,128,128
572,0,128,128,128,128
573,0,128,128,128,128
574,16384,128,128,128,128
575,16384,128,128,128,128
576,16384,128,128,128,128
577,16384,128,128,128,128
578,16384,128,128,128,128
579,0,128,128,128,128
580,0,128,128,128,128
581,0,128,128,128,128
582,0,128,128,128,128
583,0,128,128,128,128
584,0,128,128,128,128
585,0,128,128,128,128
586,0,128,128,128,128
587,0,128,128,128,128
588,0,128,128,128,128
589,0,128,128,128,128
590,0,128,128,128,128
591,0,128,128,128,128
592,0,128,128,128,128
593,0,128,128,128,128
594,0,128,128,128,128
595,0,128,128,128,128
596,0,128,128,128,128
597,0,128,128,128,128
598,0,128,128,128,128
599,0,128,128,128,128
600,0,128,128,128,128
601,0,128,128,128,128
602,0,128,128,128,128
603,0,128,128,128,128
604,0,128,128,128,128
605,0,128,128,128,128
606,0,128,128,128,128
607,0,128,128,128,128
608,0,128,128,128,128
609,0,128,128,128,128
610,0,128,128,128,128
611,0,128,128,128,128
612,0,128,128,128,128
613,0,128,128,128,128
614,0,128,128,128,128
615,0,128,128,128,128
616,0,128,128,128,128
617,16384,128,128,128,128
618,16384,128,128,128,128
619,16384,128,128,128,128
620,16384,128,128,128,128
621,16384,128,128,128,128
622,16384,128,128,128,128
623,0,128,128,128,128
624,0,128,128,128,128
625,0,128,128,128,128
626,0,128,128,128,128
627,0,128,128,128,128
628,0,128,128,128,128
629,0,128,128,128,128
630,0,128,128,128,128
631,0,128,128,128,128
632,0,128,128,128,128
633,0,128,128,128,128
634,0,128,128,128,128
635,0,128,128,128,128
636,0,128,128,128,128
637,0,128,128,128,128
638,0,128,128,128,128
639,0,128,128,128,128
640,0,128,128,128,128
641,0,128,128,128,128
642,0,128,128,128,128
643,0,128,128,128,128
644,0,128,128,128,128
645,0,128,128,128,128
646,0,128,128,128,128
647,0,128,128,128,128
648,0,128,128,128,128
649,0,128,128,128,128
650,0,128,128,128,128
651,0,128,128,128,128
652,0,128,128,128,128
653,0,128,128,128,128
654,0,128,128,128,128
655,0,128,128,128,128
656,0,128,128,128,128
657,0,128,128,128,128
658,0,93,128,128,128
659,0,19,126,128,128
660,0,19,126,128,128
661,0,19,126,128,128
662,0,19,126,128,128
663,16,1,129,137,57
664,16,1,129,137,57
665,16,1,129,142,1
666,16,1,129,142,1
667,16,135,126,146,1
668,16,135,126,146,1
669,16,135,126,146,1
670,16,135,126,146,1
671,16,128,128,146,1
672,16,128,128,146,1
673,16,128,128,146,1
674,16,128,128,146,1
675,16,128,128,141,1
676,16,128,128,134,1
677,16,128,128,128,1
678,16,128,128,128,1
679,16,128,128,128,1
680,8208,128,128,120,1
681,8208,128,128,120,1
682,8208,128,128,120,1
683,8208,128,128,120,1
684,8208,128,128,118,1
685,8208,128,128,118,1
686,8208,128,128,118,1
687,8208,128,128,118,1
688,8208,128,128,118,1
689,8208,128,128,120,1
690,8208,128,128,124,1
691,8208,128,128,124,1
692,8208,128,128,124,1
693,8208,128,128,134,1
694,8208,128,128,134,1
695,8208,128,128,134,1
696,8208,128,128,134,1
697,8208,128,128,140,1
698,8208,128,128,140,1
699,8208,128,128,140,1
700,8208,128,128,140,1
701,8208,128,128,140,1
702,8208,128,128,142,1
703,8208,128,128,142,1
704,8208,128,128,142,1
705,8208,128,128,142,1
706,8208,128,128,138,1
707,8208,128,128,138,1
708,8208,128,128,138,1
709,8208,128,128,138,1
710,8208,128,128,138,1
711,8208,128,128,130,1
712,8208,128,128,127,1
713,8208,128,128,127,1
714,8208,128,128,127,1
715,8208,128,128,123,1
716,8208,128,128,123,1
717,8208,128,128,123,1
718,8208,128,128,123,1
719,8208,128,128,123,1
720,8208,128,128,122,1
721,8208,128,128,122,1
722,8208,128,128,122,1
723,8208,128,128,122,1
724,8208,128,128,122,1
725,8208,128,128,122,1
726,8208,128,128,122,1
727,8208,128,128,122,1
728,8208,128,128,122,1
729,8208,128,128,122,1
730,8208,128,128,118,1
731,8208,128,128,118,1
732,8208,128,128,118,1
733,8208,128,128,108,1
734,8208,128,128,108,1
735,8208,128,128,108,1
736,8208,128,128,108,1
737,8208,128,128,108,1
738,8208,128,128,102,1
739,8208,128,128,101,1
740,8208,128,128,101,1
741,8208,128,128,101,1
742,8208,128,128,99,1
743,8208,128,128,99,1
744,8208,128,128,99,1
745,8208,128,128,99,1
746,8208,128,128,99,1
747,8208,128,128,99,1
748,8208,128,128,99,1
749,8208,128,128,99,1
750,8208,128,128,99,1
751,8208,128,128,99,1
752,8208,128,128,105,1
753,8208,128,128,108,1
754,8208,128,128,108,1
755,8208,128,128,108,1
756,8208,128,128,116,1
757,8208,128,128,116,1
758,8208,128,128,116,1
759,8208,128,128,116,1
760,8208,128,128,126,1
761,8208,128,128,126,1
762,8208,128,128,126,1
763,8208,128,128,126,1
764,8208,128,128,131,1
765,8208,128,128,141,1
766,8208,128,128,141,1
767,8208,128,128,141,1
768,8208,128,128,143,1
769,8208,128,128,143,1
770,8208,128,128,145,1
771,8208,128,128,145,1
772,8208,128,128,145,1
773,8208,128,128,145,1
774,8208,128,128,147,1
775,8208,128,128,147,1
776,8208,128,128,147,1
777,8208,128,128,147,1
778,8208,128,128,150,1
779,8208,128,128,153,1
780,8208,128,128,153,1
781,8208,128,128,153,1
782,8208,128,128,153,1
783,8208,128,128,158,1
784,8208,128,128,158,1
785,8208,128,128,158,1
786,8208,128,128,158,1
787,8208,128,128,159,1
788,8208,128,128,161,1
789,8208,128,128,161,1
790,8208,128,128,161,1
791,8208,128,128,161,1
792,8208,128,128,161,1
793,8208,128,128,161,1
794,8208,128,128,161,1
795,8208,128,128,161,1
796,8208,128,128,161,1
797,8208,128,128,161,1
798,8208,128,128,161,1
799,8208,128,128,161,1
800,8208,128,128,161,1
801,8208,128,128,161,1
802,8208,128,128,161,1
803,8208,128,128,161,1
804,8208,128,128,161,1
805,8208,128,128,161,1
806,8208,128,128,161,1
807,8208,128,128,161,1
808,8208,128,128,161,1
809,8208,128,128,161,1
810,8208,128,128,161,1
811,8208,128,128,161,1
812,8208,128,128,161,1
813,8208,128,128,161,1
814,8208,128,128,161,1
815,8208,128,128,161,1
816,8208,128,128,161,1
817,8208,128,128,161,1
818,8208,128,128,161,1
819,8208,128,128,161,1
820,8208,128,128,161,1
821,8208,128,128,161,1
822,8208,128,128,161,1
823,8208,128,128,161,1
824,8208,128,128,161,1
825,8208,128,128,161,1
826,8208,128,128,161,1
827,8208,128,128,161,1
828,8208,128,128,161,1
829,8208,128,128,161,1
830,8208,128,128,161,1
831,8208,128,128,161,1
832,8208,128,128,161,1
833,8208,128,128,161,1
834,8208,128,128,161,1
835,8208,128,128,161,1
836,8208,128,128,161,1
837,8208,128,128,161,1
838,8208,128,128,161,1
839,8208,128,128,161,1
840,8208,128,128,161,1
841,8208,128,128,161,1
842,8208,128,128,161,1
843,8208,128,128,161,1
844,8208,128,128,161,1
845,8208,128,128,161,1
846,8208,128,128,161,1
847,8208,128,128,161,1
848,8208,128,128,161,1
849,8208,128,128,161,1
850,8208,128,128,161,1
851,8208,128,128,161,1
852,8208,128,128,161,1
853,8208,128,128,158,1
854,8208,128,128,152,1
855,8208,128,128,152,1
856,8208,128,128,152,1
857,8208,128,128,152,1
858,8208,128,128,143,1
859,8208,128,128,140,1
860,8208,128,128,140,1
861,8208,128,128,140,1
862,8208,128,128,140,1
863,8208,128,128,139,1
864,8208,128,128,139,1
865,8208,128,128,139,1
866,8208,128,128,139,1
867,8208,128,128,139,1
868,8208,128,128,137,1
869,8208,128,128,137,1
870,8208,128,128,137,1
871,8208,128,128,137,1
872,8208,128,128,137,1
873,8208,128,128,137,1
874,8208,128,128,137,1
875,8208,128,128,137,1
876,8208,128,128,137,1
877,8208,128,128,137,1
878,8208,128,128,137,1
879,8208,128,128,137,1
880,8208,128,128,137,1
881,8208,128,128,137,1
882,16,128,128,137,1
883,16,128,128,137,1
884,16,128,128,137,1
885,16,128,128,137,1
886,16,128,128,137,1
887,16,128,128,137,1
888,16,128,128,137,1
889,16,128,128,137,1
890,16,128,128,137,1
891,16,128,128,137,1
892,16,128,128,137,1
893,16,128,128,137,1
894,16,128,128,137,1
895,16,128,128,137,1
896,16,128,128,137,1
897,16,128,128,137,1
898,16,128,128,137,1
899,16,128,128,137,1
900,16,128,128,137,1
901,16,128,128,137,1
902,16,128,128,137,1
903,16,128,128,137,1
904,16,128,128,136,3
905,16,128,128,136,3
906,16,128,128,136,3
907,16,128,128,136,3
908,0,128,128,128,128
909,0,128,128,128,128
910,0,128,128,128,128
911,0,128,128,128,128
912,0,128,128,128,128
913,16384,128,128,128,128
914,16384,128,128,128,128
915,16384,128,128,128,128
916,16384,128,128,128,128
917,16384,128,128,128,128
918,16384,128,128,128,128
919,16384,128,128,128,128
920,16384,128,128,128,128
921,16384,128,128,128,128
922,16384,128,128,128,128
923,16384,128,128,128,128
924,16384,128,128,128,128
925,16384,128,128,128,128
926,0,128,128,128,128
927,0,128,128,128,128
928,0,128,128,128,128
929,0,128,128,128,128
930,0,128,128,128,128
931,0,128,128,128,128
932,0,128,128,128,128
933,0,128,128,128,128
934,0,128,128,128,128
935,16,128,128,101,88
936,16,128,128,101,88
937,16,128,128,101,88
938,16,128,128,101,88
939,144,128,128,59,49
940,144,128,128,42,40
941,144,128,128,42,40
942,144,128,128,35,42
943,144,128,128,35,42
944,144,128,128,21,54
945,144,128,128,21,54
946,144,128,128,21,54
947,144,128,128,21,54
948,144,128,128,16,86
949,128,128,128,1,93
950,128,128,128,1,121
951,128,128,128,1,121
952,128,128,128,1,121
953,128,128,128,1,121
954,64,128,128,150,166
955,64,128,128,150,166
956,64,128,128,150,166
957,64,128,128,150,166
958,0,128,128,128,128
959,0,128,128,128,128
960,0,128,128,128,128
961,0,128,128,128,128
962,0,128,128,128,128
963,16384,128,128,128,128
964,16384,128,128,128,128
965,16384,128,128,128,128
966,16384,128,128,128,128
967,16384,128,128,128,128
968,16384,128,128,128,128
969,16384,128,128,128,128
970,16384,128,128,128,128
971,16384,128,128,128,128
972,0,128,128,128,128
973,0,128,128,128,128
974,0,128,128,128,128
975,0,128,128,128,128
976,0,128,128,128,128
977,0,128,128,128,128
978,0,128,128,128,128
979,0,128,128,128,128
980,0,128,128,128,128
981,0,128,128,128,128
982,0,128,128,128,128
983,0,128,128,128,128
984,0,128,128,128,128
985,0,128,128,128,128
986,0,128,128,128,128
987,0,128,128,128,128
988,0,128,128,128,128
989,0,128,128,128,128
990,0,128,128,128,128
991,0,128,128,128,128
992,0,128,128,128,128
993,0,128,128,128,128
994,0,128,128,128,128
995,0,128,128,128,128
996,0,128,128,128,128
997,0,128,128,128,128
998,0,128,128,128,128
999,0,128,128,128,128
1000,0,128,128,128,128
1001,0,128,128,128,128
1002,0,128,128,128,128
1003,0,128,128,128,128
1004,16384,128,128,128,128
1005,16384,128,128,128,128
1006,16384,128,128,128,128
1007,16384,128,128,128,128
1008,16384,128,128,128,128
1009,16384,128,128,128,128
1010,16384,128,128,128,128
1011,16384,128,128,128,128
1012,16384,128,128,128,128
1013,16384,128,128,128,128
1014,0,128,128,128,128
1015,0,128,128,128,128
1016,0,128,128,128,128
1017,0,128,128,128,128
1018,0,128,128,128,128
1019,0,128,128,128,128
1020,0,128,128,128,128
1021,0,128,128,128,128
1022,0,128,128,128,128
1023,0,128,128,128,128
1024,0,128,128,128,128
1025,0,128,128,128,128
1026,0,128,128,128,128
1027,0,128,128,128,128
1028,0,128,128,128,128
1029,0,128,128,128,128
1030,0,128,128,128,128
1031,0,128,128,128,128
1032,0,128,128,128,128
1033,0,128,128,128,128
1034,0,128,128,128,128
1035,0,128,128,128,128
1036,0,128,128,128,128
1037,0,128,128,128,128
1038,0,128,128,128,128
1039,0,128,128,128,128
1040,0,128,128,128,128
1041,0,128,128,128,128
1042,0,128,128,128,128
1043,0,128,128,128,128
1044,0,128,128,128,128
1045,0,128,128,128,128
1046,0,128,128,128,128
1047,0,128,128,128,128
1048,0,128,128,128,128
1049,0,128,128,128,128
1050,0,128,128,128,128
1051,0,128,128,128,128
1052,0,128,128,128,128
1053,0,128,128,128,128
1054,0,128,128,128,128
1055,0,128,128,128,128
1056,0,128,128,128,128
1057,0,128,128,128,128
1058,0,128,128,128,128
1059,0,128,128,128,128
1060,0,128,128,128,128
1061,0,128,128,128,128
1062,0,128,128,128,128
1063,16384,128,128,128,128
1064,16384,128,128,128,128
1065,16384,128,128,128,128
1066,16384,128,128,128,128
1067,0,128,128,128,128
1068,0,128,128,128,128
1069,0,128,128,128,128
1070,0,128,128,128,128
1071,0,128,128,128,128
1072,0,128,128,128,128
1073,0,128,128,128,128
1074,0,128,128,128,128
1075,0,128,128,128,128
1076,0,128,128,128,128
1077,0,128,128,128,128
1078,0,128,128,128,128
1079,0,128,128,128,128
1080,0,128,128,128,128
1081,0,128,128,128,128
1082,0,128,128,128,128
1083,0,128,128,128,128
1084,0,128,128,128,128
1085,0,128,128,128,128
1086,0,128,128,128,128
1087,0,128,128,128,128
1088,0,128,128,128,128
1089,0,128,128,128,128
1090,0,128,128,128,128
1091,0,128,128,128,128
1092,0,128,128,128,128
1093,0,128,128,128,128
1094,0,128,128,128,128
1095,0,128,128,128,128
1096,0,128,128,128,128
1097,0,128,128,128,128
1098,0,128,128,128,128
1099,0,128,128,128,128
1100,0,128,128,128,128
1101,0,128,128,128,128
1102,0,128,128,128,128
1103,0,128,128,128,128
1104,0,128,128,128,128
1105,0,128,128,128,128
1106,0,128,128,128,128
1107,0,128,128,128,128
1108,0,128,128,128,128
1109,0,128,128,128,128
1110,0,128,128,128,128
1111,0,128,128,128,128
1112,0,128,128,128,128
1113,0,128,128,128,128
1114,0,128,128,128,128
1115,0,128,128,128,128
1116,0,128,128,128,128
1117,0,128,128,128,128
1118,0,128,128,128,128
1119,0,128,128,128,128
1120,0,128,128,128,128
1121,0,128,128,128,128
1122,0,128,128,128,128
1123,0,128,128,128,128
1124,0,128,128,128,128
1125,0,128,128,128,128
1126,0,128,128,128,128
1127,0,128,128,128,128
1128,16384,128,128,128,128
1129,16384,128,128,128,128
1130,16384,128,128,128,128
1131,16384,128,128,128,128
1132,16384,128,128,128,128
1133,0,128,128,128,128
1134,0,128,128,128,128
1135,0,128,128,128,128
1136,0,128,128,128,128
1137,0,128,128,128,128
1138,0,128,128,128,128
1139,0,128,128,128,128
1140,0,128,128,128,128
1141,0,128,128,128,128
1142,0,128,128,128,128
1143,0,128,128,128,128
1144,0,128,128,128,128
1145,0,128,128,128,128
1146,0,128,128,128,128
1147,0,128,128,128,128
1148,0,128,128,128,128
1149,0,128,128,128,128
1150,0,128,128,128,128
1151,0,128,128,128,128
1152,0,128,128,128,128
1153,0,128,128,128,128
1154,0,128,128,128,128
1155,0,128,128,128,128
1156,0,128,128,128,128
1157,0,128,128,128,128
1158,0,128,128,128,128
1159,0,128,128,128,128
1160,0,128,128,128,128
1161,0,128,128,128,128
1162,0,128,128,128,128
1163,0,128,128,128,128
1164,0,128,128,128,128
1165,0,128,128,128,128
1166,16384,128,128,128,128
1167,16384,128,128,128,128
1168,16384,128,128,128,128
1169,16384,128,128,128,128
1170,16384,128,128,128,128
1171,0,128,128,128,128
1172,0,128,128,128,128
1173,0,128,128,128,128
1174,0,128,128,128,128
1175,0,128,128,128,128
1176,0,128,128,128,128
1177,0,128,128,128,128
1178,0,128,128,128,128
1179,0,128,128,128,128
1180,0,128,128,128,128
1181,0,128,128,128,128
1182,0,128,128,128,128
1183,0,245,98,128,128
1184,0,245,98,128,128
1185,0,245,98,128,128
1186,0,245,98,128,128
1187,0,245,98,128,128
1188,0,249,74,128,128
1189,0,249,74,128,128
1190,0,249,74,128,128
1191,0,249,74,128,128
1192,0,249,72,128,128
1193,0,249,72,128,128
1194,0,249,72,128,128
1195,0,249,72,128,128
1196,0,251,72,128,128
1197,0,251,72,128,128
1198,0,251,72,128,128
1199,0,255,77,128,128
1200,0,255,86,128,128
1201,0,255,86,128,128
1202,0,255,86,128,128
1203,0,255,113,128,128
1204,0,128,128,128,128
1205,0,128,128,128,128
1206,16,128,128,139,1
1207,16,128,128,139,1
1208,16,128,128,139,1
1209,16,128,128,139,1
1210,16,128,128,147,1
1211,16,128,128,147,1
1212,16,128,128,147,1
1213,8208,128,128,147,1
1214,8208,128,128,150,1
1215,8208,128,128,150,1
1216,8208,128,128,150,1
1217,8208,128,128,150,1
1218,8208,128,128,150,1
1219,8208,128,128,121,1
1220,8208,128,128,121,1
1221,8336,128,128,83,3
1222,8336,128,128,83,3
1223,8336,128,128,83,3
1224,8336,128,128,83,3
1225,8336,128,128,68,9
1226,8336,128,128,68,9
1227,8336,128,128,68,9
1228,8336,128,128,68,9
1229,8336,128,128,60,13
1230,8336,128,128,60,13
1231,8336,128,128,60,13
1232,8336,128,128,57,14
1233,8336,128,128,57,14
1234,8336,128,128,57,14
1235,8336,128,128,57,14
1236,8336,128,128,53,17
1237,8336,128,128,53,17
1238,8336,128,128,53,17
1239,8336,128,128,46,21
1240,8336,128,128,46,21
1241,8336,128,128,46,21
1242,8336,128,128,46,21
1243,8336,128,128,44,21
1244,8336,128,128,44,23
1245,8336,128,128,44,23
1246,8336,128,128,44,23
1247,8336,128,128,44,23
1248,8336,128,128,44,23
1249,8336,128,128,44,23
1250,8336,128,128,50,18
1251,8336,128,128,50,18
1252,8336,128,128,50,18
1253,8336,128,128,50,18
1254,8336,128,128,57,13
1255,8336,128,128,57,13
1256,8336,128,128,57,13
1257,8336,128,128,57,13
1258,8336,128,128,64,9
1259,8336,128,128,64,9
1260,8336,128,128,64,9
1261,8336,128,128,64,9
1262,8336,128,128,76,1
1263,8336,128,128,76,1
1264,8336,128,128,76,1
1265,8336,128,128,82,1
1266,8336,128,128,87,1
1267,8336,128,128,87,1
1268,8336,128,128,87,1
1269,8336,128,128,87,1
1270,8208,128,128,92,1
1271,8208,128,128,92,1
1272,8208,128,128,92,1
1273,8208,128,128,98,1
1274,8208,128,128,98,1
1275,8208,128,128,98,1
1276,8208,128,128,98,1
1277,8208,128,128,108,1
1278,8208,128,128,108,1
1279,8208,128,128,108,1
1280,8208,128,128,120,1
1281,8208,128,128,120,1
1282,8208,128,128,120,1
1283,8208,128,128,126,1
1284,8208,97,128,134,1
1285,8208,97,128,134,1
1286,8208,97,128,134,1
1287,8208,97,128,134,1
1288,8208,1,164,138,1
1289,8208,1,164,138,1
1290,8208,1,164,138,1
1291,8208,1,164,138,1
1292,8208,1,166,138,1
1293,8208,1,166,138,1
1294,8208,1,166,138,1
1295,8208,1,168,139,1
1296,8208,1,168,139,1
1297,8208,1,168,139,1
1298,8208,40,166,139,1
1299,8208,40,166,139,1
1300,8208,40,166,139,1
1301,8208,128,128,137,1
1302,8208,128,128,137,1
1303,8208,128,128,137,1
1304,8208,128,128,135,1
1305,8208,128,128,135,1
1306,8208,128,128,135,1
1307,8208,128,128,135,1
1308,8208,128,128,133,1
1309,8208,128,128,133,1
1310,8208,128,128,130,1
1311,8208,128,128,130,1
1312,8208,128,128,130,1
1313,8208,128,128,127,1
1314,8208,128,128,127,1
1315,8208,128,128,127,1
1316,8208,128,128,125,1
1317,8208,128,128,125,1
1318,8208,128,128,125,1
1319,8208,128,128,123,1
1320,8208,128,128,123,1
1321,8208,128,128,123,1
1322,8208,189,130,123,1
1323,8208,189,130,123,1
1324,8208,189,130,123,1
1325,8208,233,133,116,1
1326,8208,233,133,116,1
1327,8208,233,133,116,1
1328,8336,237,134,78,3
1329,8336,237,134,78,3
1330,8336,237,134,78,3
1331,8336,241,139,65,10
1332,8336,241,139,65,10
1333,8336,241,139,65,10
1334,8336,243,141,58,14
1335,8336,243,141,58,14
1336,8336,243,141,58,14
1337,8336,243,143,57,14
1338,8336,243,143,57,14
1339,8336,243,143,57,14
1340,8336,148,143,60,14
1341,8336,148,143,60,14
1342,8336,148,143,60,14
1343,8336,148,143,60,14
1344,8336,140,134,60,12
1345,8336,140,134,60,12
1346,8336,134,129,61,12
1347,8336,130,128,59,14
1348,8336,128,128,54,17
1349,8336,128,128,54,17
1350,8336,128,128,49,20
1351,8336,128,128,49,20
1352,8336,128,128,49,20
1353,8336,128,128,49,20
1354,8336,128,128,42,27
1355,8336,128,128,42,27
1356,8336,128,128,42,27
1357,8336,128,128,40,29
1358,8336,128,128,40,29
1359,144,187,128,76,31
1360,144,187,128,76,31
1361,16,224,128,121,85
1362,16,224,128,121,85
1363,16,224,128,121,85
1364,16,224,128,121,85
1365,0,255,132,128,128
1366,0,255,132,128,128
1367,0,255,132,128,128
1368,0,255,132,128,128
1369,0,255,132,128,128
1370,0,255,132,128,128
1371,0,255,132,128,128
1372,0,255,132,128,128
1373,0,255,132,128,128
1374,0,255,132,128,128
1375,0,255,132,128,128
1376,0,255,132,128,128
1377,0,255,132,128,128
1378,0,255,132,128,128
1379,0,255,132,128,128
1380,0,255,132,128,128
1381,0,255,132,128,128
1382,0,255,132,128,128
1383,0,255,132,128,128
1384,0,255,132,128,128
1385,0,255,132,128,128
1386,0,255,134,128,128
1387,0,255,134,128,128
1388,0,255,134,128,128
1389,0,255,134,128,128
1390,0,255,134,128,128
1391,0,255,134,128,128
1392,0,255,134,128,128
1393,0,255,134,128,128
1394,0,255,134,128,128
1395,0,255,134,128,128
1396,0,255,134,128,128
1397,0,255,134,128,128
1398,0,255,134,128,128
1399,0,255,134,128,128
1400,0,255,134,128,128
1401,0,255,134,128,128
1402,0,255,134,128,128
1403,0,255,134,128,128
1404,48,255,130,203,86
1405,8240,255,126,236,47
1406,8240,255,126,236,47
1407,8240,255,126,236,47
1408,8240,255,126,236,47
1409,8240,255,113,229,35
1410,8240,255,113,229,35
1411,8240,255,113,229,35
1412,8240,255,113,229,35
1413,8240,255,113,229,35
1414,8240,128,128,207,16
1415,8240,128,128,207,16
1416,8240,128,128,207,16
1417,8240,128,128,204,14
1418,8240,128,128,204,14
1419,8240,128,128,204,14
1420,8240,128,128,204,14
1421,8240,128,128,204,14
1422,8240,128,128,198,10
1423,8240,128,128,197,10
1424,8240,128,128,197,10
1425,8240,128,128,197,10
1426,8240,128,128,197,10
1427,8240,128,128,197,10
1428,8240,128,128,197,10
1429,8240,128,128,187,6
1430,8240,128,128,187,6
1431,8240,128,128,187,6
1432,8240,128,128,187,6
1433,8240,128,128,187,6
1434,8240,128,128,187,6
1435,8240,128,128,174,4
1436,8240,128,128,171,2
1437,8240,128,128,171,2
1438,8240,128,128,171,2
1439,8240,128,128,171,2
1440,8240,128,128,171,2
1441,8240,196,135,169,2
1442,8240,202,139,167,2
1443,8240,202,139,167,2
1444,8240,202,139,167,2
1445,8240,202,139,167,2
1446,8208,212,144,162,1
1447,8208,212,144,162,1
1448,8208,212,144,162,1
1449,8208,212,144,162,1
1450,8208,212,144,162,1
1451,8208,130,141,158,1
1452,8208,130,141,158,1
1453,8208,128,128,142,1
1454,8208,128,128,142,1
1455,8208,128,128,142,1
1456,8208,128,128,142,1
1457,8208,128,128,142,1
1458,8208,128,128,135,1
1459,8208,128,128,135,1
1460,8208,128,128,125,1
1461,8208,128,128,124,1
1462,8208,128,128,124,1
1463,8208,128,128,124,1
1464,8208,128,128,124,1
1465,8208,128,128,124,1
1466,8208,128,128,124,1
1467,8208,128,128,124,1
1468,8208,128,128,112,1
1469,8208,128,128,112,1
1470,8208,128,128,112,1
1471,8208,128,128,112,1
1472,8208,128,128,112,1
1473,8208,128,128,112,1
1474,8208,128,128,112,1
1475,8208,128,128,104,1
1476,8208,128,128,104,1
1477,8208,128,128,100,1
1478,8208,128,128,100,1
1479,8208,128,128,100,1
1480,8208,128,128,100,1
1481,8336,137,128,62,6
1482,8336,137,128,62,6
1483,8336,176,128,56,12
1484,8336,176,128,56,12
1485,8336,176,128,56,12
1486,8336,176,128,56,12
1487,8336,180,134,51,17
1488,8336,184,137,44,24
1489,8336,185,138,42,25
1490,8336,185,138,42,25
1491,8336,185,138,42,25
1492,8336,185,138,42,25
1493,8336,185,138,42,25
1494,8336,185,138,42,25
1495,8336,166,138,43,24
1496,8336,166,138,43,24
1497,8336,166,138,43,24
1498,8336,166,138,43,24
1499,8336,166,138,43,24
1500,8336,165,138,50,19
1501,8336,165,138,50,19
1502,8336,165,138,50,19
1503,8208,185,141,152,1
1504,8208,185,141,152,1
1505,8208,185,141,152,1
1506,8208,188,142,157,1
1507,8208,188,142,157,1
1508,8208,188,142,157,1
1509,8208,188,142,157,1
1510,8208,188,142,157,1
1511,8240,192,144,175,2
1512,8240,192,144,175,2
1513,8240,192,144,175,2
1514,8240,192,144,175,2
1515,8240,149,144,181,5
1516,8240,149,144,181,5
1517,8240,128,128,189,8
1518,8240,128,128,189,8
1519,8240,128,128,189,8
1520,8240,128,128,189,8
1521,8240,128,128,189,7
1522,8240,128,128,189,7
1523,8240,128,128,189,7
1524,8240,128,128,175,1
1525,8240,128,128,175,1
1526,8240,128,128,175,1
1527,8240,128,128,175,1
1528,8240,128,128,175,1
1529,8240,128,128,172,1
1530,8240,128,128,172,1
1531,8240,128,128,170,1
1532,8240,128,128,170,1
1533,8240,128,128,169,1
1534,8240,128,128,169,1
1535,8240,128,128,169,1
1536,8240,128,128,169,1
1537,8240,128,128,169,1
1538,8240,128,128,166,1
1539,8240,128,128,166,1
1540,8240,128,128,166,1
1541,8240,128,128,166,1
1542,8208,128,128,162,1
1543,8208,128,128,162,1
1544,8208,92,128,115,1
1545,8208,92,128,115,1
1546,8208,92,128,115,1
1547,8208,92,128,115,1
1548,8208,92,128,115,1
1549,8208,92,128,115,1
1550,8208,46,130,112,1
1551,8208,1,142,102,1
1552,8208,1,142,102,1
1553,8208,1,142,102,1
1554,8208,1,142,102,1
1555,8208,1,142,102,1
1556,8208,1,142,102,1
1557,8208,1,144,100,1
1558,8208,1,148,97,1
1559,8208,1,148,97,1
1560,8208,1,148,97,1
1561,8208,1,148,97,1
1562,8208,1,148,97,1
1563,8208,1,148,97,1
1564,8208,129,128,99,1
1565,8208,129,128,99,1
1566,8208,129,128,99,1
1567,8208,129,128,99,1
1568,8208,129,128,99,1
1569,8208,128,128,102,1
1570,8208,128,128,110,1
1571,8208,128,128,110,1
1572,8208,128,128,110,1
1573,8208,128,128,110,1
1574,8208,128,128,110,1
1575,8208,128,128,110,1
1576,8208,128,128,110,1
1577,8208,128,128,115,1
1578,8208,128,128,115,1
1579,8208,128,128,115,1
1580,8208,128,128,115,1
1581,8208,128,128,115,1
1582,8208,128,128,116,1
1583,8208,128,128,119,1
1584,8208,128,128,119,1
1585,8208,128,128,119,1
1586,8208,128,128,119,1
1587,8208,128,128,119,1
1588,8208,128,128,119,1
1589,8208,128,128,119,1
1590,8208,128,128,119,1
1591,8208,128,128,119,1
1592,8208,128,128,119,1
1593,8208,128,128,119,1
1594,8208,128,128,119,1
1595,8208,128,128,129,1
1596,8208,128,128,129,1
1597,8208,128,128,129,1
1598,8208,128,128,131,1
1599,8208,128,128,131,1
1600,8208,128,128,131,1
1601,8208,128,128,135,1
1602,8208,128,128,135,1
1603,8208,128,128,135,1
1604,8208,128,128,135,1
1605,8208,128,128,136,1
1606,8208,128,128,136,1
1607,8208,128,128,136,1
1608,8208,171,128,136,1
1609,8208,171,128,136,1
1610,8208,171,128,136,1
1611,8208,171,128,136,1
1612,8208,180,128,136,1
1613,8208,180,128,136,1
1614,8208,195,128,136,1
1615,8208,195,128,136,1
1616,8208,199,128,136,1
1617,8208,199,128,136,1
1618,8208,199,128,136,1
1619,8208,201,128,136,1
1620,8208,201,128,136,1
1621,8208,202,128,136,1
1622,8208,202,128,136,1
1623,8208,202,128,136,1
1624,8208,163,126,136,1
1625,8208,163,126,136,1
1626,8208,163,126,136,1
1627,8208,163,126,136,1
1628,8208,163,126,136,1
1629,8208,138,126,136,1
1630,8208,138,126,136,1
1631,8208,138,126,136,1
1632,8208,138,126,136,1
1633,8208,138,126,136,1
1634,8208,129,126,136,1
1635,8208,129,126,136,1
1636,8208,129,126,136,1
1637,8208,129,126,136,1
1638,8208,129,126,136,1
1639,8208,128,128,136,1
1640,8208,128,128,136,1
1641,8208,128,128,136,1
1642,8208,128,128,136,1
1643,8208,128,128,136,1
1644,8208,128,128,136,1
1645,8208,128,128,136,1
1646,8208,128,128,136,1
1647,8208,128,128,136,1
1648,8208,194,128,136,1
1649,8208,194,128,136,1
1650,8208,194,128,136,1
1651,8208,194,128,136,1
1652,8208,194,128,136,1
1653,8208,207,123,142,1
1654,8208,207,123,142,1
1655,8208,207,123,142,1
1656,8208,207,123,142,1
1657,8208,210,122,156,1
1658,8208,209,122,161,1
1659,8208,209,122,161,1
1660,8208,209,122,161,1
1661,8208,209,122,161,1
1662,8208,209,122,161,1
1663,8240,132,128,169,1
1664,8240,132,128,169,1
1665,8240,132,128,169,1
1666,8240,132,128,169,1
1667,8240,132,128,169,1
1668,8240,128,128,171,1
1669,8240,128,128,171,1
1670,8240,128,128,171,1
1671,8240,128,128,171,1
1672,8240,128,128,171,1
1673,8240,128,128,176,2
1674,8240,128,128,179,4
1675,8240,128,128,179,4
1676,8240,128,128,179,4
1677,8240,128,128,179,4
1678,8240,128,128,183,4
1679,8240,128,128,183,4
1680,8240,128,128,183,4
1681,8240,128,128,183,4
1682,8240,128,128,183,4
1683,8240,128,128,183,4
1684,8240,128,128,184,4
1685,8240,128,128,184,4
1686,8240,128,128,184,5
1687,8240,128,128,184,5
1688,8240,128,128,184,5
1689,8240,128,128,184,5
1690,8240,128,128,184,5
1691,8240,128,128,184,5
1692,8240,128,128,184,5
1693,8240,128,128,184,5
1694,8240,128,128,184,5
1695,8240,128,128,180,5
1696,8240,128,128,180,5
1697,8240,128,128,180,5
1698,8240,128,128,177,3
1699,8240,128,128,177,3
1700,8240,128,128,172,2
1701,8240,128,128,171,2
1702,8240,128,128,171,2
1703,8240,128,128,171,2
1704,8240,128,128,171,2
1705,8240,128,128,171,2
1706,8240,128,128,169,2
1707,8240,128,128,169,2
1708,8240,128,128,169,2
1709,8240,128,128,169,2
1710,8240,128,128,169,2
1711,8240,128,128,166,2
1712,8208,128,128,164,2
1713,8208,128,128,164,2
1714,8208,128,128,164,2
1715,8208,128,128,164,2
1716,8208,128,128,164,2
1717,8208,128,128,154,2
1718,8208,128,128,154,2
1719,8208,128,128,154,2
1720,8208,128,128,154,2
1721,8208,128,128,154,2
1722,8208,128,128,147,2
1723,8208,128,128,147,2
1724,8208,128,128,147,2
1725,8208,128,128,147,2
1726,8208,128,128,147,2
1727,8208,128,128,147,2
1728,8208,86,167,145,2
1729,8208,86,167,145,2
1730,8208,86,167,145,2
1731,8208,86,167,145,2
1732,8208,77,175,145,2
1733,8208,77,175,145,2
1734,8208,66,185,145,2
1735,8208,66,185,145,2
1736,8208,63,188,145,2
1737,8208,63,188,145,2
1738,8208,63,188,145,2
1739,8208,128,128,145,2
1740,8208,128,128,145,2
1741,8208,128,128,145,2
1742,8208,128,128,145,2
1743,8208,128,128,145,2
1744,8208,128,128,145,2
1745,8208,128,128,145,2
1746,8208,128,128,145,2
1747,8208,128,128,145,2
1748,8208,128,128,145,2
1749,8208,128,128,145,2
1750,8208,128,128,145,2
1751,8208,128,128,145,2
1752,8208,128,128,145,2
1753,8208,128,128,145,2
1754,8208,128,128,145,2
1755,8208,128,128,145,2
1756,8208,128,128,145,2
1757,8208,128,128,145,2
1758,8208,128,128,145,2
1759,8208,128,128,145,2
1760,8208,128,128,145,2
1761,8208,128,128,145,2
1762,8208,128,128,145,2
1763,8208,128,128,145,2
1764,8208,128,128,145,2
1765,8208,128,128,145,2
1766,8208,128,128,145,2
1767,8208,128,128,145,2
1768,8208,128,128,145,2
1769,8208,128,128,145,2
1770,8208,128,128,145,2
1771,8208,128,128,145,2
1772,8208,128,128,145,2
1773,8208,128,128,145,2
1774,8208,128,128,145,2
1775,8208,128,128,147,2
1776,8208,128,128,147,2
1777,8208,128,128,147,2
1778,8208,128,128,147,2
1779,8208,128,128,147,2
1780,8208,128,128,147,2
1781,8208,96,128,147,2
1782,8208,96,128,147,2
1783,8208,96,128,147,2
1784,8208,96,128,147,2
1785,8208,96,128,147,2
1786,8208,56,135,147,2
1787,8208,56,135,147,2
1788,8208,56,135,147,2
1789,8208,56,135,147,2
1790,8208,56,135,147,2
1791,8208,26,141,147,2
1792,8208,26,141,147,2
1793,8208,26,141,147,2
1794,8208,26,139,147,2
1795,8208,26,139,147,2
1796,8212,26,134,151,2
1797,8212,26,134,151,2
1798,8212,26,134,151,2
1799,8212,26,134,151,2
1800,8212,26,134,151,2
1801,8212,26,131,154,2
1802,8208,27,131,164,2
1803,8208,27,131,164,2
1804,8208,27,131,164,2
1805,8208,27,131,164,2
1806,8240,66,126,200,4
1807,8240,106,121,210,15
1808,8240,106,121,210,15
1809,8240,106,121,210,15
1810,8240,109,121,214,18
1811,8240,109,121,214,18
1812,48,123,121,224,29
1813,48,123,121,224,29
1814,48,123,121,224,29
1815,48,123,121,224,29
1816,48,128,128,227,32
1817,48,128,128,227,32
1818,48,128,128,229,33
1819,48,128,128,229,33
1820,48,128,128,229,33
1821,48,128,128,229,33
1822,48,128,128,229,33
1823,48,128,128,233,38
1824,48,128,128,233,38
1825,48,128,128,233,38
1826,48,128,128,233,38
1827,48,128,128,233,38
1828,48,128,128,233,38
1829,48,128,128,233,38
1830,48,128,128,233,38
1831,48,128,128,233,38
1832,48,128,128,233,38
1833,48,128,128,233,38
1834,48,128,128,233,36
1835,48,128,128,233,36
1836,48,128,128,233,36
1837,48,128,128,233,36
1838,48,128,128,231,34
1839,48,128,128,229,31
1840,48,128,128,227,29
1841,48,128,128,227,29
1842,48,128,128,227,29
1843,48,128,128,227,29
1844,48,128,128,227,29
1845,48,128,128,225,26
1846,48,128,128,220,23
1847,48,128,128,220,23
1848,48,128,128,220,23
1849,48,128,128,220,23
1850,48,128,128,205,14
1851,48,128,128,205,14
1852,48,128,128,205,14
1853,48,128,128,205,14
1854,48,128,128,205,14
1855,48,128,128,190,8
1856,48,128,128,190,8
1857,48,128,128,190,8
1858,48,128,128,190,8
1859,48,128,128,190,8
1860,16,128,128,163,1
1861,16,128,128,163,1
1862,16,128,128,163,1
1863,16,128,128,163,1
1864,16,128,128,163,1
1865,16,128,128,151,1
1866,16,128,128,146,1
1867,16,128,128,146,1
1868,16,128,128,146,1
1869,16,128,128,146,1
1870,16,128,128,133,1
1871,16,128,128,133,1
1872,16,128,128,133,1
1873,16,128,128,133,1
1874,16,128,128,133,1
1875,16,128,128,126,1
1876,16,128,128,126,1
1877,16,128,128,126,1
1878,16,128,128,126,1
1879,16,128,128,122,1
1880,16,128,128,115,1
1881,16,128,128,115,1
1882,16,128,128,115,1
1883,16,128,128,111,1
1884,16,128,128,111,1
1885,16,128,128,104,1
1886,16,128,128,104,1
1887,16,128,128,104,1
1888,16,128,128,104,1
1889,16,128,128,104,1
1890,16,128,128,104,1
1891,16,128,128,103,1
1892,16,128,128,103,1
1893,16,128,128,103,1
1894,16,128,128,103,1
1895,16,128,128,103,1
1896,16,128,128,108,1
1897,16,128,128,108,1
1898,16,128,128,108,1
1899,16,128,128,108,1
1900,16,128,128,108,1
1901,16,128,128,112,1
1902,16,128,128,114,1
1903,16,128,128,114,1
1904,16,128,128,114,1
1905,16,128,128,114,1
1906,16,128,128,114,1
1907,16,128,128,127,1
1908,16,128,128,127,1
1909,16,128,128,127,1
1910,16,128,128,127,1
1911,16,128,128,127,1
1912,16,128,128,160,1
1913,16,128,128,160,1
1914,16,128,128,160,1
1915,16,128,128,160,1
1916,16,128,128,160,1
1917,16,128,128,162,1
1918,16,128,128,162,1
1919,16,128,128,162,1
1920,16,128,128,162,1
1921,16,128,128,162,1
1922,16,128,128,162,1
1923,16,128,128,162,1
1924,16,128,128,162,1
1925,16,128,128,162,1
1926,16,128,128,162,1
1927,48,128,128,167,1
1928,48,128,128,167,1
1929,48,128,128,167,1
1930,48,128,128,167,1
1931,48,128,128,167,1
1932,48,128,128,180,5
1933,48,128,128,180,5
1934,48,128,128,180,5
1935,48,128,128,180,5
1936,48,128,128,185,6
1937,48,128,128,189,8
1938,48,128,128,189,8
1939,48,128,128,189,8
1940,48,128,128,189,8
1941,48,128,128,189,8
1942,48,128,128,186,6
1943,48,128,128,186,6
1944,48,128,128,181,4
1945,48,128,128,181,4
1946,48,128,128,181,4
1947,48,128,128,175,3
1948,48,128,128,175,3
1949,48,128,128,175,3
1950,48,128,128,175,3
1951,48,128,128,175,3
1952,48,128,128,175,3
1953,48,128,128,172,1
1954,48,128,128,172,1
1955,48,128,128,172,1
1956,48,128,128,172,1
1957,48,128,128,172,1
1958,48,128,128,172,1
1959,48,128,128,172,1
1960,48,128,128,172,1
1961,48,128,128,172,1
1962,48,128,128,172,1
1963,16,128,128,160,1
1964,16,128,128,160,1
1965,16,128,128,160,1
1966,16,128,128,160,1
1967,16,128,128,160,1
1968,16,128,128,151,1
1969,16,128,128,147,1
1970,16,128,128,147,1
1971,16,128,128,147,1
1972,16,128,128,147,1
1973,16,128,128,139,1
1974,16,128,128,139,1
1975,16,128,128,139,1
1976,16,128,128,139,1
1977,16,128,128,139,1
1978,16,128,128,127,1
1979,16,128,128,127,1
1980,16,128,128,127,1
1981,16,128,128,127,1
1982,16,128,128,127,1
1983,16,128,128,119,1
1984,16,128,128,119,1
1985,16,128,128,119,1
1986,16,128,128,119,1
1987,16,128,128,119,1
1988,16,128,128,115,1
1989,16,128,128,115,1
1990,16,128,128,115,1
1991,16,128,128,112,1
1992,16,128,128,112,1
1993,16,128,128,104,1
1994,16,128,128,104,1
1995,16,128,128,104,1
1996,16,128,128,104,1
1997,16,128,128,104,1
1998,16,128,128,102,1
1999,16,128,128,102,1
2000,0,128,128,128,128
2001,0,128,128,128,128
2002,0,128,128,128,128
2003,0,128,128,128,128
2004,0,128,128,128,128
2005,0,128,128,128,128
2006,0,128,128,128,128
2007,0,128,128,128,128
2008,0,128,128,128,128
2009,0,128,128,128,128
2010,0,128,128,128,128
2011,0,128,128,128,128
2012,0,128,128,128,128
2013,0,128,128,128,128
2014,0,128,128,128,128
2015,0,128,128,128,128
2016,0,128,128,128,128
2017,0,128,128,128,128
2018,0,128,128,128,128
2019,0,128,128,128,128
2020,0,128,128,128,128
2021,0,128,128,128,128
2022,0,128,128,128,128
2023,0,128,128,128,128
2024,0,128,128,128,128
2025,0,128,128,128,128
2026,0,128,128,128,128
2027,0,128,128,128,128
2028,0,128,128,128,128
2029,0,128,128,128,128
2030,0,128,128,128,128
2031,0,128,128,128,128
2032,0,128,128,128,128
2033,0,128,128,128,128
2034,0,128,128,128,128
2035,0,128,128,128,128
2036,0,128,128,128,128
2037,0,128,128,128,128
2038,0,128,128,128,128
2039,0,128,128,128,128
2040,0,128,128,128,128
2041,0,128,128,128,128
2042,0,128,128,128,128
2043,0,128,128,128,128
2044,0,128,128,128,128
2045,0,128,128,128,128
2046,0,128,128,128,128
2047,0,128,128,128,128
2048,0,128,128,128,128
2049,0,128,128,128,128
2050,0,128,128,128,128
2051,0,128,128,128,128
2052,0,128,128,128,128
2053,0,128,128,128,128
2054,0,128,128,128,128
2055,0,128,128,128,128
2056,0,128,128,128,128
2057,0,128,128,128,128
2058,0,128,128,128,128
2059,0,128,128,128,128
2060,0,128,128,128,128
2061,0,128,128,128,128
2062,0,128,128,128,128
2063,0,128,128,128,128
2064,0,128,128,128,128
2065,0,128,128,128,128
2066,0,128,128,128,128
2067,0,128,128,128,128
2068,0,128,128,128,128
2069,0,128,128,128,128
2070,0,128,128,128,128
2071,0,128,128,128,128
2072,0,128,128,128,128
2073,0,128,128,128,128
2074,0,128,128,128,128
2075,0,128,128,128,128
2076,0,128,128,128,128
2077,0,128,128,128,128
2078,0,128,128,128,128
2079,0,128,128,128,128
2080,0,128,128,128,128
2081,0,128,128,128,128
2082,0,128,128,128,128
2083,0,128,128,128,128
2084,0,128,128,128,128
2085,0,128,128,128,128
2086,0,128,128,128,128
2087,0,128,128,128,128
2088,0,128,128,128,128
2089,0,128,128,128,128
2090,0,128,128,128,128
2091,0,128,128,128,128
2092,0,128,128,128,128
2093,0,128,128,128,128
2094,0,128,128,128,128
2095,0,128,128,128,128
2096,0,128,128,128,128
2097,0,128,128,128,128
2098,0,128,128,128,128
2099,0,128,128,128,128
2100,0,128,128,128,128
2101,0,128,128,128,128
2102,0,128,128,128,128
2103,0,128,128,128,128
2104,0,128,128,128,128
2105,0,128,128,128,128
2106,0,128,128,128,128
2107,0,128,128,128,128
2108,0,128,128,128,128
2109,0,128,128,128,128
2110,0,128,128,128,128
2111,0,128,128,128,128
2112,0,128,128,128,128
2113,0,128,128,128,128
2114,0,128,128,128,128
2115,0,128,128,128,128
2116,0,128,128,128,128
2117,0,128,128,128,128
2118,0,128,128,128,128
2119,0,128,128,128,128
2120,0,128,128,128,128
2121,0,128,128,128,128
2122,0,128,128,128,128
2123,0,128,128,128,128
2124,0,128,128,128,128
2125,0,128,128,128,128
2126,0,128,128,128,128
2127,0,128,128,128,128
2128,0,128,128,128,128
2129,0,128,128,128,128
2130,0,128,128,128,128
2131,0,128,128,128,128
2132,0,128,128,128,128
2133,0,128,128,128,128
2134,0,128,128,128,128
2135,0,128,128,128,128
2136,0,128,128,128,128
2137,0,128,128,128,128
2138,0,128,128,128,128
2139,0,128,128,128,128
2140,0,128,128,128,128
2141,0,128,128,128,128
2142,0,128,128,128,128
2143,0,128,128,128,128
2144,0,128,128,128,128
2145,0,128,128,128,128
2146,0,128,128,128,128
2147,0,128,128,128,128
2148,0,128,128,128,128
2149,0,128,128,128,128
2150,0,128,128,128,128
2151,0,128,128,128,128
2152,0,128,128,128,128
2153,0,128,128,128,128
2154,0,128,128,128,128
2155,0,128,128,128,128
2156,0,128,128,128,128
2157,0,128,128,128,128
2158,0,128,128,128,128
2159,0,128,128,128,128
2160,0,128,128,128,128
2161,0,128,128,128,128
2162,0,128,128,128,128
2163,0,128,128,128,128
2164,0,128,128,128,128
2165,0,128,128,128,128
2166,0,128,128,128,128
2167,0,128,128,128,128
2168,0,128,128,128,128
2169,0,128,128,128,128
2170,0,128,128,128,128
2171,0,128,128,128,128
2172,0,128,128,128,128
2173,0,128,128,128,128
2174,0,128,128,128,128
2175,0,128,128,128,128
2176,0,128,128,128,128
2177,0,128,128,128,128
2178,0,128,128,128,128
2179,0,128,128,128,128
2180,0,128,128,128,128
2181,0,128,128,128,128
2182,0,128,128,128,128
2183,0,128,128,128,128
2184,0,128,128,128,128
2185,0,128,128,128,128
2186,0,128,128,128,128
2187,0,128,128,128,128
2188,0,128,128,128,128
2189,0,128,128,128,128
2190,0,128,128,128,128
2191,0,128,128,128,128
2192,0,128,128,128,128
2193,0,128,128,128,128
2194,0,128,128,128,128
2195,0,128,128,128,128
2196,0,128,128,128,128
2197,0,128,128,128,128
2198,0,128,128,128,128
2199,0,128,128,128,128
2200,0,128,128,128,128
2201,0,128,128,128,128
2202,0,128,128,128,128
2203,0,128,128,128,128
2204,0,128,128,128,128
2205,0,128,128,128,128
2206,0,128,128,128,128
2207,0,128,128,128,128
2208,0,128,128,128,128
2209,0,128,128,128,128
2210,0,128,128,128,128
2211,0,128,128,128,128
2212,0,128,128,128,128
2213,0,128,128,128,128
2214,0,128,128,128,128
2215,0,128,128,128,128
2216,0,128,128,128,128
2217,0,128,128,128,128
2218,0,128,128,128,128
2219,0,128,128,128,128
2220,0,128,128,128,128
2221,0,128,128,128,128
2222,0,128,128,128,128
2223,0,128,128,128,128
2224,0,128,128,128,128
2225,0,128,128,128,128
2226,0,128,128,128,128
2227,0,128,128,128,128
2228,0,128,128,128,128
2229,0,128,128,128,128
2230,0,128,128,128,128
2231,0,128,128,128,128
2232,0,128,128,128,128
2233,0,128,128,128,128
2234,0,128,128,128,128
2235,0,128,128,128,128
2236,0,128,128,128,128
2237,0,128,128,128,128
2238,0,128,128,128,128
2239,0,128,128,128,128
2240,0,128,128,128,128
2241,0,128,128,128,128
2242,0,128,128,128,128
2243,0,128,128,128,128
2244,0,128,128,128,128
2245,0,128,128,128,128
2246,0,128,128,128,128
2247,0,128,128,128,128
2248,0,128,128,128,128
2249,0,128,128,128,128
2250,0,128,128,128,128
2251,0,128,128,128,128
2252,0,128,128,128,128
2253,0,128,128,128,128
2254,0,128,128,128,128
2255,0,128,128,128,128
2256,0,128,128,128,128
2257,0,128,128,128,128
2258,0,128,128,128,128
2259,0,128,128,128,128
2260,0,128,128,128,128
2261,0,128,128,128,128
2262,0,128,128,128,128
2263,0,128,128,128,128
2264,0,128,128,128,128
2265,0,128,128,128,128
2266,0,128,128,128,128
2267,0,128,128,128,128
2268,0,128,128,128,128
2269,0,128,128,128,128
2270,0,128,128,128,128
2271,0,128,128,128,128
2272,0,128,128,128,128
2273,0,128,128,128,128
2274,0,128,128,128,128
2275,0,128,128,128,128
2276,0,128,128,128,128
2277,0,128,128,128,128
2278,0,128,128,128,128
2279,0,128,128,128,128
2280,0,128,128,128,128
2281,0,128,128,128,128
2282,0,128,128,128,128
2283,0,128,128,128,128
2284,0,128,128,128,128
2285,0,128,128,128,128
2286,0,128,128,128,128
2287,0,128,128,128,128
2288,0,128,128,128,128
2289,0,128,128,128,128
2290,0,128,128,128,128
2291,0,128,128,128,128
2292,0,128,128,128,128
2293,0,128,128,128,128
2294,0,128,128,128,128
2295,0,128,128,128,128
2296,0,128,128,128,128
2297,0,128,128,128,128
2298,0,128,128,128,128
2299,0,128,128,128,128
2300,0,128,128,128,128
2301,0,128,128,128,128
2302,0,128,128,128,128
2303,0,128,128,128,128
2304,0,128,128,128,128
2305,0,128,128,128,128
2306,0,128,128,128,128
2307,0,128,128,128,128
2308,0,128,128,128,128
2309,0,128,128,128,128
2310,0,128,128,128,128
2311,0,128,128,128,128
2312,0,128,128,128,128
2313,0,128,128,128,128
2314,0,128,128,128,128
2315,0,128,128,128,128
2316,0,128,128,128,128
2317,0,128,128,128,128
2318,0,128,128,128,128
2319,0,128,128,128,128
2320,0,128,128,128,128
2321,0,128,128,128,128
2322,0,128,128,128,128
2323,0,128,128,128,128
2324,0,128,128,128,128
2325,0,128,128,128,128
2326,0,128,128,128,128
2327,0,128,128,128,128
2328,0,128,128,128,128
2329,0,128,128,128,128
2330,0,128,128,128,128
2331,0,128,128,128,128
2332,0,128,128,128,128
2333,0,128,128,128,128
2334,0,128,128,128,128
2335,0,128,128,128,128
2336,0,128,128,128,128
2337,0,128,128,128,128
2338,0,128,128,128,128
2339,0,128,128,128,128
2340,0,128,128,128,128
2341,0,128,128,128,128
2342,0,128,128,128,128
2343,0,128,128,128,128
2344,0,128,128,128,128
2345,0,128,128,128,128
2346,0,128,128,128,128
2347,0,128,128,128,128
2348,0,128,128,128,128
2349,0,128,128,128,128
2350,0,128,128,128,128
2351,0,128,128,128,128
2352,0,128,128,128,128
2353,0,128,128,128,128
2354,0,128,128,128,128
2355,0,128,128,128,128
2356,0,128,128,128,128
2357,0,128,128,128,128
2358,0,128,128,128,128
2359,0,128,128,128,128
2360,0,128,128,128,128
2361,0,128,128,128,128
2362,0,128,128,128,128
2363,0,128,128,128,128
2364,0,128,128,128,128
2365,0,128,128,128,128
2366,0,128,128,128,128
2367,0,128,128,128,128
2368,0,128,128,128,128
2369,0,128,128,128,128
2370,0,128,128,128,128
2371,0,128,128,128,128
2372,0,128,128,128,128
2373,0,128,128,128,128
2374,0,128,128,128,128
2375,0,128,128,128,128
2376,0,128,128,128,128
2377,0,128,128,128,128
2378,0,128,128,128,128
2379,0,128,128,128,128
2380,0,128,128,128,128
2381,0,128,128,128,128
2382,0,128,128,128,128
2383,0,128,128,128,128
2384,0,128,128,128,128
2385,0,128,128,128,128
2386,0,128,128,128,128
2387,0,128,128,128,128
2388,0,128,128,128,128
2389,0,128,128,128,128
2390,0,128,128,128,128
2391,0,128,128,128,128
2392,0,128,128,128,128
2393,0,128,128,128,128
2394,0,128,128,128,128
2395,0,128,128,128,128
2396,0,128,128,128,128
2397,0,128,128,128,128
2398,0,128,128,128,128
2399,0,128,128,128,128
2400,0,128,128,128,128
2401,0,128,128,128,128
2402,0,128,128,128,128
2403,0,128,128,128,128
2404,0,128,128,128,128
2405,0,128,128,128,128
2406,0,128,128,128,128
2407,0,128,128,128,128
2408,0,128,128,128,128
2409,0,128,128,128,128
2410,0,128,128,128,128
2411,0,128,128,128,128
2412,0,128,128,128,128
2413,0,128,128,128,128
2414,0,128,128,128,128
2415,0,128,128,128,128
2416,0,128,128,128,128
2417,0,128,128,128,128
2418,0,128,128,128,128
2419,0,128,128,128,128
2420,0,128,128,128,128
2421,0,128,128,128,128
2422,0,128,128,128,128
2423,0,128,128,128,128
2424,0,128,128,128,128
2425,0,128,128,128,128
2426,0,128,128,128,128
2427,0,128,128,128,128
2428,0,128,128,128,128
2429,0,128,128,128,128
2430,0,128,128,128,128
2431,0,128,128,128,128
2432,0,128,128,128,128
2433,0,128,128,128,128
2434,0,128,128,128,128
2435,0,128,128,128,128
2436,0,128,128,128,128
2437,0,128,128,128,128
2438,0,128,128,128,128
2439,0,128,128,128,128
2440,0,128,128,128,128
2441,0,128,128,128,128
2442,0,128,128,128,128
2443,0,128,128,128,128
2444,0,128,128,128,128
2445,0,128,128,128,128
2446,0,128,128,128,128
2447,0,128,128,128,128
2448,0,128,128,128,128
2449,0,128,128,128,128
2450,0,128,128,128,128
2451,0,128,128,128,128
2452,0,128,128,128,128
2453,0,128,128,128,128
2454,0,128,128,128,128
2455,0,128,128,128,128
2456,0,128,128,128,128
2457,0,128,128,128,128
2458,0,128,128,128,128
2459,0,128,128,128,128
2460,0,128,128,128,128
2461,0,128,128,128,128
2462,0,128,128,128,128
2463,0,128,128,128,128
2464,0,128,128,128,128
2465,0,128,128,128,128
2466,0,128,128,128,128
2467,0,128,128,128,128
2468,0,128,128,128,128
2469,0,128,128,128,128
2470,0,128,128,128,128
2471,0,128,128,128,128
2472,0,128,128,128,128
2473,0,128,128,128,128
2474,0,128,128,128,128
2475,0,128,128,128,128
2476,0,128,128,128,128
2477,0,128,128,128,128
2478,0,128,128,128,128
2479,0,128,128,128,128
2480,0,128,128,128,128
2481,0,128,128,128,128
2482,0,128,128,128,128
2483,0,128,128,128,128
2484,0,128,128,128,128
2485,0,128,128,128,128
2486,0,128,128,128,128
2487,0,128,128,128,128
2488,0,128,128,128,128
2489,0,128,128,128,128
2490,0,128,128,128,128
2491,0,128,128,128,128
2492,0,128,128,128,128
2493,0,128,128,128,128
2494,0,128,128,128,128
2495,0,128,128,128,128
2496,0,128,128,128,128
2497,0,128,128,128,128
2498,0,128,128,128,128
2499,0,128,128,128,128
2500,0,128,128,128,128
2501,0,128,128,128,128
2502,0,128,128,128,128
2503,0,128,128,128,128
2504,0,128,128,128,128
2505,0,128,128,128,128
2506,0,128,128,128,128
2507,0,128,128,128,128
2508,0,128,128,128,128
2509,0,128,128,128,128
2510,0,128,128,128,128
2511,0,128,128,128,128
2512,0,128,128,128,128
2513,0,128,128,128,128
2514,0,128,128,128,128
2515,0,128,128,128,128
2516,0,128,128,128,128
2517,0,128,128,128,128
2518,0,128,128,128,128
2519,0,128,128,128,128
2520,0,128,128,128,128
2521,0,128,128,128,128
2522,0,128,128,128,128
2523,0,128,128,128,128
2524,0,128,128,128,128
2525,0,128,128,128,128
2526,0,128,128,128,128
2527,0,128,128,128,128
2528,0,128,128,128,128
2529,0,128,128,128,128
2530,0,128,128,128,128
2531,0,128,128,128,128
2532,0,128,128,128,128
2533,0,128,128,128,128
2534,0,128,128,128,128
2535,0,128,128,128,128
2536,0,128,128,128,128
2537,0,128,128,128,128
2538,0,128,128,128,128
2539,0,128,128,128,128
2540,0,128,128,128,128
2541,0,128,128,128,128
2542,0,128,128,128,128
2543,0,128,128,128,128
2544,0,128,128,128,128
2545,0,128,128,128,128
2546,0,128,128,128,128
2547,0,128,128,128,128
2548,0,128,128,128,128
2549,0,128,128,128,128
2550,0,128,128,128,128
2551,0,128,128,128,128
2552,0,128,128,128,128
2553,0,128,128,128,128
2554,0,128,128,128,128
2555,0,128,128,128,128
2556,0,128,128,128,128
2557,0,128,128,128,128
2558,0,128,128,128,128
2559,0,128,128,128,128
2560,0,128,128,128,128
2561,0,128,128,128,128
2562,0,128,128,128,128
2563,0,128,128,128,128
2564,0,128,128,128,128
2565,0,128,128,128,128
2566,0,128,128,128,128
2567,0,128,128,128,128
2568,0,128,128,128,128
2569,0,128,128,128,128
2570,0,128,128,128,128
2571,0,128,128,128,128
2572,0,128,128,128,128
2573,0,128,128,128,128
2574,0,128,128,128,128
2575,0,128,128,128,128
2576,0,128,128,128,128
2577,0,128,128,128,128
2578,0,128,128,128,128
2579,0,128,128,128,128
2580,0,128,128,128,128
2581,0,128,128,128,128
2582,0,128,128,128,128
2583,0,128,128,128,128
2584,0,128,128,128,128
2585,0,128,128,128,128
2586,0,128,128,128,128
2587,0,128,128,128,128
2588,0,128,128,128,128
2589,0,128,128,128,128
2590,0,128,128,128,128
2591,0,128,128,128,128
2592,0,128,128,128,128
2593,0,128,128,128,128
2594,0,128,128,128,128
2595,0,128,128,128,128
2596,0,128,128,128,128
2597,0,128,128,128,128
2598,0,128,128,128,128
2599,0,128,128,128,128
2600,0,128,128,128,128
2601,0,128,128,128,128
2602,0,128,128,128,128
2603,0,128,128,128,128
2604,0,128,128,128,128
2605,0,128,128,128,128
2606,0,128,128,128,128
2607,0,128,128,128,128
2608,0,128,128,128,128
2609,0,128,128,128,128
2610,0,128,128,128,128
2611,0,128,128,128,128
2612,0,128,128,128,128
2613,0,128,128,128,128
2614,0,128,128,128,128
2615,0,128,128,128,128
2616,0,128,128,128,128
2617,0,128,128,128,128
2618,0,128,128,128,128
2619,0,128,128,128,128
2620,0,128,128,128,128
2621,0,128,128,128,128
2622,0,128,128,128,128
2623,0,128,128,128,128
2624,0,128,128,128,128
2625,0,128,128,128,128
2626,0,128,128,128,128
2627,0,128,128,128,128
2628,0,128,128,128,128
2629,0,128,128,128,128
2630,0,128,128,128,128
2631,0,128,128,128,128
2632,0,128,128,128,128
2633,0,128,128,128,128
2634,0,128,128,128,128
2635,0,128,128,128,128
2636,0,128,128,128,128
2637,0,128,128,128,128
2638,0,128,128,128,128
2639,0,128,128,128,128
2640,0,128,128,128,128
2641,0,128,128,128,128
2642,0,128,128,128,128
2643,0,128,128,128,128
2644,0,128,128,128,128
2645,0,128,128,128,128
2646,0,128,128,128,128
2647,0,128,128,128,128
2648,0,128,128,128,128
2649,0,128,128,128,128
2650,0,128,128,128,128
2651,0,128,128,128,128
2652,0,128,128,128,128
2653,0,128,128,128,128
2654,0,128,128,128,128
2655,0,128,128,128,128
2656,0,128,128,128,128
2657,0,128,128,128,128
2658,0,128,128,128,128
2659,0,128,128,128,128
2660,0,128,128,128,128
2661,0,128,128,128,128
2662,0,128,128,128,128
2663,0,128,128,128,128
2664,0,128,128,128,128
2665,0,128,128,128,128
2666,0,128,128,128,128
2667,0,128,128,128,128
2668,0,128,128,128,128
2669,0,128,128,128,128
2670,0,128,128,128,128
2671,0,128,128,128,128
2672,0,128,128,128,128
2673,0,128,128,128,128
2674,0,128,128,128,128
2675,0,128,128,128,128
2676,0,128,128,128,128
2677,0,128,128,128,128
2678,0,128,128,128,128
2679,0,128,128,128,128
2680,0,128,128,128,128
2681,0,128,128,128,128
2682,0,128,128,128,128
2683,0,128,128,128,128
2684,0,128,128,128,128
2685,0,128,128,128,128
2686,0,128,128,128,128
2687,0,128,128,128,128
2688,0,128,128,128,128
2689,0,128,128,128,128
2690,0,128,128,128,128
2691,0,128,128,128,128
2692,0,128,128,128,128
2693,0,128,128,128,128
2694,0,128,128,128,128
2695,0,128,128,128,128
2696,0,128,128,128,128
2697,0,128,128,128,128
2698,0,128,128,128,128
2699,0,128,128,128,128
2700,0,128,128,128,128
2701,0,128,128,128,128
2702,0,128,128,128,128
2703,0,128,128,128,128
2704,0,128,128,128,128
2705,0,128,128,128,128
2706,0,128,128,128,128
2707,0,128,128,128,128
2708,0,128,128,128,128
2709,0,128,128,128,128
2710,0,128,128,128,128
2711,0,128,128,128,128
2712,0,128,128,128,128
2713,0,128,128,128,128
2714,0,128,128,128,128
2715,0,128,128,128,128
2716,0,128,128,128,128
2717,0,128,128,128,128
2718,0,128,128,128,128
2719,0,128,128,128,128
2720,0,128,128,128,128
2721,0,128,128,128,128
2722,0,128,128,128,128
2723,0,128,128,128,128
2724,0,128,128,128,128
2725,0,128,128,128,128
2726,0,128,128,128,128
2727,0,128,128,128,128
2728,0,128,128,128,128
2729,0,128,128,128,128
2730,0,128,128,128,128
2731,0,128,128,128,128
2732,0,128,128,128,128
2733,0,128,128,128,128
2734,0,128,128,128,128
2735,0,128,128,128,128
2736,0,128,128,128,128
2737,0,128,128,128,128
2738,0,128,128,128,128
2739,0,128,128,128,128
2740,0,128,128,128,128
2741,0,128,128,128,128
2742,0,128,128,128,128
2743,0,128,128,128,128
2744,0,128,128,128,128
2745,0,128,128,128,128
2746,0,128,128,128,128
2747,0,128,128,128,128
2748,0,128,128,128,128
2749,0,128,128,128,128
2750,0,128,128,128,128
2751,0,128,128,128,128
2752,0,128,128,128,128
2753,0,128,128,128,128
2754,0,128,128,128,128
2755,0,128,128,128,128
2756,0,128,128,128,128
2757,0,128,128,128,128
2758,0,128,128,128,128
2759,0,128,128,128,128
2760,0,128,128,128,128
2761,0,128,128,128,128
2762,0,128,128,128,128
2763,0,128,128,128,128
2764,0,128,128,128,128
2765,0,128,128,128,128
2766,0,128,128,128,128
2767,0,128,128,128,128
2768,0,128,128,128,128
2769,0,128,128,128,128
2770,0,128,128,128,128
2771,0,128,128,128,128
2772,0,128,128,128,128
2773,0,128,128,128,128
2774,0,128,128,128,128
2775,0,128,128,128,128
2776,0,128,128,128,128
2777,0,128,128,128,128
2778,0,128,128,128,128
2779,0,128,128,128,128
2780,0,128,128,128,128
2781,0,128,128,128,128
2782,0,128,128,128,128
2783,0,128,128,128,128
2784,0,128,128,128,128
2785,0,128,128,128,128
2786,0,128,128,128,128
2787,0,128,128,128,128
2788,0,128,128,128,128
2789,0,128,128,128,128
2790,0,128,128,128,128
2791,0,128,128,128,128
2792,0,128,128,128,128
2793,0,128,128,128,128
2794,0,128,128,128,128
2795,0,128,128,128,128
2796,0,128,128,128,128
2797,0,128,128,128,128
2798,0,128,128,128,128
2799,0,128,128,128,128
2800,0,128,128,128,128
2801,0,128,128,128,128
2802,0,128,128,128,128
2803,0,128,128,128,128
2804,0,128,128,128,128
2805,0,128,128,128,128
2806,0,128,128,128,128
2807,0,128,128,128,128
2808,0,128,128,128,128
2809,0,128,128,128,128
2810,0,128,128,128,128
2811,0,128,128,128,128
2812,0,128,128,128,128
2813,0,128,128,128,128
2814,0,128,128,128,128
2815,0,128,128,128,128
2816,0,128,128,128,128
2817,0,128,128,128,128
2818,0,128,128,128,128
2819,0,128,128,128,128
2820,0,128,128,128,128
2821,0,128,128,128,128
2822,0,128,128,128,128
2823,0,128,128,128,128
2824,0,128,128,128,128
2825,0,128,128,128,128
2826,0,128,128,128,128
2827,0,128,128,128,128
2828,0,128,128,128,128
2829,0,128,128,128,128
2830,0,128,128,128,128
2831,0,128,128,128,128
2832,0,128,128,128,128
2833,0,128,128,128,128
2834,0,128,128,128,128
2835,0,128,128,128,128
2836,0,128,128,128,128
2837,0,128,128,128,128
2838,0,128,128,128,128
2839,0,128,128,128,128
2840,0,128,128,128,128
2841,0,128,128,128,128
2842,0,128,128,128,128
2843,0,128,128,128,128
2844,0,128,128,128,128
2845,0,128,128,128,128
2846,0,128,128,128,128
2847,0,128,128,128,128
2848,0,128,128,128,128
2849,0,128,128,128,128
2850,0,128,128,128,128
2851,0,128,128,128,128
2852,0,128,128,128,128
2853,0,128,128,128,128
2854,0,128,128,128,128
2855,0,128,128,128,128
2856,0,128,128,128,128
2857,0,128,128,128,128
2858,0,128,128,128,128
2859,0,128,128,128,128
2860,0,128,128,128,128
2861,0,128,128,128,128
2862,0,128,128,128,128
2863,0,128,128,128,128
2864,0,128,128,128,128
2865,0,128,128,128,128
2866,0,128,128,128,128
2867,0,128,128,128,128
2868,0,128,128,128,128
2869,0,128,128,128,128
2870,0,128,128,128,128
2871,0,128,128,128,128
2872,0,128,128,128,128
2873,0,128,128,128,128
2874,0,128,128,128,128
2875,0,128,128,128,128
2876,0,128,128,128,128
2877,0,128,128,128,128
2878,0,128,128,128,128
2879,0,128,128,128,128
2880,0,128,128,128,128
2881,0,128,128,128,128
2882,0,128,128,128,128
2883,0,128,128,128,128
2884,0,128,128,128,128
2885,0,128,128,128,128
2886,0,128,128,128,128
2887,0,128,128,128,128
2888,0,128,128,128,128
2889,0,128,128,128,128
2890,0,128,128,128,128
2891,0,128,128,128,128
2892,0,128,128,128,128
2893,0,128,128,128,128
2894,0,128,128,128,128
2895,0,128,128,128,128
2896,0,128,128,128,128
2897,0,128,128,128,128
2898,0,128,128,128,128
2899,0,128,128,128,128
2900,0,128,128,128,128
2901,0,128,128,128,128
2902,0,128,128,128,128
2903,0,128,128,128,128
2904,0,128,128,128,128
2905,0,128,128,128,128
2906,0,128,128,128,128
2907,0,128,128,128,128
2908,0,128,128,128,128
2909,0,128,128,128,128
2910,0,128,128,128,128
2911,0,128,128,128,128
2912,0,128,128,128,128
2913,0,128,128,128,128
2914,0,128,128,128,128
2915,0,128,128,128,128
2916,0,128,128,128,128
2917,0,128,128,128,128
2918,0,128,128,128,128
2919,0,128,128,128,128
2920,0,128,128,128,128
2921,0,128,128,128,128
2922,0,128,128,128,128
2923,0,128,128,128,128
2924,0,128,128,128,128
2925,0,128,128,128,128
2926,0,128,128,128,128
2927,0,128,128,128,128
2928,0,128,128,128,128
2929,0,128,128,128,128
2930,0,128,128,128,128
2931,0,128,128,128,128
2932,0,128,128,128,128
2933,0,128,128,128,128
2934,0,128,128,128,128
2935,0,128,128,128,128
2936,0,128,128,128,128
2937,0,128,128,128,128
2938,0,128,128,128,128
2939,0,128,128,128,128
2940,0,128,128,128,128
2941,0,128,128,128,128
2942,0,128,128,128,128
2943,0,128,128,128,128
2944,0,128,128,128,128
2945,0,128,128,128,128
2946,0,128,128,128,128
2947,0,128,128,128,128
2948,0,128,128,128,128
2949,0,128,128,128,128
2950,0,128,128,128,128
2951,0,128,128,128,128
2952,0,128,128,128,128
2953,0,128,128,128,128
2954,0,128,128,128,128
2955,0,128,128,128,128
2956,0,128,128,128,128
2957,0,128,128,128,128
2958,0,128,128,128,128
2959,0,128,128,128,128
2960,0,128,128,128,128
2961,0,128,128,128,128
2962,0,128,128,128,128
2963,0,128,128,128,128
2964,0,128,128,128,128
2965,0,128,128,128,128
2966,0,128,128,128,128
2967,0,128,128,128,128
2968,0,128,128,128,128
2969,0,128,128,128,128
2970,0,128,128,128,128
2971,0,128,128,128,128
2972,0,128,128,128,128
2973,0,128,128,128,128
2974,0,128,128,128,128
2975,0,128,128,128,128
2976,0,128,128,128,128
2977,0,128,128,128,128
2978,0,128,128,128,128
2979,0,128,128,128,128
2980,0,128,128,128,128
2981,0,128,128,128,128
2982,0,128,128,128,128
2983,0,128,128,128,128
2984,0,128,128,128,128
2985,0,128,128,128,128
2986,0,128,128,128,128
2987,0,128,128,128,128
2988,0,128,128,128,128
2989,0,128,128,128,128
2990,0,128,128,128,128
2991,0,128,128,128,128
2992,0,128,128,128,128
2993,0,128,128,128,128
2994,0,128,128,128,128
2995,0,128,128,128,128
2996,0,128,128,128,128
2997,0,128,128,128,128
2998,0,128,128,128,128
2999,0,128,128,128,128
3000,0,128,128,128,128
3001,0,128,128,128,128
3002,0,128,128,128,128
3003,0,128,128,128,128
3004,0,128,128,128,128
3005,0,128,128,128,128
3006,0,128,128,128,128
3007,0,128,128,128,128
3008,0,128,128,128,128
3009,0,128,128,128,128
3010,0,128,128,128,128
3011,0,128,128,128,128
3012,0,128,128,128,128
3013,0,128,128,128,128
3014,0,128,128,128,128
3015,0,128,128,128,128
3016,0,128,128,128,128
3017,0,128,128,128,128
3018,0,128,128,128,128
3019,0,128,128,128,128
3020,0,128,128,128,128
3021,0,128,128,128,128
3022,0,128,128,128,128
3023,0,128,128,128,128
3024,0,128,128,128,128
3025,0,128,128,128,128
3026,0,128,128,128,128
3027,0,128,128,128,128
3028,0,128,128,128,128
3029,0,128,128,128,128
3030,0,128,128,128,128
3031,0,128,128,128,128
3032,0,128,128,128,128
3033,0,128,128,128,128
3034,0,128,128,128,128
3035,0,128,128,128,128
3036,0,128,128,128,128
3037,0,128,128,128,128
3038,0,128,128,128,128
3039,0,128,128,128,128
3040,0,128,128,128,128
3041,0,128,128,128,128
3042,0,128,128,128,128
3043,0,128,128,128,128
3044,0,128,128,128,128
3045,0,128,128,128,128
3046,0,128,128,128,128
3047,0,128,128,128,128
3048,0,128,128,128,128
3049,0,128,128,128,128
3050,0,128,128,128,128
3051,0,128,128,128,128
3052,0,128,128,128,128
3053,0,128,128,128,128
3054,0,128,128,128,128
3055,0,128,128,128,128
3056,0,128,128,128,128
3057,0,128,128,128,128
3058,0,128,128,128,128
3059,0,128,128,128,128
3060,0,128,128,128,128
3061,0,128,128,128,128
3062,0,128,128,128,128
3063,0,128,128,128,128
3064,0,128,128,128,128
3065,0,128,128,128,128
3066,0,128,128,128,128
3067,0,128,128,128,128
3068,0,128,128,128,128
3069,0,128,128,128,128
3070,0,128,128,128,128
3071,0,128,128,128,128
3072,0,128,128,128,128
3073,0,128,128,128,128
3074,0,128,128,128,128
3075,0,128,128,128,128
3076,0,128,128,128,128
3077,0,128,128,128,128
3078,0,128,128,128,128
3079,0,128,128,128,128
3080,0,128,128,128,128
3081,0,128,128,128,128
3082,0,128,128,128,128
3083,0,128,128,128,128
3084,0,128,128,128,128
3085,0,128,128,128,128
3086,0,128,128,128,128
3087,0,128,128,128,128
3088,0,128,128,128,128
3089,0,128,128,128,128
3090,0,128,128,128,128
3091,0,128,128,128,128
3092,0,128,128,128,128
3093,0,128,128,128,128
3094,0,128,128,128,128
3095,0,128,128,128,128
3096,0,128,128,128,128
3097,0,128,128,128,128
3098,0,128,128,128,128
3099,0,128,128,128,128
3100,0,128,128,128,128
3101,0,128,128,128,128
3102,0,128,128,128,128
3103,0,128,128,128,128
3104,0,128,128,128,128
3105,0,128,128,128,128
3106,0,128,128,128,128
3107,0,128,128,128,128
3108,0,128,128,128,128
3109,0,128,128,128,128
3110,0,128,128,128,128
3111,0,128,128,128,128
3112,0,128,128,128,128
3113,0,128,128,128,128
3114,0,128,128,128,128
3115,0,128,128,128,128
3116,0,128,128,128,128
3117,0,128,128,128,128
3118,0,128,128,128,128
3119,0,128,128,128,128
3120,0,128,128,128,128
3121,0,128,128,128,128
3122,0,128,128,128,128
3123,0,128,128,128,128
3124,0,128,128,128,128
3125,0,128,128,128,128
3126,0,128,128,128,128
3127,0,128,128,128,128
3128,0,128,128,128,128
3129,0,128,128,128,128
3130,0,128,128,128,128
3131,0,128,128,128,128
3132,0,128,128,128,128
3133,0,128,128,128,128
3134,0,128,128,128,128
3135,0,128,128,128,128
3136,0,128,128,128,128
3137,0,128,128,128,128
3138,0,128,128,128,128
3139,0,128,128,128,128
3140,0,128,128,128,128
3141,0,128,128,128,128
3142,0,128,128,128,128
3143,0,128,128,128,128
3144,0,128,128,128,128
3145,0,128,128,128,128
3146,0,128,128,128,128
3147,0,128,128,128,128
3148,0,128,128,128,128
3149,0,128,128,128,128
3150,0,128,128,128,128
3151,0,128,128,128,128
3152,0,128,128,128,128
3153,0,128,128,128,128
3154,0,128,128,128,128
3155,0,128,128,128,128
3156,0,128,128,128,128
3157,0,128,128,128,128
3158,0,128,128,128,128
3159,0,128,128,128,128
3160,0,128,128,128,128
3161,0,128,128,128,128
3162,0,128,128,128,128
3163,0,128,128,128,128
3164,0,128,128,128,128
3165,0,128,128,128,128
3166,0,128,128,128,128
3167,0,128,128,128,128
3168,0,128,128,128,128
3169,0,128,128,128,128
3170,0,128,128,128,128
3171,0,128,128,128,128
3172,0,128,128,128,128
3173,0,128,128,128,128
3174,0,128,128,128,128
3175,0,128,128,128,128
3176,0,128,128,128,128
3177,0,128,128,128,128
3178,0,128,128,128,128
3179,0,128,128,128,128
3180,0,128,128,128,128
3181,0,128,128,128,128
3182,0,128,128,128,128
3183,0,128,128,128,128
3184,0,128,128,128,128
3185,0,128,128,128,128
3186,0,128,128,128,128
3187,0,128,128,128,128
3188,0,128,128,128,128
3189,0,128,128,128,128
3190,0,128,128,128,128
3191,0,128,128,128,128
3192,0,128,128,128,128
3193,0,128,128,128,128
3194,0,128,128,128,128
3195,0,128,128,128,128
3196,0,128,128,128,128
3197,0,128,128,128,128
3198,0,128,128,128,128
3199,0,128,128,128,128
3200,0,128,128,128,128
3201,0,128,128,128,128
3202,0,128,128,128,128
3203,0,128,128,128,128
3204,0,128,128,128,128
3205,0,128,128,128,128
3206,0,128,128,128,128
3207,0,128,128,128,128
3208,0,128,128,128,128
3209,0,128,128,128,128
3210,0,128,128,128,128
3211,0,128,128,128,128
3212,0,128,128,128,128
3213,0,128,128,128,128
3214,0,128,128,128,128
3215,0,128,128,128,128
3216,0,128,128,128,128
3217,0,128,128,128,128
3218,0,128,128,128,128
3219,0,128,128,128,128
3220,0,128,128,128,128
3221,0,128,128,128,128
3222,0,128,128,128,128
3223,0,128,128,128,128
3224,0,128,128,128,128
3225,0,128,128,128,128
3226,0,128,128,128,128
3227,0,128,128,128,128
3228,0,128,128,128,128
3229,0,128,128,128,128
3230,0,128,128,128,128
3231,0,128,128,128,128
3232,0,128,128,128,128
3233,0,128,128,128,128
3234,0,128,128,128,128
3235,0,128,128,128,128
3236,0,128,128,128,128
3237,0,128,128,128,128
3238,0,128,128,128,128
3239,0,128,128,128,128
3240,0,128,128,128,128
3241,0,128,128,128,128
3242,0,128,128,128,128
3243,0,128,128,128,128
3244,0,128,128,128,128
3245,0,128,128,128,128
3246,0,128,128,128,128
3247,0,128,128,128,128
3248,0,128,128,128,128
3249,0,128,128,128,128
3250,0,128,128,128,128
3251,0,128,128,128,128
3252,0,128,128,128,128
3253,0,128,128,128,128
3254,0,128,128,128,128
3255,0,128,128,128,128
3256,0,128,128,128,128
3257,0,128,128,128,128
3258,0,128,128,128,128
3259,0,128,128,128,128
3260,0,128,128,128,128
3261,0,128,128,128,128
3262,0,128,128,128,128
3263,0,128,128,128,128
3264,0,128,128,128,128
3265,0,128,128,128,128
3266,0,128,128,128,128
3267,0,128,128,128,128
3268,0,128,128,128,128
3269,0,128,128,128,128
3270,0,128,128,128,128
3271,0,128,128,128,128
3272,0,128,128,128,128
3273,0,128,128,128,128
3274,0,128,128,128,128
3275,0,128,128,128,128
3276,0,128,128,128,128
3277,0,128,128,128,128
3278,0,128,128,128,128
3279,0,128,128,128,128
3280,0,128,128,128,128
3281,0,128,128,128,128
3282,0,128,128,128,128
3283,0,128,128,128,128
3284,0,128,128,128,128
3285,0,128,128,128,128
3286,0,128,128,128,128
3287,0,128,128,128,128
3288,0,128,128,128,128
3289,0,128,128,128,128
3290,0,128,128,128,128
3291,0,128,128,128,128
3292,0,128,128,128,128
3293,0,128,128,128,128
3294,0,128,128,128,128
3295,0,128,128,128,128
3296,0,128,128,128,128
3297,0,128,128,128,128
3298,0,128,128,128,128
3299,0,128,128,128,128
3300,0,128,128,128,128
3301,0,128,128,128,128
3302,0,128,128,128,128
3303,0,128,128,128,128
3304,0,128,128,128,128
3305,0,128,128,128,128
3306,0,128,128,128,128
3307,0,128,128,128,128
3308,0,128,128,128,128
3309,0,128,128,128,128
3310,0,128,128,128,128
3311,0,128,128,128,128
3312,0,128,128,128,128
3313,0,128,128,128,128
3314,0,128,128,128,128
3315,0,128,128,128,128
3316,0,128,128,128,128
3317,0,128,128,128,128
3318,0,128,128,128,128
3319,0,128,128,128,128
3320,0,128,128,128,128
3321,0,128,128,128,128
3322,0,128,128,128,128
3323,0,128,128,128,128
3324,0,128,128,128,128
3325,0,128,128,128,128
3326,0,128,128,128,128
3327,0,128,128,128,128
3328,0,128,128,128,128
3329,0,128,128,128,128
3330,0,128,128,128,128
3331,0,128,128,128,128
3332,0,128,128,128,128
3333,0,128,128,128,128
3334,0,128,128,128,128
3335,0,128,128,128,128
3336,0,128,128,128,128
3337,0,128,128,128,128
3338,0,128,128,128,128
3339,0,128,128,128,128
3340,0,128,128,128,128
3341,0,128,128,128,128
3342,0,128,128,128,128
3343,0,128,128,128,128
3344,0,128,128,128,128
3345,0,128,128,128,128
3346,0,128,128,128,128
3347,0,128,128,128,128
3348,0,128,128,128,128
3349,0,128,128,128,128
3350,0,128,128,128,128
3351,0,128,128,128,128
3352,0,128,128,128,128
3353,0,128,128,128,128
3354,0,128,128,128,128
3355,0,128,128,128,128
3356,0,128,128,128,128
3357,0,128,128,128,128
3358,0,128,128,128,128
3359,0,128,128,128,128
3360,0,128,128,128,128
3361,0,128,128,128,128
3362,0,128,128,128,128
3363,0,128,128,128,128
3364,0,128,128,128,128
3365,0,128,128,128,128
3366,0,128,128,128,128
3367,0,128,128,128,128
3368,0,128,128,128,128
3369,0,128,128,128,128
3370,0,128,128,128,128
3371,0,128,128,128,128
3372,0,128,128,128,128
3373,0,128,128,128,128
3374,0,128,128,128,128
3375,0,128,128,128,128
3376,0,128,128,128,128
3377,0,128,128,128,128
3378,0,128,128,128,128
3379,0,128,128,128,128
3380,0,128,128,128,128
3381,0,128,128,128,128
3382,0,128,128,128,128
3383,0,128,128,128,128
3384,0,128,128,128,128
3385,0,128,128,128,128
3386,0,128,128,128,128
3387,0,128,128,128,128
3388,0,128,128,128,128
3389,0,128,128,128,128
3390,0,128,128,128,128
3391,0,128,128,128,128
3392,0,128,128,128,128
3393,0,128,128,128,128
3394,0,128,128,128,128
3395,0,128,128,128,128
3396,0,128,128,128,128
3397,0,128,128,128,128
3398,0,128,128,128,128
3399,0,128,128,128,128
3400,0,128,128,128,128
3401,0,128,128,128,128
3402,0,128,128,128,128
3403,0,128,128,128,128
3404,0,128,128,128,128
3405,0,128,128,128,128
3406,0,128,128,128,128
3407,0,128,128,128,128
3408,0,128,128,128,128
3409,0,128,128,128,128
3410,0,128,128,128,128
3411,0,128,128,128,128
3412,0,128,128,128,128
3413,0,128,128,128,128
3414,0,128,128,128,128
3415,0,128,128,128,128
3416,0,128,128,128,128
3417,0,128,128,128,128
3418,0,128,128,128,128
3419,0,128,128,128,128
3420,0,128,128,128,128
3421,0,128,128,128,128
3422,0,128,128,128,128
3423,0,128,128,128,128
3424,0,128,128,128,128
3425,0,128,128,128,128
3426,0,128,128,128,128
3427,0,128,128,128,128
3428,0,128,128,128,128
3429,0,128,128,128,128
3430,0,128,128,128,128
3431,0,128,128,128,128
3432,0,128,128,128,128
3433,0,128,128,128,128
3434,0,128,128,128,128
3435,0,128,128,128,128
3436,0,128,128,128,128
3437,0,128,128,128,128
3438,0,128,128,128,128
3439,0,128,128,128,128
3440,0,128,128,128,128
3441,0,128,128,128,128
3442,0,128,128,128,128
3443,0,128,128,128,128
3444,0,128,128,128,128
3445,0,128,128,128,128
3446,0,128,128,128,128
3447,0,128,128,128,128
3448,0,128,128,128,128
3449,0,128,128,128,128
3450,0,128,128,128,128
3451,0,128,128,128,128
3452,0,128,128,128,128
3453,0,128,128,128,128
3454,0,128,128,128,128
3455,0,128,128,128,128
3456,0,128,128,128,128
3457,0,128,128,128,128
3458,0,128,128,128,128
3459,0,128,128,128,128
3460,0,128,128,128,128
3461,0,128,128,128,128
3462,0,128,128,128,128
3463,0,128,128,128,128
3464,0,128,128,128,128
3465,0,128,128,128,128
3466,0,128,128,128,128
3467,0,128,128,128,128
3468,0,128,128,128,128
3469,0,128,128,128,128
3470,0,128,128,128,128
3471,0,128,128,128,128
3472,0,128,128,128,128
3473,0,128,128,128,128
3474,0,128,128,128,128
3475,0,128,128,128,128
3476,0,128,128,128,128
3477,0,128,128,128,128
3478,0,128,128,128,128
3479,0,128,128,128,128
3480,0,128,128,128,128
3481,0,128,128,128,128
3482,0,128,128,128,128
3483,0,128,128,128,128
3484,0,128,128,128,128
3485,0,128,128,128,128
3486,0,128,128,128,128
3487,0,128,128,128,128
3488,0,128,128,128,128
3489,0,128,128,128,128
3490,0,128,128,128,128
3491,0,128,128,128,128
3492,0,128,128,128,128
3493,0,128,128,128,128
3494,0,128,128,128,128
3495,0,128,128,128,128
3496,0,128,128,128,128
3497,0,128,128,128,128
3498,0,128,128,128,128
3499,0,128,128,128,128
3500,0,128,128,128,128
3501,0,128,128,128,128
3502,0,128,128,128,128
3503,0,128,128,128,128
3504,0,128,128,128,128
3505,0,128,128,128,128
3506,0,128,128,128,128
3507,0,128,128,128,128
3508,0,128,128,128,128
3509,0,128,128,128,128
3510,0,128,128,128,128
3511,0,128,128,128,128
3512,0,128,128,128,128
3513,0,128,128,128,128
3514,0,128,128,128,128
3515,0,128,128,128,128
3516,0,128,128,128,128
3517,0,128,128,128,128
3518,0,128,128,128,128
3519,0,128,128,128,128
3520,0,128,128,128,128
3521,0,128,128,128,128
3522,0,128,128,128,128
3523,0,128,128,128,128
3524,0,128,128,128,128
3525,0,128,128,128,128
3526,0,128,128,128,128
3527,0,128,128,128,128
3528,0,128,128,128,128
3529,0,128,128,128,128
3530,0,128,128,128,128
3531,0,128,128,128,128
3532,0,128,128,128,128
3533,0,128,128,128,128
3534,0,128,128,128,128
3535,0,128,128,128,128
3536,0,128,128,128,128
3537,0,128,128,128,128
3538,0,128,128,128,128
3539,0,128,128,128,128
3540,0,128,128,128,128
3541,0,128,128,128,128
3542,0,128,128,128,128
3543,0,128,128,128,128
3544,0,128,128,128,128
3545,0,128,128,128,128
3546,0,128,128,128,128
3547,0,128,128,128,128
3548,0,128,128,128,128
3549,0,128,128,128,128
3550,0,128,128,128,128
3551,0,128,128,128,128
3552,0,128,128,128,128
3553,0,128,128,128,128
3554,0,128,128,128,128
3555,0,128,128,128,128
3556,0,128,128,128,128
3557,0,128,128,128,128
3558,0,128,128,128,128
3559,0,128,128,128,128
3560,0,128,128,128,128
3561,0,128,128,128,128
3562,0,128,128,128,128
3563,0,128,128,128,128
3564,0,128,128,128,128
3565,0,128,128,128,128
3566,0,128,128,128,128
3567,0,128,128,128,128
3568,0,128,128,128,128
3569,0,128,128,128,128
3570,0,128,128,128,128
3571,0,128,128,128,128
3572,0,128,128,128,128
3573,0,128,128,128,128
3574,0,128,128,128,128
3575,0,128,128,128,128
3576,0,128,128,128,128
3577,0,128,128,128,128
3578,0,128,128,128,128
3579,0,128,128,128,128
3580,0,128,128,128,128
3581,0,128,128,128,128
3582,0,128,128,128,128
3583,0,128,128,128,128
3584,0,128,128,128,128
3585,0,128,128,128,128
3586,0,128,128,128,128
3587,0,128,128,128,128
3588,0,128,128,128,128
3589,0,128,128,128,128
3590,0,128,128,128,128
3591,0,128,128,128,128
3592,0,128,128,128,128
3593,0,128,128,128,128
3594,0,128,128,128,128
3595,0,128,128,128,128
3596,0,128,128,128,128
3597,0,128,128,128,128
3598,0,128,128,128,128
3599,0,128,128,128,128
3600,0,128,128,128,128
3601,0,128,128,128,128
3602,0,128,128,128,128
3603,0,128,128,128,128
3604,0,128,128,128,128
3605,0,128,128,128,128
3606,0,128,128,128,128
3607,0,128,128,128,128
3608,0,128,128,128,128
3609,0,128,128,128,128
3610,0,128,128,128,128
3611,0,128,128,128,128
3612,0,128,128,128,128
3613,0,128,128,128,128
3614,0,128,128,128,128
3615,0,128,128,128,128
3616,0,128,128,128,128
3617,0,128,128,128,128
3618,0,128,128,128,128
3619,0,128,128,128,128
3620,0,128,128,128,128
3621,0,128,128,128,128
3622,0,128,128,128,128
3623,0,128,128,128,128
3624,0,128,128,128,128
3625,0,128,128,128,128
3626,0,128,128,128,128
3627,0,128,128,128,128
3628,0,128,128,128,128
3629,0,128,128,128,128
3630,0,128,128,128,128
3631,0,128,128,128,128
3632,0,128,128,128,128
3633,0,128,128,128,128
3634,0,128,128,128,128
3635,0,128,128,128,128
3636,0,128,128,128,128
3637,0,128,128,128,128
3638,0,128,128,128,128
3639,0,128,128,128,128
3640,0,128,128,128,128
3641,0,128,128,128,128
3642,0,128,128,128,128
3643,0,128,128,128,128
3644,0,128,128,128,128
3645,0,128,128,128,128
3646,0,128,128,128,128
3647,0,128,128,128,128
3648,0,128,128,128,128
3649,0,128,128,128,128
3650,0,128,128,128,128
3651,0,128,128,128,128
3652,0,128,128,128,128
3653,0,128,128,128,128
3654,0,128,128,128,128
3655,0,128,128,128,128
3656,0,128,128,128,128
3657,0,128,128,128,128
3658,0,128,128,128,128
3659,0,128,128,128,128
3660,0,128,128,128,128
3661,0,128,128,128,128
3662,0,128,128,128,128
3663,0,128,128,128,128
3664,0,128,128,128,128
3665,0,128,128,128,128
3666,0,128,128,128,128
3667,0,128,128,128,128
3668,0,128,128,128,128
3669,0,128,128,128,128
3670,0,128,128,128,128
3671,0,128,128,128,128
3672,0,128,128,128,128
3673,0,128,128,128,128
3674,0,128,128,128,128
3675,0,128,128,128,128
3676,0,128,128,128,128
3677,0,128,128,128,128
3678,0,128,128,128,128
3679,0,128,128,128,128
3680,0,128,128,128,128
3681,0,128,128,128,128
3682,0,128,128,128,128
3683,0,128,128,128,128
3684,0,128,128,128,128
3685,0,128,128,128,128
3686,0,128,128,128,128
3687,0,128,128,128,128
3688,0,128,128,128,128
3689,0,128,128,128,128
3690,0,128,128,128,128
3691,0,128,128,128,128
3692,0,128,128,128,128
3693,0,128,128,128,128
3694,0,128,128,128,128
3695,0,128,128,128,128
3696,0,128,128,128,128
3697,0,128,128,128,128
3698,0,128,128,128,128
3699,0,128,128,128,128
3700,0,128,128,128,128
3701,0,128,128,128,128
3702,0,128,128,128,128
3703,0,128,128,128,128
3704,0,128,128,128,128
3705,0,128,128,128,128
3706,0,128,128,128,128
3707,0,128,128,128,128
3708,0,128,128,128,128
3709,0,128,128,128,128
3710,0,128,128,128,128
3711,0,128,128,128,128
3712,0,128,128,128,128
3713,0,128,128,128,128
3714,0,128,128,128,128
3715,0,128,128,128,128
3716,0,128,128,128,128
3717,0,128,128,128,128
3718,0,128,128,128,128
3719,0,128,128,128,128
3720,0,128,128,128,128
3721,0,128,128,128,128
3722,0,128,128,128,128
3723,0,128,128,128,128
3724,0,128,128,128,128
3725,0,128,128,128,128
3726,0,128,128,128,128
3727,0,128,128,128,128
3728,0,128,128,128,128
3729,0,128,128,128,128
3730,0,128,128,128,128
3731,0,128,128,128,128
3732,0,128,128,128,128
3733,0,128,128,128,128
3734,0,128,128,128,128
3735,0,128,128,128,128
3736,0,128,128,128,128
3737,0,128,128,128,128
3738,0,128,128,128,128
3739,0,128,128,128,128
3740,0,128,128,128,128
3741,0,128,128,128,128
3742,0,128,128,128,128
3743,0,128,128,128,128
3744,0,128,128,128,128
3745,0,128,128,128,128
3746,0,128,128,128,128
3747,0,128,128,128,128
3748,0,128,128,128,128
3749,0,128,128,128,128
3750,0,128,128,128,128
3751,0,128,128,128,128
3752,0,128,128,128,128
3753,0,128,128,128,128
3754,0,128,128,128,128
3755,0,128,128,128,128
3756,0,128,128,128,128
3757,0,128,128,128,128
3758,0,128,128,128,128
3759,0,128,128,128,128
3760,0,128,128,128,128
3761,0,128,128,128,128
3762,0,128,128,128,128
3763,0,128,128,128,128
3764,0,128,128,128,128
3765,0,128,128,128,128
3766,0,128,128,128,128
3767,0,128,128,128,128
3768,0,128,128,128,128
3769,0,128,128,128,128
3770,0,128,128,128,128
3771,0,128,128,128,128
3772,0,128,128,128,128
3773,0,128,128,128,128
3774,0,128,128,128,128
3775,0,128,128,128,128
3776,0,128,128,128,128
3777,0,128,128,128,128
3778,0,128,128,128,128
3779,0,128,128,128,128
3780,0,128,128,128,128
3781,0,128,128,128,128
3782,0,128,128,128,128
3783,0,128,128,128,128
3784,0,128,128,128,128
3785,0,128,128,128,128
3786,0,128,128,128,128
3787,0,128,128,128,128
3788,0,128,128,128,128
3789,0,128,128,128,128
3790,0,128,128,128,128
3791,0,128,128,128,128
3792,0,128,128,128,128
3793,0,128,128,128,128
3794,0,128,128,128,128
3795,0,128,128,128,128
3796,0,128,128,128,128
3797,0,128,128,128,128
3798,0,128,128,128,128
3799,0,128,128,128,128
3800,0,128,128,128,128
3801,0,128,128,128,128
3802,0,128,128,128,128
3803,0,128,128,128,128
3804,0,128,128,128,128
3805,0,128,128,128,128
3806,0,128,128,128,128
3807,0,128,128,128,128
3808,0,128,128,128,128
3809,0,128,128,128,128
3810,0,128,128,128,128
3811,0,128,128,128,128
3812,0,128,128,128,128
3813,0,128,128,128,128
3814,0,128,128,128,128
3815,0,128,128,128,128
3816,0,128,128,128,128
3817,0,128,128,128,128
3818,0,128,128,128,128
3819,0,128,128,128,128
3820,0,128,128,128,128
3821,0,128,128,128,128
3822,0,128,128,128,128
3823,0,128,128,128,128
3824,0,128,128,128,128
3825,0,128,128,128,128
3826,0,128,128,128,128
3827,0,128,128,128,128
3828,0,128,128,128,128
3829,0,128,128,128,128
3830,0,128,128,128,128
3831,0,128,128,128,128
3832,0,128,128,128,128
3833,0,128,128,128,128
3834,0,128,128,128,128
3835,0,128,128,128,128
3836,0,128,128,128,128
3837,0,128,128,128,128
3838,0,128,128,128,128
3839,0,128,128,128,128
3840,0,128,128,128,128
3841,0,128,128,128,128
3842,0,128,128,128,128
3843,0,128,128,128,128
3844,0,128,128,128,128
3845,0,128,128,128,128
3846,0,128,128,128,128
3847,0,128,128,128,128
3848,0,128,128,128,128
3849,0,128,128,128,128
3850,0,128,128,128,128
3851,0,128,128,128,128
3852,0,128,128,128,128
3853,0,128,128,128,128
3854,0,128,128,128,128
3855,0,128,128,128,128
3856,0,128,128,128,128
3857,0,128,128,128,128
3858,0,128,128,128,128
3859,0,128,128,128,128
3860,0,128,128,128,128
3861,0,128,128,128,128
3862,0,128,128,128,128
3863,0,128,128,128,128
3864,0,128,128,128,128
3865,0,128,128,128,128
3866,0,128,128,128,128
3867,0,128,128,128,128
3868,0,128,128,128,128
3869,0,128,128,128,128
3870,0,128,128,128,128
3871,0,128,128,128,128
3872,0,128,128,128,128
3873,0,128,128,128,128
3874,0,128,128,128,128
3875,0,128,128,128,128
3876,0,128,128,128,128
3877,0,128,128,128,128
3878,0,128,128,128,128
3879,0,128,128,128,128
3880,0,128,128,128,128
3881,0,128,128,128,128
3882,0,128,128,128,128
3883,0,128,128,128,128
3884,0,128,128,128,128
3885,0,128,128,128,128
3886,0,128,128,128,128
3887,0,128,128,128,128
3888,0,128,128,128,128
3889,0,128,128,128,128
3890,0,128,128,128,128
3891,0,128,128,128,128
3892,0,128,128,128,128
3893,0,128,128,128,128
3894,0,128,128,128,128
3895,0,128,128,128,128
3896,0,128,128,128,128
3897,0,128,128,128,128
3898,0,128,128,128,128
3899,0,128,128,128,128
3900,0,128,128,128,128
3901,0,128,128,128,128
3902,0,128,128,128,128
3903,0,128,128,128,128
3904,0,128,128,128,128
3905,0,128,128,128,128
3906,0,128,128,128,128
3907,0,128,128,128,128
3908,0,128,128,128,128
3909,0,128,128,128,128
3910,0,128,128,128,128
3911,0,128,128,128,128
3912,0,128,128,128,128
3913,0,128,128,128,128
3914,0,128,128,128,128
3915,0,128,128,128,128
3916,0,128,128,128,128
3917,0,128,128,128,128
3918,0,128,128,128,128
3919,0,128,128,128,128
3920,0,128,128,128,128
3921,0,128,128,128,128
3922,0,128,128,128,128
3923,0,128,128,128,128
3924,0,128,128,128,128
3925,0,128,128,128,128
3926,0,128,128,128,128
3927,0,128,128,128,128
3928,0,128,128,128,128
3929,0,128,128,128,128
3930,0,128,128,128,128
3931,0,128,128,128,128
3932,0,128,128,128,128
3933,0,128,128,128,128
3934,0,128,128,128,128
3935,0,128,128,128,128
3936,0,128,128,128,128
3937,0,128,128,128,128
3938,0,128,128,128,128
3939,0,128,128,128,128
3940,0,128,128,128,128
3941,0,128,128,128,128
3942,0,128,128,128,128
3943,0,128,128,128,128
3944,0,128,128,128,128
3945,0,128,128,128,128
3946,0,128,128,128,128
3947,0,128,128,128,128
3948,0,128,128,128,128
3949,0,128,128,128,128
3950,0,128,128,128,128
3951,0,128,128,128,128
3952,0,128,128,128,128
3953,0,128,128,128,128
3954,0,128,128,128,128
3955,0,128,128,128,128
3956,0,128,128,128,128
3957,0,128,128,128,128
3958,0,128,128,128,128
3959,0,128,128,128,128
3960,0,128,128,128,128
3961,0,128,128,128,128
3962,0,128,128,128,128
3963,0,128,128,128,128
3964,0,128,128,128,128
3965,0,128,128,128,128
3966,0,128,128,128,128
3967,0,128,128,128,128
3968,0,128,128,128,128
3969,0,128,128,128,128
3970,0,128,128,128,128
3971,0,128,128,128,128
3972,0,128,128,128,128
3973,0,128,128,128,128
3974,0,128,128,128,128
3975,0,128,128,128,128
3976,0,128,128,128,128
3977,0,128,128,128,128
3978,0,128,128,128,128
3979,0,128,128,128,128
3980,0,128,128,128,128
3981,0,128,128,128,128
3982,0,128,128,128,128
3983,0,128,128,128,128
3984,0,128,128,128,128
3985,0,128,128,128,128
3986,0,128,128,128,128
3987,0,128,128,128,128
3988,0,128,128,128,128
3989,0,128,128,128,128
3990,0,128,128,128,128
3991,0,128,128,128,128
3992,0,128,128,128,128
3993,0,128,128,128,128
3994,0,128,128,128,128
3995,0,128,128,128,128
3996,0,128,128,128,128
3997,0,128,128,128,128
3998,0,128,128,128,128
3999,0,128,128,128,128
4000,0,128,128,128,128
4001,0,128,128,128,128
4002,0,128,128,128,128
4003,0,128,128,128,128
4004,0,128,128,128,128
4005,0,128,128,128,128
4006,0,128,128,128,128
4007,0,128,128,128,128
4008,0,128,128,128,128
4009,0,128,128,128,128
4010,0,128,128,128,128
4011,0,128,128,128,128
4012,0,128,128,128,128
4013,0,128,128,128,128
4014,0,128,128,128,128
4015,0,128,128,128,128
4016,0,128,128,128,128
4017,0,128,128,128,128
4018,0,128,128,128,128
4019,0,128,128,128,128
4020,0,128,128,128,128
4021,0,128,128,128,128
4022,0,128,128,128,128
4023,0,128,128,128,128
4024,0,128,128,128,128
4025,0,128,128,128,128
4026,0,128,128,128,128
4027,0,128,128,128,128
4028,0,128,128,128,128
4029,0,128,128,128,128
4030,0,128,128,128,128
4031,0,128,128,128,128
4032,0,128,128,128,128
4033,0,128,128,128,128
4034,0,128,128,128,128
4035,0,128,128,128,128
4036,0,128,128,128,128
4037,0,128,128,128,128
4038,0,128,128,128,128
4039,0,128,128,128,128
4040,0,128,128,128,128
4041,0,128,128,128,128
4042,0,128,128,128,128
4043,0,128,128,128,128
4044,0,128,128,128,128
4045,0,128,128,128,128
4046,0,128,128,128,128
4047,0,128,128,128,128
4048,0,128,128,128,128
4049,0,128,128,128,128
4050,0,128,128,128,128
4051,0,128,128,128,128
4052,0,128,128,128,128
4053,0,128,128,128,128
4054,0,128,128,128,128
4055,0,128,128,128,128
4056,0,128,128,128,128
4057,0,128,128,128,128
4058,0,128,128,128,128
4059,0,128,128,128,128
4060,0,128,128,128,128
4061,0,128,128,128,128
4062,0,128,128,128,128
4063,0,128,128,128,128
4064,0,128,128,128,128
4065,0,128,128,128,128
4066,0,128,128,128,128
4067,0,128,128,128,128
4068,0,128,128,128,128
4069,0,128,128,128,128
4070,0,128,128,128,128
4071,0,128,128,128,128
4072,0,128,128,128,128
4073,0,128,128,128,128
4074,0,128,128,128,128
4075,0,128,128,128,128
4076,0,128,128,128,128
4077,0,128,128,128,128
4078,0,128,128,128,128
4079,0,128,128,128,128
4080,0,128,128,128,128
4081,0,128,128,128,128
4082,0,128,128,128,128
4083,0,128,128,128,128
4084,0,128,128,128,128
4085,0,128,128,128,128
4086,0,128,128,128,128
4087,0,128,128,128,128
4088,0,128,128,128,128
4089,0,128,128,128,128
4090,0,128,128,128,128
4091,0,128,128,128,128
4092,0,128,128,128,128
4093,0,128,128,128,128
4094,0,128,128,128,128
4095,0,128,128,128,128
4096,0,128,128,128,128
4097,0,128,128,128,128
4098,0,128,128,128,128
4099,0,128,128,128,128
4100,0,128,128,128,128
4101,0,128,128,128,128
4102,0,128,128,128,128
4103,0,128,128,128,128
4104,0,128,128,128,128
4105,0,128,128,128,128
4106,0,128,128,128,128
4107,0,128,128,128,128
4108,0,128,128,128,128
4109,0,128,128,128,128
4110,0,128,128,128,128
4111,0,128,128,128,128
4112,0,128,128,128,128
4113,0,128,128,128,128
4114,0,128,128,128,128
4115,0,128,128,128,128
4116,0,128,128,128,128
4117,0,128,128,128,128
4118,0,128,128,128,128
4119,0,128,128,128,128
4120,0,128,128,128,128
4121,0,128,128,128,128
4122,0,128,128,128,128
4123,0,128,128,128,128
4124,0,128,128,128,128
4125,0,128,128,128,128
4126,0,128,128,128,128
4127,0,128,128,128,128
4128,0,128,128,128,128
4129,0,128,128,128,128
4130,0,128,128,128,128
4131,0,128,128,128,128
4132,0,128,128,128,128
4133,0,128,128,128,128
4134,0,128,128,128,128
4135,0,128,128,128,128
4136,0,128,128,128,128
4137,0,128,128,128,128
4138,0,128,128,128,128
4139,0,128,128,128,128
4140,0,128,128,128,128
4141,0,128,128,128,128
4142,0,128,128,128,128
4143,0,128,128,128,128
4144,0,128,128,128,128
4145,0,128,128,128,128
4146,0,128,128,128,128
4147,0,128,128,128,128
4148,0,128,128,128,128
4149,0,128,128,128,128
4150,0,128,128,128,128
4151,0,128,128,128,128
4152,0,128,128,128,128
4153,0,128,128,128,128
4154,0,128,128,128,128
4155,0,128,128,128,128
4156,0,128,128,128,128
4157,0,128,128,128,128
4158,0,128,128,128,128
4159,0,128,128,128,128
4160,0,128,128,128,128
4161,0,128,128,128,128
4162,0,128,128,128,128
4163,0,128,128,128,128
4164,0,128,128,128,128
4165,0,128,128,128,128
4166,0,128,128,128,128
4167,0,128,128,128,128
4168,0,128,128,128,128
4169,0,128,128,128,128
4170,0,128,128,128,128
4171,0,128,128,128,128
4172,0,128,128,128,128
4173,0,128,128,128,128
4174,0,128,128,128,128
4175,0,128,128,128,128
4176,0,128,128,128,128
4177,0,128,128,128,128
4178,0,128,128,128,128
4179,0,128,128,128,128
4180,0,128,128,128,128
4181,0,128,128,128,128
4182,0,128,128,128,128
4183,0,128,128,128,128
4184,0,128,128,128,128
4185,0,128,128,128,128
4186,0,128,128,128,128
4187,0,128,128,128,128
4188,0,128,128,128,128
4189,0,128,128,128,128
4190,0,128,128,128,128
4191,0,128,128,128,128
4192,0,128,128,128,128
4193,0,128,128,128,128
4194,0,128,128,128,128
4195,0,128,128,128,128
4196,0,128,128,128,128
4197,0,128,128,128,128
4198,0,128,128,128,128
4199,0,128,128,128,128
4200,0,128,128,128,128
4201,0,128,128,128,128
4202,0,128,128,128,128
4203,0,128,128,128,128
4204,0,128,128,128,128
4205,0,128,128,128,128
4206,0,128,128,128,128
4207,0,128,128,128,128
4208,0,128,128,128,128
4209,0,128,128,128,128
4210,0,128,128,128,128
4211,0,128,128,128,128
4212,0,128,128,128,128
4213,0,128,128,128,128
4214,0,128,128,128,128
4215,0,128,128,128,128
4216,0,128,128,128,128
4217,0,128,128,128,128
4218,0,128,128,128,128
4219,0,128,128,128,128
4220,0,128,128,128,128
4221,0,128,128,128,128
4222,0,128,128,128,128
4223,0,128,128,128,128
4224,0,128,128,128,128
4225,0,128,128,128,128
4226,0,128,128,128,128
4227,0,128,128,128,128
4228,0,128,128,128,128
4229,0,128,128,128,128
4230,0,128,128,128,128
4231,0,128,128,128,128
4232,0,128,128,128,128
4233,0,128,128,128,128
4234,0,128,128,128,128
4235,0,128,128,128,128
4236,0,128,128,128,128
4237,0,128,128,128,128
4238,0,128,128,128,128
4239,0,128,128,128,128
4240,0,128,128,128,128
4241,0,128,128,128,128
4242,0,128,128,128,128
4243,0,128,128,128,128
4244,0,128,128,128,128
4245,0,128,128,128,128
4246,0,128,128,128,128
4247,0,128,128,128,128
4248,0,128,128,128,128
4249,0,128,128,128,128
4250,0,128,128,128,128
4251,0,128,128,128,128
4252,0,128,128,128,128
4253,0,128,128,128,128
4254,0,128,128,128,128
4255,0,128,128,128,128
4256,0,128,128,128,128
4257,0,128,128,128,128
4258,0,128,128,128,128
4259,0,128,128,128,128
4260,0,128,128,128,128
4261,0,128,128,128,128
4262,0,128,128,128,128
4263,0,128,128,128,128
4264,0,128,128,128,128
4265,0,128,128,128,128
4266,0,128,128,128,128
4267,0,128,128,128,128
4268,0,128,128,128,128
4269,0,128,128,128,128
4270,0,128,128,128,128
4271,0,128,128,128,128
4272,0,128,128,128,128
4273,0,128,128,128,128
4274,0,128,128,128,128
4275,0,128,128,128,128
4276,0,128,128,128,128
4277,0,128,128,128,128
4278,0,128,128,128,128
4279,0,128,128,128,128
4280,0,128,128,128,128
4281,0,128,128,128,128
4282,0,128,128,128,128
4283,0,128,128,128,128
4284,0,128,128,128,128
4285,0,128,128,128,128
4286,0,128,128,128,128
4287,0,128,128,128,128
4288,0,128,128,128,128
4289,0,128,128,128,128
4290,0,128,128,128,128
4291,0,128,128,128,128
4292,0,128,128,128,128
4293,0,128,128,128,128
4294,0,128,128,128,128
4295,0,128,128,128,128
4296,0,128,128,128,128
4297,0,128,128,128,128
4298,0,128,128,128,128
4299,0,128,128,128,128
4300,0,128,128,128,128
4301,0,128,128,128,128
4302,0,128,128,128,128
4303,0,128,128,128,128
4304,0,128,128,128,128
4305,0,128,128,128,128
4306,0,128,128,128,128
4307,0,128,128,128,128
4308,0,128,128,128,128
4309,0,128,128,128,128
4310,0,128,128,128,128
4311,0,128,128,128,128
4312,0,128,128,128,128
4313,0,128,128,128,128
4314,0,128,128,128,128
4315,0,128,128,128,128
4316,0,128,128,128,128
4317,0,128,128,128,128
4318,0,128,128,128,128
4319,0,128,128,128,128
4320,0,128,128,128,128
4321,0,128,128,128,128
4322,0,128,128,128,128
4323,0,128,128,128,128
4324,0,128,128,128,128
4325,0,128,128,128,128
4326,0,128,128,128,128
4327,0,128,128,128,128
4328,0,128,128,128,128
4329,0,128,128,128,128
4330,0,128,128,128,128
4331,0,128,128,128,128
4332,0,128,128,128,128
4333,0,128,128,128,128
4334,0,128,128,128,128
4335,0,128,128,128,128
4336,0,128,128,128,128
4337,0,128,128,128,128
4338,0,128,128,128,128
4339,0,128,128,128,128
4340,0,128,128,128,128
4341,0,128,128,128,128
4342,0,128,128,128,128
4343,0,128,128,128,128
4344,0,128,128,128,128
4345,0,128,128,128,128
4346,0,128,128,128,128
4347,0,128,128,128,128
4348,0,128,128,128,128
4349,0,128,128,128,128
4350,0,128,128,128,128
4351,0,128,128,128,128
4352,0,128,128,128,128
4353,0,128,128,128,128
4354,0,128,128,128,128
4355,0,128,128,128,128
4356,0,128,128,128,128
4357,0,128,128,128,128
4358,0,128,128,128,128
4359,0,128,128,128,128
4360,0,128,128,128,128
4361,0,128,128,128,128
4362,0,128,128,128,128
4363,0,128,128,128,128
4364,0,128,128,128,128
4365,0,128,128,128,128
4366,0,128,128,128,128
4367,0,128,128,128,128
4368,0,128,128,128,128
4369,0,128,128,128,128
4370,0,128,128,128,128
4371,0,128,128,128,128
4372,0,128,128,128,128
4373,0,128,128,128,128
4374,0,128,128,128,128
4375,0,128,128,128,128
4376,0,128,128,128,128
4377,0,128,128,128,128
4378,0,128,128,128,128
4379,0,128,128,128,128
4380,0,128,128,128,128
4381,0,128,128,128,128
4382,0,128,128,128,128
4383,0,128,128,128,128
4384,0,128,128,128,128
4385,0,128,128,128,128
4386,0,128,128,128,128
4387,0,128,128,128,128
4388,0,128,128,128,128
4389,0,128,128,128,128
4390,0,128,128,128,128
4391,0,128,128,128,128
4392,0,128,128,128,128
4393,0,128,128,128,128
4394,0,128,128,128,128
4395,0,128,128,128,128
4396,0,128,128,128,128
4397,0,128,128,128,128
4398,0,128,128,128,128
4399,0,128,128,128,128
4400,0,128,128,128,128
4401,0,128,128,128,128
4402,0,128,128,128,128
4403,0,128,128,128,128
4404,0,128,128,128,128
4405,0,128,128,128,128
4406,0,128,128,128,128
4407,0,128,128,128,128
4408,0,128,128,128,128
4409,0,128,128,128,128
4410,0,128,128,128,128
4411,0,128,128,128,128
4412,0,128,128,128,128
4413,0,128,128,128,128
4414,0,128,128,128,128
4415,0,128,128,128,128
4416,0,128,128,128,128
4417,0,128,128,128,128
4418,0,128,128,128,128
4419,0,128,128,128,128
4420,0,128,128,128,128
4421,0,128,128,128,128
4422,0,128,128,128,128
4423,0,128,128,128,128
4424,0,128,128,128,128
4425,0,128,128,128,128
4426,0,128,128,128,128
4427,0,128,128,128,128
4428,0,128,128,128,128
4429,0,128,128,128,128
4430,0,128,128,128,128
4431,0,128,128,128,128
4432,0,128,128,128,128
4433,0,128,128,128,128
4434,0,128,128,128,128
4435,0,128,128,128,128
4436,0,128,128,128,128
4437,0,128,128,128,128
4438,0,128,128,128,128
4439,0,128,128,128,128
4440,0,128,128,128,128
4441,0,128,128,128,128
4442,0,128,128,128,128
4443,0,128,128,128,128
4444,0,128,128,128,128
4445,0,128,128,128,128
4446,0,128,128,128,128
4447,0,128,128,128,128
4448,0,128,128,128,128
4449,0,128,128,128,128
4450,0,128,128,128,128
4451,0,128,128,128,128
4452,0,128,128,128,128
4453,0,128,128,128,128
4454,0,128,128,128,128
4455,0,128,128,128,128
4456,0,128,128,128,128
4457,0,128,128,128,128
4458,0,128,128,128,128
4459,0,128,128,128,128
4460,0,128,128,128,128
4461,0,128,128,128,128
4462,0,128,128,128,128
4463,0,128,128,128,128
4464,0,128,128,128,128
4465,0,128,128,128,128
4466,0,128,128,128,128
4467,0,128,128,128,128
4468,0,128,128,128,128
4469,0,128,128,128,128
4470,0,128,128,128,128
4471,0,128,128,128,128
4472,0,128,128,128,128
4473,0,128,128,128,128
4474,0,128,128,128,128
4475,0,128,128,128,128
4476,0,128,128,128,128
4477,0,128,128,128,128
4478,0,128,128,128,128
4479,0,128,128,128,128
4480,0,128,128,128,128
4481,0,128,128,128,128
4482,0,128,128,128,128
4483,0,128,128,128,128
4484,0,128,128,128,128
4485,0,128,128,128,128
4486,0,128,128,128,128
4487,0,128,128,128,128
4488,0,128,128,128,128
4489,0,128,128,128,128
4490,0,128,128,128,128
4491,0,128,128,128,128
4492,0,128,128,128,128
4493,0,128,128,128,128
4494,0,128,128,128,128
4495,0,128,128,128,128
4496,0,128,128,128,128
4497,0,128,128,128,128
4498,0,128,128,128,128
4499,0,128,128,128,128
4500,0,128,128,128,128
4501,0,128,128,128,128
4502,0,128,128,128,128
4503,0,128,128,128,128
4504,0,128,128,128,128
4505,0,128,128,128,128
4506,0,128,128,128,128
4507,0,128,128,128,128
4508,0,128,128,128,128
4509,0,128,128,128,128
4510,0,128,128,128,128
4511,0,128,128,128,128
4512,0,128,128,128,128
4513,0,128,128,128,128
4514,0,128,128,128,128
4515,0,128,128,128,128
4516,0,128,128,128,128
4517,0,128,128,128,128
4518,0,128,128,128,128
4519,0,128,128,128,128
4520,0,128,128,128,128
4521,0,128,128,128,128
4522,0,128,128,128,128
4523,0,128,128,128,128
4524,0,128,128,128,128
4525,0,128,128,128,128
4526,0,128,128,128,128
4527,0,128,128,128,128
4528,0,128,128,128,128
4529,0,128,128,128,128
4530,0,128,128,128,128
4531,0,128,128,128,128
4532,0,128,128,128,128
4533,0,128,128,128,128
4534,0,128,128,128,128
4535,0,128,128,128,128
4536,0,128,128,128,128
4537,0,128,128,128,128
4538,0,128,128,128,128
4539,0,128,128,128,128
4540,0,128,128,128,128
4541,0,128,128,128,128
4542,0,128,128,128,128
4543,0,128,128,128,128
4544,0,128,128,128,128
4545,0,128,128,128,128
4546,0,128,128,128,128
4547,0,128,128,128,128
4548,0,128,128,128,128
4549,0,128,128,128,128
4550,0,128,128,128,128
4551,0,128,128,128,128
4552,0,128,128,128,128
4553,0,128,128,128,128
4554,0,128,128,128,128
4555,0,128,128,128,128
4556,0,128,128,128,128
4557,0,128,128,128,128
4558,0,128,128,128,128
4559,0,128,128,128,128
4560,0,128,128,128,128
4561,0,128,128,128,128
4562,0,128,128,128,128
4563,0,128,128,128,128
4564,0,128,128,128,128
4565,0,128,128,128,128
4566,0,128,128,128,128
4567,0,128,128,128,128
4568,0,128,128,128,128
4569,0,128,128,128,128
4570,0,128,128,128,128
4571,0,128,128,128,128
4572,0,128,128,128,128
4573,0,128,128,128,128
4574,0,128,128,128,128
4575,0,128,128,128,128
4576,0,128,128,128,128
4577,0,128,128,128,128
4578,0,128,128,128,128
4579,0,128,128,128,128
4580,0,128,128,128,128
4581,0,128,128,128,128
4582,0,128,128,128,128
4583,0,128,128,128,128
4584,0,128,128,128,128
4585,0,128,128,128,128
4586,0,128,128,128,128
4587,0,128,128,128,128
4588,0,128,128,128,128
4589,0,128,128,128,128
4590,0,128,128,128,128
4591,0,128,128,128,128
4592,0,128,128,128,128
4593,0,128,128,128,128
4594,0,128,128,128,128
4595,0,128,128,128,128
4596,0,128,128,128,128
4597,0,128,128,128,128
4598,0,128,128,128,128
4599,0,128,128,128,128
4600,0,128,128,128,128
4601,0,128,128,128,128
4602,0,128,128,128,128
4603,0,128,128,128,128
4604,0,128,128,128,128
4605,0,128,128,128,128
4606,0,128,128,128,128
4607,0,128,128,128,128
4608,0,128,128,128,128
4609,0,128,128,128,128
4610,0,128,128,128,128
4611,0,128,128,128,128
4612,0,128,128,128,128
4613,0,128,128,128,128
4614,0,128,128,128,128
4615,0,128,128,128,128
4616,0,128,128,128,128
4617,0,128,128,128,128
4618,0,128,128,128,128
4619,0,128,128,128,128
4620,0,128,128,128,128
4621,0,128,128,128,128
4622,0,128,128,128,128
4623,0,128,128,128,128
4624,0,128,128,128,128
4625,0,128,128,128,128
4626,0,128,128,128,128
4627,0,128,128,128,128
4628,0,128,128,128,128
4629,0,128,128,128,128
4630,0,128,128,128,128
4631,0,128,128,128,128
4632,0,128,128,128,128
4633,0,128,128,128,128
4634,0,128,128,128,128
4635,0,128,128,128,128
4636,0,128,128,128,128
4637,0,128,128,128,128
4638,0,128,128,128,128
4639,0,128,128,128,128
4640,0,128,128,128,128
4641,0,128,128,128,128
4642,0,128,128,128,128
4643,0,128,128,128,128
4644,0,128,128,128,128
4645,0,128,128,128,128
4646,0,128,128,128,128
4647,0,128,128,128,128
4648,0,128,128,128,128
4649,0,128,128,128,128
4650,0,128,128,128,128
4651,0,128,128,128,128
4652,0,128,128,128,128
4653,0,128,128,128,128
4654,0,128,128,128,128
4655,0,128,128,128,128
4656,0,128,128,128,128
4657,0,128,128,128,128
4658,0,128,128,128,128
4659,0,128,128,128,128
4660,0,128,128,128,128
4661,0,128,128,128,128
4662,0,128,128,128,128
4663,0,128,128,128,128
4664,0,128,128,128,128
4665,0,128,128,128,128
4666,0,128,128,128,128
4667,0,128,128,128,128
4668,0,128,128,128,128
4669,0,128,128,128,128
4670,0,128,128,128,128
4671,0,128,128,128,128
4672,0,128,128,128,128
4673,0,128,128,128,128
4674,0,128,128,128,128
4675,0,128,128,128,128
4676,0,128,128,128,128
4677,0,128,128,128,128
4678,0,128,128,128,128
4679,0,128,128,128,128
4680,0,128,128,128,128
4681,0,128,128,128,128
4682,0,128,128,128,128
4683,0,128,128,128,128
4684,0,128,128,128,128
4685,0,128,128,128,128
4686,0,128,128,128,128
4687,0,128,128,128,128
4688,0,128,128,128,128
4689,0,128,128,128,128
4690,0,128,128,128,128
4691,0,128,128,128,128
4692,0,128,128,128,128
4693,0,128,128,128,128
4694,0,128,128,128,128
4695,0,128,128,128,128
4696,0,128,128,128,128
4697,0,128,128,128,128
4698,0,128,128,128,128
4699,0,128,128,128,128
4700,0,128,128,128,128
4701,0,128,128,128,128
4702,0,128,128,128,128
4703,0,128,128,128,128
4704,0,128,128,128,128
4705,0,128,128,128,128
4706,0,128,128,128,128
4707,0,128,128,128,128
4708,0,128,128,128,128
4709,0,128,128,128,128
4710,0,128,128,128,128
4711,0,128,128,128,128
4712,0,128,128,128,128
4713,0,128,128,128,128
4714,0,128,128,128,128
4715,0,128,128,128,128
4716,0,128,128,128,128
4717,0,128,128,128,128
4718,0,128,128,128,128
4719,0,128,128,128,128
4720,0,128,128,128,128
4721,0,128,128,128,128
4722,0,128,128,128,128
4723,0,128,128,128,128
4724,0,128,128,128,128
4725,0,128,128,128,128
4726,0,128,128,128,128
4727,0,128,128,128,128
4728,0,128,128,128,128
4729,0,128,128,128,128
4730,0,128,128,128,128
4731,0,128,128,128,128
4732,0,128,128,128,128
4733,0,128,128,128,128
4734,0,128,128,128,128
4735,0,128,128,128,128
4736,0,128,128,128,128
4737,0,128,128,128,128
4738,0,128,128,128,128
4739,0,128,128,128,128
4740,0,128,128,128,128
4741,0,128,128,128,128
4742,0,128,128,128,128
4743,0,128,128,128,128
4744,0,128,128,128,128
4745,0,128,128,128,128
4746,0,128,128,128,128
4747,0,128,128,128,128
4748,0,128,128,128,128
4749,0,128,128,128,128
4750,0,128,128,128,128
4751,0,128,128,128,128
4752,0,128,128,128,128
4753,0,128,128,128,128
4754,0,128,128,128,128
4755,0,128,128,128,128
4756,0,128,128,128,128
4757,0,128,128,128,128
4758,0,128,128,128,128
4759,0,128,128,128,128
4760,0,128,128,128,128
4761,0,128,128,128,128
4762,0,128,128,128,128
4763,0,128,128,128,128
4764,0,128,128,128,128
4765,0,128,128,128,128
4766,0,128,128,128,128
4767,0,128,128,128,128
4768,0,128,128,128,128
4769,0,128,128,128,128
4770,0,128,128,128,128
4771,0,128,128,128,128
4772,0,128,128,128,128
4773,0,128,128,128,128
4774,0,128,128,128,128
4775,0,128,128,128,128
4776,0,128,128,128,128
4777,0,128,128,128,128
4778,0,128,128,128,128
4779,0,128,128,128,128
4780,0,128,128,128,128
4781,0,128,128,128,128
4782,0,128,128,128,128
4783,0,128,128,128,128
4784,0,128,128,128,128
4785,0,128,128,128,128
4786,0,128,128,128,128
4787,0,128,128,128,128
4788,0,128,128,128,128
4789,0,128,128,128,128
4790,0,128,128,128,128
4791,0,128,128,128,128
4792,0,128,128,128,128
4793,0,128,128,128,128
4794,0,128,128,128,128
4795,0,128,128,128,128
4796,0,128,128,128,128
4797,0,128,128,128,128
4798,0,128,128,128,128
4799,0,128,128,128,128
4800,0,128,128,128,128
4801,0,128,128,128,128
4802,0,128,128,128,128
4803,0,128,128,128,128
4804,0,128,128,128,128
4805,0,128,128,128,128
4806,0,128,128,128,128
4807,0,128,128,128,128
4808,0,128,128,128,128
4809,0,128,128,128,128
4810,0,128,128,128,128
4811,0,128,128,128,128
4812,0,128,128,128,128
4813,0,128,128,128,128
4814,0,128,128,128,128
4815,0,128,128,128,128
4816,0,128,128,128,128
4817,0,128,128,128,128
4818,0,128,128,128,128
4819,0,128,128,128,128
4820,0,128,128,128,128
4821,0,128,128,128,128
4822,0,128,128,128,128
4823,0,128,128,128,128
4824,0,128,128,128,128
4825,0,128,128,128,128
4826,0,128,128,128,128
4827,0,128,128,128,128
4828,0,128,128,128,128
4829,0,128,128,128,128
4830,0,128,128,128,128
4831,0,128,128,128,128
4832,0,128,128,128,128
4833,0,128,128,128,128
4834,0,128,128,128,128
4835,0,128,128,128,128
4836,0,128,128,128,128
4837,0,128,128,128,128
4838,0,128,128,128,128
4839,0,128,128,128,128
4840,0,128,128,128,128
4841,0,128,128,128,128
4842,0,128,128,128,128
4843,0,128,128,128,128
4844,0,128,128,128,128
4845,0,128,128,128,128
4846,0,128,128,128,128
4847,0,128,128,128,128
4848,0,128,128,128,128
4849,0,128,128,128,128
4850,0,128,128,128,128
4851,0,128,128,128,128
4852,0,128,128,128,128
4853,0,128,128,128,128
4854,0,128,128,128,128
4855,0,128,128,128,128
4856,0,128,128,128,128
4857,0,128,128,128,128
4858,0,128,128,128,128
4859,0,128,128,128,128
4860,0,128,128,128,128
4861,0,128,128,128,128
4862,0,128,128,128,128
4863,0,128,128,128,128
4864,0,128,128,128,128
4865,0,128,128,128,128
4866,0,128,128,128,128
4867,0,128,128,128,128
4868,0,128,128,128,128
4869,0,128,128,128,128
4870,0,128,128,128,128
4871,0,128,128,128,128
4872,0,128,128,128,128
4873,0,128,128,128,128
4874,0,128,128,128,128
4875,0,128,128,128,128
4876,0,128,128,128,128
4877,0,128,128,128,128
4878,0,128,128,128,128
4879,0,128,128,128,128
4880,0,128,128,128,128
4881,0,128,128,128,128
4882,0,128,128,128,128
4883,0,128,128,128,128
4884,0,128,128,128,128
4885,0,128,128,128,128
4886,0,128,128,128,128
4887,0,128,128,128,128
4888,0,128,128,128,128
4889,0,128,128,128,128
4890,0,128,128,128,128
4891,0,128,128,128,128
4892,0,128,128,128,128
4893,0,128,128,128,128
4894,0,128,128,128,128
4895,0,128,128,128,128
4896,0,128,128,128,128
4897,0,128,128,128,128
4898,0,128,128,128,128
4899,0,128,128,128,128
4900,0,128,128,128,128
4901,0,128,128,128,128
4902,0,128,128,128,128
4903,0,128,128,128,128
4904,0,128,128,128,128
4905,0,128,128,128,128
4906,0,128,128,128,128
4907,0,128,128,128,128
4908,0,128,128,128,128
4909,0,128,128,128,128
4910,0,128,128,128,128
4911,0,128,128,128,128
4912,0,128,128,128,128
4913,0,128,128,128,128
4914,0,128,128,128,128
4915,0,128,128,128,128
4916,0,128,128,128,128
4917,0,128,128,128,128
4918,0,128,128,128,128
4919,0,128,128,128,128
4920,0,128,128,128,128
4921,0,128,128,128,128
4922,0,128,128,128,128
4923,0,128,128,128,128
4924,0,128,128,128,128
4925,0,128,128,128,128
4926,0,128,128,128,128
4927,0,128,128,128,128
4928,0,128,128,128,128
4929,0,128,128,128,128
4930,0,128,128,128,128
4931,0,128,128,128,128
4932,0,128,128,128,128
4933,0,128,128,128,128
4934,0,128,128,128,128
4935,0,128,128,128,128
4936,0,128,128,128,128
4937,0,128,128,128,128
4938,0,128,128,128,128
4939,0,128,128,128,128
4940,0,128,128,128,128
4941,0,128,128,128,128
4942,0,128,128,128,128
4943,0,128,128,128,128
4944,0,128,128,128,128
4945,0,128,128,128,128
4946,0,128,128,128,128
4947,0,128,128,128,128
4948,0,128,128,128,128
4949,0,128,128,128,128
4950,0,128,128,128,128
4951,0,128,128,128,128
4952,0,128,128,128,128
4953,0,128,128,128,128
4954,0,128,128,128,128
4955,0,128,128,128,128
4956,0,128,128,128,128
4957,0,128,128,128,128
4958,0,128,128,128,128
4959,0,128,128,128,128
4960,0,128,128,128,128
4961,0,128,128,128,128
4962,0,128,128,128,128
4963,0,128,128,128,128
4964,0,128,128,128,128
4965,0,128,128,128,128
4966,0,128,128,128,128
4967,0,128,128,128,128
4968,0,128,128,128,128
4969,0,128,128,128,128
4970,0,128,128,128,128
4971,0,128,128,128,128
4972,0,128,128,128,128
4973,0,128,128,128,128
4974,0,128,128,128,128
4975,0,128,128,128,128
4976,0,128,128,128,128
4977,0,128,128,128,128
4978,0,128,128,128,128
4979,0,128,128,128,128
4980,0,128,128,128,128
4981,0,128,128,128,128
4982,0,128,128,128,128
4983,0,128,128,128,128
4984,0,128,128,128,128
4985,0,128,128,128,128
4986,0,128,128,128,128
4987,0,128,128,128,128
4988,0,128,128,128,128
4989,0,128,128,128,128
4990,0,128,128,128,128
4991,0,128,128,128,128
4992,0,128,128,128,128
4993,0,128,128,128,128
4994,0,128,128,128,128
4995,0,128,128,128,128
4996,0,128,128,128,128
4997,0,128,128,128,128
4998,0,128,128,128,128
4999,0,128,128,128,128
5000,0,128,128,128,128
5001,0,128,128,128,128
5002,0,128,128,128,128
5003,0,128,128,128,128
5004,0,128,128,128,128
5005,0,128,128,128,128
5006,0,128,128,128,128
5007,0,128,128,128,128
5008,0,128,128,128,128
5009,0,128,128,128,128
5010,0,128,128,128,128
5011,0,128,128,128,128
5012,0,128,128,128,128
5013,0,128,128,128,128
5014,0,128,128,128,128
5015,0,128,128,128,128
5016,0,128,128,128,128
5017,0,128,128,128,128
5018,0,128,128,128,128
5019,0,128,128,128,128
5020,0,128,128,128,128
5021,0,128,128,128,128
5022,0,128,128,128,128
5023,0,128,128,128,128
5024,0,128,128,128,128
5025,0,128,128,128,128
5026,0,128,128,128,128
5027,0,128,128,128,128
5028,0,128,128,128,128
5029,0,128,128,128,128
5030,0,128,128,128,128
5031,0,128,128,128,128
5032,0,128,128,128,128
5033,0,128,128,128,128
5034,0,128,128,128,128
5035,0,128,128,128,128
5036,0,128,128,128,128
5037,0,128,128,128,128
5038,0,128,128,128,128
5039,0,128,128,128,128
5040,0,128,128,128,128
5041,0,128,128,128,128
5042,0,128,128,128,128
5043,0,128,128,128,128
5044,0,128,128,128,128
5045,0,128,128,128,128
5046,0,128,128,128,128
5047,0,128,128,128,128
5048,0,128,128,128,128
5049,0,128,128,128,128
5050,0,128,128,128,128
5051,0,128,128,128,128
5052,0,128,128,128,128
5053,0,128,128,128,128
5054,0,128,128,128,128
5055,0,128,128,128,128
5056,0,128,128,128,128
5057,0,128,128,128,128
5058,0,128,128,128,128
5059,0,128,128,128,128
5060,0,128,128,128,128
5061,0,128,128,128,128
5062,0,128,128,128,128
5063,0,128,128,128,128
5064,0,128,128,128,128
5065,0,128,128,128,128
5066,0,128,128,128,128
5067,0,128,128,128,128
5068,0,128,128,128,128
5069,0,128,128,128,128
5070,0,128,128,128,128
5071,0,128,128,128,128
5072,0,128,128,128,128
5073,0,128,128,128,128
5074,0,128,128,128,128
5075,0,128,128,128,128
5076,0,128,128,128,128
5077,0,128,128,128,128
5078,0,128,128,128,128
5079,0,128,128,128,128
5080,0,128,128,128,128
5081,0,128,128,128,128
5082,0,128,128,128,128
